date,cash_jpy,equity_jpy,QUAL_value_jpy,QUAL_weight,VLUE_value_jpy,VLUE_weight,USMV_value_jpy,USMV_weight,SPY_value_jpy,SPY_weight,QQQ_value_jpy,QQQ_weight,market_weight
2013-07-18,100000.0,100000.0,0.0,0.0,0.0,0.0,0.0,0.0,0.0,0.0,0.0,0.0,0.0
2013-07-19,100000.0,100000.0,0.0,0.0,0.0,0.0,0.0,0.0,0.0,0.0,0.0,0.0,0.0
2013-07-22,100000.0,100000.0,0.0,0.0,0.0,0.0,0.0,0.0,0.0,0.0,0.0,0.0,0.0
2013-07-23,100000.0,100000.0,0.0,0.0,0.0,0.0,0.0,0.0,0.0,0.0,0.0,0.0,0.0
2013-07-24,100000.0,100000.0,0.0,0.0,0.0,0.0,0.0,0.0,0.0,0.0,0.0,0.0,0.0
2013-07-25,100000.0,100000.0,0.0,0.0,0.0,0.0,0.0,0.0,0.0,0.0,0.0,0.0,0.0
2013-07-26,100000.0,100000.0,0.0,0.0,0.0,0.0,0.0,0.0,0.0,0.0,0.0,0.0,0.0
2013-07-29,100000.0,100000.0,0.0,0.0,0.0,0.0,0.0,0.0,0.0,0.0,0.0,0.0,0.0
2013-07-30,100000.0,100000.0,0.0,0.0,0.0,0.0,0.0,0.0,0.0,0.0,0.0,0.0,0.0
2013-07-31,100000.0,100000.0,0.0,0.0,0.0,0.0,0.0,0.0,0.0,0.0,0.0,0.0,0.0
2013-08-01,100000.0,100000.0,0.0,0.0,0.0,0.0,0.0,0.0,0.0,0.0,0.0,0.0,0.0
2013-08-02,100000.0,100000.0,0.0,0.0,0.0,0.0,0.0,0.0,0.0,0.0,0.0,0.0,0.0
2013-08-05,100000.0,100000.0,0.0,0.0,0.0,0.0,0.0,0.0,0.0,0.0,0.0,0.0,0.0
2013-08-06,100000.0,100000.0,0.0,0.0,0.0,0.0,0.0,0.0,0.0,0.0,0.0,0.0,0.0
2013-08-07,100000.0,100000.0,0.0,0.0,0.0,0.0,0.0,0.0,0.0,0.0,0.0,0.0,0.0
2013-08-08,100000.0,100000.0,0.0,0.0,0.0,0.0,0.0,0.0,0.0,0.0,0.0,0.0,0.0
2013-08-09,100000.0,100000.0,0.0,0.0,0.0,0.0,0.0,0.0,0.0,0.0,0.0,0.0,0.0
2013-08-12,100000.0,100000.0,0.0,0.0,0.0,0.0,0.0,0.0,0.0,0.0,0.0,0.0,0.0
2013-08-13,100000.0,100000.0,0.0,0.0,0.0,0.0,0.0,0.0,0.0,0.0,0.0,0.0,0.0
2013-08-14,100000.0,100000.0,0.0,0.0,0.0,0.0,0.0,0.0,0.0,0.0,0.0,0.0,0.0
2013-08-15,100000.0,100000.0,0.0,0.0,0.0,0.0,0.0,0.0,0.0,0.0,0.0,0.0,0.0
2013-08-16,100000.0,100000.0,0.0,0.0,0.0,0.0,0.0,0.0,0.0,0.0,0.0,0.0,0.0
2013-08-19,100000.0,100000.0,0.0,0.0,0.0,0.0,0.0,0.0,0.0,0.0,0.0,0.0,0.0
2013-08-20,100000.0,100000.0,0.0,0.0,0.0,0.0,0.0,0.0,0.0,0.0,0.0,0.0,0.0
2013-08-21,100000.0,100000.0,0.0,0.0,0.0,0.0,0.0,0.0,0.0,0.0,0.0,0.0,0.0
2013-08-22,100000.0,100000.0,0.0,0.0,0.0,0.0,0.0,0.0,0.0,0.0,0.0,0.0,0.0
2013-08-23,100000.0,100000.0,0.0,0.0,0.0,0.0,0.0,0.0,0.0,0.0,0.0,0.0,0.0
2013-08-26,100000.0,100000.0,0.0,0.0,0.0,0.0,0.0,0.0,0.0,0.0,0.0,0.0,0.0
2013-08-27,100000.0,100000.0,0.0,0.0,0.0,0.0,0.0,0.0,0.0,0.0,0.0,0.0,0.0
2013-08-28,100000.0,100000.0,0.0,0.0,0.0,0.0,0.0,0.0,0.0,0.0,0.0,0.0,0.0
2013-08-29,100000.0,100000.0,0.0,0.0,0.0,0.0,0.0,0.0,0.0,0.0,0.0,0.0,0.0
2013-08-30,100000.0,100000.0,0.0,0.0,0.0,0.0,0.0,0.0,0.0,0.0,0.0,0.0,0.0
2013-09-03,100000.0,100000.0,0.0,0.0,0.0,0.0,0.0,0.0,0.0,0.0,0.0,0.0,0.0
2013-09-04,100000.0,100000.0,0.0,0.0,0.0,0.0,0.0,0.0,0.0,0.0,0.0,0.0,0.0
2013-09-05,100000.0,100000.0,0.0,0.0,0.0,0.0,0.0,0.0,0.0,0.0,0.0,0.0,0.0
2013-09-06,100000.0,100000.0,0.0,0.0,0.0,0.0,0.0,0.0,0.0,0.0,0.0,0.0,0.0
2013-09-09,100000.0,100000.0,0.0,0.0,0.0,0.0,0.0,0.0,0.0,0.0,0.0,0.0,0.0
2013-09-10,100000.0,100000.0,0.0,0.0,0.0,0.0,0.0,0.0,0.0,0.0,0.0,0.0,0.0
2013-09-11,100000.0,100000.0,0.0,0.0,0.0,0.0,0.0,0.0,0.0,0.0,0.0,0.0,0.0
2013-09-12,100000.0,100000.0,0.0,0.0,0.0,0.0,0.0,0.0,0.0,0.0,0.0,0.0,0.0
2013-09-13,100000.0,100000.0,0.0,0.0,0.0,0.0,0.0,0.0,0.0,0.0,0.0,0.0,0.0
2013-09-16,100000.0,100000.0,0.0,0.0,0.0,0.0,0.0,0.0,0.0,0.0,0.0,0.0,0.0
2013-09-17,100000.0,100000.0,0.0,0.0,0.0,0.0,0.0,0.0,0.0,0.0,0.0,0.0,0.0
2013-09-18,100000.0,100000.0,0.0,0.0,0.0,0.0,0.0,0.0,0.0,0.0,0.0,0.0,0.0
2013-09-19,100000.0,100000.0,0.0,0.0,0.0,0.0,0.0,0.0,0.0,0.0,0.0,0.0,0.0
2013-09-20,100000.0,100000.0,0.0,0.0,0.0,0.0,0.0,0.0,0.0,0.0,0.0,0.0,0.0
2013-09-23,100000.0,100000.0,0.0,0.0,0.0,0.0,0.0,0.0,0.0,0.0,0.0,0.0,0.0
2013-09-24,100000.0,100000.0,0.0,0.0,0.0,0.0,0.0,0.0,0.0,0.0,0.0,0.0,0.0
2013-09-25,100000.0,100000.0,0.0,0.0,0.0,0.0,0.0,0.0,0.0,0.0,0.0,0.0,0.0
2013-09-26,100000.0,100000.0,0.0,0.0,0.0,0.0,0.0,0.0,0.0,0.0,0.0,0.0,0.0
2013-09-27,100000.0,100000.0,0.0,0.0,0.0,0.0,0.0,0.0,0.0,0.0,0.0,0.0,0.0
2013-09-30,100000.0,100000.0,0.0,0.0,0.0,0.0,0.0,0.0,0.0,0.0,0.0,0.0,0.0
2013-10-01,100000.0,100000.0,0.0,0.0,0.0,0.0,0.0,0.0,0.0,0.0,0.0,0.0,0.0
2013-10-02,100000.0,100000.0,0.0,0.0,0.0,0.0,0.0,0.0,0.0,0.0,0.0,0.0,0.0
2013-10-03,100000.0,100000.0,0.0,0.0,0.0,0.0,0.0,0.0,0.0,0.0,0.0,0.0,0.0
2013-10-04,100000.0,100000.0,0.0,0.0,0.0,0.0,0.0,0.0,0.0,0.0,0.0,0.0,0.0
2013-10-07,100000.0,100000.0,0.0,0.0,0.0,0.0,0.0,0.0,0.0,0.0,0.0,0.0,0.0
2013-10-08,100000.0,100000.0,0.0,0.0,0.0,0.0,0.0,0.0,0.0,0.0,0.0,0.0,0.0
2013-10-09,100000.0,100000.0,0.0,0.0,0.0,0.0,0.0,0.0,0.0,0.0,0.0,0.0,0.0
2013-10-10,100000.0,100000.0,0.0,0.0,0.0,0.0,0.0,0.0,0.0,0.0,0.0,0.0,0.0
2013-10-11,100000.0,100000.0,0.0,0.0,0.0,0.0,0.0,0.0,0.0,0.0,0.0,0.0,0.0
2013-10-14,100000.0,100000.0,0.0,0.0,0.0,0.0,0.0,0.0,0.0,0.0,0.0,0.0,0.0
2013-10-15,100000.0,100000.0,0.0,0.0,0.0,0.0,0.0,0.0,0.0,0.0,0.0,0.0,0.0
2013-10-16,100000.0,100000.0,0.0,0.0,0.0,0.0,0.0,0.0,0.0,0.0,0.0,0.0,0.0
2013-10-17,100000.0,100000.0,0.0,0.0,0.0,0.0,0.0,0.0,0.0,0.0,0.0,0.0,0.0
2013-10-18,100000.0,100000.0,0.0,0.0,0.0,0.0,0.0,0.0,0.0,0.0,0.0,0.0,0.0
2013-10-21,100000.0,100000.0,0.0,0.0,0.0,0.0,0.0,0.0,0.0,0.0,0.0,0.0,0.0
2013-10-22,100000.0,100000.0,0.0,0.0,0.0,0.0,0.0,0.0,0.0,0.0,0.0,0.0,0.0
2013-10-23,100000.0,100000.0,0.0,0.0,0.0,0.0,0.0,0.0,0.0,0.0,0.0,0.0,0.0
2013-10-24,100000.0,100000.0,0.0,0.0,0.0,0.0,0.0,0.0,0.0,0.0,0.0,0.0,0.0
2013-10-25,100000.0,100000.0,0.0,0.0,0.0,0.0,0.0,0.0,0.0,0.0,0.0,0.0,0.0
2013-10-28,100000.0,100000.0,0.0,0.0,0.0,0.0,0.0,0.0,0.0,0.0,0.0,0.0,0.0
2013-10-29,100000.0,100000.0,0.0,0.0,0.0,0.0,0.0,0.0,0.0,0.0,0.0,0.0,0.0
2013-10-30,100000.0,100000.0,0.0,0.0,0.0,0.0,0.0,0.0,0.0,0.0,0.0,0.0,0.0
2013-10-31,100000.0,100000.0,0.0,0.0,0.0,0.0,0.0,0.0,0.0,0.0,0.0,0.0,0.0
2013-11-01,100000.0,100000.0,0.0,0.0,0.0,0.0,0.0,0.0,0.0,0.0,0.0,0.0,0.0
2013-11-04,100000.0,100000.0,0.0,0.0,0.0,0.0,0.0,0.0,0.0,0.0,0.0,0.0,0.0
2013-11-05,100000.0,100000.0,0.0,0.0,0.0,0.0,0.0,0.0,0.0,0.0,0.0,0.0,0.0
2013-11-06,100000.0,100000.0,0.0,0.0,0.0,0.0,0.0,0.0,0.0,0.0,0.0,0.0,0.0
2013-11-07,100000.0,100000.0,0.0,0.0,0.0,0.0,0.0,0.0,0.0,0.0,0.0,0.0,0.0
2013-11-08,100000.0,100000.0,0.0,0.0,0.0,0.0,0.0,0.0,0.0,0.0,0.0,0.0,0.0
2013-11-11,100000.0,100000.0,0.0,0.0,0.0,0.0,0.0,0.0,0.0,0.0,0.0,0.0,0.0
2013-11-12,100000.0,100000.0,0.0,0.0,0.0,0.0,0.0,0.0,0.0,0.0,0.0,0.0,0.0
2013-11-13,100000.0,100000.0,0.0,0.0,0.0,0.0,0.0,0.0,0.0,0.0,0.0,0.0,0.0
2013-11-14,100000.0,100000.0,0.0,0.0,0.0,0.0,0.0,0.0,0.0,0.0,0.0,0.0,0.0
2013-11-15,100000.0,100000.0,0.0,0.0,0.0,0.0,0.0,0.0,0.0,0.0,0.0,0.0,0.0
2013-11-18,100000.0,100000.0,0.0,0.0,0.0,0.0,0.0,0.0,0.0,0.0,0.0,0.0,0.0
2013-11-19,100000.0,100000.0,0.0,0.0,0.0,0.0,0.0,0.0,0.0,0.0,0.0,0.0,0.0
2013-11-20,100000.0,100000.0,0.0,0.0,0.0,0.0,0.0,0.0,0.0,0.0,0.0,0.0,0.0
2013-11-21,100000.0,100000.0,0.0,0.0,0.0,0.0,0.0,0.0,0.0,0.0,0.0,0.0,0.0
2013-11-22,100000.0,100000.0,0.0,0.0,0.0,0.0,0.0,0.0,0.0,0.0,0.0,0.0,0.0
2013-11-25,100000.0,100000.0,0.0,0.0,0.0,0.0,0.0,0.0,0.0,0.0,0.0,0.0,0.0
2013-11-26,100000.0,100000.0,0.0,0.0,0.0,0.0,0.0,0.0,0.0,0.0,0.0,0.0,0.0
2013-11-27,100000.0,100000.0,0.0,0.0,0.0,0.0,0.0,0.0,0.0,0.0,0.0,0.0,0.0
2013-11-29,100000.0,100000.0,0.0,0.0,0.0,0.0,0.0,0.0,0.0,0.0,0.0,0.0,0.0
2013-12-02,100000.0,100000.0,0.0,0.0,0.0,0.0,0.0,0.0,0.0,0.0,0.0,0.0,0.0
2013-12-03,100000.0,100000.0,0.0,0.0,0.0,0.0,0.0,0.0,0.0,0.0,0.0,0.0,0.0
2013-12-04,100000.0,100000.0,0.0,0.0,0.0,0.0,0.0,0.0,0.0,0.0,0.0,0.0,0.0
2013-12-05,100000.0,100000.0,0.0,0.0,0.0,0.0,0.0,0.0,0.0,0.0,0.0,0.0,0.0
2013-12-06,100000.0,100000.0,0.0,0.0,0.0,0.0,0.0,0.0,0.0,0.0,0.0,0.0,0.0
2013-12-09,100000.0,100000.0,0.0,0.0,0.0,0.0,0.0,0.0,0.0,0.0,0.0,0.0,0.0
2013-12-10,100000.0,100000.0,0.0,0.0,0.0,0.0,0.0,0.0,0.0,0.0,0.0,0.0,0.0
2013-12-11,100000.0,100000.0,0.0,0.0,0.0,0.0,0.0,0.0,0.0,0.0,0.0,0.0,0.0
2013-12-12,100000.0,100000.0,0.0,0.0,0.0,0.0,0.0,0.0,0.0,0.0,0.0,0.0,0.0
2013-12-13,100000.0,100000.0,0.0,0.0,0.0,0.0,0.0,0.0,0.0,0.0,0.0,0.0,0.0
2013-12-16,100000.0,100000.0,0.0,0.0,0.0,0.0,0.0,0.0,0.0,0.0,0.0,0.0,0.0
2013-12-17,100000.0,100000.0,0.0,0.0,0.0,0.0,0.0,0.0,0.0,0.0,0.0,0.0,0.0
2013-12-18,100000.0,100000.0,0.0,0.0,0.0,0.0,0.0,0.0,0.0,0.0,0.0,0.0,0.0
2013-12-19,100000.0,100000.0,0.0,0.0,0.0,0.0,0.0,0.0,0.0,0.0,0.0,0.0,0.0
2013-12-20,100000.0,100000.0,0.0,0.0,0.0,0.0,0.0,0.0,0.0,0.0,0.0,0.0,0.0
2013-12-23,100000.0,100000.0,0.0,0.0,0.0,0.0,0.0,0.0,0.0,0.0,0.0,0.0,0.0
2013-12-24,100000.0,100000.0,0.0,0.0,0.0,0.0,0.0,0.0,0.0,0.0,0.0,0.0,0.0
2013-12-26,100000.0,100000.0,0.0,0.0,0.0,0.0,0.0,0.0,0.0,0.0,0.0,0.0,0.0
2013-12-27,100000.0,100000.0,0.0,0.0,0.0,0.0,0.0,0.0,0.0,0.0,0.0,0.0,0.0
2013-12-30,100000.0,100000.0,0.0,0.0,0.0,0.0,0.0,0.0,0.0,0.0,0.0,0.0,0.0
2013-12-31,100000.0,100000.0,0.0,0.0,0.0,0.0,0.0,0.0,0.0,0.0,0.0,0.0,0.0
2014-01-02,0.024859351295162924,99127.22603320387,49692.51040472148,0.5013003227597266,0.0,0.0,49434.690769131106,0.4986994264579981,0.0,0.0,0.0,0.0,0.9999997492177246
2014-01-03,0.024859351295162924,98554.13948919922,49363.87725125229,0.5008808103556339,0.0,0.0,49190.23737859563,0.49911893740380636,0.0,0.0,0.0,0.0,0.9999997477594404
2014-01-06,0.024859351295162924,98322.22849169675,49206.96855494039,0.5004663676748934,0.0,0.0,49115.23507740506,0.4995333794895913,0.0,0.0,0.0,0.0,0.9999997471644848
2014-01-07,0.024859351295162924,98336.99932670037,49272.08958836497,0.501053417591792,0.0,0.0,49064.88487898411,0.4989463296106703,0.0,0.0,0.0,0.0,0.9999997472024623
2014-01-08,0.024859351295162924,98779.11572205932,49491.831544812085,0.5010353776001619,0.0,0.0,49287.259317895936,0.49896437073377364,0.0,0.0,0.0,0.0,0.9999997483339357
2014-01-09,0.024859351295162924,98947.21417876032,49527.78729904556,0.5005475668023105,0.0,0.0,49419.40202036347,0.4994521819591731,0.0,0.0,0.0,0.0,0.9999997487614836
2014-01-10,0.024859351295162924,99277.74753214738,49626.95792318913,0.4998799746853574,0.0,0.0,49650.76474960694,0.5001197749125946,0.0,0.0,0.0,0.0,0.9999997495979521
2014-01-13,0.024859351295162924,97261.81871026992,48527.98077351865,0.498941737025061,0.0,0.0,48733.81307739998,0.5010580073828514,0.0,0.0,0.0,0.0,0.9999997444079123
2014-01-14,0.024859351295162924,97326.57900860281,48694.132243766566,0.5003168994510989,0.0,0.0,48632.421905484945,0.4996828451268822,0.0,0.0,0.0,0.0,0.9999997445779811
2014-01-15,0.024859351295162924,98672.5811173441,49441.43176801894,0.501065556491543,0.0,0.0,49231.12448997387,0.49893419157067437,0.0,0.0,0.0,0.0,0.9999997480622174
2014-01-16,0.024859351295162924,99098.17899911129,49653.84962533943,0.5010571347207574,0.0,0.0,49444.30451442056,0.49894261442345955,0.0,0.0,0.0,0.0,0.999999749144217
2014-01-17,0.024859351295162924,98635.44485088153,49391.229685513856,0.5007452418365854,0.0,0.0,49244.190306016375,0.49925450613077726,0.0,0.0,0.0,0.0,0.9999997479673627
2014-01-21,0.024859351295162924,98775.97248538893,49550.91007454598,0.501649427768232,0.0,0.0,49225.03755149165,0.4983503205576952,0.0,0.0,0.0,0.0,0.9999997483259272
2014-01-22,0.024859351295162924,98651.36187212393,49427.24353416467,0.5010295103501394,0.0,0.0,49224.09347860797,0.4989702376578878,0.0,0.0,0.0,0.0,0.9999997480080273
2014-01-23,0.024859351295162924,98322.45991546435,49253.04984401602,0.5009338648195213,0.0,0.0,49069.385212097026,0.49906588234555854,0.0,0.0,0.0,0.0,0.9999997471650799
2014-01-24,0.024859351295162924,95352.34539129115,47649.14099414132,0.49971650721968797,0.0,0.0,47703.17953779854,0.5002832320698787,0.0,0.0,0.0,0.0,0.9999997392895665
2014-01-27,0.024859351295162924,93552.6996079741,46663.033787109554,0.4987887466919465,0.0,0.0,46889.64096151324,0.5012109875824101,0.0,0.0,0.0,0.0,0.9999997342743566
2014-01-28,0.024859351295162924,94459.62869887007,47028.77467684952,0.4978716868216112,0.0,0.0,47430.82916266926,0.5021280500040397,0.0,0.0,0.0,0.0,0.9999997368256509
2014-01-29,0.024859351295162924,94162.503013291,46881.83529362164,0.49788221206273886,0.0,0.0,47280.64286031806,0.5021175239324768,0.0,0.0,0.0,0.0,0.9999997359952157
2014-01-30,0.024859351295162924,94067.23637111207,46803.169461076584,0.4975501701403208,0.0,0.0,47264.0420506842,0.502449565587524,0.0,0.0,0.0,0.0,0.9999997357278447
2014-01-31,0.024859351295162924,94025.34379188578,46796.65534697307,0.4977025710275737,0.0,0.0,47228.66358556142,0.5022971645825258,0.0,0.0,0.0,0.0,0.9999997356100995
2014-02-03,0.024859351295162924,91406.17171966082,45447.42644837932,0.49720303994094417,0.0,0.0,45958.7204119302,0.5027966880932702,0.0,0.0,0.0,0.0,0.9999997280342144
2014-02-04,0.024859351295162924,91099.36642841257,45329.198036697555,0.497579728749464,0.0,0.0,45770.14353236373,0.5024199983688217,0.0,0.0,0.0,0.0,0.9999997271182856
2014-02-05,0.024859351295162924,91423.01722096062,45446.05375625521,0.4970964111413702,0.0,0.0,45976.93860535411,0.5029033169429563,0.0,0.0,0.0,0.0,0.9999997280843266
2014-02-06,0.024859351295162924,92156.57220739518,45901.07060429604,0.4980770172418877,0.0,0.0,46255.476743747844,0.5019227130068542,0.0,0.0,0.0,0.0,0.9999997302487419
2014-02-07,0.024859351295162924,93983.7463864422,46881.13918023821,0.49882177485745705,0.0,0.0,47102.5823468527,0.5011779606356229,0.0,0.0,0.0,0.0,0.9999997354930799
2014-02-10,0.024859351295162924,94657.15091997125,47207.43843450086,0.49872025489561606,0.0,0.0,47449.68762611909,0.501279482479204,0.0,0.0,0.0,0.0,0.9999997373748201
2014-02-11,0.024859351295162924,95307.51193532461,47534.179353047824,0.49874536002266406,0.0,0.0,47773.30772292549,0.5012543791442622,0.0,0.0,0.0,0.0,0.9999997391669262
2014-02-12,0.024859351295162924,95772.10761079568,47817.75660556782,0.49928687796965304,0.0,0.0,47954.32614587656,0.5007128624625885,0.0,0.0,0.0,0.0,0.9999997404322415
2014-02-13,0.024859351295162924,96349.4168069496,48104.21567199899,0.4992683636931913,0.0,0.0,48245.17627559931,0.5007313782943358,0.0,0.0,0.0,0.0,0.9999997419875271
2014-02-14,0.024859351295162924,96550.73251741307,48178.57216237994,0.4989974794203748,0.0,0.0,48372.13549568183,0.5010022631051282,0.0,0.0,0.0,0.0,0.9999997425255029
2014-02-18,0.024859351295162924,96739.61203113793,48290.81515698741,0.49918346934701235,0.0,0.0,48448.77201479924,0.5008162736811974,0.0,0.0,0.0,0.0,0.9999997430282097
2014-02-19,0.024859351295162924,96465.0293135029,48065.70636112314,0.49827078997627006,0.0,0.0,48399.298093028476,0.5017289523204828,0.0,0.0,0.0,0.0,0.9999997422967528
2014-02-20,0.024859351295162924,97120.85972333838,48417.239622814,0.4985256489773352,0.0,0.0,48703.595241173076,0.5014740950596166,0.0,0.0,0.0,0.0,0.9999997440369518
2014-02-21,0.024859351295162924,96963.90184334846,48314.46153357254,0.4982726624556396,0.0,0.0,48649.415450424625,0.5017270811669785,0.0,0.0,0.0,0.0,0.9999997436226181
2014-02-24,0.024859351295162924,97490.1063324307,48676.64220942016,0.4992982779548735,0.0,0.0,48813.439263659246,0.5007014670515457,0.0,0.0,0.0,0.0,0.9999997450064193
2014-02-25,0.024859351295162924,97400.28789325412,48601.58414413981,0.498988095367898,0.0,0.0,48798.67888976302,0.501011649403377,0.0,0.0,0.0,0.0,0.999999744771275
2014-02-26,0.024859351295162924,97261.59833356753,48607.35774958921,0.49975898589375267,0.0,0.0,48654.21572462702,0.5002407585135805,0.0,0.0,0.0,0.0,0.9999997444073332
2014-02-27,0.024859351295162924,97710.14022601735,48807.32250062753,0.4995113341126039,0.0,0.0,48902.79286603853,0.5004884114680367,0.0,0.0,0.0,0.0,0.9999997455806405
2014-02-28,0.024859351295162924,97766.96739962303,48777.260492773734,0.49891350616815605,0.0,0.0,48989.68204749799,0.5010862395603659,0.0,0.0,0.0,0.0,0.999999745728522
2014-03-03,0.024859351295162924,96197.95101787038,47932.64107992415,0.49827091505327237,0.0,0.0,48265.28507859494,0.5017288265280084,0.0,0.0,0.0,0.0,0.9999997415812808
2014-03-04,0.024859351295162924,97773.32337023654,48793.49759499669,0.4990471420331209,0.0,0.0,48979.80091588856,0.5009526037119307,0.0,0.0,0.0,0.0,0.9999997457450516
2014-03-05,0.024859351295162924,98273.8065373551,49033.16821193081,0.49894442822149854,0.0,0.0,49240.613466073,0.5010553188184079,0.0,0.0,0.0,0.0,0.9999997470399065
2014-03-06,0.024859351295162924,98462.69216215942,49158.296186575964,0.4992580957020407,0.0,0.0,49304.37111623216,0.500741651823131,0.0,0.0,0.0,0.0,0.9999997475251717
2014-03-07,0.024859351295162924,99087.46358012913,49338.994300700455,0.4979337700051375,0.0,0.0,49748.44442007738,0.5020659791119516,0.0,0.0,0.0,0.0,0.9999997491170891
2014-03-10,0.024859351295162924,99284.90545448106,49501.45229324369,0.49857984017458234,0.0,0.0,49783.42830188608,0.5014199094414225,0.0,0.0,0.0,0.0,0.9999997496160048
2014-03-11,0.024859351295162924,99152.47032840819,49401.97173744364,0.4982424701453905,0.0,0.0,49750.47373161325,0.5017572791361834,0.0,0.0,0.0,0.0,0.999999749281574
2014-03-12,0.024859351295162924,98830.60243671978,49229.75450158131,0.49812257830870366,0.0,0.0,49600.82307578718,0.5018771701563397,0.0,0.0,0.0,0.0,0.9999997484650434
2014-03-13,0.024859351295162924,97715.792710209,48554.17891284148,0.49689182849732655,0.0,0.0,49161.588938016226,0.5031079170980312,0.0,0.0,0.0,0.0,0.9999997455953576
2014-03-14,0.024859351295162924,96643.89322011992,47934.837445613426,0.49599447878651953,0.0,0.0,48709.03091515519,0.504005263987178,0.0,0.0,0.0,0.0,0.9999997427736976
2014-03-17,0.024859351295162924,97035.59073789428,48217.166678365604,0.49690187189777024,0.0,0.0,48818.39920017739,0.5030978719142569,0.0,0.0,0.0,0.0,0.999999743812027
2014-03-18,0.024859351295162924,98188.13750961705,48897.209595750224,0.4979950820531755,0.0,0.0,49290.90305451553,0.5020046647660236,0.0,0.0,0.0,0.0,0.9999997468191991
2014-03-19,0.024859351295162924,97055.20424947147,48346.29189143538,0.4981318855109066,0.0,0.0,48708.88749868479,0.5018678583528924,0.0,0.0,0.0,0.0,0.9999997438637991
2014-03-20,0.024859351295162924,98194.85330423806,48896.56731245536,0.4979544820028261,0.0,0.0,49298.261132431406,0.5020452648336887,0.0,0.0,0.0,0.0,0.9999997468365147
2014-03-21,0.024859351295162924,97741.28356946966,48609.08531058161,0.49732399182207065,0.0,0.0,49132.173399536754,0.5026757538396357,0.0,0.0,0.0,0.0,0.9999997456617062
2014-03-24,0.024859351295162924,97283.47446859213,48435.702959470036,0.49788212462649506,0.0,0.0,48847.74664977081,0.5021176198383134,0.0,0.0,0.0,0.0,0.9999997444648083
2014-03-25,0.024859351295162924,97584.98412607644,48586.09286104621,0.49788492867175804,0.0,0.0,48998.86640567893,0.5021148165825808,0.0,0.0,0.0,0.0,0.9999997452543389
2014-03-26,0.024859351295162924,97102.67380413924,48217.39937259649,0.4965609852294418,0.0,0.0,48885.249572191446,0.5034387587595718,0.0,0.0,0.0,0.0,0.9999997439890137
2014-03-27,0.024859351295162924,96590.29028479983,47873.894142424004,0.49563878523675786,0.0,0.0,48716.37128302454,0.5043609573941917,0.0,0.0,0.0,0.0,0.9999997426309495
2014-03-28,0.024859351295162924,97065.66332036901,48109.24194372977,0.49563604984538495,0.0,0.0,48956.396517287954,0.5043636940460136,0.0,0.0,0.0,0.0,0.9999997438913985
2014-03-31,0.024859351295162924,98700.49398964686,48918.96836183202,0.4956304308564388,0.0,0.0,49781.50076846354,0.5043693172770275,0.0,0.0,0.0,0.0,0.9999997481334663
2014-04-01,0.024859351295162924,99532.98944260042,49552.6458660143,0.497851477620802,0.0,0.0,49980.318717234826,0.50214827261928,0.0,0.0,0.0,0.0,0.9999997502400818
2014-04-02,0.024859351295162924,100193.41548588524,49885.005358142844,0.49788706289956147,0.0,0.0,50308.38526839111,0.5021126889868158,0.0,0.0,0.0,0.0,0.9999997518863772
2014-04-03,0.024859351295162924,100240.73366680884,49804.77459836049,0.49685165677165805,0.0,0.0,50435.93420909705,0.5031480952318401,0.0,0.0,0.0,0.0,0.9999997520034981
2014-04-04,0.024859351295162924,99087.46189222639,49055.745375941304,0.4950752036549018,0.0,0.0,50031.69165693379,0.504924545462183,0.0,0.0,0.0,0.0,0.9999997491170849
2014-04-07,0.024859351295162924,97772.85212796081,48365.19230430251,0.49466893162740383,0.0,0.0,49407.63496430701,0.5053308141164223,0.0,0.0,0.0,0.0,0.9999997457438261
2014-04-08,0.024859351295162924,97768.92742548419,48273.79163074935,0.493753924707232,0.0,0.0,49495.11093538354,0.5062458210263876,0.0,0.0,0.0,0.0,0.9999997457336196
2014-04-09,0.024859351295162924,97730.60621738205,48414.67074203207,0.4953890353892145,0.0,0.0,49315.91061599869,0.5046107102447045,0.0,0.0,0.0,0.0,0.999999745633919
2014-04-10,0.024859351295162924,96267.40831175922,47590.533612957304,0.4943576901835431,0.0,0.0,48676.84983945063,0.5056420515841878,0.0,0.0,0.0,0.0,0.9999997417677309
2014-04-11,0.024859351295162924,94646.34091789424,46669.82962236209,0.49309703016250994,0.0,0.0,47976.48643618085,0.5069027071823144,0.0,0.0,0.0,0.0,0.9999997373448244
2014-04-14,0.024859351295162924,95409.26989326626,47049.41703422352,0.4931325550112416,0.0,0.0,48359.82799969144,0.5068671844338739,0.0,0.0,0.0,0.0,0.9999997394451156
2014-04-15,0.024859351295162924,96535.25215165068,47667.94498801823,0.49378795751354077,0.0,0.0,48867.28230428115,0.5062117849706735,0.0,0.0,0.0,0.0,0.9999997424842144
2014-04-16,0.024859351295162924,97538.5675669599,48205.651543534055,0.4942214423073318,0.0,0.0,49332.89116407456,0.5057783028257791,0.0,0.0,0.0,0.0,0.9999997451331107
2014-04-17,0.024859351295162924,97971.09078647367,48453.85138855972,0.4945729500364967,0.0,0.0,49517.21453856265,0.5054267962218016,0.0,0.0,0.0,0.0,0.9999997462582982
2014-04-21,0.024859351295162924,98570.51345798803,48727.92687780075,0.494345876554343,0.0,0.0,49842.56172083597,0.5056538712469981,0.0,0.0,0.0,0.0,0.9999997478013412
2014-04-22,0.024859351295162924,99055.12303819043,49048.83094416251,0.49516702861750894,0.0,0.0,50006.267234676634,0.5048327204176694,0.0,0.0,0.0,0.0,0.9999997490351783
2014-04-23,0.024859351295162924,98691.33192115254,48791.547810995646,0.4943853412574944,0.0,0.0,49899.7592508056,0.5056144068525897,0.0,0.0,0.0,0.0,0.9999997481100841
2014-04-24,0.024859351295162924,98516.45455498887,48767.76536809227,0.4950215229362684,0.0,0.0,49748.6643275453,0.5049782247266839,0.0,0.0,0.0,0.0,0.9999997476629523
2014-04-25,0.024859351295162924,97872.83084573534,48320.390649770954,0.4937058653788437,0.0,0.0,49552.415336613085,0.5062938806247091,0.0,0.0,0.0,0.0,0.999999746003553
2014-04-28,0.024859351295162924,98311.80300407951,48580.696281236385,0.49414917432874766,0.0,0.0,49731.081863491825,0.5058505728089251,0.0,0.0,0.0,0.0,0.9999997471376728
2014-04-29,0.024859351295162924,99090.92967389773,49035.81643458903,0.4948567603105849,0.0,0.0,50055.08837995741,0.5051429888152799,0.0,0.0,0.0,0.0,0.9999997491258648
2014-04-30,0.024859351295162924,99413.06580610563,49128.036388818124,0.49418088045526143,0.0,0.0,50285.00455793621,0.5058188694835309,0.0,0.0,0.0,0.0,0.9999997499387923
2014-05-01,0.024859351295162924,99134.95006065902,49032.29394685154,0.49460148935213566,0.0,0.0,50102.63125445619,0.5053982598851285,0.0,0.0,0.0,0.0,0.9999997492372642
2014-05-02,0.024859351295162924,98930.11507281607,48942.15852339664,0.4947144606813959,0.0,0.0,49987.93169006814,0.5052852880366635,0.0,0.0,0.0,0.0,0.9999997487180594
2014-05-05,0.024859351295162924,99227.69212053924,49134.841002570676,0.4951726675541636,0.0,0.0,50092.82625861727,0.5048270819174732,0.0,0.0,0.0,0.0,0.9999997494716367
2014-05-06,0.024859351295162924,98402.71974009542,48709.41992668454,0.49500074850916215,0.0,0.0,49693.27495405959,0.5049989988621366,0.0,0.0,0.0,0.0,0.9999997473712987
2014-05-07,0.024859351295162924,98238.02560229573,48461.92398717098,0.49331125793756253,0.0,0.0,49776.07675577346,0.506688489010209,0.0,0.0,0.0,0.0,0.9999997469477716
2014-05-08,0.024859351295162924,98400.79162325458,48564.422893913455,0.4935369125875656,0.0,0.0,49836.34386998984,0.506462834778783,0.0,0.0,0.0,0.0,0.9999997473663486
2014-05-09,0.024859351295162924,98405.29260417761,48637.21486857097,0.494254054649355,0.0,0.0,49768.052876255344,0.5057456927285487,0.0,0.0,0.0,0.0,0.9999997473779038
2014-05-12,0.024859351295162924,99464.86462321176,49300.23745164047,0.4956547986909485,0.0,0.0,50164.60231222,0.5043449513780695,0.0,0.0,0.0,0.0,0.999999750069018
2014-05-13,0.024859351295162924,99897.89944858172,49524.37647336527,0.49574992814394336,0.0,0.0,50373.49811586515,0.5042498230084689,0.0,0.0,0.0,0.0,0.9999997511524122
2014-05-14,0.024859351295162924,99526.95143252316,49253.76782989842,0.49487869487584246,0.0,0.0,50273.15874327344,0.5051210553490871,0.0,0.0,0.0,0.0,0.9999997502249297
2014-05-15,0.024859351295162924,98204.02459091788,48545.84529153428,0.49433661699465525,0.0,0.0,49658.15444003231,0.5056631298655025,0.0,0.0,0.0,0.0,0.9999997468601577
2014-05-16,0.024859351295162924,98370.70191545582,48635.05384494158,0.494405884048085,0.0,0.0,49735.623211162936,0.5055938632409877,0.0,0.0,0.0,0.0,0.9999997472890727
2014-05-19,0.024859351295162924,98583.7810614474,48827.06287833062,0.49528494801692224,0.0,0.0,49756.69332376549,0.5047147998183603,0.0,0.0,0.0,0.0,0.9999997478352826
2014-05-20,0.024859351295162924,97943.45228106879,48507.01742034955,0.4952553365297838,0.0,0.0,49436.410001367956,0.5047444096569116,0.0,0.0,0.0,0.0,0.9999997461866953
2014-05-21,0.024859351295162924,98327.49865435863,48735.16182688777,0.4956412244168021,0.0,0.0,49592.31196811955,0.5043585227612342,0.0,0.0,0.0,0.0,0.9999997471780363
2014-05-22,0.024859351295162924,98696.0260765505,48931.03518629685,0.4957751302807777,0.0,0.0,49764.96603090235,0.5042246178412868,0.0,0.0,0.0,0.0,0.9999997481220645
2014-05-23,0.024859351295162924,99390.12358398476,49346.591253277846,0.49649391180784597,0.0,0.0,50043.507471355624,0.5035058380732247,0.0,0.0,0.0,0.0,0.9999997498810707
2014-05-27,0.024859351295162924,99814.72741882897,49598.34603615135,0.4969040873901656,0.0,0.0,50216.35652332632,0.5030956635548909,0.0,0.0,0.0,0.0,0.9999997509450566
2014-05-28,0.024859351295162924,99791.63618814923,49630.14273304593,0.49733769911811265,0.0,0.0,50161.46859575202,0.502662051769314,0.0,0.0,0.0,0.0,0.9999997508874265
2014-05-29,0.024859351295162924,99970.93778398463,49698.84184902905,0.49713289632650437,0.0,0.0,50272.07107560428,0.5028668550077149,0.0,0.0,0.0,0.0,0.9999997513342193
2014-05-30,0.024859351295162924,100301.7062411894,49857.08967042392,0.49707120186505716,0.0,0.0,50444.591711414185,0.5029285502891959,0.0,0.0,0.0,0.0,0.9999997521542532
2014-06-02,0.024859351295162924,100462.58846271886,49967.94372746302,0.49737862115712717,0.0,0.0,50494.61987590455,0.5026211313940298,0.0,0.0,0.0,0.0,0.9999997525511568
2014-06-03,0.024859351295162924,100831.66253053186,50122.375241556685,0.4970896441024129,0.0,0.0,50709.26242962388,0.5029101093544808,0.0,0.0,0.0,0.0,0.9999997534568937
2014-06-04,0.024859351295162924,101268.75290603975,50293.6218853134,0.496635146005771,0.0,0.0,50975.10616137506,0.5033646085152379,0.0,0.0,0.0,0.0,0.9999997545210089
2014-06-05,0.024859351295162924,101912.95489185298,50674.785382096474,0.49723595430895967,0.0,0.0,51238.14465040521,0.5027638017637465,0.0,0.0,0.0,0.0,0.9999997560727062
2014-06-06,0.024859351295162924,101951.93668352427,50746.28008314646,0.49774709273715256,0.0,0.0,51205.63174102652,0.5022526634288204,0.0,0.0,0.0,0.0,0.9999997561659729
2014-06-09,0.024859351295162924,102038.17818634103,50817.77268817162,0.4980270482227618,0.0,0.0,51220.380638818104,0.5019727081492967,0.0,0.0,0.0,0.0,0.9999997563720586
2014-06-10,0.024859351295162924,101810.59390669098,50713.98586486315,0.49812091177213175,0.0,0.0,51096.583182476534,0.5018788440553285,0.0,0.0,0.0,0.0,0.9999997558274601
2014-06-11,0.024859351295162924,101248.13342325318,50467.73514638614,0.4984559560758821,0.0,0.0,50780.37341751574,0.5015437983951342,0.0,0.0,0.0,0.0,0.9999997544710164
2014-06-12,0.024859351295162924,100263.64267457648,49830.74512260357,0.49699715463498706,0.0,0.0,50432.872692621604,0.5030025974251752,0.0,0.0,0.0,0.0,0.9999997520601622
2014-06-13,0.024859351295162924,100151.68955471068,49744.28008100718,0.4966893749089771,0.0,0.0,50407.38461435222,0.5033103768740292,0.0,0.0,0.0,0.0,0.9999997517830063
2014-06-16,0.024859351295162924,100528.05982275128,49960.95114489459,0.4969851326384352,0.0,0.0,50567.0838185054,0.5030146200738789,0.0,0.0,0.0,0.0,0.999999752712314
2014-06-17,0.024859351295162924,100581.69186381386,50007.9931653704,0.49718783049583704,0.0,0.0,50573.67383909216,0.5028119223483353,0.0,0.0,0.0,0.0,0.9999997528441724
2014-06-18,0.024859351295162924,101385.01322133816,50303.838819262644,0.49616641770753717,0.0,0.0,51081.14954272422,0.5038333370949676,0.0,0.0,0.0,0.0,0.9999997548025048
2014-06-19,0.024859351295162924,101445.91426463435,50301.60846639285,0.4958465684007225,0.0,0.0,51144.2809388902,0.5041531865489817,0.0,0.0,0.0,0.0,0.9999997549497043
2014-06-20,0.024859351295162924,101636.65612586448,50390.190567655656,0.4957875680724247,0.0,0.0,51246.44069885753,0.5042121873371662,0.0,0.0,0.0,0.0,0.999999755409591
2014-06-23,0.024859351295162924,101690.07569647428,50457.4244130553,0.49618828649180285,0.0,0.0,51232.626424067676,0.5038114690462756,0.0,0.0,0.0,0.0,0.9999997555380785
2014-06-24,0.024859351295162924,100993.82765884582,50050.979940846075,0.49558454314571393,0.0,0.0,50942.822858648455,0.5044152107070524,0.0,0.0,0.0,0.0,0.9999997538527663
2014-06-25,0.024859351295162924,101436.16343037966,50295.9815097752,0.495838760150818,0.0,0.0,51140.157061253165,0.50416099477533,0.0,0.0,0.0,0.0,0.9999997549261481
2014-06-26,0.024859351295162924,101185.50908504192,50155.44167193916,0.49567810771980936,0.0,0.0,51030.04255375147,0.5043216465992476,0.0,0.0,0.0,0.0,0.999999754319057
2014-06-27,0.024859351295162924,101217.70463673038,50187.0872616234,0.4958330900877914,0.0,0.0,51030.592515755685,0.5041666643094123,0.0,0.0,0.0,0.0,0.9999997543972037
2014-06-30,0.024859351295162924,100947.15511303926,50013.942691892255,0.4954467774340675,0.0,0.0,50933.18756179572,0.5045529763048936,0.0,0.0,0.0,0.0,0.9999997537389611
2014-07-01,0.00021042014776639917,101598.573391246,50893.74581765486,0.5009297288227474,0.0,0.0,50704.827363170996,0.4990702691061591,0.0,0.0,0.0,0.0,0.9999999979289066
2014-07-02,0.00021042014776639917,101824.77809186862,51062.74357049825,0.5014766005620782,0.0,0.0,50762.034310950236,0.49852339737142937,0.0,0.0,0.0,0.0,0.9999999979335075
2014-07-03,0.00021042014776639917,102566.16858546222,51495.67894538299,0.5020727561103615,0.0,0.0,51070.48942965909,0.49792724183808346,0.0,0.0,0.0,0.0,0.999999997948445
2014-07-07,0.00021042014776639917,102595.55679986643,51480.24504631573,0.501778504372645,0.0,0.0,51115.31154313057,0.4982214935763877,0.0,0.0,0.0,0.0,0.9999999979490326
2014-07-08,0.00021042014776639917,101905.51533630092,51054.34369449369,0.5009968648508178,0.0,0.0,50851.17143138708,0.4990031330843269,0.0,0.0,0.0,0.0,0.9999999979351447
2014-07-09,0.00021042014776639917,101906.29399429148,51048.52492880457,0.5009359375944352,0.0,0.0,50857.76885506677,0.49906406034072526,0.0,0.0,0.0,0.0,0.9999999979351605
2014-07-10,0.00021042014776639917,101605.18209466453,50791.29720319846,0.49988884578619935,0.0,0.0,50813.88468104593,0.5001111521428419,0.0,0.0,0.0,0.0,0.9999999979290413
2014-07-11,0.00021042014776639917,101404.92861690416,50717.16211152305,0.5001449417032431,0.0,0.0,50687.766294960966,0.4998550562217085,0.0,0.0,0.0,0.0,0.9999999979249515
2014-07-14,0.00021042014776639917,101975.20887858566,51081.17056228965,0.5009175379391301,0.0,0.0,50894.038105875865,0.4990824599974258,0.0,0.0,0.0,0.0,0.9999999979365559
2014-07-15,0.00021042014776639917,101823.98560665848,50922.561907865515,0.500103797788638,0.0,0.0,50901.42348837283,0.4998962001448535,0.0,0.0,0.0,0.0,0.9999999979334914
2014-07-16,0.00021042014776639917,102205.81219139943,51070.98221032237,0.49968765097901124,0.0,0.0,51134.829770656914,0.5003123469622003,0.0,0.0,0.0,0.0,0.9999999979412116
2014-07-17,0.00021042014776639917,101064.79404849507,50448.09860623408,0.49916589729581795,0.0,0.0,50616.69523184085,0.5008341006221501,0.0,0.0,0.0,0.0,0.9999999979179679
2014-07-18,0.00021042014776639917,101798.2988553236,50906.851058195425,0.5000756557881637,0.0,0.0,50891.44758670803,0.4999243421448062,0.0,0.0,0.0,0.0,0.99999999793297
2014-07-21,0.00021042014776639917,101555.75647408512,50771.686450780944,0.49993903067165674,0.0,0.0,50784.06981288403,0.5000609672563765,0.0,0.0,0.0,0.0,0.9999999979280333
2014-07-22,0.00021042014776639917,102079.593595387,51156.92978153293,0.5011474671843199,0.0,0.0,50922.663603433946,0.4988525307543461,0.0,0.0,0.0,0.0,0.999999997938666
2014-07-23,0.00021042014776639917,102455.77387290304,51443.67174109226,0.502106126345875,0.0,0.0,51012.10192139064,0.49789387160035936,0.0,0.0,0.0,0.0,0.9999999979462344
2014-07-24,0.00021042014776639917,102372.36929963151,51321.56554526558,0.5013224358914032,0.0,0.0,51050.803543945796,0.498677562053158,0.0,0.0,0.0,0.0,0.9999999979445612
2014-07-25,0.00021042014776639917,102161.86216515157,51208.15044542427,0.5012452725523231,0.0,0.0,50953.71150930717,0.49875472538800286,0.0,0.0,0.0,0.0,0.9999999979403259
2014-07-28,0.00021042014776639917,102442.25852085545,51385.16810420492,0.5016012810157225,0.0,0.0,51057.09020623039,0.4983987169302408,0.0,0.0,0.0,0.0,0.9999999979459635
2014-07-29,0.00021042014776639917,102171.18803183941,51233.309378759724,0.5014457633867777,0.0,0.0,50937.87844265955,0.4985542345537362,0.0,0.0,0.0,0.0,0.9999999979405139
2014-07-30,0.00021042014776639917,102351.2673973619,51375.87964692092,0.5019564579250646,0.0,0.0,50975.38754002084,0.4980435400190729,0.0,0.0,0.0,0.0,0.9999999979441374
2014-07-31,0.00021042014776639917,101217.62904924137,50741.1989939599,0.5013079190906043,0.0,0.0,50476.429844861326,0.49869207883050737,0.0,0.0,0.0,0.0,0.9999999979211117
2014-08-01,0.00021042014776639917,100940.95547727682,50497.407603965745,0.5002667882942063,0.0,0.0,50443.54766289093,0.4997332096212073,0.0,0.0,0.0,0.0,0.9999999979154136
2014-08-04,0.00021042014776639917,101264.74123825604,50718.45250829778,0.5008500677345061,0.0,0.0,50546.28851953813,0.4991499301875728,0.0,0.0,0.0,0.0,0.9999999979220789
2014-08-05,0.00021042014776639917,100373.42855494929,50331.35573761933,0.5014410333713518,0.0,0.0,50042.07260690983,0.4985589645322753,0.0,0.0,0.0,0.0,0.999999997903627
2014-08-06,0.00021042014776639917,100674.43967488968,50485.89576974763,0.5014767992032825,0.0,0.0,50188.54369472191,0.4985231987066126,0.0,0.0,0.0,0.0,0.9999999979098951
2014-08-07,0.00021042014776639917,99693.27395685567,49928.83553583759,0.5008245145750287,0.0,0.0,49764.43821059793,0.49917548331429584,0.0,0.0,0.0,0.0,0.9999999978893246
2014-08-08,0.00021042014776639917,100872.26964661418,50512.54587794984,0.5007575030770145,0.0,0.0,50359.72355824421,0.49924249483697974,0.0,0.0,0.0,0.0,0.9999999979139942
2014-08-11,0.00021042014776639917,101252.44295291379,50647.60199775142,0.5002111605475482,0.0,0.0,50604.840744742214,0.49978883737427826,0.0,0.0,0.0,0.0,0.9999999979218265
2014-08-12,0.00021042014776639917,101231.00471658507,50628.721199935586,0.5001305809586704,0.0,0.0,50602.28330622934,0.4998694169627161,0.0,0.0,0.0,0.0,0.9999999979213864
2014-08-13,0.00021042014776639917,101904.26130897173,50990.20557159492,0.5003736341995906,0.0,0.0,50914.05552695668,0.49962636373552877,0.0,0.0,0.0,0.0,0.9999999979351193
2014-08-14,0.00021042014776639917,102576.18380062915,51298.00520445197,0.5000966433315228,0.0,0.0,51278.17838575704,0.4999033546171224,0.0,0.0,0.0,0.0,0.9999999979486452
2014-08-15,0.00021042014776639917,102689.44493015725,51394.62177126776,0.500485924392941,0.0,0.0,51294.82294846934,0.4995140735579667,0.0,0.0,0.0,0.0,0.9999999979509078
2014-08-18,0.00021042014776639917,103462.02095712879,51867.73293879498,0.5013214748655185,0.0,0.0,51594.287807913664,0.49867852310069044,0.0,0.0,0.0,0.0,0.9999999979662089
2014-08-19,0.00021042014776639917,104338.05198806014,52354.76025053367,0.5017801200325731,0.0,0.0,51983.291527106325,0.4982198779507116,0.0,0.0,0.0,0.0,0.9999999979832848
2014-08-20,0.00021042014776639917,104918.00984049839,52727.64884204374,0.5025605129396082,0.0,0.0,52190.36078803451,0.4974394850548243,0.0,0.0,0.0,0.0,0.9999999979944326
2014-08-21,0.00021042014776639917,105944.06672068636,53186.08599424421,0.50202043059632,0.0,0.0,52757.980516022006,0.4979795674175364,0.0,0.0,0.0,0.0,0.9999999980138563
2014-08-22,0.00021042014776639917,105905.7675382219,53253.100885613574,0.5028347570059796,0.0,0.0,52652.66644218819,0.4971652410071584,0.0,0.0,0.0,0.0,0.999999998013138
2014-08-25,0.00021042014776639917,106664.65038059175,53638.36518813804,0.5028691792149526,0.0,0.0,53026.28498203356,0.49713081881232135,0.0,0.0,0.0,0.0,0.9999999980272739
2014-08-26,0.00021042014776639917,106600.5382814885,53668.73825714138,0.5034565408612117,0.0,0.0,52931.79981392698,0.49654345716487575,0.0,0.0,0.0,0.0,0.9999999980260874
2014-08-27,0.00021042014776639917,106487.64960697293,53545.67894448951,0.5028346399053518,0.0,0.0,52941.97045206329,0.49716535811864315,0.0,0.0,0.0,0.0,0.9999999980239949
2014-08-28,0.00021042014776639917,106281.93994521872,53392.2287325475,0.502364077660491,0.0,0.0,52889.71100225108,0.4976359203596793,0.0,0.0,0.0,0.0,0.9999999980201703
2014-08-29,0.00021042014776639917,106309.18388990089,53387.28893889971,0.5021888700997861,0.0,0.0,52921.89474058105,0.49781112792089166,0.0,0.0,0.0,0.0,0.9999999980206776
2014-09-02,0.00021042014776639917,107038.35846778225,53843.648916619044,0.5030313402351512,0.0,0.0,53194.709340743066,0.4969686577990102,0.0,0.0,0.0,0.0,0.9999999980341614
2014-09-03,0.00021042014776639917,107818.25610016927,54081.75038381459,0.5016010492097885,0.0,0.0,53736.50550593454,0.49839894883859265,0.0,0.0,0.0,0.0,0.9999999980483811
2014-09-04,0.00021042014776639917,107275.74830620876,53768.22184800562,0.5012150714113797,0.0,0.0,53507.526247783,0.4987849266271318,0.0,0.0,0.0,0.0,0.9999999980385116
2014-09-05,0.00021042014776639917,108548.35394746036,54367.302442126405,0.5008579169099266,0.0,0.0,54181.05129491382,0.4991420811515812,0.0,0.0,0.0,0.0,0.9999999980615077
2014-09-08,0.00021042014776639917,107981.44704371164,54133.35420268086,0.5013208813618445,0.0,0.0,53848.092630610634,0.49867911668948606,0.0,0.0,0.0,0.0,0.9999999980513306
2014-09-09,0.00021042014776639917,108357.66211719302,54320.26050285654,0.5013052094470908,0.0,0.0,54037.40140391633,0.4986947886110055,0.0,0.0,0.0,0.0,0.9999999980580964
2014-09-10,0.00021042014776639917,108669.576231591,54636.81693992646,0.502779331940039,0.0,0.0,54032.7590812444,0.49722066612363125,0.0,0.0,0.0,0.0,0.9999999980636701
2014-09-11,0.00021042014776639917,109296.58773355026,54834.46342956698,0.5017033428641496,0.0,0.0,54462.124093563136,0.4982966552106288,0.0,0.0,0.0,0.0,0.9999999980747785
2014-09-12,0.00021042014776639917,108903.94411075216,54758.05995158089,0.5028106226886836,0.0,0.0,54145.88394875112,0.49718937537915364,0.0,0.0,0.0,0.0,0.9999999980678372
2014-09-15,0.00021042014776639917,109072.14811518561,54726.3697623399,0.5017446773354655,0.0,0.0,54345.77814242557,0.4982553207353515,0.0,0.0,0.0,0.0,0.999999998070817
2014-09-16,0.00021042014776639917,109698.18045352488,55076.98994838285,0.5020775159686168,0.0,0.0,54621.19029472189,0.49792248211320966,0.0,0.0,0.0,0.0,0.9999999980818265
2014-09-17,0.00021042014776639917,109701.31378398376,55074.00489922508,0.5020359647439866,0.0,0.0,54627.30867433854,0.49796403333789474,0.0,0.0,0.0,0.0,0.9999999980818813
2014-09-18,0.00021042014776639917,111648.95390344126,56165.5119638845,0.5030545293998796,0.0,0.0,55483.441729136626,0.49694546871546197,0.0,0.0,0.0,0.0,0.9999999981153416
2014-09-19,0.00021042014776639917,111984.8130791241,56312.50634356207,0.5028584215591256,0.0,0.0,55672.30652514189,0.49714157656186836,0.0,0.0,0.0,0.0,0.9999999981209939
2014-09-22,0.00021042014776639917,111413.32051510902,55975.42800963026,0.502412348459171,0.0,0.0,55437.89229505862,0.4975876496521846,0.0,0.0,0.0,0.0,0.9999999981113556
2014-09-23,0.00021042014776639917,110630.7439031107,55580.50017683193,0.5023965148919975,0.0,0.0,55050.24351585864,0.49760348320599823,0.0,0.0,0.0,0.0,0.9999999980979958
2014-09-24,0.00021042014776639917,111391.79759667101,56036.97064243724,0.5030619116619044,0.0,0.0,55354.826743813624,0.4969380864490863,0.0,0.0,0.0,0.0,0.9999999981109907
2014-09-25,0.00021042014776639917,110613.53417461892,55480.970879697,0.5015748867775306,0.0,0.0,55132.56308450177,0.49842511132016915,0.0,0.0,0.0,0.0,0.9999999980976999
2014-09-26,0.00021042014776639917,110758.84012893937,55690.43416720617,0.502808029610769,0.0,0.0,55068.40575131306,0.4971919684894266,0.0,0.0,0.0,0.0,0.9999999981001955
2014-09-29,0.00021042014776639917,111506.03305586116,56016.78673288142,0.502365524068269,0.0,0.0,55489.2461125596,0.49763447404465694,0.0,0.0,0.0,0.0,0.999999998112926
2014-09-30,0.00021042014776639917,111274.53045610577,55884.138520541,0.5022185965779967,0.0,0.0,55390.391725144626,0.49778140153100314,0.0,0.0,0.0,0.0,0.999999998109
2014-10-01,0.00021042014776639917,110332.40657703494,55232.65950416376,0.5006023272555004,0.0,0.0,55099.74686245103,0.49939767083735237,0.0,0.0,0.0,0.0,0.9999999980928528
2014-10-02,0.00021042014776639917,109771.03982948241,54919.63711663322,0.5003108033042687,0.0,0.0,54851.402502429046,0.49968919477883095,0.0,0.0,0.0,0.0,0.9999999980830997
2014-10-03,0.00021042014776639917,110435.90822236243,55236.613649647654,0.5001689626025339,0.0,0.0,55199.294362294626,0.4998310354921063,0.0,0.0,0.0,0.0,0.9999999980946402
2014-10-06,0.00021042014776639917,111595.03387130183,55774.675398254585,0.4997953176176041,0.0,0.0,55820.3582626271,0.5002046804968269,0.0,0.0,0.0,0.0,0.999999998114431
2014-10-07,0.00021042014776639917,109228.89852616396,54497.834908106764,0.4989323855083343,0.0,0.0,54731.063407637055,0.5010676125652511,0.0,0.0,0.0,0.0,0.9999999980735854
2014-10-08,0.00021042014776639917,110336.25773277559,55090.42234644133,0.4992957299663483,0.0,0.0,55245.83517591412,0.5007042681265711,0.0,0.0,0.0,0.0,0.9999999980929194
2014-10-09,0.00021042014776639917,108509.24496663494,54136.169035963605,0.4989083561737962,0.0,0.0,54373.075720251196,0.5010916418870129,0.0,0.0,0.0,0.0,0.9999999980608091
2014-10-10,0.00021042014776639917,107207.08761174852,53229.70367302287,0.49651291587916974,0.0,0.0,53977.383728305496,0.5034870821580855,0.0,0.0,0.0,0.0,0.9999999980372554
2014-10-13,0.00021042014776639917,105253.85589117635,52085.30744702569,0.4948541505299105,0.0,0.0,53168.54823373052,0.5051458474709215,0.0,0.0,0.0,0.0,0.999999998000832
2014-10-14,0.00021042014776639917,105302.15795843807,52025.26410595345,0.4940569606036698,0.0,0.0,53276.89364206448,0.5059430373980793,0.0,0.0,0.0,0.0,0.999999998001749
2014-10-15,0.00021042014776639917,104849.69619229775,51880.506263761294,0.4948083604230074,0.0,0.0,52969.189718116315,0.5051916375701184,0.0,0.0,0.0,0.0,0.9999999979931259
2014-10-16,0.00021042014776639917,103414.24526831578,51217.4396023773,0.49526483966971796,0.0,0.0,52196.80545551834,0.5047351582955514,0.0,0.0,0.0,0.0,0.9999999979652693
2014-10-17,0.00021042014776639917,104951.98919004161,51988.22128898104,0.49535241485364767,0.0,0.0,52963.76769064042,0.5046475831414342,0.0,0.0,0.0,0.0,0.9999999979950819
2014-10-20,0.00021042014776639917,106407.93515915071,52615.58263746707,0.4944704787173226,0.0,0.0,53792.352311263494,0.505529519305192,0.0,0.0,0.0,0.0,0.9999999980225146
2014-10-21,0.00021042014776639917,108006.26475185074,53526.85350276803,0.4955902662289857,0.0,0.0,54479.41103866257,0.5044097318227926,0.0,0.0,0.0,0.0,0.9999999980517784
2014-10-22,0.00021042014776639917,107719.04672696994,53298.10165071658,0.4947880924513619,0.0,0.0,54420.94486583323,0.5052119055952219,0.0,0.0,0.0,0.0,0.9999999980465837
2014-10-23,0.00021042014776639917,108974.23974754845,54114.34848658576,0.49657927058677326,0.0,0.0,54859.891050542545,0.5034207274823104,0.0,0.0,0.0,0.0,0.9999999980690837
2014-10-24,0.00021042014776639917,110844.42359410852,55015.288810388476,0.49632888174730505,0.0,0.0,55829.1345732999,0.5036711163543574,0.0,0.0,0.0,0.0,0.9999999981016624
2014-10-27,0.00021042014776639917,111084.92481554527,55147.40691422573,0.496443662412313,0.0,0.0,55937.5176908994,0.5035563356934594,0.0,0.0,0.0,0.0,0.9999999981057723
2014-10-28,0.00021042014776639917,111623.97715237066,55509.74300773055,0.49729228812513815,0.0,0.0,56114.23393421997,0.5027077099897818,0.0,0.0,0.0,0.0,0.9999999981149199
2014-10-29,0.00021042014776639917,111669.75295563287,55546.2772504093,0.4974156007354848,0.0,0.0,56123.47549480342,0.5025843973802078,0.0,0.0,0.0,0.0,0.9999999981156926
2014-10-30,0.00021042014776639917,113647.2851813692,56557.71497708696,0.4976600618908472,0.0,0.0,57089.5699938621,0.5023399362576335,0.0,0.0,0.0,0.0,0.9999999981484807
2014-10-31,0.00021042014776639917,114930.90313367613,57281.91347836572,0.498403057111116,0.0,0.0,57648.98944489026,0.5015969410580436,0.0,0.0,0.0,0.0,0.9999999981691596
2014-11-03,0.00021042014776639917,118737.652779175,59097.76824588462,0.49771716774453184,0.0,0.0,59639.88432287023,0.5022828304833248,0.0,0.0,0.0,0.0,0.9999999982278567
2014-11-04,0.00021042014776639917,119537.89789176792,59364.57594750684,0.4966171983487342,0.0,0.0,60173.32173384094,0.5033827998909861,0.0,0.0,0.0,0.0,0.9999999982397203
2014-11-05,0.00021042014776639917,119802.31805427745,59412.98577716879,0.4959251769256354,0.0,0.0,60389.33206668851,0.50407482131797,0.0,0.0,0.0,0.0,0.9999999982436054
2014-11-06,0.00021042014776639917,121404.7916948818,60313.1278721988,0.49679363582106034,0.0,0.0,61091.66361226287,0.5032063624457286,0.0,0.0,0.0,0.0,0.9999999982667889
2014-11-07,0.00021042014776639917,121918.33797548235,60518.09222241019,0.4963821950606012,0.0,0.0,61400.245542652025,0.5036178032134883,0.0,0.0,0.0,0.0,0.9999999982740895
2014-11-10,0.00021042014776639917,121838.6502565213,60504.143477137644,0.4965923649823034,0.0,0.0,61334.50656896352,0.5034076332906573,0.0,0.0,0.0,0.0,0.9999999982729607
2014-11-11,0.00021042014776639917,122110.71306955123,60689.20939174841,0.497001514987316,0.0,0.0,61421.50346738268,0.5029984832894925,0.0,0.0,0.0,0.0,0.9999999982768085
2014-11-12,0.00021042014776639917,123204.5192318368,61280.48672434306,0.4973883028513763,0.0,0.0,61924.032297073594,0.5026116954407306,0.0,0.0,0.0,0.0,0.999999998292107
2014-11-13,0.00021042014776639917,123196.37237786497,61259.950335008354,0.4972544982665017,0.0,0.0,61936.42183243648,0.5027455000254923,0.0,0.0,0.0,0.0,0.999999998291994
2014-11-14,0.00021042014776639917,123278.7753734455,61315.18410770687,0.49737015899100406,0.0,0.0,61963.59105531849,0.5026298393021316,0.0,0.0,0.0,0.0,0.9999999982931357
2014-11-17,0.00021042014776639917,124462.33178889114,61752.444782861254,0.4961536867845582,0.0,0.0,62709.88679560975,0.5038463115248087,0.0,0.0,0.0,0.0,0.9999999983093669
2014-11-18,0.00021042014776639917,124783.87457083838,61910.28495720505,0.4961401076070874,0.0,0.0,62873.5894032132,0.503859890706636,0.0,0.0,0.0,0.0,0.9999999983137233
2014-11-19,0.00021042014776639917,124850.83367457509,61888.4157880631,0.4956988589229277,0.0,0.0,62962.41767609184,0.5043011393917,0.0,0.0,0.0,0.0,0.9999999983146277
2014-11-20,0.00021042014776639917,126415.2823028364,62747.980890245286,0.4963638869225339,0.0,0.0,63667.30120217096,0.503636111412951,0.0,0.0,0.0,0.0,0.9999999983354849
2014-11-21,0.00021042014776639917,126982.46606186347,63108.8286112444,0.496988525805594,0.0,0.0,63873.637240198936,0.5030114725373258,0.0,0.0,0.0,0.0,0.9999999983429197
2014-11-24,0.00021042014776639917,126776.76337751443,63058.145979268105,0.4973951400817377,0.0,0.0,63718.61718782619,0.5026048582584933,0.0,0.0,0.0,0.0,0.999999998340231
2014-11-25,0.00021042014776639917,127506.40216624722,63387.63533214036,0.4971329616021428,0.0,0.0,64118.766623686715,0.5028670367475859,0.0,0.0,0.0,0.0,0.9999999983497289
2014-11-26,0.00021042014776639917,127229.76305304532,63179.52612590166,0.49657819530451,0.0,0.0,64050.23671672351,0.5034218030416306,0.0,0.0,0.0,0.0,0.9999999983461406
2014-11-28,0.00021042014776639917,127640.44716855933,63220.638979684496,0.4953025501093445,0.0,0.0,64419.807978454686,0.5046974482421174,0.0,0.0,0.0,0.0,0.9999999983514619
2014-12-01,0.00021042014776639917,128194.26334480372,63454.230608061924,0.4949849466928896,0.0,0.0,64740.03252632166,0.5050150516656942,0.0,0.0,0.0,0.0,0.9999999983585838
2014-12-02,0.00021042014776639917,128141.62484878539,63481.85544827576,0.49540385899732475,0.0,0.0,64659.769190089486,0.5045961393605848,0.0,0.0,0.0,0.0,0.9999999983579095
2014-12-03,0.00021042014776639917,129519.87536598946,64263.741497932824,0.49616895720707127,0.0,0.0,65256.133657636485,0.5038310411683121,0.0,0.0,0.0,0.0,0.9999999983753833
2014-12-04,0.00021042014776639917,130169.93256743642,64613.07848946758,0.4963748326134673,0.0,0.0,65556.85386754869,0.5036251657700292,0.0,0.0,0.0,0.0,0.9999999983834966
2014-12-05,0.00021042014776639917,130188.59106619467,64658.539049888685,0.49665288271698793,0.0,0.0,65530.05180588585,0.5033471156667404,0.0,0.0,0.0,0.0,0.9999999983837282
2014-12-08,0.00021042014776639917,131485.05257766906,65112.76682277002,0.4952104102046694,0.0,0.0,66372.28554447889,0.5047895881949954,0.0,0.0,0.0,0.0,0.9999999983996649
2014-12-09,0.00021042014776639917,130440.9850740066,64728.194385672956,0.496225893640323,0.0,0.0,65712.7904779135,0.5037741047465326,0.0,0.0,0.0,0.0,0.9999999983868556
2014-12-10,0.00021042014776639917,127167.07272887975,62952.55511458748,0.4950381711530181,0.0,0.0,64214.51740387214,0.5049618271923072,0.0,0.0,0.0,0.0,0.9999999983453253
2014-12-11,0.00021042014776639917,126139.5350237375,62424.03575579279,0.49488081388634864,0.0,0.0,63715.49905752456,0.5051191844454975,0.0,0.0,0.0,0.0,0.9999999983318463
2014-12-12,0.00021042014776639917,125801.34598059277,62214.865426339355,0.49454848786703104,0.0,0.0,63586.48034383328,0.5054515104603308,0.0,0.0,0.0,0.0,0.9999999983273617
2014-12-15,0.00021042014776639917,124289.87545001955,61470.86577237086,0.4945766141433622,0.0,0.0,62819.00946722854,0.5054233841636588,0.0,0.0,0.0,0.0,0.999999998307021
2014-12-16,0.00021042014776639917,122785.10756174146,60523.78157277237,0.4929244496718667,0.0,0.0,62261.32577854895,0.5070755486144064,0.0,0.0,0.0,0.0,0.9999999982862731
2014-12-17,0.00021042014776639917,123689.45387634984,60943.3351880082,0.4927124607481263,0.0,0.0,62746.11847792151,0.5072875375506767,0.0,0.0,0.0,0.0,0.9999999982988029
2014-12-18,0.00021042014776639917,128963.57508635771,63845.52349675364,0.4950663274804598,0.0,0.0,65118.05137918393,0.5049336708879155,0.0,0.0,0.0,0.0,0.9999999983683754
2014-12-19,0.00021042014776639917,129536.83022355326,64197.06808235346,0.49558930824201003,0.0,0.0,65339.76193077966,0.504410690133586,0.0,0.0,0.0,0.0,0.999999998375596
2014-12-22,0.00021042014776639917,130547.07449252423,64498.78863022977,0.494065369759958,0.0,0.0,66048.28565187432,0.5059346286282085,0.0,0.0,0.0,0.0,0.9999999983881666
2014-12-23,0.00021042014776639917,131361.81258631762,64871.83768587277,0.4938409147121474,0.0,0.0,66489.97469002471,0.5061590836860161,0.0,0.0,0.0,0.0,0.9999999983981636
2014-12-24,0.00021042014776639917,131873.7091913095,65039.28272585961,0.4931937011910916,0.0,0.0,66834.42625502974,0.5068062972132897,0.0,0.0,0.0,0.0,0.9999999984043814
2014-12-26,0.00021042014776639917,131808.88095982998,65021.56669906987,0.4933018642263248,0.0,0.0,66787.31405033996,0.5066981341772717,0.0,0.0,0.0,0.0,0.9999999984035967
2014-12-29,0.00021042014776639917,131953.7142863193,65071.36538081953,0.49313780769842264,0.0,0.0,66882.34869507962,0.5068621907069262,0.0,0.0,0.0,0.0,0.9999999984053488
2014-12-30,0.00021042014776639917,131656.48382215344,64935.65413941001,0.49322032804041427,0.0,0.0,66720.8294723233,0.5067796703613345,0.0,0.0,0.0,0.0,0.9999999984017487
2014-12-31,0.00021042014776639917,129059.48675816733,63730.3688911828,0.49380615475870643,0.0,0.0,65329.11765656439,0.5061938436108815,0.0,0.0,0.0,0.0,0.999999998369588
2015-01-02,0.00033939605566501996,129535.3655066772,64614.82754738841,0.49881997317603344,0.0,0.0,64920.53761989275,0.5011800242038632,0.0,0.0,0.0,0.0,0.9999999973798966
2015-01-05,0.00033939605566501996,128552.49603233927,63938.37357947574,0.4973717006894296,0.0,0.0,64614.122113467485,0.5026282966704345,0.0,0.0,0.0,0.0,0.9999999973598642
2015-01-06,0.00033939605566501996,126751.6903274099,62854.53183494691,0.49588712917822675,0.0,0.0,63897.15815306694,0.504112868144128,0.0,0.0,0.0,0.0,0.9999999973223548
2015-01-07,0.00033939605566501996,127471.89310022692,63167.909955845644,0.4955438286789921,0.0,0.0,64303.98280498524,0.5044561686584912,0.0,0.0,0.0,0.0,0.9999999973374832
2015-01-08,0.00033939605566501996,130278.51949231049,64683.8858899239,0.4965046129016056,0.0,0.0,65594.63326299054,0.5034953844932369,0.0,0.0,0.0,0.0,0.9999999973948426
2015-01-09,0.00033939605566501996,129883.2889919835,64396.403092493005,0.4958020665496668,0.0,0.0,65486.885560094444,0.5041979308372484,0.0,0.0,0.0,0.0,0.9999999973869151
2015-01-12,0.00033939605566501996,127363.55521375852,63024.90838104629,0.49484256524772313,0.0,0.0,64338.64649331618,0.5051574320874953,0.0,0.0,0.0,0.0,0.9999999973352185
2015-01-13,0.00033939605566501996,127251.02369434522,62912.543711250866,0.49439715206036944,0.0,0.0,64338.4796436983,0.5056028452724924,0.0,0.0,0.0,0.0,0.9999999973328619
2015-01-14,0.00033939605566501996,126212.55212352674,62384.31992997856,0.4942798388936925,0.0,0.0,63828.23185415213,0.5057201584172244,0.0,0.0,0.0,0.0,0.9999999973109168
2015-01-15,0.00033939605566501996,125104.90604673084,61590.318512191036,0.49230937825240045,0.0,0.0,63514.58719514376,0.5076906190347079,0.0,0.0,0.0,0.0,0.9999999972871084
2015-01-16,0.00033939605566501996,125269.95865958827,61753.95432348263,0.49296698892744406,0.0,0.0,63516.003996709595,0.5070330083632387,0.0,0.0,0.0,0.0,0.9999999972906828
2015-01-20,0.00033939605566501996,127372.08345239535,62880.68059201346,0.4936770985261836,0.0,0.0,64491.40252098585,0.5063228988092133,0.0,0.0,0.0,0.0,0.9999999973353969
2015-01-21,0.00033939605566501996,128620.32754160395,63504.509035385105,0.493736178792141,0.0,0.0,65115.8181668228,0.5062638185691155,0.0,0.0,0.0,0.0,0.9999999973612566
2015-01-22,0.00033939605566501996,129721.01392449053,64092.76286055156,0.4940815749240088,0.0,0.0,65628.25072454293,0.5059184224596376,0.0,0.0,0.0,0.0,0.9999999973836463
2015-01-23,0.00033939605566501996,130208.39398359439,64433.29332569073,0.4948474622443235,0.0,0.0,65775.10031850761,0.5051525351491161,0.0,0.0,0.0,0.0,0.9999999973934396
2015-01-26,0.00033939605566501996,128937.31648724795,63790.91422283373,0.4947436162062728,0.0,0.0,65146.40192501818,0.5052563811614711,0.0,0.0,0.0,0.0,0.9999999973677438
2015-01-27,0.00033939605566501996,128657.47751941516,63343.09264717079,0.49233899084965316,0.0,0.0,65314.384532848315,0.5076610065123653,0.0,0.0,0.0,0.0,0.9999999973620185
2015-01-28,0.00033939605566501996,126517.12036987157,62353.31438264328,0.49284487506792735,0.0,0.0,64163.80564783224,0.507155122249463,0.0,0.0,0.0,0.0,0.9999999973173903
2015-01-29,0.00033939605566501996,127251.51506432822,62857.30602803854,0.4939611602758749,0.0,0.0,64394.20869689363,0.5060388370569973,0.0,0.0,0.0,0.0,0.9999999973328723
2015-01-30,0.00033939605566501996,126323.17268049507,62644.69551355231,0.4959081867900628,0.0,0.0,63678.476827546714,0.5040918105232088,0.0,0.0,0.0,0.0,0.9999999973132716
2015-02-02,0.00033939605566501996,126293.00722582982,62639.21228457612,0.49598321918622396,0.0,0.0,63653.79460185765,0.5040167781264059,0.0,0.0,0.0,0.0,0.9999999973126299
2015-02-03,0.00033939605566501996,128368.75318609845,63795.20426082335,0.49696832505912336,0.0,0.0,64573.54858587904,0.5030316722969618,0.0,0.0,0.0,0.0,0.9999999973560851
2015-02-04,0.00033939605566501996,127830.49386806718,63375.24758163174,0.4957756609079585,0.0,0.0,64455.245947039395,0.5042243364369939,0.0,0.0,0.0,0.0,0.9999999973449524
2015-02-05,0.00033939605566501996,128840.74272681969,63954.393919505,0.4963833067549691,0.0,0.0,64886.348467918644,0.5036166906108016,0.0,0.0,0.0,0.0,0.9999999973657707
2015-02-06,0.00033939605566501996,128118.85539816819,63661.54318772652,0.4968944109739271,0.0,0.0,64457.31187104561,0.503105586377001,0.0,0.0,0.0,0.0,0.9999999973509281
2015-02-09,0.00033939605566501996,129127.08039257761,64232.71838082547,0.497438013664852,0.0,0.0,64894.3616723561,0.5025619837067602,0.0,0.0,0.0,0.0,0.9999999973716122
2015-02-10,0.00033939605566501996,130044.62704934565,64690.69362871658,0.4974499531162451,0.0,0.0,65353.93308123303,0.502550044273912,0.0,0.0,0.0,0.0,0.9999999973901571
2015-02-11,0.00033939605566501996,130979.53044886532,65155.471721104084,0.4974477423901051,0.0,0.0,65824.05838836519,0.5025522550186804,0.0,0.0,0.0,0.0,0.9999999974087855
2015-02-12,0.00033939605566501996,132733.10347972426,66139.91393680214,0.49829252991817063,0.0,0.0,66593.18920352605,0.5017074675248481,0.0,0.0,0.0,0.0,0.9999999974430187
2015-02-13,0.00033939605566501996,131797.3631939719,65851.3857768815,0.49964114744818655,0.0,0.0,65945.97707769432,0.500358849976678,0.0,0.0,0.0,0.0,0.9999999974248646
2015-02-17,0.00033939605566501996,131400.15886902798,65657.6392502194,0.49967701573072765,0.0,0.0,65742.51927941252,0.5003229816863527,0.0,0.0,0.0,0.0,0.9999999974170802
2015-02-18,0.00033939605566501996,132551.50820105348,66188.61189226972,0.4993425785233251,0.0,0.0,66362.89596938771,0.5006574189161906,0.0,0.0,0.0,0.0,0.9999999974395156
2015-02-19,0.00033939605566501996,131812.12466550907,66023.7906721071,0.5008931525810036,0.0,0.0,65788.3336540059,0.4991068448441493,0.0,0.0,0.0,0.0,0.9999999974251529
2015-02-20,0.00033939605566501996,133058.0664455516,66674.45471170472,0.5010929174969517,0.0,0.0,66383.61139445083,0.49890707995231176,0.0,0.0,0.0,0.0,0.9999999974492635
2015-02-23,0.00033939605566501996,133287.6369995553,66775.34015022458,0.500986750559974,0.0,0.0,66512.29650993466,0.49901324689368276,0.0,0.0,0.0,0.0,0.9999999974536569
2015-02-24,0.00033939605566501996,133269.9233729593,66822.4774720253,0.5014070375430537,0.0,0.0,66447.44556153793,0.49859295991026453,0.0,0.0,0.0,0.0,0.9999999974533184
2015-02-25,0.00033939605566501996,133376.45662118075,66919.27416009197,0.501732283608027,0.0,0.0,66457.18212169272,0.49826771384732554,0.0,0.0,0.0,0.0,0.9999999974553525
2015-02-26,0.00033939605566501996,133193.22464167158,66838.70861310921,0.5018176321875586,0.0,0.0,66354.51568916632,0.49818236526429344,0.0,0.0,0.0,0.0,0.9999999974518519
2015-02-27,0.00033939605566501996,133680.05887266202,67047.51696568313,0.5015521202721025,0.0,0.0,66632.54156758281,0.49844787718902905,0.0,0.0,0.0,0.0,0.9999999974611317
2015-03-02,0.00033939605566501996,134926.01147471362,67818.58503089892,0.5026353650393701,0.0,0.0,67107.42610441866,0.4973646324452065,0.0,0.0,0.0,0.0,0.9999999974845765
2015-03-03,0.00033939605566501996,134709.35677144452,67647.3346175832,0.5021725011452431,0.0,0.0,67062.02181446526,0.49782749633528767,0.0,0.0,0.0,0.0,0.9999999974805309
2015-03-04,0.00033939605566501996,133490.28556174017,67048.48246760055,0.5022723727457319,0.0,0.0,66441.80275474355,0.49772762471179044,0.0,0.0,0.0,0.0,0.9999999974575223
2015-03-05,0.00033939605566501996,133953.10049004992,67263.58824425693,0.5021428246019083,0.0,0.0,66689.51190639692,0.4978571728643984,0.0,0.0,0.0,0.0,0.9999999974663067
2015-03-06,0.00033939605566501996,132187.67123755952,66466.2007352607,0.5028169428585496,0.0,0.0,65721.47016290274,0.4971830545739184,0.0,0.0,0.0,0.0,0.999999997432468
2015-03-09,0.00033939605566501996,133635.00226345594,67226.89774149001,0.5030635432545953,0.0,0.0,66408.10418256986,0.49693645420568033,0.0,0.0,0.0,0.0,0.9999999974602757
2015-03-10,0.00033939605566501996,132390.1358023719,66474.32615226731,0.5021093584456945,0.0,0.0,65915.80931070852,0.4978906389907002,0.0,0.0,0.0,0.0,0.9999999974363946
2015-03-11,0.00033939605566501996,131505.55009094276,65936.28550194071,0.5013954578825185,0.0,0.0,65569.26424960599,0.4986045395366318,0.0,0.0,0.0,0.0,0.9999999974191502
2015-03-12,0.00033939605566501996,133465.0905691018,66833.45689212575,0.5007560899044429,0.0,0.0,66631.63333758,0.4992439075525997,0.0,0.0,0.0,0.0,0.9999999974570424
2015-03-13,0.00033939605566501996,132586.68660930792,66330.46791248202,0.5002800025310042,0.0,0.0,66256.21835742983,0.4997199949091908,0.0,0.0,0.0,0.0,0.999999997440195
2015-03-16,0.00033939605566501996,134499.79405770946,67321.4842806048,0.5005322480398695,0.0,0.0,67178.30943770858,0.4994677494367357,0.0,0.0,0.0,0.0,0.9999999974766053
2015-03-17,0.00033939605566501996,133940.02565999763,67040.48374327997,0.5005261378212666,0.0,0.0,66899.5415773216,0.49947385964479274,0.0,0.0,0.0,0.0,0.9999999974660594
2015-03-18,0.00033939605566501996,135474.04402753263,67811.72161288041,0.500551394177758,0.0,0.0,67662.32207525616,0.4994486033169943,0.0,0.0,0.0,0.0,0.9999999974947521
2015-03-19,0.00033939605566501996,133896.6473979405,67121.41852427898,0.5012927495099582,0.0,0.0,66775.22853426546,0.4987072479552804,0.0,0.0,0.0,0.0,0.9999999974652385
2015-03-20,0.00033939605566501996,135856.28901352244,68160.07071420139,0.5017071436966535,0.0,0.0,67696.217959925,0.49829285380514743,0.0,0.0,0.0,0.0,0.9999999975018009
2015-03-23,0.00033939605566501996,135131.3690200996,67734.85192385476,0.5012518737509408,0.0,0.0,67396.51675684878,0.4987481237374583,0.0,0.0,0.0,0.0,0.9999999974883991
2015-03-24,0.00033939605566501996,133952.55033822084,67111.81077643295,0.5010118180428839,0.0,0.0,66840.73922239184,0.49898817942341256,0.0,0.0,0.0,0.0,0.9999999974662963
2015-03-25,0.00033939605566501996,132197.42368322224,66171.77166105005,0.5005526569081558,0.0,0.0,66025.65168277612,0.4994473405245017,0.0,0.0,0.0,0.0,0.9999999974326574
2015-03-26,0.00033939605566501996,131583.64407759803,65917.11281435161,0.5009521759062905,0.0,0.0,65666.53092385035,0.4990478215143915,0.0,0.0,0.0,0.0,0.999999997420682
2015-03-27,0.00033939605566501996,131533.94149222004,65763.41864896104,0.4999729948246918,0.0,0.0,65770.52250386293,0.5000270025950155,0.0,0.0,0.0,0.0,0.9999999974197074
2015-03-30,0.00033939605566501996,133084.9765619756,66556.95092260267,0.500108672233249,0.0,0.0,66528.02529997687,0.4998913252165304,0.0,0.0,0.0,0.0,0.9999999974497793
2015-03-31,0.00033939605566501996,132832.92893914744,66346.56863212826,0.4994738063972263,0.0,0.0,66486.35996762311,0.5005261910477138,0.0,0.0,0.0,0.0,0.9999999974449403
2015-04-01,0.00033939605566501996,132285.3704057891,65955.14981055316,0.4985823421609955,0.0,0.0,66330.22025583986,0.5014176552733688,0.0,0.0,0.0,0.0,0.9999999974343643
2015-04-02,0.00033939605566501996,132044.75989197002,65833.66864558232,0.49857085354574404,0.0,0.0,66211.09090699165,0.5014291438839453,0.0,0.0,0.0,0.0,0.9999999974296893
2015-04-06,0.00033939605566501996,131943.86041550885,65781.65564336728,0.4985579127078142,0.0,0.0,66162.20443274551,0.5014420847199095,0.0,0.0,0.0,0.0,0.9999999974277237
2015-04-07,0.00033939605566501996,132537.9485175633,66268.28729941574,0.49999481688547626,0.0,0.0,66269.6608787515,0.5000051805537775,0.0,0.0,0.0,0.0,0.9999999974392537
2015-04-08,0.00033939605566501996,133717.28928109276,66802.87221315797,0.4995829078820827,0.0,0.0,66914.41672853874,0.500417089579756,0.0,0.0,0.0,0.0,0.9999999974618385
2015-04-09,0.00033939605566501996,133946.28462766393,67028.01326546035,0.5004096489259177,0.0,0.0,66918.27102280752,0.4995903485402602,0.0,0.0,0.0,0.0,0.9999999974661778
2015-04-10,0.00033939605566501996,134800.53296913923,67450.14486976607,0.500370016231374,0.0,0.0,67350.38775997711,0.49962998125086105,0.0,0.0,0.0,0.0,0.999999997482235
2015-04-13,0.00033939605566501996,133909.30895763612,67039.95094266109,0.5006369718767648,0.0,0.0,66869.35767557898,0.4993630255887135,0.0,0.0,0.0,0.0,0.9999999974654782
2015-04-14,0.00033939605566501996,133720.38025234902,66789.37358671527,0.4994704132659091,0.0,0.0,66931.00632623768,0.5005295841959881,0.0,0.0,0.0,0.0,0.9999999974618973
2015-04-15,0.00033939605566501996,133529.29019014232,66869.75369454388,0.5007871576290344,0.0,0.0,66659.53615620238,0.49921283982923065,0.0,0.0,0.0,0.0,0.9999999974582651
2015-04-16,0.00033939605566501996,132948.65493849656,66528.3040943498,0.5004059960224982,0.0,0.0,66420.35050475069,0.4995940014246661,0.0,0.0,0.0,0.0,0.9999999974471644
2015-04-17,0.00033939605566501996,131344.79686070886,65634.98550616554,0.4997151548817837,0.0,0.0,65709.81101514725,0.5002848425342079,0.0,0.0,0.0,0.0,0.9999999974159915
2015-04-20,0.00033939605566501996,132376.6818670211,66233.23165680237,0.5003391135255748,0.0,0.0,66143.44987082267,0.4996608839105593,0.0,0.0,0.0,0.0,0.9999999974361341
2015-04-21,0.00033939605566501996,132826.83074029698,66505.53616544757,0.5006935405654539,0.0,0.0,66321.29423545336,0.49930645687936914,0.0,0.0,0.0,0.0,0.9999999974448229
2015-04-22,0.00033939605566501996,133934.91560333828,67145.01035296924,0.501325662919936,0.0,0.0,66789.90491097297,0.4986743345460267,0.0,0.0,0.0,0.0,0.9999999974659628
2015-04-23,0.00033939605566501996,134870.63409763388,67646.09209352544,0.5015627941999288,0.0,0.0,67224.54166471238,0.49843720328361485,0.0,0.0,0.0,0.0,0.9999999974835436
2015-04-24,0.00033939605566501996,134790.25889221346,67681.77253525956,0.5021265860864771,0.0,0.0,67108.48601755784,0.49787341139556596,0.0,0.0,0.0,0.0,0.999999997482043
2015-04-27,0.00033939605566501996,133342.8201525764,67058.8477834157,0.502905576068394,0.0,0.0,66283.97202976464,0.4970944213863166,0.0,0.0,0.0,0.0,0.9999999974547106
2015-04-28,0.00033939605566501996,133910.3146680327,67243.51777077503,0.5021533848044009,0.0,0.0,66666.79655786158,0.49784661266109625,0.0,0.0,0.0,0.0,0.9999999974654972
2015-04-29,0.00033939605566501996,132677.08039119054,66690.38825653438,0.5026519128993622,0.0,0.0,65986.6917952601,0.49734808454257695,0.0,0.0,0.0,0.0,0.999999997441939
2015-04-30,0.00033939605566501996,131408.90328851162,65883.71183429308,0.5013641403706391,0.0,0.0,65525.19111482246,0.4986358570466129,0.0,0.0,0.0,0.0,0.9999999974172521
2015-05-01,0.00033939605566501996,133383.22685031465,67095.34444356675,0.5030268499866366,0.0,0.0,66287.88206735183,0.4969731474688451,0.0,0.0,0.0,0.0,0.9999999974554816
2015-05-04,0.00033939605566501996,134486.71428153507,67625.71786786943,0.50284311152328,0.0,0.0,66860.99607426958,0.49715688595308,0.0,0.0,0.0,0.0,0.9999999974763599
2015-05-05,0.00033939605566501996,133021.42729208985,66906.10223934587,0.5029723676955649,0.0,0.0,66115.32471334793,0.49702762975299614,0.0,0.0,0.0,0.0,0.9999999974485609
2015-05-06,0.00033939605566501996,132288.04610621912,66431.74186763425,0.5021749419013541,0.0,0.0,65856.30389918882,0.49782505553306217,0.0,0.0,0.0,0.0,0.9999999974344163
2015-05-07,0.00033939605566501996,132414.44857878378,66493.74376760502,0.5021638082647957,0.0,0.0,65920.7044717827,0.4978361891720697,0.0,0.0,0.0,0.0,0.9999999974368653
2015-05-08,0.00033939605566501996,134514.62649040757,67666.23910148987,0.5030400103464976,0.0,0.0,66848.38704952164,0.49695998713038614,0.0,0.0,0.0,0.0,0.9999999974768836
2015-05-11,0.00033939605566501996,134032.37052696012,67498.18039791605,0.5035961098989817,0.0,0.0,66534.18978964802,0.49640388756882364,0.0,0.0,0.0,0.0,0.9999999974678052
2015-05-12,0.00033939605566501996,134087.30702021375,67487.13962890561,0.5033074429538054,0.0,0.0,66600.16705191208,0.49669255451503747,0.0,0.0,0.0,0.0,0.9999999974688427
2015-05-13,0.00033939605566501996,133671.7436732347,67300.0583591099,0.5034725852280888,0.0,0.0,66371.68497472876,0.4965274122328851,0.0,0.0,0.0,0.0,0.9999999974609738
2015-05-14,0.00033939605566501996,134510.53897157655,67728.73925950332,0.5035199455547129,0.0,0.0,66781.79937267718,0.49648005192209405,0.0,0.0,0.0,0.0,0.9999999974768069
2015-05-15,0.00033939605566501996,134821.37239706848,67798.15243127236,0.502873922923711,0.0,0.0,67023.21962640005,0.4971260745589131,0.0,0.0,0.0,0.0,0.9999999974826241
2015-05-18,0.00033939605566501996,135261.41697975653,68063.90998311834,0.5032026981744906,0.0,0.0,67197.50665724212,0.4967972993163233,0.0,0.0,0.0,0.0,0.9999999974908139
2015-05-19,0.00033939605566501996,136018.34856612328,68451.5392278267,0.5032522446377887,0.0,0.0,67566.80899890052,0.49674775286698863,0.0,0.0,0.0,0.0,0.9999999975047773
2015-05-20,0.00033939605566501996,136765.61709498332,68807.47368778732,0.5031050577573216,0.0,0.0,67958.14306779993,0.4968949397610892,0.0,0.0,0.0,0.0,0.9999999975184108
2015-05-21,0.00033939605566501996,137467.48674832744,69242.71045100014,0.5037024542229991,0.0,0.0,68224.77595793123,0.496297543308082,0.0,0.0,0.0,0.0,0.9999999975310812
2015-05-22,0.00033939605566501996,136882.11701908952,68933.46807151254,0.5035973257332008,0.0,0.0,67948.6486081809,0.496402671787322,0.0,0.0,0.0,0.0,0.9999999975205229
2015-05-26,0.00033939605566501996,136083.31081072992,68407.5354062929,0.5026886471143902,0.0,0.0,67675.77506504094,0.49731135039157814,0.0,0.0,0.0,0.0,0.9999999975059685
2015-05-27,0.00033939605566501996,138646.7488066058,69753.73330764277,0.5031039956439236,0.0,0.0,68893.01515956697,0.496896001908157,0.0,0.0,0.0,0.0,0.9999999975520806
2015-05-28,0.00033939605566501996,139403.94330249814,70138.37646070795,0.5031305054872939,0.0,0.0,69265.56650239414,0.49686949207808306,0.0,0.0,0.0,0.0,0.9999999975653768
2015-05-29,0.00033939605566501996,138508.0816961049,69613.3906983828,0.5025944323676275,0.0,0.0,68894.69065832604,0.4974055651820026,0.0,0.0,0.0,0.0,0.9999999975496299
2015-06-01,0.00033939605566501996,139292.2388637197,70006.5773178904,0.502587781551729,0.0,0.0,69285.6612064332,0.49741221601169533,0.0,0.0,0.0,0.0,0.9999999975634244
2015-06-02,0.00033939605566501996,139725.96784058487,70310.11229918433,0.5032000378011482,0.0,0.0,69415.85520200449,0.49679995976983976,0.0,0.0,0.0,0.0,0.9999999975709879
2015-06-03,0.00033939605566501996,138931.01931866654,69982.7653725326,0.5037231117696825,0.0,0.0,68948.25360673787,0.4962768857874067,0.0,0.0,0.0,0.0,0.9999999975570893
2015-06-04,0.00033939605566501996,138126.49061988437,69496.56585048068,0.5031371284291221,0.0,0.0,68629.92443000762,0.49686286911373845,0.0,0.0,0.0,0.0,0.9999999975428604
2015-06-05,0.00033939605566501996,137669.58472510584,69398.53539808054,0.5040948989324932,0.0,0.0,68271.04898762923,0.49590509860221227,0.0,0.0,0.0,0.0,0.9999999975347056
2015-06-08,0.00033939605566501996,138300.7657838253,69647.77207694792,0.5035964311709794,0.0,0.0,68652.99336748134,0.49640356637497746,0.0,0.0,0.0,0.0,0.9999999975459567
2015-06-09,0.00033939605566501996,136999.3517584412,69045.96519102836,0.5039875320926408,0.0,0.0,67953.38622801678,0.4960124654300041,0.0,0.0,0.0,0.0,0.9999999975226448
2015-06-10,0.00033939605566501996,138277.421672996,69861.93097400296,0.5052302113299109,0.0,0.0,68415.49035959697,0.49476978621563156,0.0,0.0,0.0,0.0,0.9999999975455425
2015-06-11,0.00033939605566501996,137263.40795405535,69311.942725903,0.5049557180534452,0.0,0.0,67951.46488875627,0.4950442794739651,0.0,0.0,0.0,0.0,0.9999999975274104
2015-06-12,0.00033939605566501996,137088.86335893354,69156.81085350114,0.5044670234986995,0.0,0.0,67932.05216603634,0.49553297402556284,0.0,0.0,0.0,0.0,0.9999999975242623
2015-06-15,0.00033939605566501996,136037.56154936593,68629.65376694698,0.5044904729642801,0.0,0.0,67407.9074430229,0.49550952454084973,0.0,0.0,0.0,0.0,0.9999999975051298
2015-06-16,0.00033939605566501996,137078.9166409737,69152.51478482329,0.5044722885134999,0.0,0.0,67926.40151675435,0.4955277090105828,0.0,0.0,0.0,0.0,0.9999999975240826
2015-06-17,0.00033939605566501996,137616.8566008989,69431.36911217458,0.5045266315995846,0.0,0.0,68185.48714932826,0.49547336593417635,0.0,0.0,0.0,0.0,0.999999997533761
2015-06-18,0.00033939605566501996,139167.40875803432,70201.8500106096,0.5044417413323201,0.0,0.0,68965.55840802865,0.4955582562289188,0.0,0.0,0.0,0.0,0.9999999975612389
2015-06-19,0.00033939605566501996,138067.31191639474,69677.29069587195,0.5046617459899874,0.0,0.0,68390.02088112674,0.49533825155182004,0.0,0.0,0.0,0.0,0.9999999975418072
2015-06-22,0.00033939605566501996,138228.69232004366,69780.46737303592,0.504818979343824,0.0,0.0,68448.22460761167,0.4951810182008532,0.0,0.0,0.0,0.0,0.9999999975446772
2015-06-23,0.00033939605566501996,138751.69405816027,70019.53294961168,0.5046391211646161,0.0,0.0,68732.16076915253,0.49536087638931603,0.0,0.0,0.0,0.0,0.9999999975539321
2015-06-24,0.00033939605566501996,138406.25446754126,69907.49320750992,0.5050891195376179,0.0,0.0,68498.76092063528,0.49491087801020917,0.0,0.0,0.0,0.0,0.9999999975478271
2015-06-25,0.00033939605566501996,137986.26861533878,69642.86924397945,0.5047086927042089,0.0,0.0,68343.39903196324,0.4952913048361544,0.0,0.0,0.0,0.0,0.9999999975403635
2015-06-26,0.00033939605566501996,137773.04600596675,69435.85699252832,0.5039872384727645,0.0,0.0,68337.18867404237,0.49601275906379233,0.0,0.0,0.0,0.0,0.9999999975365569
2015-06-29,0.00033939605566501996,133985.03071472165,67350.99583929771,0.5026755263630917,0.0,0.0,66634.03453602787,0.4973244711038189,0.0,0.0,0.0,0.0,0.9999999974669106
2015-06-30,0.00033939605566501996,134425.23737224864,67693.46868093598,0.5035770812401849,0.0,0.0,66731.76835191659,0.4964229162350209,0.0,0.0,0.0,0.0,0.9999999974752057
2015-07-01,0.00029673928224838164,135250.3702268453,67285.17205420265,0.4974860471091523,0.0,0.0,67965.19787590337,0.5025139506968479,0.0,0.0,0.0,0.0,0.9999999978060002
2015-07-02,0.00029673928224838164,136439.65130981035,67905.3968188678,0.4976954731779297,0.0,0.0,68534.25419420328,0.5023045246471948,0.0,0.0,0.0,0.0,0.9999999978251243
2015-07-06,0.00029673928224838164,135193.40708982665,67116.59993202113,0.49644876460156667,0.0,0.0,68076.80686106624,0.5035512332035091,0.0,0.0,0.0,0.0,0.9999999978050758
2015-07-07,0.00029673928224838164,136536.5218094957,67695.40128503143,0.49580434881360386,0.0,0.0,68841.12022772498,0.5041956490130635,0.0,0.0,0.0,0.0,0.9999999978266674
2015-07-08,0.00029673928224838164,134639.8461237553,66600.22183310075,0.49465461934563276,0.0,0.0,68039.62399391527,0.5053453784504188,0.0,0.0,0.0,0.0,0.9999999977960515
2015-07-09,0.00029673928224838164,133049.12971713205,65913.81106504434,0.4954095619052889,0.0,0.0,67135.31835534843,0.5045904358644125,0.0,0.0,0.0,0.0,0.9999999977697015
2015-07-10,0.00029673928224838164,135379.09746860745,67066.03420439862,0.4953943072338055,0.0,0.0,68313.06296746955,0.504605690574281,0.0,0.0,0.0,0.0,0.9999999978080865
2015-07-13,0.00029673928224838164,137649.26688323627,68405.85902251143,0.49695767054493695,0.0,0.0,69243.40756398556,0.5030423272992994,0.0,0.0,0.0,0.0,0.9999999978442364
2015-07-14,0.00029673928224838164,139306.99619715952,69305.10551188377,0.49749910201062036,0.0,0.0,70001.89038853646,0.5025008958592692,0.0,0.0,0.0,0.0,0.9999999978698896
2015-07-15,0.00029673928224838164,138932.07079280075,69122.18662551134,0.4975250583329904,0.0,0.0,69809.88387055013,0.5024749395311509,0.0,0.0,0.0,0.0,0.9999999978641413
2015-07-16,0.00029673928224838164,140500.12499788473,69923.66176777765,0.4976768651901938,0.0,0.0,70576.4629333678,0.5023231326977848,0.0,0.0,0.0,0.0,0.9999999978879786
2015-07-17,0.00029673928224838164,141148.0454768187,70564.66439574817,0.4999336983900162,0.0,0.0,70583.38078433124,0.5000662995076572,0.0,0.0,0.0,0.0,0.9999999978976735
2015-07-20,0.00029673928224838164,141324.30047387147,70711.1363613665,0.5003466220902316,0.0,0.0,70613.16381576569,0.49965337581006386,0.0,0.0,0.0,0.0,0.9999999979002955
2015-07-21,0.00029673928224838164,140971.50587491944,70593.30273033422,0.5007629186636477,0.0,0.0,70378.20284784594,0.499237079231393,0.0,0.0,0.0,0.0,0.9999999978950407
2015-07-22,0.00029673928224838164,140290.94895063067,70057.35812335213,0.4993719028018392,0.0,0.0,70233.59053053925,0.5006280950829902,0.0,0.0,0.0,0.0,0.9999999978848295
2015-07-23,0.00029673928224838164,139711.63330405252,69799.1589569215,0.4995944668760585,0.0,0.0,69912.47405039176,0.5004055310000005,0.0,0.0,0.0,0.0,0.9999999978760589
2015-07-24,0.00029673928224838164,138202.51373430283,68651.14718764287,0.4967431151044482,0.0,0.0,69551.36624992067,0.503256882748418,0.0,0.0,0.0,0.0,0.9999999978528663
2015-07-27,0.00029673928224838164,137451.96505283742,68149.33247200772,0.4958047158206191,0.0,0.0,69302.63228409042,0.5041952820205229,0.0,0.0,0.0,0.0,0.999999997841142
2015-07-28,0.00029673928224838164,138499.07687152326,68768.0159941036,0.49652328049735156,0.0,0.0,69731.06058068038,0.5034767173601123,0.0,0.0,0.0,0.0,0.9999999978574639
2015-07-29,0.00029673928224838164,139925.2114134414,69533.08312818293,0.496930341757579,0.0,0.0,70392.12798851919,0.5030696561217218,0.0,0.0,0.0,0.0,0.9999999978793008
2015-07-30,0.00029673928224838164,140596.4010967456,69963.17605595238,0.4976171190029972,0.0,0.0,70633.22474405394,0.5023828788864275,0.0,0.0,0.0,0.0,0.9999999978894248
2015-07-31,0.00029673928224838164,140648.38997376984,69822.31369095916,0.49643165985746895,0.0,0.0,70826.0759860714,0.5035683380327359,0.0,0.0,0.0,0.0,0.9999999978902049
2015-08-03,0.00029673928224838164,140401.69703910252,69525.75505618923,0.4951917001175989,0.0,0.0,70875.94168617402,0.504808297768899,0.0,0.0,0.0,0.0,0.999999997886498
2015-08-04,0.00029673928224838164,140264.9775326925,69493.95675637588,0.4954476732452936,0.0,0.0,70771.02047957735,0.5045523246391443,0.0,0.0,0.0,0.0,0.9999999978844378
2015-08-05,0.00029673928224838164,141630.27836307438,70248.50399473745,0.4959991945694892,0.0,0.0,71381.77407159765,0.5040008033353425,0.0,0.0,0.0,0.0,0.9999999979048316
2015-08-06,0.00029673928224838164,140872.64778252415,69653.39988623919,0.49444232775242825,0.0,0.0,71219.24759954568,0.5055576701411353,0.0,0.0,0.0,0.0,0.9999999978935635
2015-08-07,0.00029673928224838164,140709.0380654118,69504.48630197122,0.49395893296961124,0.0,0.0,71204.55146670129,0.506041064921503,0.0,0.0,0.0,0.0,0.9999999978911143
2015-08-10,0.00029673928224838164,141472.38396628998,70058.77882533675,0.4952116933438426,0.0,0.0,71413.60484421397,0.5047883045586508,0.0,0.0,0.0,0.0,0.9999999979024933
2015-08-11,0.00029673928224838164,141125.92866644342,69685.13664675548,0.49377982703277007,0.0,0.0,71440.79172294866,0.5062201708645739,0.0,0.0,0.0,0.0,0.9999999978973441
2015-08-12,0.00029673928224838164,141945.19112190744,70038.12906678653,0.49341670903549917,0.0,0.0,71907.06175838163,0.5065832888739806,0.0,0.0,0.0,0.0,0.9999999979094799
2015-08-13,0.00029673928224838164,141047.90120938883,69592.4748988291,0.49339603285211225,0.0,0.0,71455.42601382046,0.5066039650440686,0.0,0.0,0.0,0.0,0.9999999978961808
2015-08-14,0.00029673928224838164,141670.49822030409,69814.44414203166,0.4927945127535799,0.0,0.0,71856.05378153313,0.5072054851518465,0.0,0.0,0.0,0.0,0.9999999979054265
2015-08-17,0.00029673928224838164,142326.29893638619,70173.07052529047,0.4930435980538977,0.0,0.0,72153.22811435642,0.5069563998611799,0.0,0.0,0.0,0.0,0.9999999979150777
2015-08-18,0.00029673928224838164,142323.9058637948,70136.55956104807,0.49279535391734797,0.0,0.0,72187.34600600744,0.5072046439976946,0.0,0.0,0.0,0.0,0.9999999979150426
2015-08-19,0.00029673928224838164,141724.2752480245,69829.70652645234,0.4927152134258362,0.0,0.0,71894.56842483289,0.5072847844803852,0.0,0.0,0.0,0.0,0.9999999979062212
2015-08-20,0.00029673928224838164,138707.7350460724,68115.88798928844,0.4910749062888486,0.0,0.0,70591.84676004467,0.5089250915718383,0.0,0.0,0.0,0.0,0.9999999978606868
2015-08-21,0.00029673928224838164,133966.61445765878,65460.81767501292,0.4886353061919194,0.0,0.0,68505.79648590657,0.5113646915930563,0.0,0.0,0.0,0.0,0.999999997784976
2015-08-24,0.00029673928224838164,127133.85031440767,62100.050722612534,0.4884619679891417,0.0,0.0,65033.79929505586,0.5115380296767885,0.0,0.0,0.0,0.0,0.9999999976659302
2015-08-25,0.00029673928224838164,122365.30986665035,59937.18711323253,0.48982172462563195,0.0,0.0,62428.122456678546,0.5101782729493403,0.0,0.0,0.0,0.0,0.9999999975749722
2015-08-26,0.00029673928224838164,126648.66840750037,62513.415858675886,0.49359710326787554,0.0,0.0,64135.25225208521,0.506402894389113,0.0,0.0,0.0,0.0,0.9999999976569885
2015-08-27,0.00029673928224838164,130741.52451711519,64592.07124975826,0.4940440421535898,0.0,0.0,66149.45297061765,0.5059559555767466,0.0,0.0,0.0,0.0,0.9999999977303364
2015-08-28,0.00029673928224838164,131725.67419630187,65121.42965792727,0.49437157984009406,0.0,0.0,66604.24424163532,0.5056284179071994,0.0,0.0,0.0,0.0,0.9999999977472935
2015-08-31,0.00029673928224838164,130662.80380795614,64561.49815087212,0.49410770524840775,0.0,0.0,66101.30536034473,0.5058922924805612,0.0,0.0,0.0,0.0,0.999999997728969
2015-09-01,0.00029673928224838164,127120.88889346544,62694.33726300028,0.4931867438052743,0.0,0.0,64426.55133372588,0.506813253860418,0.0,0.0,0.0,0.0,0.9999999976656923
2015-09-02,0.00029673928224838164,127668.53037334129,63060.52623110779,0.4939394700220939,0.0,0.0,64608.00384549421,0.5060605276536114,0.0,0.0,0.0,0.0,0.9999999976757054
2015-09-03,0.00029673928224838164,128874.42078224386,63651.85315177648,0.49390602701002667,0.0,0.0,65222.56733372811,0.5060939706874275,0.0,0.0,0.0,0.0,0.9999999976974541
2015-09-04,0.00029673928224838164,126527.9112453346,62471.21293162983,0.49373464176216136,0.0,0.0,64056.69801696549,0.506265355892591,0.0,0.0,0.0,0.0,0.9999999976547524
2015-09-08,0.00029673928224838164,128691.5428145467,63650.5881116872,0.49459806541764784,0.0,0.0,65040.95440612023,0.5054019322765342,0.0,0.0,0.0,0.0,0.999999997694182
2015-09-09,0.00029673928224838164,127492.53655635568,62976.90610993503,0.49396543367146256,0.0,0.0,64515.63014968138,0.5060345640010343,0.0,0.0,0.0,0.0,0.9999999976724968
2015-09-10,0.00029673928224838164,128246.54103279706,63482.02168854784,0.49499987428365255,0.0,0.0,64764.519047509944,0.5050001234025284,0.0,0.0,0.0,0.0,0.9999999976861811
2015-09-11,0.00029673928224838164,129417.26589190983,64058.701892900455,0.49497801897934324,0.0,0.0,65358.5637022701,0.5050219787277689,0.0,0.0,0.0,0.0,0.9999999977071121
2015-09-14,0.00029673928224838164,129164.95453975,63891.33208864478,0.4946491276701721,0.0,0.0,65273.622154365956,0.5053508700324612,0.0,0.0,0.0,0.0,0.9999999977026331
2015-09-15,0.00029673928224838164,130160.64203063476,64483.70781333596,0.4954163317522589,0.0,0.0,65676.93392055952,0.5045836659679485,0.0,0.0,0.0,0.0,0.9999999977202073
2015-09-16,0.00029673928224838164,131219.4052482772,64961.145185348854,0.49505745786941624,0.0,0.0,66258.25976618908,0.5049425398691859,0.0,0.0,0.0,0.0,0.9999999977386022
2015-09-17,0.00029673928224838164,131407.38571442192,64936.11777103489,0.49415881320518634,0.0,0.0,66471.26764664776,0.5058411845366508,0.0,0.0,0.0,0.0,0.9999999977418371
2015-09-18,0.00029673928224838164,129273.40044976611,63702.44570519611,0.4927730336137481,0.0,0.0,65570.95444783072,0.5072269640908124,0.0,0.0,0.0,0.0,0.9999999977045604
2015-09-21,0.00029673928224838164,129913.72183041864,63959.01201360834,0.49231914159996504,0.0,0.0,65954.70952007102,0.5076808561159092,0.0,0.0,0.0,0.0,0.9999999977158742
2015-09-22,0.00029673928224838164,129231.02907293176,63691.997946415846,0.492853755041068,0.0,0.0,65539.03082977665,0.5071462426627399,0.0,0.0,0.0,0.0,0.9999999977038078
2015-09-23,0.00029673928224838164,128767.96565533518,63325.55283279068,0.4917803314707173,0.0,0.0,65442.41252580522,0.5082196662248332,0.0,0.0,0.0,0.0,0.9999999976955505
2015-09-24,0.00029673928224838164,128670.6991160917,63211.97511479217,0.4912693841646098,0.0,0.0,65458.723704560245,0.5087306135291987,0.0,0.0,0.0,0.0,0.9999999976938084
2015-09-25,0.00029673928224838164,128788.63030712648,63288.402584951145,0.49141296428128173,0.0,0.0,65500.22742543606,0.5085870334146385,0.0,0.0,0.0,0.0,0.9999999976959202
2015-09-28,0.00029673928224838164,126217.05316825285,61964.36734380093,0.4909349869006981,0.0,0.0,64252.685527712645,0.5090650107482783,0.0,0.0,0.0,0.0,0.9999999976489763
2015-09-29,0.00029673928224838164,125981.99546752745,61880.054484851185,0.4911817300179303,0.0,0.0,64101.940685936985,0.5088182676266595,0.0,0.0,0.0,0.0,0.9999999976445898
2015-09-30,0.00029673928224838164,127889.8979505384,62973.77582957286,0.4924061778040362,0.0,0.0,64916.12182422626,0.5075938198756923,0.0,0.0,0.0,0.0,0.9999999976797286
2015-10-01,0.00029673928224838164,127960.45185553079,62962.853261595585,0.4920493195247666,0.0,0.0,64997.598297195924,0.5079506781562413,0.0,0.0,0.0,0.0,0.9999999976810079
2015-10-02,0.00029673928224838164,129560.66973414944,63770.167862831266,0.49220313536263544,0.0,0.0,65790.5015745789,0.5077968623470146,0.0,0.0,0.0,0.0,0.99999999770965
2015-10-05,0.00029673928224838164,131708.03412933904,64880.260592614126,0.4926067040747176,0.0,0.0,66827.77323998562,0.507393293672274,0.0,0.0,0.0,0.0,0.9999999977469918
2015-10-06,0.00029673928224838164,131478.3267500225,64901.883271085906,0.493631801342306,0.0,0.0,66576.44318219733,0.5063681964007496,0.0,0.0,0.0,0.0,0.9999999977430556
2015-10-07,0.00029673928224838164,132236.69293662516,65305.355716921666,0.4938520033030428,0.0,0.0,66931.33692296423,0.5061479944529562,0.0,0.0,0.0,0.0,0.9999999977559989
2015-10-08,0.00029673928224838164,133023.5576012137,65764.58405542599,0.4943829893091505,0.0,0.0,67258.97324904842,0.5056170084601223,0.0,0.0,0.0,0.0,0.9999999977692727
2015-10-09,0.00029673928224838164,133222.43379874725,65824.37741888053,0.4940937914279382,0.0,0.0,67398.05608312745,0.5059062063446647,0.0,0.0,0.0,0.0,0.9999999977726027
2015-10-12,0.00029673928224838164,133640.80471202603,65888.504225334,0.4930268443632385,0.0,0.0,67752.30018995276,0.5069731534163374,0.0,0.0,0.0,0.0,0.9999999977795758
2015-10-13,0.00029673928224838164,132678.64598865417,65316.567396923296,0.49229148300555275,0.0,0.0,67362.0782949916,0.507708514757921,0.0,0.0,0.0,0.0,0.9999999977634737
2015-10-14,0.00029673928224838164,131502.94236853547,64762.79555855916,0.4924817224017861,0.0,0.0,66740.14651323702,0.5075182753416919,0.0,0.0,0.0,0.0,0.999999997743478
2015-10-15,0.00029673928224838164,132221.7685291882,65262.49068015928,0.49358355591615355,0.0,0.0,66959.27755228964,0.506416441839592,0.0,0.0,0.0,0.0,0.9999999977557457
2015-10-16,0.00029673928224838164,133376.52302354545,65755.83882585815,0.49300909436850465,0.0,0.0,67620.68390094802,0.5069909034066714,0.0,0.0,0.0,0.0,0.9999999977751761
2015-10-19,0.00029673928224838164,133852.7190019769,65960.25020196564,0.49278229604728063,0.0,0.0,67892.46850327196,0.5072177017358104,0.0,0.0,0.0,0.0,0.9999999977830911
2015-10-20,0.00029673928224838164,134020.58846565266,66109.90130553793,0.4932816820341066,0.0,0.0,67910.68686337546,0.5067183157517614,0.0,0.0,0.0,0.0,0.999999997785868
2015-10-21,0.00029673928224838164,133929.27689558192,66106.96927559463,0.49359610391337355,0.0,0.0,67822.30732324801,0.5064038938709848,0.0,0.0,0.0,0.0,0.9999999977843584
2015-10-22,0.00029673928224838164,136461.32675808246,67620.27111108387,0.495526994479253,0.0,0.0,68841.05535025931,0.5044730033462167,0.0,0.0,0.0,0.0,0.9999999978254698
2015-10-23,0.00029673928224838164,138294.33349463734,68835.40499713809,0.49774566504423934,0.0,0.0,69458.92820075997,0.5022543328100525,0.0,0.0,0.0,0.0,0.9999999978542918
2015-10-26,0.00029673928224838164,138763.17598675314,69020.49404752259,0.49739776822426973,0.0,0.0,69742.68164249125,0.5026022296372717,0.0,0.0,0.0,0.0,0.9999999978615416
2015-10-27,0.00029673928224838164,138119.77069646626,68675.87229476964,0.4972197097379534,0.0,0.0,69443.89810495735,0.5027802881136266,0.0,0.0,0.0,0.0,0.99999999785158
2015-10-28,0.00029673928224838164,138656.91952846857,69088.49557062042,0.49826936733896937,0.0,0.0,69568.42366110887,0.5017306305209335,0.0,0.0,0.0,0.0,0.9999999978599028
2015-10-29,0.00029673928224838164,139045.1977784105,69255.61184037538,0.49807985422657053,0.0,0.0,69789.58564129584,0.5019201436393084,0.0,0.0,0.0,0.0,0.999999997865879
2015-10-30,0.00029673928224838164,138529.54336350883,69072.91653753915,0.4986150597225905,0.0,0.0,69456.6265292304,0.5013849381353446,0.0,0.0,0.0,0.0,0.999999997857935
2015-11-02,0.00029673928224838164,139248.02168150892,69454.89792797636,0.4987855273580482,0.0,0.0,69793.12345679328,0.5012144705109393,0.0,0.0,0.0,0.0,0.9999999978689875
2015-11-03,0.00029673928224838164,139856.4598669108,69959.72175393431,0.5002251724411506,0.0,0.0,69896.7378162372,0.4997748254371077,0.0,0.0,0.0,0.0,0.9999999978782583
2015-11-04,0.00029673928224838164,139835.75262942255,69927.01259553057,0.5000653358003765,0.0,0.0,69908.7397371527,0.49993466207756765,0.0,0.0,0.0,0.0,0.9999999978779441
2015-11-05,0.00029673928224838164,139869.3645454518,69848.91510796196,0.4993868052161196,0.0,0.0,70020.44914075056,0.5006131926623345,0.0,0.0,0.0,0.0,0.9999999978784541
2015-11-06,0.00029673928224838164,139531.77716836275,69973.53641208274,0.5014881758988192,0.0,0.0,69558.24045954074,0.49851182197450206,0.0,0.0,0.0,0.0,0.9999999978733212
2015-11-09,0.00029673928224838164,139999.14917047194,70071.80342305706,0.5005159234055997,0.0,0.0,69927.3454506756,0.4994840744748211,0.0,0.0,0.0,0.0,0.9999999978804208
2015-11-10,0.00029673928224838164,140345.86161695098,70151.57966279432,0.4998478676504232,0.0,0.0,70194.28165741738,0.5001521302352339,0.0,0.0,0.0,0.0,0.9999999978856571
2015-11-11,0.00029673928224838164,140165.84353132904,69984.41170110567,0.499297189229009,0.0,0.0,70181.4315334841,0.5007028086539326,0.0,0.0,0.0,0.0,0.9999999978829416
2015-11-12,0.00029673928224838164,137999.68179440795,68827.5855520786,0.4987517699831946,0.0,0.0,69172.09594559006,0.5012482278665157,0.0,0.0,0.0,0.0,0.9999999978497104
2015-11-13,0.00029673928224838164,136326.97630512252,67886.25642035899,0.49796642058882185,0.0,0.0,68440.71958802425,0.5020335772345049,0.0,0.0,0.0,0.0,0.9999999978233268
2015-11-16,0.00029673928224838164,138144.96171451686,68809.31416197006,0.49809499606773777,0.0,0.0,69335.6472558075,0.5019050017842339,0.0,0.0,0.0,0.0,0.9999999978519718
2015-11-17,0.00029673928224838164,139100.38332427942,69337.97263152532,0.49847434618408165,0.0,0.0,69762.41039601482,0.501525651682644,0.0,0.0,0.0,0.0,0.9999999978667257
2015-11-18,0.00029673928224838164,141196.613173939,70522.28926683938,0.49946162079655215,0.0,0.0,70674.32361036033,0.5005383771018443,0.0,0.0,0.0,0.0,0.9999999978983967
2015-11-19,0.00029673928224838164,141326.49887844367,70589.47202170236,0.49947796472632544,0.0,0.0,70737.02656000205,0.5005220331740028,0.0,0.0,0.0,0.0,0.9999999979003281
2015-11-20,0.00029673928224838164,141151.98522706714,70581.01073050768,0.5000355511611547,0.0,0.0,70570.97419982018,0.4999644467365775,0.0,0.0,0.0,0.0,0.9999999978977322
2015-11-23,0.00029673928224838164,141239.39659615842,70662.1098251564,0.500300281140385,0.0,0.0,70577.28647426274,0.4996997167586482,0.0,0.0,0.0,0.0,0.9999999978990333
2015-11-24,0.00029673928224838164,141289.7771289844,70700.26399720465,0.5003919280915978,0.0,0.0,70589.51283504047,0.4996080698081845,0.0,0.0,0.0,0.0,0.9999999978997823
2015-11-25,0.00029673928224838164,140888.39717745362,70517.63291869222,0.5005212234040318,0.0,0.0,70370.7639620221,0.49947877448976713,0.0,0.0,0.0,0.0,0.999999997893799
2015-11-27,0.00029673928224838164,141256.2987629709,70677.16924623966,0.5003470278152797,0.0,0.0,70579.12921999194,0.4996529700840048,0.0,0.0,0.0,0.0,0.9999999978992846
2015-11-30,0.00029673928224838164,140783.0148771029,70427.16095960083,0.5002532515806719,0.0,0.0,70355.85362076278,0.49974674631155047,0.0,0.0,0.0,0.0,0.9999999978922225
2015-12-01,0.00029673928224838164,142448.22948061596,71116.23247699457,0.49924265634113696,0.0,0.0,71331.99670688211,0.5007573415757253,0.0,0.0,0.0,0.0,0.9999999979168623
2015-12-02,0.00029673928224838164,140879.06384615164,70390.45334933308,0.4996516262075937,0.0,0.0,70488.61020007929,0.5003483716860659,0.0,0.0,0.0,0.0,0.9999999978936595
2015-12-03,0.00029673928224838164,139248.00010050662,69508.22793185074,0.49916859044065975,0.0,0.0,69739.7718719166,0.5008314074283274,0.0,0.0,0.0,0.0,0.9999999978689872
2015-12-04,0.00029673928224838164,141538.95745294867,70730.77713216675,0.49972656578087027,0.0,0.0,70808.18002404262,0.5002734321226094,0.0,0.0,0.0,0.0,0.9999999979034798
2015-12-07,0.00029673928224838164,141676.65411027166,70676.41138806277,0.4988571464502046,0.0,0.0,71000.24242546962,0.501142851455313,0.0,0.0,0.0,0.0,0.9999999979055174
2015-12-08,0.00029673928224838164,141221.20110491855,70320.86913231711,0.49794838580981254,0.0,0.0,70900.33167586218,0.5020516120889501,0.0,0.0,0.0,0.0,0.9999999978987625
2015-12-09,0.00029673928224838164,139564.050352527,69480.68976348861,0.4978408808571137,0.0,0.0,70083.36029229911,0.5021591170166992,0.0,0.0,0.0,0.0,0.9999999978738129
2015-12-10,0.00029673928224838164,138366.0408606565,69007.08804709089,0.4987285002725883,0.0,0.0,69358.95251682634,0.5012714975828155,0.0,0.0,0.0,0.0,0.9999999978554038
2015-12-11,0.00029673928224838164,136169.74442429485,67637.57946008847,0.4967151825543182,0.0,0.0,68532.16466746709,0.5032848152664952,0.0,0.0,0.0,0.0,0.9999999978208134
2015-12-14,0.00029673928224838164,136187.12751081306,67635.39348391349,0.49663572997046534,0.0,0.0,68551.73373016031,0.5033642678506264,0.0,0.0,0.0,0.0,0.9999999978210916
2015-12-15,0.00029673928224838164,137609.77176071878,68366.53288622081,0.49681452131974463,0.0,0.0,69243.2385777587,0.5031854765238731,0.0,0.0,0.0,0.0,0.9999999978436177
2015-12-16,0.00029673928224838164,140140.50392079493,69564.00015178914,0.4963875411144914,0.0,0.0,70576.50347226653,0.5036124567680675,0.0,0.0,0.0,0.0,0.9999999978825588
2015-12-17,0.00029673928224838164,139348.4415460098,69035.2671712361,0.4954147057930474,0.0,0.0,70313.17407803443,0.5045852920774758,0.0,0.0,0.0,0.0,0.9999999978705232
2015-12-18,0.00029673928224838164,137051.437243833,67750.84294339674,0.4943460959322801,0.0,0.0,69300.59400369698,0.5056539019025527,0.0,0.0,0.0,0.0,0.9999999978348327
2015-12-21,0.00029673928224838164,136819.3702508486,67704.94626497399,0.4948491294824832,0.0,0.0,69114.42368913532,0.5051508683486771,0.0,0.0,0.0,0.0,0.9999999978311603
2015-12-22,0.00029673928224838164,137812.78754501074,68221.32822945435,0.4950290132341509,0.0,0.0,69591.45901881713,0.5049709846126436,0.0,0.0,0.0,0.0,0.9999999978467943
2015-12-23,0.00029673928224838164,139063.90418464073,68911.21470078266,0.4955363155149626,0.0,0.0,70152.68918711881,0.5044636823512035,0.0,0.0,0.0,0.0,0.999999997866166
2015-12-24,0.00029673928224838164,138819.27469998246,68783.2420373297,0.4954876920801143,0.0,0.0,70036.03236591347,0.5045123057822916,0.0,0.0,0.0,0.0,0.9999999978624058
2015-12-28,0.00029673928224838164,137876.36721327336,68214.9574857315,0.49475453164655503,0.0,0.0,69661.40943080258,0.5052454662012321,0.0,0.0,0.0,0.0,0.9999999978477873
2015-12-29,0.00029673928224838164,139317.4193717016,69007.1935429165,0.4953235126958816,0.0,0.0,70310.22553204584,0.5046764851741675,0.0,0.0,0.0,0.0,0.999999997870049
2015-12-30,0.00029673928224838164,138763.12177396123,68646.9825758555,0.494706242539558,0.0,0.0,70116.13890136647,0.5052937553219828,0.0,0.0,0.0,0.0,0.9999999978615408
2015-12-31,0.00029673928224838164,137217.306319066,67876.65346584732,0.49466539816789884,0.0,0.0,69340.6525564794,0.5053345996695512,0.0,0.0,0.0,0.0,0.9999999978374501
2016-01-04,0.00042565566843677516,135196.69925926582,67652.70089179566,0.5004020161916714,0.0,0.0,67543.99794181452,0.49959798065991123,0.0,0.0,0.0,0.0,0.9999999968515825
2016-01-05,0.00042565566843677516,134882.54797045677,67357.64391951563,0.4993799786038215,0.0,0.0,67524.90362528549,0.5006200182404281,0.0,0.0,0.0,0.0,0.9999999968442496
2016-01-06,0.00042565566843677516,133249.38911920376,66351.7672462692,0.4979517556130143,0.0,0.0,66897.62144727889,0.502048241192557,0.0,0.0,0.0,0.0,0.9999999968055714
2016-01-07,0.00042565566843677516,130046.18603601622,64505.15752268272,0.49601729576919734,0.0,0.0,65541.02808767784,0.5039827009576912,0.0,0.0,0.0,0.0,0.9999999967268884
2016-01-08,0.00042565566843677516,127490.72562685584,63196.023609380565,0.49569114379617557,0.0,0.0,64294.7015918196,0.5043088528651056,0.0,0.0,0.0,0.0,0.9999999966612813
2016-01-11,0.00042565566843677516,127180.35875430521,63041.823441706074,0.49568835989442456,0.0,0.0,64138.534886943475,0.504311636758709,0.0,0.0,0.0,0.0,0.9999999966531335
2016-01-12,0.00042565566843677516,128780.1200277572,63993.465341211406,0.4969203734817011,0.0,0.0,64786.654260890136,0.5030796232130087,0.0,0.0,0.0,0.0,0.9999999966947097
2016-01-13,0.00042565566843677516,126504.42905008701,62643.75598000211,0.49519021942859814,0.0,0.0,63860.67264442923,0.5048097772066527,0.0,0.0,0.0,0.0,0.9999999966352509
2016-01-14,0.00042565566843677516,127658.14754544689,63362.5359430009,0.4963454128178034,0.0,0.0,64295.61117679033,0.5036545838478566,0.0,0.0,0.0,0.0,0.99999999666566
2016-01-15,0.00042565566843677516,126414.71756952729,62528.62742131059,0.4946309150033915,0.0,0.0,63886.08972256103,0.5053690816294716,0.0,0.0,0.0,0.0,0.999999996632863
2016-01-19,0.00042565566843677516,126042.26566075368,62167.999005909885,0.4932313671132889,0.0,0.0,63874.26622918812,0.5067686295096243,0.0,0.0,0.0,0.0,0.9999999966229132
2016-01-20,0.00042565566843677516,124476.85114295293,61494.931617081565,0.49402705043091866,0.0,0.0,62981.9191002157,0.5059729461495245,0.0,0.0,0.0,0.0,0.9999999965804431
2016-01-21,0.00042565566843677516,124480.77236403139,61538.656345412746,0.4943627451591414,0.0,0.0,62942.11559296297,0.5056372514214094,0.0,0.0,0.0,0.0,0.9999999965805508
2016-01-22,0.00042565566843677516,127867.10046672187,63298.26302257236,0.49503166014972,0.0,0.0,64568.83701849383,0.5049683365213887,0.0,0.0,0.0,0.0,0.9999999966711087
2016-01-25,0.00042565566843677516,127047.04748191046,62671.407894900236,0.49329291106763956,0.0,0.0,64375.63916135456,0.5067070855819822,0.0,0.0,0.0,0.0,0.9999999966496217
2016-01-26,0.00042565566843677516,128444.2274453946,63419.62136245699,0.4937522115535984,0.0,0.0,65024.605657281936,0.5062477851324677,0.0,0.0,0.0,0.0,0.9999999966860662
2016-01-27,0.00042565566843677516,127444.00971676111,62705.95513827873,0.49202748153985465,0.0,0.0,64738.054152826706,0.5079725151202028,0.0,0.0,0.0,0.0,0.9999999966600575
2016-01-28,0.00042565566843677516,127838.07290466975,62971.918288962705,0.49259126689058863,0.0,0.0,64866.154190051384,0.5074087297797643,0.0,0.0,0.0,0.0,0.9999999966703529
2016-01-29,0.00042565566843677516,131413.93986261138,64742.256256539695,0.49265897000139736,0.0,0.0,66671.68318041603,0.5073410267595577,0.0,0.0,0.0,0.0,0.9999999967609551
2016-02-01,0.00042565566843677516,134377.95517827806,66107.81292290837,0.4919543003553203,0.0,0.0,68270.14182971403,0.5080456964770794,0.0,0.0,0.0,0.0,0.9999999968323997
2016-02-02,0.00042565566843677516,132017.76929457768,64735.30190681681,0.49035294455225775,0.0,0.0,67282.46696210522,0.5096470522235123,0.0,0.0,0.0,0.0,0.99999999677577
2016-02-03,0.00042565566843677516,131571.82824193052,64674.30350020653,0.4915513021623844,0.0,0.0,66897.52431606833,0.5084486946024576,0.0,0.0,0.0,0.0,0.999999996764842
2016-02-04,0.00042565566843677516,129598.72320463562,63862.8233902399,0.4927735537131865,0.0,0.0,65735.89938874006,0.507226443002401,0.0,0.0,0.0,0.0,0.9999999967155875
2016-02-05,0.00042565566843677516,126313.78946819271,62038.273985894615,0.4911441121914609,0.0,0.0,64275.515056642435,0.5088558844387118,0.0,0.0,0.0,0.0,0.9999999966301726
2016-02-08,0.00042565566843677516,125175.48069449652,61441.985305629576,0.4908468093330912,0.0,0.0,63733.494963211284,0.5091531872664372,0.0,0.0,0.0,0.0,0.9999999965995283
2016-02-09,0.00042565566843677516,123972.39141711906,60921.80890362346,0.49141432384445327,0.0,0.0,63050.58208783993,0.5085856727220753,0.0,0.0,0.0,0.0,0.9999999965665285
2016-02-10,0.00042565566843677516,123688.9937993058,60741.85092094317,0.4910853347186343,0.0,0.0,62947.14245270696,0.5089146618400274,0.0,0.0,0.0,0.0,0.9999999965586617
2016-02-11,0.00042565566843677516,120322.03637324764,58988.67647268656,0.4902566333709598,0.0,0.0,61333.35947490542,0.5097433630914034,0.0,0.0,0.0,0.0,0.9999999964623631
2016-02-12,0.00042565566843677516,121395.04260242118,59629.49633321486,0.4912020709816496,0.0,0.0,61765.545843550644,0.5087979255119826,0.0,0.0,0.0,0.0,0.9999999964936321
2016-02-16,0.00042565566843677516,125095.87742914584,61566.876356349836,0.492157516471486,0.0,0.0,63529.000647140325,0.5078424801258785,0.0,0.0,0.0,0.0,0.9999999965973645
2016-02-17,0.00042565566843677516,126327.83012066463,62344.03833145288,0.49350992787498754,0.0,0.0,63983.79136355608,0.5064900687555596,0.0,0.0,0.0,0.0,0.9999999966305472
2016-02-18,0.00042565566843677516,126557.83421178233,62322.03488100342,0.4924391703536385,0.0,0.0,64235.79890512325,0.5075608262830322,0.0,0.0,0.0,0.0,0.9999999966366707
2016-02-19,0.00042565566843677516,125403.28992558301,61700.264047078366,0.49201471575181654,0.0,0.0,63703.025452848975,0.5079852808538892,0.0,0.0,0.0,0.0,0.9999999966057057
2016-02-22,0.00042565566843677516,125898.09086009704,62011.46901021846,0.492552894063565,0.0,0.0,63886.6214242229,0.5074471025554808,0.0,0.0,0.0,0.0,0.9999999966190458
2016-02-23,0.00042565566843677516,125451.42086098874,61598.17435386551,0.49101216973956574,0.0,0.0,63853.246081467565,0.5089878268674422,0.0,0.0,0.0,0.0,0.999999996607008
2016-02-24,0.00042565566843677516,124855.18891219296,61329.627171462074,0.49120607405907196,0.0,0.0,63525.56131507522,0.5087939225317332,0.0,0.0,0.0,0.0,0.9999999965908051
2016-02-25,0.00042565566843677516,126532.92932286144,62104.73976869065,0.49081879397752803,0.0,0.0,64428.189128515114,0.5091812026584807,0.0,0.0,0.0,0.0,0.9999999966360087
2016-02-26,0.00042565566843677516,126913.42702343008,62408.192907967874,0.4917383004435489,0.0,0.0,64505.23368980654,0.5082616962025455,0.0,0.0,0.0,0.0,0.9999999966460943
2016-02-29,0.00042565566843677516,126626.83035335506,62245.12690218958,0.4915634919431619,0.0,0.0,64381.703025509814,0.5084365046953414,0.0,0.0,0.0,0.0,0.9999999966385034
2016-03-01,0.00042565566843677516,127625.83245193797,62962.71570710074,0.4933383351745156,0.0,0.0,64663.11631918156,0.5066616614903001,0.0,0.0,0.0,0.0,0.9999999966648158
2016-03-02,0.00042565566843677516,129640.70351629495,63913.531813570866,0.49300512940781266,0.0,0.0,65727.17127706841,0.5069948673088384,0.0,0.0,0.0,0.0,0.9999999967166511
2016-03-03,0.00042565566843677516,129316.34440266082,63733.467851981346,0.4928492848013879,0.0,0.0,65582.8761250238,0.5071507119070277,0.0,0.0,0.0,0.0,0.9999999967084156
2016-03-04,0.00042565566843677516,129828.52367772158,63988.69962534161,0.49287088701850496,0.0,0.0,65839.8236267243,0.507129109702896,0.0,0.0,0.0,0.0,0.9999999967214009
2016-03-07,0.00042565566843677516,129989.7312206207,64103.791857012744,0.493145045036017,0.0,0.0,65885.93893795228,0.5068549516894498,0.0,0.0,0.0,0.0,0.9999999967254669
2016-03-08,0.00042565566843677516,128951.73723834455,63484.93359765597,0.49231545814939476,0.0,0.0,65466.8032150329,0.5076845385497138,0.0,0.0,0.0,0.0,0.9999999966991087
2016-03-09,0.00042565566843677516,128385.43816681688,63161.23424504142,0.49196571781741505,0.0,0.0,65224.20349611979,0.5080342788671337,0.0,0.0,0.0,0.0,0.9999999966845486
2016-03-10,0.00042565566843677516,129203.6433531145,63543.757309094086,0.4918108782383832,0.0,0.0,65659.88561836474,0.5081891184671612,0.0,0.0,0.0,0.0,0.9999999967055444
2016-03-11,0.00042565566843677516,130430.11593305749,64230.99629991332,0.492455257287968,0.0,0.0,66199.1192074885,0.5075447394485552,0.0,0.0,0.0,0.0,0.9999999967365231
2016-03-14,0.00042565566843677516,131496.45710430515,64743.40394666359,0.49235854236976173,0.0,0.0,66753.05273198591,0.5076414543932259,0.0,0.0,0.0,0.0,0.9999999967629877
2016-03-15,0.00042565566843677516,131596.02461061868,64843.41358237131,0.4927459911820087,0.0,0.0,66752.61060259173,0.5072540055834283,0.0,0.0,0.0,0.0,0.9999999967654368
2016-03-16,0.00042565566843677516,131370.6627605336,64720.31965718273,0.49265428290604635,0.0,0.0,66650.34267769521,0.5073457138538416,0.0,0.0,0.0,0.0,0.999999996759888
2016-03-17,0.00042565566843677516,131852.07175961562,65026.577597357194,0.4931782772128871,0.0,0.0,66825.49373660276,0.5068217195588309,0.0,0.0,0.0,0.0,0.9999999967717181
2016-03-18,0.00042565566843677516,130481.29806446501,64365.656521715864,0.4932941155284618,0.0,0.0,66115.64111709347,0.5067058812093413,0.0,0.0,0.0,0.0,0.9999999967378033
2016-03-21,0.00042565566843677516,130669.92091143785,64558.462950438574,0.494057565047379,0.0,0.0,66111.4575353436,0.5059424316951332,0.0,0.0,0.0,0.0,0.9999999967425122
2016-03-22,0.00042565566843677516,131347.19566200502,64930.75978437015,0.49434446968670803,0.0,0.0,66416.4354519792,0.505655527072601,0.0,0.0,0.0,0.0,0.9999999967593092
2016-03-23,0.00042565566843677516,130745.60722173416,64371.11223064737,0.4923386230596572,0.0,0.0,66374.49456543112,0.5076613736847407,0.0,0.0,0.0,0.0,0.9999999967443979
2016-03-24,0.00042565566843677516,130838.54028145713,64376.531486674474,0.49203034020548553,0.0,0.0,66462.00836912698,0.5079696565412248,0.0,0.0,0.0,0.0,0.9999999967467104
2016-03-28,0.00042565566843677516,132305.97855320238,65068.14919453665,0.49180052108054734,0.0,0.0,67237.82893301008,0.5081994757022462,0.0,0.0,0.0,0.0,0.9999999967827935
2016-03-29,0.00042565566843677516,133582.01005798232,65589.9585500258,0.4910089204493626,0.0,0.0,67992.05108230088,0.5089910763641631,0.0,0.0,0.0,0.0,0.9999999968135256
2016-03-30,0.00042565566843677516,133227.8193944237,65522.86615008069,0.4918106927510304,0.0,0.0,67704.95281868736,0.5081893040540238,0.0,0.0,0.0,0.0,0.9999999968050542
2016-03-31,0.00042565566843677516,132595.6497054162,65171.46552237336,0.49150530705315637,0.0,0.0,67424.18375738719,0.5084946897366655,0.0,0.0,0.0,0.0,0.9999999967898219
2016-04-01,0.00042565566843677516,133795.72580966682,65734.66622180563,0.4913061745733006,0.0,0.0,68061.05916220554,0.5086938222453148,0.0,0.0,0.0,0.0,0.9999999968186154
2016-04-04,0.00042565566843677516,132544.86683732708,65064.5516920809,0.49088699732095187,0.0,0.0,67480.31471959052,0.50911299946764,0.0,0.0,0.0,0.0,0.999999996788592
2016-04-05,0.00042565566843677516,130970.3807876011,64337.37054781621,0.4912360349028396,0.0,0.0,66633.00981412921,0.5087639618471456,0.0,0.0,0.0,0.0,0.9999999967499852
2016-04-06,0.00042565566843677516,131031.08307910712,64437.91554969966,0.49177579880643046,0.0,0.0,66593.16710375178,0.5082241979450604,0.0,0.0,0.0,0.0,0.9999999967514909
2016-04-07,0.00042565566843677516,129102.06648007897,63353.11585079605,0.49072116022691026,0.0,0.0,65748.95020362725,0.509278836476042,0.0,0.0,0.0,0.0,0.9999999967029523
2016-04-08,0.00042565566843677516,127906.51482769026,62771.83935033859,0.4907634254197443,0.0,0.0,65134.675051696,0.5092365712523903,0.0,0.0,0.0,0.0,0.9999999966721346
2016-04-11,0.00042565566843677516,127355.44019207438,62541.9415783773,0.49108182174277804,0.0,0.0,64813.49818804141,0.5089181749149566,0.0,0.0,0.0,0.0,0.9999999966577346
2016-04-12,0.00042565566843677516,127868.2995379651,62884.76509639506,0.49179323822730653,0.0,0.0,64983.53401591437,0.5082067584438335,0.0,0.0,0.0,0.0,0.9999999966711399
2016-04-13,0.00042565566843677516,129252.45572004125,63826.596522998494,0.493813414742741,0.0,0.0,65425.85877138709,0.5061865819640475,0.0,0.0,0.0,0.0,0.9999999967067885
2016-04-14,0.00042565566843677516,130031.86459911754,64255.83489451182,0.494154529680934,0.0,0.0,65776.02927895005,0.505845467045594,0.0,0.0,0.0,0.0,0.999999996726528
2016-04-15,0.00042565566843677516,130112.04835340957,64204.41946570357,0.49345483587585914,0.0,0.0,65907.62846205033,0.5065451608526862,0.0,0.0,0.0,0.0,0.9999999967285453
2016-04-18,0.00042565566843677516,129414.75378234823,63832.907060143196,0.4932428891956043,0.0,0.0,65581.84629654937,0.5067571075153143,0.0,0.0,0.0,0.0,0.9999999967109185
2016-04-19,0.00042565566843677516,130958.63818235893,64601.581447694334,0.4932975964345102,0.0,0.0,66357.05630900893,0.5067024003151837,0.0,0.0,0.0,0.0,0.9999999967496939
2016-04-20,0.00042565566843677516,130737.84491838505,64652.20556711021,0.49451790801255957,0.0,0.0,66085.63892561916,0.505482088731645,0.0,0.0,0.0,0.0,0.9999999967442046
2016-04-21,0.00042565566843677516,130279.7366095154,64627.497922317336,0.4960671521467987,0.0,0.0,65652.23826154238,0.5039328445859573,0.0,0.0,0.0,0.0,0.9999999967327561
2016-04-22,0.00042565566843677516,129955.3400723395,64333.51384642519,0.49504324955491635,0.0,0.0,65621.82580025864,0.504956747169684,0.0,0.0,0.0,0.0,0.9999999967246004
2016-04-25,0.00042565566843677516,132432.08651257472,65459.39595674943,0.49428652587553934,0.0,0.0,66972.69013016963,0.5057134709103177,0.0,0.0,0.0,0.0,0.999999996785857
2016-04-26,0.00042565566843677516,132128.25799101064,65381.40475503559,0.49483286731505854,0.0,0.0,66746.85281031941,0.5051671294634077,0.0,0.0,0.0,0.0,0.9999999967784662
2016-04-27,0.00042565566843677516,132507.23888554232,65476.038787305384,0.49413178734984103,0.0,0.0,67031.19967258128,0.505868209437839,0.0,0.0,0.0,0.0,0.9999999967876799
2016-04-28,0.00042565566843677516,131936.96739818974,65035.625275990446,0.4929295144378374,0.0,0.0,66901.34169654362,0.5070704823359579,0.0,0.0,0.0,0.0,0.9999999967737954
2016-04-29,0.00042565566843677516,127048.71524497161,62434.8998998132,0.4914248820181145,0.0,0.0,64613.81491950274,0.5085751146315513,0.0,0.0,0.0,0.0,0.9999999966496657
2016-05-02,0.00042565566843677516,126248.46395892095,62052.434079993705,0.49151040839740023,0.0,0.0,64196.02945327158,0.5084895882310286,0.0,0.0,0.0,0.0,0.9999999966284289
2016-05-03,0.00042565566843677516,125473.90940048631,61530.239248025,0.4903827380689433,0.0,0.0,63943.66972680565,0.5096172585386729,0.0,0.0,0.0,0.0,0.9999999966076161
2016-05-04,0.00042565566843677516,125495.03732155687,61307.84333073435,0.4885280297869055,0.0,0.0,64187.19356516685,0.5114719668212817,0.0,0.0,0.0,0.0,0.9999999966081872
2016-05-05,0.00042565566843677516,125849.56341704227,61474.14078859459,0.48847321452264886,0.0,0.0,64375.422202792004,0.5115267820950933,0.0,0.0,0.0,0.0,0.9999999966177422
2016-05-06,0.00042565566843677516,126614.7814870998,61820.46251539772,0.4882562824759629,0.0,0.0,64794.31854604641,0.5117437141622205,0.0,0.0,0.0,0.0,0.9999999966381834
2016-05-09,0.00042565566843677516,127126.57767822592,62002.3036815857,0.4877210164386056,0.0,0.0,65124.273570984544,0.512278980213112,0.0,0.0,0.0,0.0,0.9999999966517177
2016-05-10,0.00042565566843677516,129532.3867106786,63271.614918628286,0.48846173937913084,0.0,0.0,66260.77136639465,0.5115382573347745,0.0,0.0,0.0,0.0,0.9999999967139055
2016-05-11,0.00042565566843677516,129336.85244105541,63100.07943919026,0.4878739373060574,0.0,0.0,66236.77257620948,0.51212605940288,0.0,0.0,0.0,0.0,0.9999999967089375
2016-05-12,0.00042565566843677516,128746.05551502651,62774.488672984655,0.4875837820573693,0.0,0.0,65971.56641638618,0.5124162146364659,0.0,0.0,0.0,0.0,0.9999999966938352
2016-05-13,0.00042565566843677516,128553.12753527258,62611.820544495255,0.48705015385421674,0.0,0.0,65941.30656512165,0.5129498428346567,0.0,0.0,0.0,0.0,0.9999999966888735
2016-05-16,0.00042565566843677516,129195.3369789323,62955.353215272014,0.4872881226784373,0.0,0.0,66239.98333800462,0.5127118740268952,0.0,0.0,0.0,0.0,0.9999999967053326
2016-05-17,0.00042565566843677516,128196.55824830639,62609.99627795095,0.4883906177627674,0.0,0.0,65586.56154469977,0.5116093789168964,0.0,0.0,0.0,0.0,0.9999999966796638
2016-05-18,0.00042565566843677516,127560.53225776683,62439.06817492822,0.4894857921159738,0.0,0.0,65121.463657182925,0.5105142045471345,0.0,0.0,0.0,0.0,0.9999999966631083
2016-05-19,0.00042565566843677516,128660.87489698245,62858.21022800097,0.4885573044511857,0.0,0.0,65802.66424332581,0.5114426922404607,0.0,0.0,0.0,0.0,0.9999999966916464
2016-05-20,0.00042565566843677516,128799.80026892679,63001.77735678143,0.48914499265711,0.0,0.0,65798.02248648969,0.5108550040381048,0.0,0.0,0.0,0.0,0.9999999966952148
2016-05-23,0.00042565566843677516,128725.55813517491,62991.6749731951,0.4893486257565684,0.0,0.0,65733.88273632414,0.5106513709367404,0.0,0.0,0.0,0.0,0.9999999966933087
2016-05-24,0.00042565566843677516,129549.233608956,63561.79724379781,0.49063815719403575,0.0,0.0,65987.43593950252,0.5093618395202971,0.0,0.0,0.0,0.0,0.9999999967143328
2016-05-25,0.00042565566843677516,130885.05209640913,64297.02485918076,0.4912480365734963,0.0,0.0,66588.0268115727,0.5087519601743701,0.0,0.0,0.0,0.0,0.9999999967478664
2016-05-26,0.00042565566843677516,130991.03509987638,64243.11975719906,0.4904390572088829,0.0,0.0,66747.91491702164,0.5095609395416147,0.0,0.0,0.0,0.0,0.9999999967504977
2016-05-27,0.00042565566843677516,130905.41844835831,64233.94470184368,0.4906897320463761,0.0,0.0,66671.47332085896,0.5093102647019963,0.0,0.0,0.0,0.0,0.9999999967483724
2016-05-31,0.00042565566843677516,132029.5780039025,64718.03964988038,0.4901783420679225,0.0,0.0,67311.53792836648,0.5098216547081359,0.0,0.0,0.0,0.0,0.9999999967760583
2016-06-01,0.00042565566843677516,132044.62304531882,64715.994712519816,0.49010700488961784,0.0,0.0,67328.62790714335,0.5098929918868079,0.0,0.0,0.0,0.0,0.9999999967764257
2016-06-02,0.00042565566843677516,130938.76434413716,64066.751447522474,0.489287887879714,0.0,0.0,66872.01247095902,0.5107121088694865,0.0,0.0,0.0,0.0,0.9999999967492005
2016-06-03,0.00042565566843677516,130239.25426622712,63580.58134020861,0.48818293454169415,0.0,0.0,66658.67250036284,0.5118170621900464,0.0,0.0,0.0,0.0,0.9999999967317406
2016-06-06,0.00042565566843677516,128032.64346457076,62727.4779240776,0.4899334749847258,0.0,0.0,65305.16511483749,0.5100665216906871,0.0,0.0,0.0,0.0,0.999999996675413
2016-06-07,0.00042565566843677516,128933.3720028822,63101.41723488659,0.4894110520391572,0.0,0.0,65831.95434233993,0.5105889446594812,0.0,0.0,0.0,0.0,0.9999999966986385
2016-06-08,0.00042565566843677516,129253.76461352482,63182.94953927444,0.4888286985543098,0.0,0.0,66070.8146485947,0.511171298152512,0.0,0.0,0.0,0.0,0.9999999967068218
2016-06-09,0.00042565566843677516,128811.21140756902,62828.20435835217,0.48775416108430725,0.0,0.0,65983.00662356117,0.5122458356112003,0.0,0.0,0.0,0.0,0.9999999966955075
2016-06-10,0.00042565566843677516,128410.77213408709,62499.48507894077,0.48671528128246544,0.0,0.0,65911.28662949066,0.5132847154027375,0.0,0.0,0.0,0.0,0.9999999966852028
2016-06-13,0.00042565566843677516,126840.35526576078,61667.97903644893,0.48618579557933134,0.0,0.0,65172.37580365617,0.5138142010648308,0.0,0.0,0.0,0.0,0.9999999966441621
2016-06-14,0.00042565566843677516,126511.81277719852,61422.50675262483,0.4855080755249057,0.0,0.0,65089.30559891801,0.5144919211105414,0.0,0.0,0.0,0.0,0.9999999966354473
2016-06-15,0.00042565566843677516,126090.55756557839,61173.35362404341,0.4851541210151901,0.0,0.0,64917.2035158793,0.5148458756090164,0.0,0.0,0.0,0.0,0.9999999966242066
2016-06-16,0.00042565566843677516,126450.13506697492,61345.42471323616,0.48513530397373056,0.0,0.0,65104.70992808308,0.5148646926600755,0.0,0.0,0.0,0.0,0.9999999966338061
2016-06-17,0.00042565566843677516,124600.85780813788,60463.16638201765,0.4852548164244556,0.0,0.0,64137.691000464554,0.5147451801593906,0.0,0.0,0.0,0.0,0.9999999965838464
2016-06-20,0.00042565566843677516,125147.92095868553,60796.819970712364,0.4857996801303868,0.0,0.0,64351.100562317486,0.5142003164683926,0.0,0.0,0.0,0.0,0.9999999965987795
2016-06-21,0.00042565566843677516,124489.76969645174,60434.36914446197,0.48545651013590474,0.0,0.0,64055.4001263341,0.5145434864448932,0.0,0.0,0.0,0.0,0.999999996580798
2016-06-22,0.00042565566843677516,125396.77075741907,60833.77883847483,0.4851303464278055,0.0,0.0,64562.99149328858,0.5148696501777238,0.0,0.0,0.0,0.0,0.9999999966055293
2016-06-23,0.00042565566843677516,126705.39226904722,61594.29955273836,0.48612216457172197,0.0,0.0,65111.09229065319,0.5138778320688656,0.0,0.0,0.0,0.0,0.9999999966405876
2016-06-24,0.00042565566843677516,123715.55290211896,59603.73278104749,0.48178043409145704,0.0,0.0,64111.819695415805,0.5182195624679435,0.0,0.0,0.0,0.0,0.9999999965594005
2016-06-27,0.00042565566843677516,119251.52500197556,57140.61569168564,0.4791604609730486,0.0,0.0,62110.90888463425,0.5208395354575575,0.0,0.0,0.0,0.0,0.9999999964306061
2016-06-28,0.00042565566843677516,120565.95954369198,57905.64992488284,0.48028191492888483,0.0,0.0,62660.309193153465,0.5197180815406355,0.0,0.0,0.0,0.0,0.9999999964695203
2016-06-29,0.00042565566843677516,123423.4509598222,59369.86351325776,0.4810257941384601,0.0,0.0,64053.587020908766,0.5189742024127976,0.0,0.0,0.0,0.0,0.9999999965512577
2016-06-30,0.00042565566843677516,125517.15271833859,60300.60716224964,0.48041726454363287,0.0,0.0,65216.54513043328,0.5195827320651519,0.0,0.0,0.0,0.0,0.9999999966087848
2016-07-01,0.0012561211801767058,126091.83152878603,63106.923034026266,0.5004838320523508,0.0,0.0,62984.90723863859,0.49951615798569393,0.0,0.0,0.0,0.0,0.9999999900380449
2016-07-05,0.0012561211801767058,125218.58800516171,62396.90734961166,0.49830387280073435,0.0,0.0,62821.679399428875,0.5016961171678382,0.0,0.0,0.0,0.0,0.9999999899685725
2016-07-06,0.0012561211801767058,123936.38504154606,61811.64576360459,0.49873687814021717,0.0,0.0,62124.738021820296,0.5012631117245737,0.0,0.0,0.0,0.0,0.9999999898647909
2016-07-07,0.0012561211801767058,123616.2049593488,61779.68677034007,0.4997701295769137,0.0,0.0,61836.51693288755,0.5002298602616259,0.0,0.0,0.0,0.0,0.9999999898385395
2016-07-08,0.0012561211801767058,124717.43362853187,62409.123442597716,0.5004041666579022,0.0,0.0,62308.308929812985,0.499595823270361,0.0,0.0,0.0,0.0,0.9999999899282631
2016-07-11,0.0012561211801767058,124817.17039210643,62516.25508013678,0.500862620773611,0.0,0.0,62300.914055848465,0.4991373691627001,0.0,0.0,0.0,0.0,0.999999989936311
2016-07-12,0.0012561211801767058,127280.97241238464,63995.452370157094,0.5027888391896842,0.0,0.0,63285.51878610636,0.49721115094143153,0.0,0.0,0.0,0.0,0.9999999901311158
2016-07-13,0.0012561211801767058,130277.33171439514,65378.964741338845,0.5018445180061569,0.0,0.0,64898.36571693513,0.49815547235194185,0.0,0.0,0.0,0.0,0.9999999903580987
2016-07-14,0.0012561211801767058,129826.59937790426,65253.32299181161,0.5026190573001895,0.0,0.0,64573.27512997147,0.49738093302443437,0.0,0.0,0.0,0.0,0.9999999903246239
2016-07-15,0.0012561211801767058,131102.24499634292,65962.16634471744,0.5031352922031003,0.0,0.0,65140.077395504304,0.49686469821566653,0.0,0.0,0.0,0.0,0.9999999904187669
2016-07-18,0.0012561211801767058,131511.65786968826,66247.35554656673,0.5037375136142656,0.0,0.0,65264.30106700034,0.4962624768343288,0.0,0.0,0.0,0.0,0.9999999904485944
2016-07-19,0.0012561211801767058,132477.76773012124,66718.26452898087,0.5036185744380659,0.0,0.0,65759.50194501918,0.49638141608018316,0.0,0.0,0.0,0.0,0.9999999905182492
2016-07-20,0.0012561211801767058,132813.219960071,67017.27764801262,0.5045979433987122,0.0,0.0,65795.94105593719,0.4954020471434854,0.0,0.0,0.0,0.0,0.9999999905421977
2016-07-21,0.0012561211801767058,133795.4872141141,67422.96576343315,0.5039255595783704,0.0,0.0,66372.52019455978,0.4960744310332623,0.0,0.0,0.0,0.0,0.9999999906116327
2016-07-22,0.0012561211801767058,132771.3848941075,66870.21859530614,0.5036493266123482,0.0,0.0,65901.16504268016,0.49635066392686933,0.0,0.0,0.0,0.0,0.9999999905392176
2016-07-25,0.0012561211801767058,133136.6749597695,67097.24004696184,0.5039726286332216,0.0,0.0,66039.43365668648,0.49602736193195385,0.0,0.0,0.0,0.0,0.9999999905651754
2016-07-26,0.0012561211801767058,131908.41605005227,66459.00516623173,0.5038268759213518,0.0,0.0,65449.40962769937,0.4961731145559718,0.0,0.0,0.0,0.0,0.9999999904773235
2016-07-27,0.0012561211801767058,130585.07667426803,65961.27827572243,0.5051211053791126,0.0,0.0,64623.79714242441,0.4948788850017088,0.0,0.0,0.0,0.0,0.9999999903808214
2016-07-28,0.0012561211801767058,130870.11231287479,66044.87773980714,0.5046597467717597,0.0,0.0,64825.23331694648,0.49534024363001233,0.0,0.0,0.0,0.0,0.999999990401772
2016-07-29,0.0012561211801767058,130799.99712519124,65963.73253006653,0.5043098928123931,0.0,0.0,64836.26333900353,0.4956900975842337,0.0,0.0,0.0,0.0,0.9999999903966269
2016-08-01,0.0012561211801767058,127814.98085160324,64377.81609449468,0.5036797382087717,0.0,0.0,63437.163500987386,0.4963202519635762,0.0,0.0,0.0,0.0,0.9999999901723478
2016-08-02,0.0012561211801767058,127328.02347539569,64157.85311912196,0.503878497191308,0.0,0.0,63170.16910015255,0.49612149294345465,0.0,0.0,0.0,0.0,0.9999999901347626
2016-08-03,0.0012561211801767058,125348.73128493987,63442.2587968292,0.5061260544601262,0.0,0.0,61906.4712319895,0.49387393551886155,0.0,0.0,0.0,0.0,0.9999999899789878
2016-08-04,0.0012561211801767058,125850.83508248915,63592.31711524898,0.5052991271259129,0.0,0.0,62258.516711118995,0.4947008628930554,0.0,0.0,0.0,0.0,0.9999999900189683
2016-08-05,0.0012561211801767058,126400.63551347776,64039.859256079086,0.5066419088474495,0.0,0.0,62360.7750012775,0.49335808121493296,0.0,0.0,0.0,0.0,0.9999999900623824
2016-08-08,0.0012561211801767058,127382.56745061032,64600.67287383007,0.5071390392478744,0.0,0.0,62781.893320659074,0.4928609508911124,0.0,0.0,0.0,0.0,0.9999999901389868
2016-08-09,0.0012561211801767058,127648.57718095885,64643.76338656257,0.5064197722699363,0.0,0.0,63004.81253827511,0.49358021788960016,0.0,0.0,0.0,0.0,0.9999999901595364
2016-08-10,0.0012561211801767058,127110.21089526752,64294.78549320098,0.5058192024099203,0.0,0.0,62815.424145945355,0.49418078770793744,0.0,0.0,0.0,0.0,0.9999999901178578
2016-08-11,0.0012561211801767058,126578.82008017629,64138.561523467564,0.506708480003539,0.0,0.0,62440.25730058755,0.4932915100728327,0.0,0.0,0.0,0.0,0.9999999900763715
2016-08-12,0.0012561211801767058,127258.16220796635,64481.792679815604,0.5067006434875189,0.0,0.0,62776.36827202958,0.49329934664182806,0.0,0.0,0.0,0.0,0.9999999901293468
2016-08-15,0.0012561211801767058,126686.53993883243,64327.4776318211,0.5077688416060624,0.0,0.0,62359.061050890145,0.49223114847874705,0.0,0.0,0.0,0.0,0.9999999900848096
2016-08-16,0.0012561211801767058,125677.70249831966,63906.44276566279,0.5084946772202271,0.0,0.0,61771.258476535695,0.4915053127849914,0.0,0.0,0.0,0.0,0.9999999900052184
2016-08-17,0.0012561211801767058,124717.71284967156,63435.51336076217,0.5086327508044036,0.0,0.0,61282.198232788214,0.49136723912388197,0.0,0.0,0.0,0.0,0.9999999899282856
2016-08-18,0.0012561211801767058,124595.85679185376,63295.63934097186,0.50800757722395,0.0,0.0,61300.21619476072,0.4919924126944854,0.0,0.0,0.0,0.0,0.9999999899184354
2016-08-19,0.0012561211801767058,124632.06000644687,63416.90014957934,0.5088329611682496,0.0,0.0,61215.15860074635,0.49116702875311424,0.0,0.0,0.0,0.0,0.999999989921364
2016-08-22,0.0012561211801767058,125224.70730462158,63659.62933090819,0.5083631713033259,0.0,0.0,61565.076717592216,0.4916368186657369,0.0,0.0,0.0,0.0,0.9999999899690628
2016-08-23,0.0012561211801767058,124986.61253192642,63607.049848629074,0.508910903016764,0.0,0.0,61379.56142717618,0.49108908693319026,0.0,0.0,0.0,0.0,0.9999999899499542
2016-08-24,0.0012561211801767058,124496.77244336525,63385.03683424532,0.5091299604821464,0.0,0.0,61111.73435299875,0.4908700294282653,0.0,0.0,0.0,0.0,0.9999999899104117
2016-08-25,0.0012561211801767058,124809.14600468887,63537.324297220155,0.5090758676838728,0.0,0.0,61271.82045134754,0.4909241222517913,0.0,0.0,0.0,0.0,0.9999999899356641
2016-08-26,0.0012561211801767058,124334.59490062945,63352.98726296743,0.5095362824288793,0.0,0.0,60981.60638154084,0.4904637074683718,0.0,0.0,0.0,0.0,0.9999999898972513
2016-08-29,0.0012561211801767058,126665.99157680366,64439.47863927267,0.5087354374848115,0.0,0.0,62226.511681409815,0.4912645525983894,0.0,0.0,0.0,0.0,0.9999999900832011
2016-08-30,0.0012561211801767058,125952.35318106624,64143.047494515464,0.5092643835110002,0.0,0.0,61809.3044304296,0.49073560651601283,0.0,0.0,0.0,0.0,0.999999990027013
2016-08-31,0.0012561211801767058,127063.88777029394,64638.80358865941,0.5087110486144846,0.0,0.0,62425.08292551335,0.4912889414997706,0.0,0.0,0.0,0.0,0.9999999901142551
2016-09-01,0.0012561211801767058,127579.41234880911,64863.68845856602,0.5084181472887267,0.0,0.0,62715.722634121914,0.4915818428654749,0.0,0.0,0.0,0.0,0.9999999901542016
2016-09-02,0.0012561211801767058,128212.74131796585,65142.04100282067,0.50807774900678,0.0,0.0,63070.699059023995,0.4919222411960565,0.0,0.0,0.0,0.0,0.9999999902028366
2016-09-06,0.0012561211801767058,128820.91951632255,65377.68863318525,0.5075083214640571,0.0,0.0,63443.22962701613,0.4924916687850331,0.0,0.0,0.0,0.0,0.9999999902490901
2016-09-07,0.0012561211801767058,126319.73814254318,64133.342212071264,0.5077064214596548,0.0,0.0,62186.39467435073,0.4922935685963633,0.0,0.0,0.0,0.0,0.9999999900560183
2016-09-08,0.0012561211801767058,126075.0488390089,64051.94489771832,0.508046163674378,0.0,0.0,62023.10268516941,0.4919538263623407,0.0,0.0,0.0,0.0,0.9999999900367187
2016-09-09,0.0012561211801767058,123532.07585724254,62893.11458438289,0.5091237571128012,0.0,0.0,60638.96001673846,0.490876232718818,0.0,0.0,0.0,0.0,0.9999999898316193
2016-09-12,0.0012561211801767058,125391.65601631308,63808.978846821396,0.5088773916385636,0.0,0.0,61582.675913370505,0.4911225983438546,0.0,0.0,0.0,0.0,0.9999999899824181
2016-09-13,0.0012561211801767058,122942.72258712404,62646.140437218535,0.5095554996581763,0.0,0.0,60296.58089378432,0.49044449012469865,0.0,0.0,0.0,0.0,0.9999999897828749
2016-09-14,0.0012561211801767058,123771.34844021338,63109.74709234953,0.5098897918433369,0.0,0.0,60661.60009174267,0.49011019800793965,0.0,0.0,0.0,0.0,0.9999999898512766
2016-09-15,0.0012561211801767058,124983.14369255689,63754.02642220488,0.5101009987317323,0.0,0.0,61229.11601423082,0.4898989912179429,0.0,0.0,0.0,0.0,0.9999999899496753
2016-09-16,0.0012561211801767058,123880.09718007795,63134.96234486199,0.5096457282648562,0.0,0.0,60745.13357909479,0.4903542615953296,0.0,0.0,0.0,0.0,0.9999999898601857
2016-09-19,0.0012561211801767058,124454.02138160758,63395.80045340739,0.5093913378581781,0.0,0.0,61058.219672079016,0.49060865204876775,0.0,0.0,0.0,0.0,0.9999999899069458
2016-09-20,0.0012561211801767058,124035.91077237592,63185.5910517767,0.509413690424957,0.0,0.0,60850.31846447805,0.49058629944796633,0.0,0.0,0.0,0.0,0.9999999898729234
2016-09-21,0.0012561211801767058,125170.49023375916,63667.696951744416,0.5086478197284626,0.0,0.0,61502.79202589357,0.4913521702362553,0.0,0.0,0.0,0.0,0.999999989964718
2016-09-22,0.0012561211801767058,124467.0062694546,63278.810835863835,0.5083982714171945,0.0,0.0,61188.1941774696,0.49160171849080436,0.0,0.0,0.0,0.0,0.9999999899079988
2016-09-23,0.0012561211801767058,124342.37777225306,63153.436826189456,0.5078995428401893,0.0,0.0,61188.939689942425,0.4921004470576941,0.0,0.0,0.0,0.0,0.9999999898978835
2016-09-26,0.0012561211801767058,123662.23286766917,62767.47464333688,0.5075719012004603,0.0,0.0,60894.75696821111,0.4924280886418615,0.0,0.0,0.0,0.0,0.9999999898423217
2016-09-27,0.0012561211801767058,123553.79451259215,62792.464235464875,0.5082196340725521,0.0,0.0,60761.3290210061,0.49178035576085466,0.0,0.0,0.0,0.0,0.9999999898334068
2016-09-28,0.0012561211801767058,123928.19326399709,63047.54483446039,0.5087425481960657,0.0,0.0,60880.64717341552,0.4912574416680552,0.0,0.0,0.0,0.0,0.999999989864121
2016-09-29,0.0012561211801767058,123374.34664603436,62786.71029471065,0.5089122009687158,0.0,0.0,60587.635095202546,0.4910877888499037,0.0,0.0,0.0,0.0,0.9999999898186194
2016-09-30,0.0012561211801767058,124539.80403143069,63525.092826795044,0.5100786316538841,0.0,0.0,61014.70994851446,0.48992135826001376,0.0,0.0,0.0,0.0,0.9999999899138979
2016-10-03,0.0012561211801767058,124358.0350902376,63555.20164238964,0.51106630622036,0.0,0.0,60802.832191726775,0.48893368367879547,0.0,0.0,0.0,0.0,0.9999999898991555
2016-10-04,0.0012561211801767058,123667.36266692905,63306.962846220245,0.5119132605481664,0.0,0.0,60360.398564587624,0.4880867292945765,0.0,0.0,0.0,0.0,0.9999999898427431
2016-10-05,0.0012561211801767058,125061.12867185756,64207.099627479416,0.5134057265383365,0.0,0.0,60854.027788256964,0.4865942634176059,0.0,0.0,0.0,0.0,0.9999999899559424
2016-10-06,0.0012561211801767058,125865.12192829871,64626.83763364749,0.5134610497613732,0.0,0.0,61238.28303853005,0.486538940258728,0.0,0.0,0.0,0.0,0.9999999900201012
2016-10-07,0.0012561211801767058,125974.27897174821,64624.322770374674,0.5129961711062282,0.0,0.0,61349.95494525236,0.4870038189225206,0.0,0.0,0.0,0.0,0.9999999900287488
2016-10-10,0.0012561211801767058,125684.36491621373,64475.287061328054,0.5129936973808149,0.0,0.0,61209.0765987645,0.48700629262493345,0.0,0.0,0.0,0.0,0.9999999900057484
2016-10-11,0.0012561211801767058,125028.39315076658,64186.542647673356,0.513375730345294,0.0,0.0,60841.84924697205,0.4866242596080186,0.0,0.0,0.0,0.0,0.9999999899533126
2016-10-12,0.0012561211801767058,125002.29910026185,64053.312902726095,0.5124170784358951,0.0,0.0,60948.98494141458,0.48758291151532035,0.0,0.0,0.0,0.0,0.9999999899512154
2016-10-13,0.0012561211801767058,126061.95495960847,64504.05976201845,0.5116853834504328,0.0,0.0,61557.89394146885,0.48831460658525105,0.0,0.0,0.0,0.0,0.9999999900356839
2016-10-14,0.0012561211801767058,125398.53995930767,64211.65441407041,0.5120606223557894,0.0,0.0,61186.884289116075,0.4879393676271786,0.0,0.0,0.0,0.0,0.9999999899829681
2016-10-17,0.0012561211801767058,125537.26731419994,64301.472352811026,0.512210228313116,0.0,0.0,61235.79370526773,0.48778976168092153,0.0,0.0,0.0,0.0,0.9999999899940376
2016-10-18,0.0012561211801767058,125615.04443922189,64214.2425163794,0.5111986609808437,0.0,0.0,61400.80066672131,0.48880132901938933,0.0,0.0,0.0,0.0,0.999999990000233
2016-10-19,0.0012561211801767058,125692.77768269595,64338.83848109306,0.5118737899445002,0.0,0.0,61353.93794548172,0.48812620006191715,0.0,0.0,0.0,0.0,0.9999999900064173
2016-10-20,0.0012561211801767058,124697.66273312413,63843.27238420144,0.5119845150653525,0.0,0.0,60854.38909280151,0.4880154748613137,0.0,0.0,0.0,0.0,0.9999999899266663
2016-10-21,0.0012561211801767058,125291.30677895894,64180.09465796404,0.5122469891003025,0.0,0.0,61111.210864873734,0.48775300087409235,0.0,0.0,0.0,0.0,0.9999999899743948
2016-10-24,0.0012561211801767058,125557.07470295446,64351.712346583496,0.5125295607501856,0.0,0.0,61205.361100249786,0.48747042924543044,0.0,0.0,0.0,0.0,0.9999999899956161
2016-10-25,0.0012561211801767058,125629.51163848166,64310.785094400286,0.5119082630796536,0.0,0.0,61318.7252879602,0.48809172692173086,0.0,0.0,0.0,0.0,0.9999999900013845
2016-10-26,0.0012561211801767058,125275.0577168899,64275.6719408208,0.5130763706058544,0.0,0.0,60999.384519947926,0.48692361936724005,0.0,0.0,0.0,0.0,0.9999999899730944
2016-10-27,0.0012561211801767058,125083.95482046559,64275.21135683482,0.513856564969422,0.0,0.0,60808.74220750959,0.48614342498835333,0.0,0.0,0.0,0.0,0.9999999899577753
2016-10-28,0.0012561211801767058,126001.96094522541,64691.88622686294,0.5134196780872743,0.0,0.0,61310.0734622413,0.4865803119436652,0.0,0.0,0.0,0.0,0.9999999900309394
2016-10-31,0.0012561211801767058,125605.3974790519,64295.89925573819,0.511888028270929,0.0,0.0,61309.49696719253,0.488111961728536,0.0,0.0,0.0,0.0,0.9999999899994649
2016-11-01,0.0012561211801767058,124809.39284772146,64004.222288584795,0.5128157491053228,0.0,0.0,60805.1693030155,0.48718424083036127,0.0,0.0,0.0,0.0,0.999999989935684
2016-11-02,0.0012561211801767058,123526.37844921286,63240.21847281351,0.5119571970517565,0.0,0.0,60286.158720278174,0.48804279277939383,0.0,0.0,0.0,0.0,0.9999999898311503
2016-11-03,0.0012561211801767058,122397.63893557497,62662.188464919614,0.5119558596869862,0.0,0.0,59735.44921453419,0.488044130050388,0.0,0.0,0.0,0.0,0.9999999897373741
2016-11-04,0.0012561211801767058,121851.50962778999,62359.14600645678,0.5117634258035887,0.0,0.0,59492.36236521204,0.48823656388778913,0.0,0.0,0.0,0.0,0.9999999896913778
2016-11-07,0.0012561211801767058,125498.7009499975,64378.48846571337,0.5129813135784068,0.0,0.0,61120.21122816294,0.4870186764125558,0.0,0.0,0.0,0.0,0.9999999899909627
2016-11-08,0.0012561211801767058,126504.15644602475,64839.48522410779,0.5125482596437273,0.0,0.0,61664.66996579577,0.48745173042678724,0.0,0.0,0.0,0.0,0.9999999900705145
2016-11-09,0.0012561211801767058,127811.81242464042,65978.77269916101,0.5162181135492698,0.0,0.0,61833.03846935823,0.4837818766228343,0.0,0.0,0.0,0.0,0.9999999901721042
2016-11-10,0.0012561211801767058,128578.80936841483,66584.3796927349,0.5178487809912109,0.0,0.0,61994.428419558746,0.48215120923951854,0.0,0.0,0.0,0.0,0.9999999902307294
2016-11-11,0.0012561211801767058,129628.30358333455,67145.70904638454,0.5179864828148304,0.0,0.0,62482.59328082884,0.4820135074949929,0.0,0.0,0.0,0.0,0.9999999903098232
2016-11-14,0.0012561211801767058,129382.44265459383,66976.18767741405,0.5176605596805527,0.0,0.0,62406.2537210586,0.48233943061085666,0.0,0.0,0.0,0.0,0.9999999902914093
2016-11-15,0.0012561211801767058,131644.6779892941,68102.19570198876,0.5173182595921357,0.0,0.0,63542.48103118417,0.48268173086611,0.0,0.0,0.0,0.0,0.9999999904582456
2016-11-16,0.0012561211801767058,132845.74464202378,68739.95117500295,0.5174418748619675,0.0,0.0,64105.792210899664,0.4825581156825459,0.0,0.0,0.0,0.0,0.9999999905445133
2016-11-17,0.0012561211801767058,133048.9294472146,68904.21147598838,0.5178862525408384,0.0,0.0,64144.71671510505,0.4821137380181147,0.0,0.0,0.0,0.0,0.9999999905589532
2016-11-18,0.0012561211801767058,134549.397148455,69712.89841511469,0.5181212245655549,0.0,0.0,64836.49747721915,0.48187876609868296,0.0,0.0,0.0,0.0,0.9999999906642378
2016-11-21,0.0012561211801767058,136143.6052404573,70620.39249222085,0.5187198647155764,0.0,0.0,65523.21149211529,0.48128012605798093,0.0,0.0,0.0,0.0,0.9999999907735573
2016-11-22,0.0012561211801767058,136169.05927956858,70630.96783276288,0.5187005638905862,0.0,0.0,65538.09019068454,0.4812994268846959,0.0,0.0,0.0,0.0,0.999999990775282
2016-11-23,0.0012561211801767058,136238.6092291921,70651.70857062167,0.5185880050475662,0.0,0.0,65586.89940244926,0.481411985732425,0.0,0.0,0.0,0.0,0.9999999907799912
2016-11-25,0.0012561211801767058,139700.1622342612,72401.7291392498,0.5182651757972935,0.0,0.0,67298.4318388902,0.4817348152111551,0.0,0.0,0.0,0.0,0.9999999910084487
2016-11-28,0.0012561211801767058,138774.63412612802,71751.71216375037,0.5170376604887132,0.0,0.0,67022.92070625647,0.4829623304597682,0.0,0.0,0.0,0.0,0.9999999909484815
2016-11-29,0.0012561211801767058,137891.9730240183,71159.78327486655,0.5160545731147946,0.0,0.0,66732.18849303058,0.483945417775747,0.0,0.0,0.0,0.0,0.9999999908905417
2016-11-30,0.0012561211801767058,137585.7208687498,71238.28182133216,0.517773802190491,0.0,0.0,66347.43779129647,0.48222618867977407,0.0,0.0,0.0,0.0,0.9999999908702649
2016-12-01,0.0012561211801767058,139497.78470702516,72401.59720162263,0.5190161073430757,0.0,0.0,67096.18624928135,0.48098388365232847,0.0,0.0,0.0,0.0,0.9999999909954042
2016-12-02,0.0012561211801767058,138754.66162679452,71906.05673023911,0.5182244393607712,0.0,0.0,66848.60364043424,0.4817755515864074,0.0,0.0,0.0,0.0,0.9999999909471785
2016-12-05,0.0012561211801767058,138744.9598352468,71967.75079045676,0.5187053344201845,0.0,0.0,66777.20778866885,0.48129465652636094,0.0,0.0,0.0,0.0,0.9999999909465456
2016-12-06,0.0012561211801767058,139506.10405393344,72321.82714575803,0.5184133528508417,0.0,0.0,67184.27565205423,0.48158663814509944,0.0,0.0,0.0,0.0,0.9999999909959411
2016-12-07,0.0012561211801767058,141524.90402099935,73396.59757163914,0.5186125938707481,0.0,0.0,68128.30519323905,0.48138739725363267,0.0,0.0,0.0,0.0,0.9999999911243806
2016-12-08,0.0012561211801767058,141282.4805541449,73326.49241628572,0.5190062641077723,0.0,0.0,67955.98688173799,0.4809937270013789,0.0,0.0,0.0,0.0,0.9999999911091512
2016-12-09,0.0012561211801767058,142563.86936711517,73952.51187573578,0.5187324965577443,0.0,0.0,68611.35623525822,0.4812674946313194,0.0,0.0,0.0,0.0,0.9999999911890637
2016-12-12,0.0012561211801767058,144700.56032229084,74948.08483361408,0.5179529689911537,0.0,0.0,69752.47423255559,0.48204702232801483,0.0,0.0,0.0,0.0,0.9999999913191685
2016-12-13,0.0012561211801767058,145072.35908080803,75216.64989614369,0.5184767820191482,0.0,0.0,69855.70792854317,0.4815232093222681,0.0,0.0,0.0,0.0,0.9999999913414163
2016-12-14,0.0012561211801767058,144053.39727399775,74750.96292261156,0.5189114893307999,0.0,0.0,69302.433095265,0.4810885019493698,0.0,0.0,0.0,0.0,0.9999999912801697
2016-12-15,0.0012561211801767058,146915.80002524788,76247.16315768361,0.518985453876168,0.0,0.0,70668.6356114431,0.4810145375738927,0.0,0.0,0.0,0.0,0.9999999914500607
2016-12-16,0.0012561211801767058,148440.59944901863,76884.20519682868,0.5179459358302732,0.0,0.0,71556.39299606877,0.4820540557076135,0.0,0.0,0.0,0.0,0.9999999915378867
2016-12-19,0.0012561211801767058,148263.5640152338,76744.98295341342,0.5176253752103789,0.0,0.0,71518.57980569922,0.48237461631740364,0.0,0.0,0.0,0.0,0.9999999915277824
2016-12-20,0.0012561211801767058,147595.92790851745,76504.09567545507,0.5183347315846929,0.0,0.0,71091.8309769412,0.4816652599047663,0.0,0.0,0.0,0.0,0.9999999914894592
2016-12-21,0.0012561211801767058,148220.73771596135,76854.52540163926,0.5185139851949547,0.0,0.0,71366.21105820092,0.4814860063303797,0.0,0.0,0.0,0.0,0.9999999915253345
2016-12-22,0.0012561211801767058,147825.574914974,76636.01940058848,0.5184219269545736,0.0,0.0,71189.55425826432,0.4815780645481067,0.0,0.0,0.0,0.0,0.9999999915026803
2016-12-23,0.0012561211801767058,147912.59543152616,76650.61551197786,0.5182156075914581,0.0,0.0,71261.97866342714,0.48178438391622147,0.0,0.0,0.0,0.0,0.9999999915076794
2016-12-27,0.0012561211801767058,147616.19201380646,76488.09203516335,0.5181551630054884,0.0,0.0,71128.09872252194,0.48184482848513915,0.0,0.0,0.0,0.0,0.9999999914906275
2016-12-28,0.0012561211801767058,147005.91314430026,76126.88141871775,0.5178491108993146,0.0,0.0,70879.03046946133,0.48215088055598715,0.0,0.0,0.0,0.0,0.9999999914553017
2016-12-29,0.0012561211801767058,146945.91620212703,75959.78943146972,0.5169234463582201,0.0,0.0,70986.12551453614,0.4830765450935929,0.0,0.0,0.0,0.0,0.999999991451813
2016-12-30,0.0012561211801767058,145368.4970361724,75112.56661788703,0.5167045690731507,0.0,0.0,70255.92916216419,0.48329542228590444,0.0,0.0,0.0,0.0,0.999999991359055
2017-01-03,0.001281046772874106,147624.17902538768,73858.64399767775,0.5003153581296185,0.0,0.0,73765.53374666318,0.4996846331926245,0.0,0.0,0.0,0.0,0.9999999913222428
2017-01-04,0.001281046772874106,148586.80654072113,74376.17782831065,0.5005570787869877,0.0,0.0,74210.6274313637,0.4994429125914744,0.0,0.0,0.0,0.0,0.9999999913784622
2017-01-05,0.001281046772874106,147904.33382127754,73957.01379104643,0.5000327703744876,0.0,0.0,73947.31874918436,0.4999672209641925,0.0,0.0,0.0,0.0,0.9999999913386799
2017-01-06,0.001281046772874106,145916.09497782605,73039.85261023641,0.5005606312404113,0.0,0.0,72876.24108654285,0.49943935998025024,0.0,0.0,0.0,0.0,0.9999999912206616
2017-01-09,0.001281046772874106,147575.1383780087,73863.98819592476,0.5005178311723799,0.0,0.0,73711.14890103717,0.49948216014697927,0.0,0.0,0.0,0.0,0.9999999913193591
2017-01-10,0.001281046772874106,145895.96750091048,73014.19240354921,0.5004538072863018,0.0,0.0,72881.7738163145,0.4995461839331486,0.0,0.0,0.0,0.0,0.9999999912194504
2017-01-11,0.001281046772874106,146020.33620453504,72984.9308819316,0.4998271664002981,0.0,0.0,73035.40404155664,0.5001728248266308,0.0,0.0,0.0,0.0,0.9999999912269291
2017-01-12,0.001281046772874106,144945.8294211115,72414.2377461662,0.4995951800433038,0.0,0.0,72531.59039389853,0.500404811118589,0.0,0.0,0.0,0.0,0.9999999911618929
2017-01-13,0.001281046772874106,144446.90874574904,72141.18658729071,0.49943046350871645,0.0,0.0,72305.72087741156,0.5005695276226495,0.0,0.0,0.0,0.0,0.999999991131366
2017-01-17,0.001281046772874106,144064.46180677274,71860.29295671798,0.49880652074417214,0.0,0.0,72204.16756900797,0.5011934703636503,0.0,0.0,0.0,0.0,0.9999999911078225
2017-01-18,0.001281046772874106,142641.48146685614,71180.6546712589,0.49901791498007037,0.0,0.0,71460.82551455045,0.5009820760390443,0.0,0.0,0.0,0.0,0.9999999910191147
2017-01-19,0.001281046772874106,144262.20134299557,72005.90221079314,0.4991321464698367,0.0,0.0,72256.29785115567,0.5008678446501743,0.0,0.0,0.0,0.0,0.9999999911200109
2017-01-20,0.001281046772874106,144988.30564400036,72340.00008732523,0.4989367919433899,0.0,0.0,72648.30427562834,0.5010631992210921,0.0,0.0,0.0,0.0,0.999999991164482
2017-01-23,0.001281046772874106,143378.6460691277,71501.12217523388,0.49868738571265886,0.0,0.0,71877.52261284704,0.5013126053526301,0.0,0.0,0.0,0.0,0.9999999910652889
2017-01-24,0.001281046772874106,142731.51896862424,71332.73376192217,0.4997686164721808,0.0,0.0,71398.78392565528,0.5002313745525991,0.0,0.0,0.0,0.0,0.9999999910247801
2017-01-25,0.001281046772874106,144916.12126824848,72609.81329130268,0.5010471758135007,0.0,0.0,72306.30669589902,0.4989528153465803,0.0,0.0,0.0,0.0,0.999999991160081
2017-01-26,0.001281046772874106,143936.0600432261,72086.98503154865,0.5008264434214739,0.0,0.0,71849.07373063068,0.49917354767841604,0.0,0.0,0.0,0.0,0.9999999910998899
2017-01-27,0.001281046772874106,145340.66369241694,72722.97844220861,0.5003622289499898,0.0,0.0,72617.68396916156,0.49963776223591266,0.0,0.0,0.0,0.0,0.9999999911859025
2017-01-30,0.001281046772874106,145067.822238468,72537.2704376695,0.5000231568819581,0.0,0.0,72530.55051975173,0.499976834287367,0.0,0.0,0.0,0.0,0.9999999911693251
2017-01-31,0.001281046772874106,143809.31567000807,71749.57786765914,0.4989216278053868,0.0,0.0,72059.73652130214,0.5010783632866591,0.0,0.0,0.0,0.0,0.999999991092046
2017-02-01,0.001281046772874106,142075.85860558896,71075.1514855432,0.5002619880894196,0.0,0.0,71000.70583899897,0.499738002893941,0.0,0.0,0.0,0.0,0.9999999909833607
2017-02-02,0.001281046772874106,143235.75007693062,71453.702814769,0.49885383206630934,0.0,0.0,71782.04598111485,0.5011461589900661,0.0,0.0,0.0,0.0,0.9999999910563754
2017-02-03,0.001281046772874106,143470.2360567993,71644.06542902192,0.49936535547804023,0.0,0.0,71826.1693467306,0.5006346355929526,0.0,0.0,0.0,0.0,0.9999999910709928
2017-02-06,0.001281046772874106,142995.29353769182,71467.39688132942,0.4997884553626339,0.0,0.0,71527.89537531561,0.5002115356787021,0.0,0.0,0.0,0.0,0.9999999910413361
2017-02-07,0.001281046772874106,142261.3586395845,71063.29079736382,0.4995263048021413,0.0,0.0,71198.06656117392,0.5004736861929766,0.0,0.0,0.0,0.0,0.9999999909951178
2017-02-08,0.001281046772874106,143192.31639621517,71388.71300513251,0.4985512826512208,0.0,0.0,71803.60211003588,0.5014487084024417,0.0,0.0,0.0,0.0,0.9999999910536627
2017-02-09,0.001281046772874106,143302.01118833252,71466.28735149835,0.49871098639065753,0.0,0.0,71835.7225557874,0.5012890046698534,0.0,0.0,0.0,0.0,0.9999999910605109
2017-02-10,0.001281046772874106,145814.35768619995,72760.67383308474,0.49899526348200557,0.0,0.0,73053.68257206843,0.5010047277325306,0.0,0.0,0.0,0.0,0.9999999912145361
2017-02-13,0.001281046772874106,147069.26382401492,73469.8284095802,0.4995593674657622,0.0,0.0,73599.43413338794,0.5004406238237381,0.0,0.0,0.0,0.0,0.9999999912895003
2017-02-14,0.001281046772874106,147165.01839054376,73653.38396218554,0.5004816006391246,0.0,0.0,73511.63314731143,0.49951839065604325,0.0,0.0,0.0,0.0,0.9999999912951679
2017-02-15,0.001281046772874106,148685.8263655547,74503.98732518121,0.5010833187422172,0.0,0.0,74181.83775932672,0.49891667264198664,0.0,0.0,0.0,0.0,0.9999999913842038
2017-02-16,0.001281046772874106,148838.4315073021,74463.22858100508,0.5002957087555163,0.0,0.0,74375.20164525026,0.49970428263752137,0.0,0.0,0.0,0.0,0.9999999913930376
2017-02-17,0.001281046772874106,148155.63164821605,74243.66096564231,0.501119398160497,0.0,0.0,73911.96940152698,0.49888059319287414,0.0,0.0,0.0,0.0,0.999999991353371
2017-02-21,0.001281046772874106,148983.68346398365,74554.68785807752,0.5004218322746792,0.0,0.0,74428.99432485933,0.49957815912674974,0.0,0.0,0.0,0.0,0.999999991401429
2017-02-22,0.001281046772874106,149500.73115527173,74800.42361023273,0.5003348347008743,0.0,0.0,74700.30626399223,0.4996651567302929,0.0,0.0,0.0,0.0,0.9999999914311671
2017-02-23,0.001281046772874106,149777.0380326602,74849.73382733604,0.4997410471624789,0.0,0.0,74927.30292427739,0.5002589442844959,0.0,0.0,0.0,0.0,0.9999999914469748
2017-02-24,0.001281046772874106,149399.34927113398,74598.71617992765,0.49932423764807626,0.0,0.0,74800.63181015955,0.5006757537772761,0.0,0.0,0.0,0.0,0.9999999914253523
2017-02-27,0.001281046772874106,148594.4461624885,74261.54590834642,0.4997599023798049,0.0,0.0,74332.89897309529,0.5002400889991006,0.0,0.0,0.0,0.0,0.9999999913789054
2017-02-28,0.001281046772874106,149251.41677042242,74518.2332859825,0.49927990566820524,0.0,0.0,74733.18220339315,0.5007200857486482,0.0,0.0,0.0,0.0,0.9999999914168535
2017-03-01,0.001281046772874106,151156.68895402324,75718.08146659665,0.5009244512469279,0.0,0.0,75438.60620637983,0.4990755402781131,0.0,0.0,0.0,0.0,0.9999999915250408
2017-03-02,0.001281046772874106,152100.18685682828,76138.89617717636,0.500583843784793,0.0,0.0,75961.28939860515,0.49941614779281907,0.0,0.0,0.0,0.0,0.9999999915776121
2017-03-03,0.001281046772874106,152221.20286527142,76255.31652329235,0.5009506894436034,0.0,0.0,75965.88506093231,0.49904930214070453,0.0,0.0,0.0,0.0,0.9999999915843079
2017-03-06,0.001281046772874106,151225.01668933203,75729.86609960915,0.5007760472275843,0.0,0.0,75495.14930867612,0.49922394430128586,0.0,0.0,0.0,0.0,0.99999999152887
2017-03-07,0.001281046772874106,150996.34145011188,75580.94719850546,0.5005482018481677,0.0,0.0,75415.39297055967,0.49945178966787335,0.0,0.0,0.0,0.0,0.999999991516041
2017-03-08,0.001281046772874106,150632.36533082533,75463.4382194662,0.500977582432103,0.0,0.0,75168.92583031235,0.499022409063438,0.0,0.0,0.0,0.0,0.999999991495541
2017-03-09,0.001281046772874106,151305.33618650454,75784.69774575287,0.5008726040721911,0.0,0.0,75520.6371597049,0.4991273874611757,0.0,0.0,0.0,0.0,0.9999999915333668
2017-03-10,0.001281046772874106,152917.69747316826,76575.11140009115,0.5007602956716466,0.0,0.0,76342.58479203033,0.49923969595099227,0.0,0.0,0.0,0.0,0.9999999916226389
2017-03-13,0.001281046772874106,152501.3940841303,76308.16804825308,0.5003768556119311,0.0,0.0,76193.22475483043,0.4996231359878388,0.0,0.0,0.0,0.0,0.99999999159977
2017-03-14,0.001281046772874106,152267.27287169785,76191.18140054189,0.5003779207679213,0.0,0.0,76076.09019010919,0.4996220708189328,0.0,0.0,0.0,0.0,0.9999999915868542
2017-03-15,0.001281046772874106,153378.4284547952,76725.6330380184,0.500237444150313,0.0,0.0,76652.79413573006,0.4997625474974906,0.0,0.0,0.0,0.0,0.9999999916478035
2017-03-16,0.001281046772874106,151281.87452422408,75720.64735655744,0.5005268978500966,0.0,0.0,75561.22588661988,0.4994730936819573,0.0,0.0,0.0,0.0,0.9999999915320538
2017-03-17,0.001281046772874106,151408.61637965654,75668.99761395981,0.49976678621922077,0.0,0.0,75739.61748464993,0.5002332053199213,0.0,0.0,0.0,0.0,0.9999999915391422
2017-03-20,0.001281046772874106,150245.5644573429,75122.61340769059,0.4999988763662909,0.0,0.0,75122.94976860553,0.5000011151073556,0.0,0.0,0.0,0.0,0.9999999914736466
2017-03-21,0.001281046772874106,149010.10193345754,74313.02933082296,0.49871135155661084,0.0,0.0,74697.07132158779,0.5012886398463425,0.0,0.0,0.0,0.0,0.9999999914029535
2017-03-22,0.001281046772874106,147881.2882201653,73766.85360762566,0.4988247972103255,0.0,0.0,74114.43333149287,0.5011751941270046,0.0,0.0,0.0,0.0,0.9999999913373302
2017-03-23,0.001281046772874106,147528.41700704617,73568.54984880541,0.498673756157037,0.0,0.0,73959.86587719397,0.501326235159573,0.0,0.0,0.0,0.0,0.99999999131661
2017-03-24,0.001281046772874106,146887.9262791155,73233.7568295925,0.498568934048631,0.0,0.0,73654.16816847622,0.5014310572301159,0.0,0.0,0.0,0.0,0.999999991278747
2017-03-27,0.001281046772874106,146021.02043268038,72805.11923286213,0.49859341495580933,0.0,0.0,73215.8999187715,0.5014065762711609,0.0,0.0,0.0,0.0,0.9999999912269701
2017-03-28,0.001281046772874106,146882.49972713774,73321.29218464933,0.4991833085688058,0.0,0.0,73561.20626144162,0.5008166827096189,0.0,0.0,0.0,0.0,0.9999999912784248
2017-03-29,0.001281046772874106,147399.6995564957,73551.82228311618,0.49899574086258613,0.0,0.0,73847.87599233276,0.5010042504464411,0.0,0.0,0.0,0.0,0.9999999913090273
2017-03-30,0.001281046772874106,147400.44276408103,73584.89412343368,0.49921759218327844,0.0,0.0,73815.54735960058,0.5007823991257926,0.0,0.0,0.0,0.0,0.999999991309071
2017-03-31,0.001281046772874106,148026.4554742051,73844.47992288224,0.4988600158418998,0.0,0.0,74181.9742702761,0.5011399755039257,0.0,0.0,0.0,0.0,0.9999999913458255
2017-04-03,0.001281046772874106,147075.13347842163,73325.15532641875,0.4985557625699981,0.0,0.0,73749.9768709561,0.5014442287198498,0.0,0.0,0.0,0.0,0.999999991289848
2017-04-04,0.001281046772874106,146350.87749259357,72938.65710966018,0.4983820962286435,0.0,0.0,73412.21910188661,0.5016178950181,0.0,0.0,0.0,0.0,0.9999999912467434
2017-04-05,0.001281046772874106,146372.17625112017,72832.9626275491,0.49758748208125875,0.0,0.0,73539.21234252429,0.5024125091667584,0.0,0.0,0.0,0.0,0.9999999912480172
2017-04-06,0.001281046772874106,145887.2204633701,72692.50202716126,0.49827875119063747,0.0,0.0,73194.71715516204,0.5017212400282864,0.0,0.0,0.0,0.0,0.999999991218924
2017-04-07,0.001281046772874106,146502.846715635,73012.21987102844,0.49836724342119193,0.0,0.0,73490.62556355979,0.5016327478346314,0.0,0.0,0.0,0.0,0.9999999912558233
2017-04-10,0.001281046772874106,147044.45868943565,73228.16497591208,0.49800016694660476,0.0,0.0,73816.2924324768,0.5019998243414262,0.0,0.0,0.0,0.0,0.999999991288031
2017-04-11,0.001281046772874106,146459.86875734047,72903.72278197572,0.49777268954654746,0.0,0.0,73556.14469431799,0.50222730170671,0.0,0.0,0.0,0.0,0.9999999912532574
2017-04-12,0.001281046772874106,144644.872703125,71930.92112749987,0.4972932657981856,0.0,0.0,72713.95029457836,0.5027067253453181,0.0,0.0,0.0,0.0,0.9999999911435037
2017-04-13,0.001281046772874106,143102.47334726158,71115.64694774682,0.49695609925045153,0.0,0.0,71986.82511846798,0.5030438917975943,0.0,0.0,0.0,0.0,0.9999999910480459
2017-04-17,0.001281046772874106,143339.47727335332,71268.38303066282,0.4971999646318757,0.0,0.0,72071.0929616437,0.5028000264309717,0.0,0.0,0.0,0.0,0.9999999910628474
2017-04-18,0.001281046772874106,144170.96147099847,71559.75397843703,0.4963534490462009,0.0,0.0,72611.20621151467,0.5036465420681903,0.0,0.0,0.0,0.0,0.9999999911143911
2017-04-19,0.001281046772874106,143147.24094124197,70935.09192090089,0.49553935831720153,0.0,0.0,72212.14773929429,0.5044606327336438,0.0,0.0,0.0,0.0,0.9999999910508455
2017-04-20,0.001281046772874106,144282.24508129794,71644.10262482867,0.4965552246879701,0.0,0.0,72638.14117542251,0.5034447664332745,0.0,0.0,0.0,0.0,0.9999999911212445
2017-04-21,0.001281046772874106,144824.77512293716,71871.18306163255,0.4962630392529412,0.0,0.0,72953.59078025784,0.5037369519015642,0.0,0.0,0.0,0.0,0.9999999911545053
2017-04-24,0.001281046772874106,146782.60899471893,72876.22084218187,0.4964908400340797,0.0,0.0,73906.38687149028,0.5035091512384097,0.0,0.0,0.0,0.0,0.9999999912724894
2017-04-25,0.001281046772874106,147033.85333021544,73140.44379666456,0.4974394817253573,0.0,0.0,73893.40825250412,0.5025605095620453,0.0,0.0,0.0,0.0,0.9999999912874026
2017-04-26,0.001281046772874106,148771.5799097329,73946.70598320523,0.49704860315439525,0.0,0.0,74824.87264548092,0.5029513882347749,0.0,0.0,0.0,0.0,0.9999999913891701
2017-04-27,0.001281046772874106,149103.68801417458,74103.79295760323,0.49699503710839493,0.0,0.0,74999.89377552459,0.5030049542999547,0.0,0.0,0.0,0.0,0.9999999914083495
2017-04-28,0.001281046772874106,148788.69339911803,73935.34131992208,0.49691505201671693,0.0,0.0,74853.35079814919,0.5030849393734437,0.0,0.0,0.0,0.0,0.9999999913901605
2017-05-01,0.001281046772874106,148732.18527355004,73905.06843924729,0.4969003064354913,0.0,0.0,74827.11555325598,0.503099684951398,0.0,0.0,0.0,0.0,0.9999999913868893
2017-05-02,0.001281046772874106,149514.46519588414,74375.60972835113,0.4974475856293171,0.0,0.0,75138.85418648623,0.5025524058026372,0.0,0.0,0.0,0.0,0.9999999914319543
2017-05-03,0.001281046772874106,149358.0826833424,74378.4392773187,0.49798737330479925,0.0,0.0,74979.6421249769,0.502012618118184,0.0,0.0,0.0,0.0,0.9999999914229832
2017-05-04,0.001281046772874106,150823.81938435545,75001.04572995927,0.4972758682024129,0.0,0.0,75822.7723733494,0.5027241233039236,0.0,0.0,0.0,0.0,0.9999999915063364
2017-05-05,0.001281046772874106,151031.8809396482,75092.76260792006,0.4971980891764624,0.0,0.0,75939.11705068135,0.5028019023415748,0.0,0.0,0.0,0.0,0.9999999915180373
2017-05-08,0.001281046772874106,150963.3960076322,75160.16530566328,0.4978701280796799,0.0,0.0,75803.22942092214,0.5021298634345096,0.0,0.0,0.0,0.0,0.9999999915141895
2017-05-09,0.001281046772874106,151495.62357633555,75514.07617800796,0.4984571461231549,0.0,0.0,75981.5461172808,0.5015428454208465,0.0,0.0,0.0,0.0,0.9999999915440014
2017-05-10,0.001281046772874106,152206.34469517518,75815.86911961569,0.49811240964660647,0.0,0.0,76390.47429451274,0.50188758193688,0.0,0.0,0.0,0.0,0.9999999915834864
2017-05-11,0.001281046772874106,152762.06144925096,76059.61034710745,0.4978959410833506,0.0,0.0,76702.44982109673,0.5021040505307531,0.0,0.0,0.0,0.0,0.9999999916141039
2017-05-12,0.001281046772874106,151822.82388476306,75611.03350283192,0.49802151987518295,0.0,0.0,76211.78910088437,0.5019784716870425,0.0,0.0,0.0,0.0,0.9999999915622253
2017-05-15,0.001281046772874106,151899.1483644734,75685.29447760589,0.4982601633552501,0.0,0.0,76213.85260582074,0.501739828211215,0.0,0.0,0.0,0.0,0.999999991566465
2017-05-16,0.001281046772874106,152050.35242265277,75871.359880489,0.49898838556842134,0.0,0.0,76178.991261117,0.5010116060064305,0.0,0.0,0.0,0.0,0.9999999915748516
2017-05-17,0.001281046772874106,149333.84571755482,74245.47739702828,0.497177830251916,0.0,0.0,75088.36703947977,0.5028221611696753,0.0,0.0,0.0,0.0,0.9999999914215912
2017-05-18,0.001281046772874106,147670.96833501128,73394.9135079547,0.49701653842648713,0.0,0.0,74276.05354600979,0.5029834528985051,0.0,0.0,0.0,0.0,0.9999999913249924
2017-05-19,0.001281046772874106,148699.4267005528,73960.69590037152,0.4973838671840458,0.0,0.0,74738.72951913452,0.502616124200946,0.0,0.0,0.0,0.0,0.9999999913849918
2017-05-22,0.001281046772874106,149497.63957594635,74357.61823513311,0.49738322588938716,0.0,0.0,75140.02005976647,0.5026167655416028,0.0,0.0,0.0,0.0,0.9999999914309899
2017-05-23,0.001281046772874106,149032.0470129205,74064.86547531228,0.49697274485460935,0.0,0.0,74967.18025656145,0.5030272465496102,0.0,0.0,0.0,0.0,0.9999999914042195
2017-05-24,0.001281046772874106,150989.4939610688,74990.25274668497,0.49665874611130556,0.0,0.0,75999.23993333706,0.5033412454043507,0.0,0.0,0.0,0.0,0.9999999915156562
2017-05-25,0.001281046772874106,151399.08135491126,75135.37327668023,0.496273640528552,0.0,0.0,76263.70679718425,0.5037263510100572,0.0,0.0,0.0,0.0,0.9999999915386093
2017-05-26,0.001281046772874106,151611.85333391515,75253.88294727073,0.4963588353578727,0.0,0.0,76357.96910559764,0.5036411561926114,0.0,0.0,0.0,0.0,0.999999991550484
2017-05-30,0.001281046772874106,150925.2704594264,74839.05627630807,0.4958682932851012,0.0,0.0,76086.21290207155,0.5041316982269447,0.0,0.0,0.0,0.0,0.9999999915120459
2017-05-31,0.001281046772874106,150862.61516859592,74774.46641004793,0.4956460971227631,0.0,0.0,76088.14747750122,0.5043538943857576,0.0,0.0,0.0,0.0,0.9999999915085207
2017-06-01,0.001281046772874106,151840.80124937883,75258.24661196172,0.4956391562262623,0.0,0.0,76582.55335637032,0.504360835336962,0.0,0.0,0.0,0.0,0.9999999915632244
2017-06-02,0.001281046772874106,153148.57570340228,75905.98981109695,0.495636276488144,0.0,0.0,77242.58461125854,0.504363715147124,0.0,0.0,0.0,0.0,0.9999999916352681
2017-06-05,0.001281046772874106,151667.72600614862,75192.45436739539,0.49577096161082473,0.0,0.0,76475.27035770645,0.504229029942772,0.0,0.0,0.0,0.0,0.9999999915535968
2017-06-06,0.001281046772874106,151008.33815756277,74866.15682063853,0.4957749865608272,0.0,0.0,76142.18005587748,0.504225004955888,0.0,0.0,0.0,0.0,0.9999999915167149
2017-06-07,0.001281046772874106,150057.78674073418,74334.37108167332,0.49537163446310356,0.0,0.0,75723.41437801409,0.5046283569998734,0.0,0.0,0.0,0.0,0.999999991462977
2017-06-08,0.001281046772874106,150291.23267763865,74679.53986374148,0.4968988445515146,0.0,0.0,75611.6915328504,0.5031011469247229,0.0,0.0,0.0,0.0,0.9999999914762375
2017-06-09,0.001281046772874106,150249.15726798197,74711.50727473438,0.4972507575631865,0.0,0.0,75537.64871220081,0.5027492339106641,0.0,0.0,0.0,0.0,0.9999999914738505
2017-06-12,0.001281046772874106,150780.49010544276,74963.21846318038,0.49716789228339575,0.0,0.0,75817.2703612156,0.5028320992205,0.0,0.0,0.0,0.0,0.9999999915038956
2017-06-13,0.001281046772874106,150912.3844200166,75102.805194641,0.4976583299195395,0.0,0.0,75809.57794432882,0.5023416615917815,0.0,0.0,0.0,0.0,0.9999999915113211
2017-06-14,0.001281046772874106,151229.45456380595,75174.38047820047,0.49708822064476393,0.0,0.0,76055.0728045587,0.5029117708843547,0.0,0.0,0.0,0.0,0.9999999915291186
2017-06-15,0.001281046772874106,150459.41285373847,74718.67106963295,0.49660350025602545,0.0,0.0,75740.74050305873,0.5033964912297396,0.0,0.0,0.0,0.0,0.9999999914857651
2017-06-16,0.001281046772874106,152682.7742828115,75807.23322830131,0.49650154435814065,0.0,0.0,76875.5397734634,0.5034984472516084,0.0,0.0,0.0,0.0,0.9999999916097492
2017-06-19,0.001281046772874106,153547.97411650326,76362.40751019212,0.49731953775080595,0.0,0.0,77185.56532526438,0.5026804539062201,0.0,0.0,0.0,0.0,0.9999999916570259
2017-06-20,0.001281046772874106,153762.05158568255,76340.37039256515,0.4964838177255013,0.0,0.0,77421.67991207064,0.5035161739431403,0.0,0.0,0.0,0.0,0.9999999916686415
2017-06-21,0.001281046772874106,153085.24055378948,76037.93154777536,0.4967032175845714,0.0,0.0,77047.30772496735,0.5032967740472359,0.0,0.0,0.0,0.0,0.9999999916318074
2017-06-22,0.001281046772874106,152842.20166671806,75950.82922525826,0.4969231560199177,0.0,0.0,76891.37116041302,0.5030768355985832,0.0,0.0,0.0,0.0,0.999999991618501
2017-06-23,0.001281046772874106,152961.48355921975,76068.4450596466,0.49730457164529496,0.0,0.0,76893.03721852637,0.502695419979742,0.0,0.0,0.0,0.0,0.9999999916250369
2017-06-26,0.001281046772874106,153045.4472615951,76063.88266708006,0.4970019300023136,0.0,0.0,76981.56331346827,0.5029980616273181,0.0,0.0,0.0,0.0,0.9999999916296316
2017-06-27,0.001281046772874106,152751.73752648506,75939.16459804756,0.497141085448411,0.0,0.0,76812.57164739071,0.5028589061651261,0.0,0.0,0.0,0.0,0.9999999916135371
2017-06-28,0.001281046772874106,154068.0350904938,76746.53529668819,0.4981340565004944,0.0,0.0,77321.49851275884,0.5018659351846935,0.0,0.0,0.0,0.0,0.9999999916851878
2017-06-29,0.001281046772874106,152634.67764027865,75968.43576429495,0.4977141298344623,0.0,0.0,76666.24059493693,0.502285861772643,0.0,0.0,0.0,0.0,0.9999999916071053
2017-06-30,0.001281046772874106,152609.3550129659,75990.61169354328,0.4979420277812393,0.0,0.0,76618.74203837586,0.5020579638244734,0.0,0.0,0.0,0.0,0.9999999916057126
2017-07-03,0.0001170387573665721,153228.01090244876,76673.13658167767,0.5003859028783643,0.0,0.0,76554.87420373232,0.49961409635781473,0.0,0.0,0.0,0.0,0.9999999992361791
2017-07-05,0.0001170387573665721,154215.4118909162,77120.21754765067,0.500081130686221,0.0,0.0,77095.19422622678,0.4999188685548487,0.0,0.0,0.0,0.0,0.9999999992410696
2017-07-06,0.0001170387573665721,153244.01849974712,76642.01413164785,0.5001305426598058,0.0,0.0,76602.00425106051,0.49986945657645304,0.0,0.0,0.0,0.0,0.9999999992362589
2017-07-07,0.0001170387573665721,154172.98540116582,77123.61413784046,0.5002407778325169,0.0,0.0,77049.3711462866,0.49975922140834395,0.0,0.0,0.0,0.0,0.9999999992408608
2017-07-10,0.0001170387573665721,155221.29028115675,77745.5931439985,0.5008693910685557,0.0,0.0,77475.6970201195,0.49913060817743216,0.0,0.0,0.0,0.0,0.9999999992459877
2017-07-11,0.0001170387573665721,154864.74377107652,77516.15009374268,0.5005409766365433,0.0,0.0,77348.59356029509,0.49945902260770847,0.0,0.0,0.0,0.0,0.9999999992442518
2017-07-12,0.0001170387573665721,155674.54355240238,77979.49556379784,0.5009135969462392,0.0,0.0,77695.04787156578,0.4990864023019439,0.0,0.0,0.0,0.0,0.9999999992481831
2017-07-13,0.0001170387573665721,155108.2978463796,77758.53477506006,0.5013176977293161,0.0,0.0,77349.76295428078,0.49868230151612236,0.0,0.0,0.0,0.0,0.9999999992454385
2017-07-14,0.0001170387573665721,156141.89412076565,78292.87407901797,0.5014213162962113,0.0,0.0,77849.01992470893,0.49857868295422214,0.0,0.0,0.0,0.0,0.9999999992504334
2017-07-17,0.0001170387573665721,154700.98644503593,77505.78163171721,0.5010037971493764,0.0,0.0,77195.20469627998,0.49899620209407547,0.0,0.0,0.0,0.0,0.9999999992434517
2017-07-18,0.0001170387573665721,155004.82991636597,77746.01909006161,0.5015715905885647,0.0,0.0,77258.8107092656,0.4984284086563701,0.0,0.0,0.0,0.0,0.9999999992449348
2017-07-19,0.0001170387573665721,154808.33402033855,77577.0607334433,0.5011168243904189,0.0,0.0,77231.27316985649,0.4988831748535575,0.0,0.0,0.0,0.0,0.9999999992439764
2017-07-20,0.0001170387573665721,155005.91173639943,77700.06710589446,0.501271636903952,0.0,0.0,77305.8445134662,0.4987283623409879,0.0,0.0,0.0,0.0,0.9999999992449401
2017-07-21,0.0001170387573665721,155168.00482432396,77685.11657904123,0.5006516431463672,0.0,0.0,77482.88812824397,0.4993483560993615,0.0,0.0,0.0,0.0,0.9999999992457288
2017-07-24,0.0001170387573665721,153501.43340019134,76839.59054355594,0.5005789772869975,0.0,0.0,76661.84273959663,0.49942102195054205,0.0,0.0,0.0,0.0,0.9999999992375397
2017-07-25,0.0001170387573665721,154124.27360850215,77140.10905550077,0.5005059050688392,0.0,0.0,76984.16443596264,0.4994940941717818,0.0,0.0,0.0,0.0,0.9999999992406209
2017-07-26,0.0001170387573665721,155229.17338868006,77664.57010192264,0.5003219975117529,0.0,0.0,77564.60316971868,0.4996780017342733,0.0,0.0,0.0,0.0,0.999999999246026
2017-07-27,0.0001170387573665721,154085.16867456838,76956.14884278309,0.49943904078994356,0.0,0.0,77129.01971474654,0.5005609584504846,0.0,0.0,0.0,0.0,0.9999999992404282
2017-07-28,0.0001170387573665721,153452.08410923815,76375.56857695548,0.4977160722208628,0.0,0.0,77076.51541524389,0.5022839270164315,0.0,0.0,0.0,0.0,0.9999999992372944
2017-07-31,0.0001170387573665721,152856.90690028502,75972.02658326722,0.4970140252335929,0.0,0.0,76884.88019997904,0.5029859740007319,0.0,0.0,0.0,0.0,0.9999999992343247
2017-08-01,0.0001170387573665721,153002.8861013902,76130.75078351937,0.49757722042622066,0.0,0.0,76872.13520083207,0.5024227788088345,0.0,0.0,0.0,0.0,0.9999999992350552
2017-08-02,0.0001170387573665721,152955.4839707073,76171.03076249013,0.4979947680534144,0.0,0.0,76784.45309117841,0.5020052311814037,0.0,0.0,0.0,0.0,0.9999999992348182
2017-08-03,0.0001170387573665721,153258.4743791897,76263.46908081639,0.49761339064439936,0.0,0.0,76995.00518133453,0.5023866085919315,0.0,0.0,0.0,0.0,0.999999999236331
2017-08-04,0.0001170387573665721,152163.08752924754,75763.84494622234,0.49791211637749944,0.0,0.0,76399.24246598643,0.5020878828533339,0.0,0.0,0.0,0.0,0.9999999992308335
2017-08-07,0.0001170387573665721,153674.55021824208,76597.64835016213,0.49844068677202175,0.0,0.0,77076.90175104121,0.501559312466377,0.0,0.0,0.0,0.0,0.9999999992383986
2017-08-08,0.0001170387573665721,153205.3893979279,76400.47989448601,0.49868010645531063,0.0,0.0,76804.90938640315,0.5013198927807557,0.0,0.0,0.0,0.0,0.9999999992360663
2017-08-09,0.0001170387573665721,152340.62793129295,75893.02509855344,0.4981798101343123,0.0,0.0,76447.60271570076,0.5018201890974175,0.0,0.0,0.0,0.0,0.9999999992317299
2017-08-10,0.0001170387573665721,150780.05484748902,74829.36669987703,0.4962815988863078,0.0,0.0,75950.68803057325,0.5037184003374706,0.0,0.0,0.0,0.0,0.9999999992237782
2017-08-11,0.0001170387573665721,149544.0863017603,74168.19520729365,0.4959620740711337,0.0,0.0,75375.8909774279,0.5040379251462291,0.0,0.0,0.0,0.0,0.9999999992173628
2017-08-14,0.0001170387573665721,151108.79220099465,74962.15877727055,0.49608072227565014,0.0,0.0,76146.63330668533,0.5039192769498168,0.0,0.0,0.0,0.0,0.9999999992254669
2017-08-15,0.0001170387573665721,152171.84561558816,75443.923152645,0.49578108780535607,0.0,0.0,76727.92234590442,0.5042189114255218,0.0,0.0,0.0,0.0,0.9999999992308777
2017-08-16,0.0001170387573665721,153504.75032462119,76051.35016866695,0.4954332032581326,0.0,0.0,77453.4000389155,0.5045667959794236,0.0,0.0,0.0,0.0,0.9999999992375561
2017-08-17,0.0001170387573665721,150624.69429133955,74463.2327502483,0.49436271456406006,0.0,0.0,76161.4614240525,0.5056372846589177,0.0,0.0,0.0,0.0,0.9999999992229777
2017-08-18,0.0001170387573665721,149378.6362919282,73818.90047467762,0.494173077938766,0.0,0.0,75559.73570021185,0.5058269212777301,0.0,0.0,0.0,0.0,0.9999999992164961
2017-08-21,0.0001170387573665721,149827.2306910336,73983.55673568854,0.49379245945120503,0.0,0.0,75843.67383830629,0.5062075397676369,0.0,0.0,0.0,0.0,0.9999999992188419
2017-08-22,0.0001170387573665721,150521.23462652598,74406.99553961978,0.4943288946854494,0.0,0.0,76114.23896986747,0.5056711045369943,0.0,0.0,0.0,0.0,0.9999999992224435
2017-08-23,0.0001170387573665721,151076.52171602697,74733.61288483415,0.4946739045614791,0.0,0.0,76342.90871415405,0.5053260946638223,0.0,0.0,0.0,0.0,0.9999999992253015
2017-08-24,0.0001170387573665721,149683.89329663923,74124.66505540897,0.4952080242094642,0.0,0.0,75559.22812419149,0.5047919750086296,0.0,0.0,0.0,0.0,0.9999999992180939
2017-08-25,0.0001170387573665721,150918.5459812384,74696.06384380207,0.4949429068385538,0.0,0.0,76222.48202039757,0.5050570923859368,0.0,0.0,0.0,0.0,0.9999999992244906
2017-08-28,0.0001170387573665721,150747.04794892538,74641.49443394419,0.49514398755744443,0.0,0.0,76105.55339794245,0.504856011666164,0.0,0.0,0.0,0.0,0.9999999992236083
2017-08-29,0.0001170387573665721,149917.90577126763,74205.91676712222,0.49497701015340684,0.0,0.0,75711.98888710665,0.5050229890659076,0.0,0.0,0.0,0.0,0.9999999992193144
2017-08-30,0.0001170387573665721,152000.17625214465,75386.66157076976,0.4959643036578788,0.0,0.0,76613.51456433612,0.5040356955721302,0.0,0.0,0.0,0.0,0.999999999230009
2017-08-31,0.0001170387573665721,153726.52976658192,76291.40687816693,0.4962800304801498,0.0,0.0,77435.12277137625,0.5037199687585064,0.0,0.0,0.0,0.0,0.9999999992386561
2017-09-01,0.0001170387573665721,153345.5693461974,76203.88474339731,0.4969422009928257,0.0,0.0,77141.68448576132,0.5030577982439389,0.0,0.0,0.0,0.0,0.9999999992367646
2017-09-05,0.0001170387573665721,152057.48305832857,75460.6383057942,0.4962638917076369,0.0,0.0,76596.84463549561,0.5037361075226624,0.0,0.0,0.0,0.0,0.9999999992302993
2017-09-06,0.0001170387573665721,150689.8676243974,74799.44382964015,0.4963800486976456,0.0,0.0,75890.42367771849,0.5036199505256681,0.0,0.0,0.0,0.0,0.9999999992233137
2017-09-07,0.0001170387573665721,151825.07396081896,75395.55092669482,0.49659485722465,0.0,0.0,76429.52291708537,0.503405142004471,0.0,0.0,0.0,0.0,0.9999999992291211
2017-09-08,0.0001170387573665721,150958.82418572286,74877.88008402902,0.4960152577229116,0.0,0.0,76080.94398465508,0.503984741501786,0.0,0.0,0.0,0.0,0.9999999992246975
2017-09-11,0.0001170387573665721,152200.62552341368,75573.89708838466,0.4965413041404275,0.0,0.0,76626.72831799024,0.5034586950905956,0.0,0.0,0.0,0.0,0.9999999992310231
2017-09-12,0.0001170387573665721,154077.7563975551,76626.9291638545,0.49732635622068555,0.0,0.0,77450.82711666185,0.5026736430197062,0.0,0.0,0.0,0.0,0.9999999992403916
2017-09-13,0.0001170387573665721,154906.81947540987,77098.07929588108,0.49770616656498934,0.0,0.0,77808.74006249003,0.5022938326794677,0.0,0.0,0.0,0.0,0.999999999244457
2017-09-14,0.0001170387573665721,155389.0387692766,77360.8644135402,0.497852776658246,0.0,0.0,78028.17423869764,0.5021472225885556,0.0,0.0,0.0,0.0,0.9999999992468017
2017-09-15,0.0001170387573665721,154893.4842106685,77255.48408358806,0.49876522874592927,0.0,0.0,77638.00001004168,0.5012347704984627,0.0,0.0,0.0,0.0,0.999999999244392
2017-09-18,0.0001170387573665721,157016.0405088601,78397.87453348709,0.4992985065692269,0.0,0.0,78618.16585833425,0.5007014926853793,0.0,0.0,0.0,0.0,0.9999999992546064
2017-09-19,0.0001170387573665721,157358.69544752507,78731.14015259601,0.5003291361096136,0.0,0.0,78627.5551778903,0.49967086314661585,0.0,0.0,0.0,0.0,0.9999999992562295
2017-09-20,0.0001170387573665721,157253.74088514448,78646.10563307485,0.5001223194462296,0.0,0.0,78607.63513503085,0.4998776798095033,0.0,0.0,0.0,0.0,0.9999999992557331
2017-09-21,0.0001170387573665721,158062.04842578952,79101.8443505003,0.5004480527635247,0.0,0.0,78960.20395825047,0.49955194649601453,0.0,0.0,0.0,0.0,0.9999999992595392
2017-09-22,0.0001170387573665721,158234.29140828954,79293.02226744161,0.5011114946180852,0.0,0.0,78941.26902380919,0.49888850464226003,0.0,0.0,0.0,0.0,0.9999999992603452
2017-09-25,0.0001170387573665721,158289.64076813692,79369.67266484105,0.5014205116625539,0.0,0.0,78919.96798625709,0.4985794875980499,0.0,0.0,0.0,0.0,0.9999999992606038
2017-09-26,0.0001170387573665721,157356.51050791724,78980.01639487316,0.50191769085334,0.0,0.0,78376.4939960053,0.498082308402879,0.0,0.0,0.0,0.0,0.9999999992562192
2017-09-27,0.0001170387573665721,158523.8108872979,79683.8882539363,0.5026619522198299,0.0,0.0,78839.92251632285,0.4973380470418661,0.0,0.0,0.0,0.0,0.999999999261696
2017-09-28,0.0001170387573665721,159232.73378567558,79943.38120662984,0.5020536877438292,0.0,0.0,79289.35246200697,0.4979463115211538,0.0,0.0,0.0,0.0,0.9999999992649831
2017-09-29,0.0001170387573665721,158986.76939952382,79737.36447207633,0.5015345916722247,0.0,0.0,79249.40481040873,0.49846540759162117,0.0,0.0,0.0,0.0,0.999999999263846
2017-10-02,0.0001170387573665721,159936.26543407488,80314.09136146141,0.5021631031804139,0.0,0.0,79622.17395557473,0.49783689608780246,0.0,0.0,0.0,0.0,0.9999999992682163
2017-10-03,0.0001170387573665721,160462.6717761254,80605.13864871995,0.5023295309527114,0.0,0.0,79857.5330103667,0.4976704683179055,0.0,0.0,0.0,0.0,0.9999999992706169
2017-10-04,0.0001170387573665721,160892.64530518893,80806.11184460348,0.502236206579403,0.0,0.0,80086.5333435467,0.49776379269316323,0.0,0.0,0.0,0.0,0.9999999992725661
2017-10-05,0.0001170387573665721,161633.55552939285,81296.30378218133,0.5029667479374214,0.0,0.0,80337.25163017276,0.49703325133847925,0.0,0.0,0.0,0.0,0.9999999992759007
2017-10-06,0.0001170387573665721,161297.44516983765,81105.54857758101,0.5028321960845763,0.0,0.0,80191.89647521789,0.4971678031898154,0.0,0.0,0.0,0.0,0.9999999992743918
2017-10-09,0.0001170387573665721,160887.90868679676,81027.91739750131,0.5036296267312402,0.0,0.0,79859.99117225669,0.4963703725413045,0.0,0.0,0.0,0.0,0.9999999992725448
2017-10-10,0.0001170387573665721,161587.54705033745,81446.60933149283,0.5040401368684725,0.0,0.0,80140.93760180588,0.49595986240722206,0.0,0.0,0.0,0.0,0.9999999992756945
2017-10-11,0.0001170387573665721,161476.32359330193,81416.51563291179,0.5042009492237967,0.0,0.0,80059.80784335139,0.4957990500513989,0.0,0.0,0.0,0.0,0.9999999992751956
2017-10-12,0.0001170387573665721,161740.47692116146,81491.33435111215,0.5038400770317635,0.0,0.0,80249.14245301056,0.49615992224461586,0.0,0.0,0.0,0.0,0.9999999992763793
2017-10-13,0.0001170387573665721,161574.4156173338,81401.61255732251,0.5038026116096916,0.0,0.0,80172.80294297256,0.49619738766594407,0.0,0.0,0.0,0.0,0.9999999992756355
2017-10-16,0.0001170387573665721,160961.59677689118,81122.10420423912,0.503984216289072,0.0,0.0,79839.49245561329,0.49601578298380566,0.0,0.0,0.0,0.0,0.9999999992728777
2017-10-17,0.0001170387573665721,161703.46521634786,81452.16995909678,0.5037132002713702,0.0,0.0,80251.29514021231,0.4962867990048434,0.0,0.0,0.0,0.0,0.9999999992762136
2017-10-18,0.0001170387573665721,161863.9725424798,81568.3838559656,0.5039316814898922,0.0,0.0,80295.58856947545,0.49606831778703914,0.0,0.0,0.0,0.0,0.9999999992769314
2017-10-19,0.0001170387573665721,163532.66179480366,82284.94877828546,0.5031713412794221,0.0,0.0,81247.71289947945,0.49682865800488757,0.0,0.0,0.0,0.0,0.9999999992843096
2017-10-20,0.0001170387573665721,163707.52232775185,82415.31091202062,0.5034302012525755,0.0,0.0,81292.21129869248,0.4965697980324985,0.0,0.0,0.0,0.0,0.9999999992850741
2017-10-23,0.0001170387573665721,165494.88785374459,83279.61244805978,0.503215619093067,0.0,0.0,82215.27528864604,0.49678438019972826,0.0,0.0,0.0,0.0,0.9999999992927954
2017-10-24,0.0001170387573665721,164308.3834996077,82793.86407670708,0.5038931204438801,0.0,0.0,81514.51930586188,0.49610687884380833,0.0,0.0,0.0,0.0,0.9999999992876885
2017-10-25,0.0001170387573665721,164844.87490896587,83006.16653332199,0.503541081147724,0.0,0.0,81838.70825860511,0.49645891814228266,0.0,0.0,0.0,0.0,0.9999999992900067
2017-10-26,0.0001170387573665721,164451.01535934416,82859.18156455318,0.5038532683030047,0.0,0.0,81591.83367775222,0.49614673098530154,0.0,0.0,0.0,0.0,0.9999999992883063
2017-10-27,0.0001170387573665721,165837.39090875443,83471.46753924436,0.5033332174477545,0.0,0.0,82365.92325247132,0.4966667818465014,0.0,0.0,0.0,0.0,0.999999999294256
2017-10-30,0.0001170387573665721,164544.452884179,82918.09050074448,0.503925164582179,0.0,0.0,81626.36226639575,0.4960748347065315,0.0,0.0,0.0,0.0,0.9999999992887104
2017-10-31,0.0001170387573665721,163621.34126112974,82449.11298933023,0.5039019504047851,0.0,0.0,81172.22815476077,0.49609804887991243,0.0,0.0,0.0,0.0,0.9999999992846975
2017-11-01,0.0001170387573665721,164530.58734201491,82968.09480319923,0.5042715530500772,0.0,0.0,81562.49242177694,0.4957284462385734,0.0,0.0,0.0,0.0,0.9999999992886505
2017-11-02,0.0001170387573665721,165622.43249227453,83491.94693788496,0.50411013581617,0.0,0.0,82130.4854373508,0.49588986347716985,0.0,0.0,0.0,0.0,0.9999999992933399
2017-11-03,0.0001170387573665721,165667.5723788451,83539.17760263832,0.5042578725763102,0.0,0.0,82128.39465916803,0.49574212671722234,0.0,0.0,0.0,0.0,0.9999999992935324
2017-11-06,0.0001170387573665721,165848.08101699725,83762.82135094813,0.505057525159809,0.0,0.0,82085.25954901038,0.49494247413449255,0.0,0.0,0.0,0.0,0.9999999992943014
2017-11-07,0.0001170387573665721,165481.7701130457,83338.77069095637,0.5036129999940482,0.0,0.0,82142.99930505057,0.49638699929869107,0.0,0.0,0.0,0.0,0.9999999992927393
2017-11-08,0.0001170387573665721,165998.8574347518,83624.20406187278,0.5037637328000433,0.0,0.0,82374.65325584027,0.4962362664948992,0.0,0.0,0.0,0.0,0.9999999992949424
2017-11-09,0.0001170387573665721,165767.4394212561,83432.07691716916,0.5033079910533431,0.0,0.0,82335.3623870482,0.4966920082406151,0.0,0.0,0.0,0.0,0.9999999992939581
2017-11-10,0.0001170387573665721,164989.1201986233,83132.03662934841,0.5038637488900439,0.0,0.0,81857.08345223613,0.4961362504005834,0.0,0.0,0.0,0.0,0.9999999992906274
2017-11-13,0.0001170387573665721,165785.39537099763,83433.22772504052,0.5032604201252595,0.0,0.0,82352.16752891836,0.4967395791687751,0.0,0.0,0.0,0.0,0.9999999992940346
2017-11-14,0.0001170387573665721,165828.4076923851,83390.40901840504,0.5028716742736616,0.0,0.0,82437.99855694131,0.4971283250205561,0.0,0.0,0.0,0.0,0.9999999992942177
2017-11-15,0.0001170387573665721,164515.78394532765,82766.19621766594,0.5030896989505338,0.0,0.0,81749.58761062297,0.4969103003380528,0.0,0.0,0.0,0.0,0.9999999992885865
2017-11-16,0.0001170387573665721,165665.01121670034,83391.5684832514,0.5033746587212066,0.0,0.0,82273.4426164102,0.4966253405723151,0.0,0.0,0.0,0.0,0.9999999992935216
2017-11-17,0.0001170387573665721,164844.21707354128,83126.9107041258,0.5042755650144568,0.0,0.0,81717.30625237673,0.4957244342755471,0.0,0.0,0.0,0.0,0.9999999992900038
2017-11-20,0.0001170387573665721,163617.5351910077,82553.26635708469,0.5045502382168985,0.0,0.0,81064.26871688422,0.4954497610677823,0.0,0.0,0.0,0.0,0.9999999992846809
2017-11-21,0.0001170387573665721,165356.60267262024,83448.5006177357,0.50465780784666,0.0,0.0,81908.1019378458,0.495342191445544,0.0,0.0,0.0,0.0,0.999999999292204
2017-11-22,0.0001170387573665721,164636.63333291165,83117.25725714822,0.5048527510221669,0.0,0.0,81519.37595872468,0.49514724826694184,0.0,0.0,0.0,0.0,0.9999999992891087
2017-11-24,0.0001170387573665721,163373.66802961726,82456.195326512,0.5047092124513229,0.0,0.0,80917.47258606649,0.4952907868322901,0.0,0.0,0.0,0.0,0.999999999283613
2017-11-27,0.0001170387573665721,164137.45257589195,82744.71530296403,0.5041184324747913,0.0,0.0,81392.73715588916,0.49588156681215545,0.0,0.0,0.0,0.0,0.9999999992869467
2017-11-28,0.0001170387573665721,164896.87055978537,83262.41313365486,0.5049362844243127,0.0,0.0,81634.45730909175,0.4950637148659179,0.0,0.0,0.0,0.0,0.9999999992902305
2017-11-29,0.0001170387573665721,165916.1023347221,83774.35539037222,0.5049199819157055,0.0,0.0,82141.74682731113,0.49508001737888535,0.0,0.0,0.0,0.0,0.9999999992945907
2017-11-30,0.0001170387573665721,167603.12928770095,84667.88222667272,0.5051688628160108,0.0,0.0,82935.24694398946,0.4948311364856802,0.0,0.0,0.0,0.0,0.9999999993016911
2017-12-01,0.0001170387573665721,168384.4142319767,85117.73402279288,0.5054965117230474,0.0,0.0,83266.68009214505,0.49450348758188367,0.0,0.0,0.0,0.0,0.9999999993049312
2017-12-04,0.0001170387573665721,168686.2438231321,85412.88567112628,0.5063417367967591,0.0,0.0,83273.35803496708,0.4936582625094159,0.0,0.0,0.0,0.0,0.9999999993061749
2017-12-05,0.0001170387573665721,167655.8734286811,84919.52269929906,0.5065108723162202,0.0,0.0,82736.35061234329,0.49348912698569064,0.0,0.0,0.0,0.0,0.9999999993019107
2017-12-06,0.0001170387573665721,167615.0239391266,84841.42890010684,0.5061684024871125,0.0,0.0,82773.59492198101,0.4938315968146281,0.0,0.0,0.0,0.0,0.9999999993017407
2017-12-07,0.0001170387573665721,167766.02441376823,85041.18200309834,0.5069034823961601,0.0,0.0,82724.84229363115,0.4930965169062091,0.0,0.0,0.0,0.0,0.9999999993023692
2017-12-08,0.0001170387573665721,169827.53305685657,86104.41096654725,0.5070109034541551,0.0,0.0,83723.12197327056,0.49298909585668244,0.0,0.0,0.0,0.0,0.9999999993108376
2017-12-11,0.0001170387573665721,170634.639977746,86542.4273135314,0.5071797105489142,0.0,0.0,84092.21254717585,0.49282028876518313,0.0,0.0,0.0,0.0,0.9999999993140973
2017-12-12,0.0001170387573665721,170703.68706648503,86581.9106184078,0.50720586125762,0.0,0.0,84121.77633103849,0.4927941380567548,0.0,0.0,0.0,0.0,0.9999999993143748
2017-12-13,0.0001170387573665721,170911.84067485624,86627.44679708584,0.5068545658102556,0.0,0.0,84284.39376073166,0.4931454335049543,0.0,0.0,0.0,0.0,0.9999999993152098
2017-12-14,0.0001170387573665721,169047.8118699791,85692.88753061862,0.5069150945090504,0.0,0.0,83354.92422232173,0.4930849047986085,0.0,0.0,0.0,0.0,0.9999999993076588
2017-12-15,0.0001170387573665721,169864.89112402688,86040.08607706848,0.5065207148323917,0.0,0.0,83824.80492991966,0.4934792844785975,0.0,0.0,0.0,0.0,0.9999999993109892
2017-12-18,0.0001170387573665721,171008.52208914165,86803.02763612631,0.5075947477686432,0.0,0.0,84205.49433597659,0.49240525154695375,0.0,0.0,0.0,0.0,0.9999999993155969
2017-12-19,0.0001170387573665721,170145.70509824582,86523.50421538792,0.5085259376099289,0.0,0.0,83622.20076581914,0.4914740617021974,0.0,0.0,0.0,0.0,0.9999999993121264
2017-12-20,0.0001170387573665721,170536.2588664311,86811.34179341528,0.509049174471503,0.0,0.0,83724.91695597705,0.4909508248421986,0.0,0.0,0.0,0.0,0.9999999993137016
2017-12-21,0.0001170387573665721,170817.20655146896,86955.23690142768,0.5090543198599093,0.0,0.0,83861.96953300251,0.490945679454921,0.0,0.0,0.0,0.0,0.9999999993148304
2017-12-22,0.0001170387573665721,170909.9705564703,86955.4094294391,0.5087790322958846,0.0,0.0,83954.56100999244,0.49122096701931756,0.0,0.0,0.0,0.0,0.9999999993152023
2017-12-26,0.0001170387573665721,170916.64750234285,86960.97819069852,0.5087917383209057,0.0,0.0,83955.6691946056,0.49120826099432335,0.0,0.0,0.0,0.0,0.9999999993152291
2017-12-27,0.0001170387573665721,171066.83004389898,86978.30634380729,0.5084463558568719,0.0,0.0,84088.52358305294,0.49155364345895836,0.0,0.0,0.0,0.0,0.9999999993158302
2017-12-28,0.0001170387573665721,171319.88845101115,87093.58290273795,0.5083681975875342,0.0,0.0,84226.30543123445,0.49163180172930665,0.0,0.0,0.0,0.0,0.9999999993168408
2017-12-29,0.0001170387573665721,170174.1604886301,86392.78009454357,0.5076727268492431,0.0,0.0,83781.38027704775,0.49232727246299807,0.0,0.0,0.0,0.0,0.9999999993122414
2018-01-02,0.0006699373018363985,170366.80385107716,85360.03957551978,0.5010368079108628,0.0,0.0,85006.76360562009,0.4989631881568143,0.0,0.0,0.0,0.0,0.9999999960676771
2018-01-03,0.0006699373018363985,170350.44718590344,85563.7868905611,0.5022809643533565,0.0,0.0,84786.65962540505,0.49771903171394305,0.0,0.0,0.0,0.0,0.9999999960672995
2018-01-04,0.0006699373018363985,171628.16937230132,86229.42892537228,0.5024200237102142,0.0,0.0,85398.73977699174,0.49757997238636315,0.0,0.0,0.0,0.0,0.9999999960965773
2018-01-05,0.0006699373018363985,172895.27497638747,86927.98568480766,0.5027782609830114,0.0,0.0,85967.28862164252,0.4972217351421731,0.0,0.0,0.0,0.0,0.9999999961251845
2018-01-08,0.0006699373018363985,173876.93467780296,87481.35573729673,0.5031222565511707,0.0,0.0,86395.57827056893,0.4968777395958899,0.0,0.0,0.0,0.0,0.9999999961470606
2018-01-09,0.0006699373018363985,174172.80796248614,87738.66608570093,0.5037449135263316,0.0,0.0,86434.14120684793,0.49625508262727425,0.0,0.0,0.0,0.0,0.9999999961536057
2018-01-10,0.0006699373018363985,172995.78534384014,87275.37280480824,0.5044942143032148,0.0,0.0,85720.41186909459,0.49550578182422084,0.0,0.0,0.0,0.0,0.9999999961274357
2018-01-11,0.0006699373018363985,171694.92742361198,86716.4194857509,0.5050610451163824,0.0,0.0,84978.5072679238,0.4949389509817126,0.0,0.0,0.0,0.0,0.9999999960980951
2018-01-12,0.0006699373018363985,172345.4589956517,87226.91086898374,0.5061166762228676,0.0,0.0,85118.54745673067,0.4938833198899556,0.0,0.0,0.0,0.0,0.9999999961128231
2018-01-16,0.0006699373018363985,170876.60804701532,86366.57403952564,0.5054323995930594,0.0,0.0,84510.03333755238,0.4945675964863495,0.0,0.0,0.0,0.0,0.999999996079409
2018-01-17,0.0006699373018363985,172570.94297076654,87419.79882472985,0.506573107383082,0.0,0.0,85151.1434760994,0.49342688873482005,0.0,0.0,0.0,0.0,0.9999999961179021
2018-01-18,0.0006699373018363985,173703.28060126503,87949.1551704253,0.5063183312715442,0.0,0.0,85754.12476090241,0.4936816648716645,0.0,0.0,0.0,0.0,0.9999999961432088
2018-01-19,0.0006699373018363985,174077.26492256118,88227.79749670434,0.5068312483881956,0.0,0.0,85849.46675591957,0.49316874776329905,0.0,0.0,0.0,0.0,0.9999999961514946
2018-01-22,0.0006699373018363985,174541.49575396144,88418.77997860828,0.5065774164285027,0.0,0.0,86122.71510541589,0.49342257973322784,0.0,0.0,0.0,0.0,0.9999999961617305
2018-01-23,0.0006699373018363985,175149.04392312776,88664.2372616709,0.5062216457235433,0.0,0.0,86484.80599151955,0.49377835045150115,0.0,0.0,0.0,0.0,0.9999999961750445
2018-01-24,0.0006699373018363985,173610.21215204336,87747.67807840618,0.5054292428463771,0.0,0.0,85862.5334036999,0.49457075329476413,0.0,0.0,0.0,0.0,0.9999999961411412
2018-01-25,0.0006699373018363985,172820.3476835243,87145.13522916674,0.5042527479967259,0.0,0.0,85675.21178442026,0.4957472481267785,0.0,0.0,0.0,0.0,0.9999999961235045
2018-01-26,0.0006699373018363985,175046.3343921672,88353.8548900199,0.5047455303581236,0.0,0.0,86692.47883221,0.4952544658146765,0.0,0.0,0.0,0.0,0.9999999961728002
2018-01-29,0.0006699373018363985,171924.82836104426,86725.90845273656,0.5044408610407979,0.0,0.0,85198.9192383704,0.4955591350625148,0.0,0.0,0.0,0.0,0.9999999961033127
2018-01-30,0.0006699373018363985,170950.3865200063,86024.38705106567,0.5032125916895676,0.0,0.0,84925.99879900333,0.4967874043915335,0.0,0.0,0.0,0.0,0.999999996081101
2018-01-31,0.0006699373018363985,170526.00271411962,85673.56312482724,0.5024076197250441,0.0,0.0,84852.43891935509,0.49759237634630415,0.0,0.0,0.0,0.0,0.9999999960713482
2018-02-01,0.0006699373018363985,171096.9489049535,86112.5383172635,0.5032967499911416,0.0,0.0,84984.40991775268,0.49670324609331634,0.0,0.0,0.0,0.0,0.999999996084458
2018-02-02,0.0006699373018363985,168215.71061699133,84494.21825829864,0.5022968303518491,0.0,0.0,83721.4916887554,0.4977031656655425,0.0,0.0,0.0,0.0,0.9999999960173916
2018-02-05,0.0006699373018363985,162898.23082724513,81729.60936897734,0.501721896879606,0.0,0.0,81168.6207883305,0.4982780990077815,0.0,0.0,0.0,0.0,0.9999999958873875
2018-02-06,0.0006699373018363985,163280.28264512896,82290.69692632159,0.503984287589525,0.0,0.0,80989.5850488701,0.49601570830748565,0.0,0.0,0.0,0.0,0.9999999958970105
2018-02-07,0.0006699373018363985,163527.02287711963,82393.0964216183,0.503850036354735,0.0,0.0,81133.92578556403,0.49614995954846636,0.0,0.0,0.0,0.0,0.9999999959032013
2018-02-08,0.0006699373018363985,157601.8784253522,79220.71610194613,0.502663527195641,0.0,0.0,78381.16165346876,0.49733646855353847,0.0,0.0,0.0,0.0,0.9999999957491795
2018-02-09,0.0006699373018363985,159218.38185520185,80029.02133316046,0.502636821205364,0.0,0.0,79189.35985210411,0.49736317458697316,0.0,0.0,0.0,0.0,0.999999995792337
2018-02-12,0.0006699373018363985,161352.43007605278,81188.07874422541,0.5031723334191976,0.0,0.0,80164.35066189009,0.49682766242878995,0.0,0.0,0.0,0.0,0.9999999958479876
2018-02-13,0.0006699373018363985,161734.12768497723,81402.37906546683,0.503309847035011,0.0,0.0,80331.74794957311,0.49669014882277546,0.0,0.0,0.0,0.0,0.9999999958577865
2018-02-14,0.0006699373018363985,162076.12974681432,81766.70739329873,0.5044956806472971,0.0,0.0,80309.42168357832,0.4955043152192301,0.0,0.0,0.0,0.0,0.9999999958665271
2018-02-15,0.0006699373018363985,162293.60346430077,81871.46795023084,0.5044651557585254,0.0,0.0,80422.13484413264,0.4955348401135406,0.0,0.0,0.0,0.0,0.999999995872066
2018-02-16,0.0006699373018363985,161874.77464712935,81554.05511999565,0.5038095360921753,0.0,0.0,80320.7188571964,0.4961904597692102,0.0,0.0,0.0,0.0,0.9999999958613855
2018-02-20,0.0006699373018363985,161507.90128608796,81557.81940260553,0.5049772720291722,0.0,0.0,79950.08121354514,0.49502272382281226,0.0,0.0,0.0,0.0,0.9999999958519844
2018-02-21,0.0006699373018363985,161435.8646010902,81534.62699679511,0.5050589421270675,0.0,0.0,79901.23693435782,0.4949410537230661,0.0,0.0,0.0,0.0,0.9999999958501334
2018-02-22,0.0006699373018363985,161803.65493946412,81696.08816628397,0.5049087932954857,0.0,0.0,80107.56610324285,0.4950912025640807,0.0,0.0,0.0,0.0,0.9999999958595664
2018-02-23,0.0006699373018363985,163138.5529827379,82453.5958886534,0.5054206647117805,0.0,0.0,80684.9564241472,0.4945793311816654,0.0,0.0,0.0,0.0,0.9999999958934459
2018-02-26,0.0006699373018363985,165188.95204369945,83588.57004875192,0.5060179207786197,0.0,0.0,81600.38132501022,0.4939820751657985,0.0,0.0,0.0,0.0,0.9999999959444184
2018-02-27,0.0006699373018363985,163298.60022780177,82650.43750021503,0.5061307162763035,0.0,0.0,80648.16205764943,0.4938692796211672,0.0,0.0,0.0,0.0,0.9999999958974707
2018-02-28,0.0006699373018363985,162456.347965395,82183.93777605896,0.5058832037364588,0.0,0.0,80272.40951939875,0.4941167921397424,0.0,0.0,0.0,0.0,0.9999999958762013
2018-03-01,0.0006699373018363985,159346.92289661895,80545.5373695983,0.5054728130636988,0.0,0.0,78801.38485708335,0.49452718273203233,0.0,0.0,0.0,0.0,0.9999999957957313
2018-03-02,0.0006699373018363985,159520.63718088606,80677.35800019454,0.5057487195760862,0.0,0.0,78843.27851075424,0.49425127622422343,0.0,0.0,0.0,0.0,0.9999999958003096
2018-03-05,0.0006699373018363985,160275.4683708922,80993.19650423914,0.5053374501256388,0.0,0.0,79282.27119671577,0.49466254569444956,0.0,0.0,0.0,0.0,0.9999999958200884
2018-03-06,0.0006699373018363985,161821.79684495257,81912.005500172,0.5061864785660174,0.0,0.0,79909.79067484329,0.4938135172940133,0.0,0.0,0.0,0.0,0.9999999958600306
2018-03-07,0.0006699373018363985,160675.61179838493,81256.80995556577,0.5057196238189929,0.0,0.0,79418.80117288185,0.49428037201150493,0.0,0.0,0.0,0.0,0.9999999958304979
2018-03-08,0.0006699373018363985,162630.3150642265,82267.99381738201,0.5058589094222222,0.0,0.0,80362.32057690721,0.49414108645839033,0.0,0.0,0.0,0.0,0.9999999958806125
2018-03-09,0.0006699373018363985,165292.85262399702,83821.4678857693,0.5071088468443565,0.0,0.0,81471.38406829044,0.4928911491026111,0.0,0.0,0.0,0.0,0.9999999959469675
2018-03-12,0.0006699373018363985,165822.73769818706,84193.8165441977,0.5077338470761371,0.0,0.0,81628.92048405208,0.492266148883782,0.0,0.0,0.0,0.0,0.9999999959599191
2018-03-13,0.0006699373018363985,164356.7454984205,83300.78811018121,0.5068291408275771,0.0,0.0,81055.956718302,0.4931708550963061,0.0,0.0,0.0,0.0,0.9999999959238832
2018-03-14,0.0006699373018363985,163819.21210841925,82924.06232672246,0.5061925354142311,0.0,0.0,80895.1491117595,0.4938074604962772,0.0,0.0,0.0,0.0,0.9999999959105084
2018-03-15,0.0006699373018363985,163219.70947126,82668.52852733684,0.5064861884335926,0.0,0.0,80551.18027398587,0.49351380746189516,0.0,0.0,0.0,0.0,0.9999999958954878
2018-03-16,0.0006699373018363985,163887.2334261606,82991.3643166101,0.5063931008024604,0.0,0.0,80895.86843961322,0.4936068951097454,0.0,0.0,0.0,0.0,0.9999999959122058
2018-03-19,0.0006699373018363985,161677.34226000667,81676.06911678056,0.5051794393393141,0.0,0.0,80001.27247328882,0.4948205565170175,0.0,0.0,0.0,0.0,0.9999999958563316
2018-03-20,0.0006699373018363985,162146.5950386236,82034.08403181055,0.5059254189844066,0.0,0.0,80112.51033687577,0.49407457688391687,0.0,0.0,0.0,0.0,0.9999999958683234
2018-03-21,0.0006699373018363985,162369.64470637022,82264.70161459003,0.5066507459775365,0.0,0.0,80104.9424218429,0.4933492498964627,0.0,0.0,0.0,0.0,0.9999999958739991
2018-03-22,0.0006699373018363985,157943.03972289816,79726.62174748047,0.5047808493958086,0.0,0.0,78216.41730548041,0.49521914636255293,0.0,0.0,0.0,0.0,0.9999999957583614
2018-03-23,0.0006699373018363985,153617.04558925176,77240.0624008773,0.5028091908980289,0.0,0.0,76376.98251843717,0.4971908047408842,0.0,0.0,0.0,0.0,0.9999999956389131
2018-03-26,0.0006699373018363985,157160.12721569597,79342.53017042413,0.5048515267586268,0.0,0.0,77817.59637533454,0.4951484689786043,0.0,0.0,0.0,0.0,0.9999999957372312
2018-03-27,0.0006699373018363985,156285.08701188123,78642.84243109985,0.5032011942708341,0.0,0.0,77642.2439108441,0.49679880144252997,0.0,0.0,0.0,0.0,0.999999995713364
2018-03-28,0.0006699373018363985,156351.78390666627,78502.75039022435,0.5020905321878919,0.0,0.0,77849.03284650462,0.4979094635273005,0.0,0.0,0.0,0.0,0.9999999957151925
2018-03-29,0.0006699373018363985,160258.7177280039,80654.49558742628,0.5032768059726749,0.0,0.0,79604.22147064032,0.49672318984697666,0.0,0.0,0.0,0.0,0.9999999958196515
2018-04-02,0.0006699373018363985,156259.38272479948,78355.20888984551,0.501443225510771,0.0,0.0,77904.17316501668,0.4985567702018877,0.0,0.0,0.0,0.0,0.9999999957126589
2018-04-03,0.0006699373018363985,157441.58368798456,79078.21776147195,0.5022702129202918,0.0,0.0,78363.36525657533,0.49772978282455993,0.0,0.0,0.0,0.0,0.9999999957448517
2018-04-04,0.0006699373018363985,160190.23134102425,80545.48176600791,0.5028114454403716,0.0,0.0,79644.74890507905,0.4971885503774927,0.0,0.0,0.0,0.0,0.9999999958178643
2018-04-05,0.0006699373018363985,161452.44568409177,81171.66643014942,0.5027589770239537,0.0,0.0,80280.77858400505,0.49724101882660593,0.0,0.0,0.0,0.0,0.9999999958505597
2018-04-06,0.0006699373018363985,158652.69130403007,79545.62439130248,0.5013821305991415,0.0,0.0,79107.06624279029,0.4986178651781927,0.0,0.0,0.0,0.0,0.9999999957773342
2018-04-09,0.0006699373018363985,158999.85653523245,79678.5416619969,0.5011233556952367,0.0,0.0,79321.31420329827,0.4988766400913175,0.0,0.0,0.0,0.0,0.9999999957865541
2018-04-10,0.0006699373018363985,160779.67602367187,80870.06584804258,0.5029868690377006,0.0,0.0,79909.60950569202,0.49701312679549614,0.0,0.0,0.0,0.0,0.9999999958331967
2018-04-11,0.0006699373018363985,160470.0303250305,80656.86654743468,0.5026288484152771,0.0,0.0,79813.16310765853,0.4973711474098792,0.0,0.0,0.0,0.0,0.9999999958251563
2018-04-12,0.0006699373018363985,160728.7066283956,80989.19028873372,0.5038875256800301,0.0,0.0,79739.5156697246,0.49611247015184523,0.0,0.0,0.0,0.0,0.9999999958318753
2018-04-13,0.0006699373018363985,161062.68502970453,80983.65023312214,0.5028082713149011,0.0,0.0,80079.0341266451,0.49719172452561716,0.0,0.0,0.0,0.0,0.9999999958405184
2018-04-16,0.0006699373018363985,162932.87632671295,81830.05723466078,0.5022317108707709,0.0,0.0,81102.8184221149,0.4977682850174912,0.0,0.0,0.0,0.0,0.999999995888262
2018-04-17,0.0006699373018363985,163623.1883140549,82170.05578931623,0.5021907752561376,0.0,0.0,81453.13185480137,0.4978092206494714,0.0,0.0,0.0,0.0,0.9999999959056092
2018-04-18,0.0006699373018363985,163253.5505658565,81853.93807830641,0.5013914723115717,0.0,0.0,81399.61181761282,0.49860852358476704,0.0,0.0,0.0,0.0,0.9999999958963386
2018-04-19,0.0006699373018363985,162230.71481627773,81165.54919161253,0.5003093852081618,0.0,0.0,81065.16495472792,0.4996906106623041,0.0,0.0,0.0,0.0,0.9999999958704657
2018-04-20,0.0006699373018363985,161068.60787265998,80524.36907861747,0.49993831909368475,0.0,0.0,80544.2381241052,0.5000616767469864,0.0,0.0,0.0,0.0,0.9999999958406712
2018-04-23,0.0006699373018363985,161743.52430506932,80763.28139408215,0.49932930385362506,0.0,0.0,80980.24224104988,0.5006706920044021,0.0,0.0,0.0,0.0,0.9999999958580271
2018-04-24,0.0006699373018363985,161425.3991362439,80477.90897952157,0.4985455164437771,0.0,0.0,80947.48948678505,0.5014544794060873,0.0,0.0,0.0,0.0,0.9999999958498644
2018-04-25,0.0006699373018363985,161626.81366527674,80648.06432845391,0.4989770106801284,0.0,0.0,80978.74866688556,0.501022985174908,0.0,0.0,0.0,0.0,0.9999999958550362
2018-04-26,0.0006699373018363985,164005.18562696612,81902.60856029076,0.49939035919620417,0.0,0.0,82102.57639673808,0.5006096367189415,0.0,0.0,0.0,0.0,0.9999999959151457
2018-04-27,0.0006699373018363985,164097.4002052555,81964.42572379796,0.4994864368434578,0.0,0.0,82132.97381152025,0.5005135590739834,0.0,0.0,0.0,0.0,0.9999999959174412
2018-04-30,0.0006699373018363985,162785.10269028667,81304.97274660923,0.49946199868976504,0.0,0.0,81480.12927374015,0.5005379971947644,0.0,0.0,0.0,0.0,0.9999999958845295
2018-05-01,0.0006699373018363985,163035.22899536102,81512.56879728285,0.4999690514717049,0.0,0.0,81522.65952814087,0.5000309444191384,0.0,0.0,0.0,0.0,0.9999999958908434
2018-05-02,0.0006699373018363985,162778.9901477275,81651.1183399404,0.501607229936979,0.0,0.0,81127.87113784983,0.49839276594739595,0.0,0.0,0.0,0.0,0.9999999958843749
2018-05-03,0.0006699373018363985,162763.82770720788,81637.66830311011,0.5015713224068817,0.0,0.0,81126.15873416046,0.49842867347710973,0.0,0.0,0.0,0.0,0.9999999958839916
2018-05-04,0.0006699373018363985,163537.62821816985,82090.2880851399,0.5019657492869232,0.0,0.0,81447.33946309266,0.49803424661654383,0.0,0.0,0.0,0.0,0.999999995903467
2018-05-07,0.0006699373018363985,163864.57951126096,82317.2655482857,0.502349353312372,0.0,0.0,81547.313293038,0.4976506425992688,0.0,0.0,0.0,0.0,0.9999999959116406
2018-05-08,0.0006699373018363985,163539.8783089996,82253.66632924203,0.5029578545596581,0.0,0.0,81286.2113098203,0.49704214134386515,0.0,0.0,0.0,0.0,0.9999999959035234
2018-05-09,0.0006699373018363985,164702.4354399352,83011.58097347296,0.5040094322329932,0.0,0.0,81690.85379652493,0.49599056369944516,0.0,0.0,0.0,0.0,0.9999999959324385
2018-05-10,0.0006699373018363985,167421.67471900323,84310.1402921711,0.5035796018267965,0.0,0.0,83111.53375689485,0.4964203941717067,0.0,0.0,0.0,0.0,0.9999999959985032
2018-05-11,0.0006699373018363985,167197.78180951916,84224.48183975325,0.5037416222166534,0.0,0.0,82973.29929982862,0.49625837377649146,0.0,0.0,0.0,0.0,0.9999999959931448
2018-05-14,0.0006699373018363985,166785.63011566014,84059.21311429405,0.5039955364020381,0.0,0.0,82726.4163314288,0.49600445958120526,0.0,0.0,0.0,0.0,0.9999999959832433
2018-05-15,0.0006699373018363985,166251.4257729548,83810.35629019905,0.5041181204945373,0.0,0.0,82441.06881281846,0.49588187547579926,0.0,0.0,0.0,0.0,0.9999999959703366
2018-05-16,0.0006699373018363985,167678.65916388016,84685.714703172,0.5050476615536668,0.0,0.0,82992.94379077086,0.4949523344509691,0.0,0.0,0.0,0.0,0.999999996004636
2018-05-17,0.0006699373018363985,167673.5593607038,84824.00623059257,0.5058877890706484,0.0,0.0,82849.55246017396,0.4941122069338661,0.0,0.0,0.0,0.0,0.9999999960045144
2018-05-18,0.0006699373018363985,168192.407668236,85022.59080976337,0.5055079000799649,0.0,0.0,83169.81618853536,0.4944920959368751,0.0,0.0,0.0,0.0,0.9999999960168399
2018-05-21,0.0006699373018363985,169273.6716449046,85507.89250510075,0.5051458485787189,0.0,0.0,83765.77846986655,0.4948541474635641,0.0,0.0,0.0,0.0,0.999999996042283
2018-05-22,0.0006699373018363985,168741.4387456374,85299.77795487878,0.5055058116664547,0.0,0.0,83441.66012082133,0.49449418436334514,0.0,0.0,0.0,0.0,0.9999999960297998
2018-05-23,0.0006699373018363985,169172.93458590956,85459.90417118861,0.5051629823669594,0.0,0.0,83713.02974478366,0.4948370136729669,0.0,0.0,0.0,0.0,0.9999999960399263
2018-05-24,0.0006699373018363985,167801.93754417595,84768.38083179858,0.5051692612874762,0.0,0.0,83033.55604244008,0.494830734720095,0.0,0.0,0.0,0.0,0.9999999960075712
2018-05-25,0.0006699373018363985,166660.3480352814,84079.13608846824,0.5044939427983732,0.0,0.0,82581.21127687587,0.49550605318185054,0.0,0.0,0.0,0.0,0.9999999959802238
2018-05-29,0.0006699373018363985,165446.5135717969,83309.48013996518,0.5035432801901403,0.0,0.0,82137.03276189444,0.49645671576059164,0.0,0.0,0.0,0.0,0.9999999959507319
2018-05-30,0.0006699373018363985,166015.84721006462,83630.35395104768,0.5037492224777059,0.0,0.0,82385.49258907964,0.49625077348691243,0.0,0.0,0.0,0.0,0.9999999959646184
2018-05-31,0.0006699373018363985,165203.90855468984,83200.79622799996,0.5036248655125299,0.0,0.0,82003.11165675259,0.49637513043225556,0.0,0.0,0.0,0.0,0.9999999959447855
2018-06-01,0.0006699373018363985,166548.14370965812,84142.53787424999,0.505214504347373,0.0,0.0,82405.60516547083,0.49478549163014257,0.0,0.0,0.0,0.0,0.9999999959775158
2018-06-04,0.0006699373018363985,168783.33719126444,85309.71608054072,0.5054392068564694,0.0,0.0,83473.62044078641,0.49456078917431595,0.0,0.0,0.0,0.0,0.9999999960307854
2018-06-05,0.0006699373018363985,169444.4184134096,85724.3270961018,0.5059141392722186,0.0,0.0,83720.09064737053,0.4940858567740525,0.0,0.0,0.0,0.0,0.9999999960462711
2018-06-06,0.0006699373018363985,170487.88125395423,86405.5164799558,0.5068132458708219,0.0,0.0,84082.36410406114,0.4931867501996478,0.0,0.0,0.0,0.0,0.9999999960704697
2018-06-07,0.0006699373018363985,170873.39871283816,86524.23530463957,0.506364571410253,0.0,0.0,84349.1627382613,0.49363542466908233,0.0,0.0,0.0,0.0,0.9999999960793354
2018-06-08,0.0006699373018363985,170890.1200216689,86446.02658749527,0.5058573694987978,0.0,0.0,84444.09276423635,0.4941426265809213,0.0,0.0,0.0,0.0,0.999999996079719
2018-06-11,0.0006699373018363985,170363.41761961137,86128.25596630658,0.5055560470066076,0.0,0.0,84235.16098336749,0.49444394906099115,0.0,0.0,0.0,0.0,0.9999999960675989
2018-06-12,0.0006699373018363985,172120.8014385688,87001.40615198489,0.5054671220726121,0.0,0.0,85119.39461664663,0.49453287403513735,0.0,0.0,0.0,0.0,0.9999999961077494
2018-06-13,0.0006699373018363985,171349.15966465152,86559.32470500062,0.5051634036280446,0.0,0.0,84789.83428971362,0.4948365924621767,0.0,0.0,0.0,0.0,0.9999999960902213
2018-06-14,0.0006699373018363985,171450.50433732808,86505.45235026872,0.5045505855151621,0.0,0.0,84945.05131712205,0.4954494105773702,0.0,0.0,0.0,0.0,0.9999999960925324
2018-06-15,0.0006699373018363985,172514.621124427,86973.22590162951,0.504149882107092,0.0,0.0,85541.39455286019,0.49585011400954265,0.0,0.0,0.0,0.0,0.9999999961166347
2018-06-18,0.0006699373018363985,171906.75166630134,86688.62708955383,0.5042770353652567,0.0,0.0,85218.12390681021,0.4957229607376463,0.0,0.0,0.0,0.0,0.999999996102903
2018-06-19,0.0006699373018363985,170704.07427935753,85981.42326374575,0.5036870011845,0.0,0.0,84722.6503456745,0.4963129948909463,0.0,0.0,0.0,0.0,0.9999999960754464
2018-06-20,0.0006699373018363985,170462.41307467603,85838.67762159093,0.5035636658738768,0.0,0.0,84623.73478314781,0.4964363301960058,0.0,0.0,0.0,0.0,0.9999999960698827
2018-06-21,0.0006699373018363985,170005.1415432639,85402.93021292005,0.5023549843119669,0.0,0.0,84602.21066040655,0.49764501174734466,0.0,0.0,0.0,0.0,0.9999999960593116
2018-06-22,0.0006699373018363985,169748.97772340695,85153.61456547107,0.5016443439454605,0.0,0.0,84595.36248799859,0.4983556521079043,0.0,0.0,0.0,0.0,0.9999999960533648
2018-06-25,0.0006699373018363985,168310.51858366234,84058.03692533217,0.49942236309817634,0.0,0.0,84252.48098839287,0.5005776329214586,0.0,0.0,0.0,0.0,0.9999999960196351
2018-06-26,0.0006699373018363985,167880.4489149392,83930.79321682062,0.499943821685551,0.0,0.0,83949.65502818127,0.5000561743238872,0.0,0.0,0.0,0.0,0.9999999960094383
2018-06-27,0.0006699373018363985,167154.0422341295,83460.48030609715,0.4993027939413851,0.0,0.0,83693.56125809508,0.5006972020507113,0.0,0.0,0.0,0.0,0.9999999959920964
2018-06-28,0.0006699373018363985,168549.7824540733,84146.27905560772,0.49923694845786004,0.0,0.0,84403.50272852831,0.5007630475674254,0.0,0.0,0.0,0.0,0.9999999960252853
2018-06-29,0.0006699373018363985,169310.38219118223,84555.81296229047,0.49941304170474066,0.0,0.0,84754.56855895447,0.5005869543384005,0.0,0.0,0.0,0.0,0.9999999960431412
2018-07-02,0.0001169101270477313,169799.28180879974,84983.22320491436,0.500492241778788,0.0,0.0,84816.05848697528,0.49950775753269255,0.0,0.0,0.0,0.0,0.9999999993114805
2018-07-03,0.0001169101270477313,169961.52351617275,84974.25977894508,0.49996174440539964,0.0,0.0,84987.26362031754,0.500038254906738,0.0,0.0,0.0,0.0,0.9999999993121378
2018-07-05,0.0001169101270477313,170754.71585468476,85382.4566835321,0.500029860119319,0.0,0.0,85372.25905424255,0.4999701391960139,0.0,0.0,0.0,0.0,0.999999999315333
2018-07-06,0.0001169101270477313,172051.42039356785,86174.13387845398,0.5008626704814789,0.0,0.0,85877.28639820374,0.4991373288390141,0.0,0.0,0.0,0.0,0.9999999993204932
2018-07-09,0.0001169101270477313,172608.87951805172,86742.30687207555,0.5025367589099257,0.0,0.0,85866.57252906603,0.497463240412762,0.0,0.0,0.0,0.0,0.9999999993226877
2018-07-10,0.0001169101270477313,174244.43831542603,87485.96478173348,0.5020875594511773,0.0,0.0,86758.47341678245,0.49791243987786804,0.0,0.0,0.0,0.0,0.9999999993290454
2018-07-11,0.0001169101270477313,173245.49591553523,86757.84693236426,0.5007798123344143,0.0,0.0,86487.64886626085,0.4992201869907623,0.0,0.0,0.0,0.0,0.9999999993251766
2018-07-12,0.0001169101270477313,176281.47034491194,88350.4750605523,0.50118980110437,0.0,0.0,87930.99516744951,0.4988101982324286,0.0,0.0,0.0,0.0,0.9999999993367986
2018-07-13,0.0001169101270477313,177530.65903620768,89011.97537850321,0.5013893141710755,0.0,0.0,88518.68354079437,0.49861068517038987,0.0,0.0,0.0,0.0,0.9999999993414652
2018-07-16,0.0001169101270477313,176449.64499105336,88398.75269167664,0.500985721428676,0.0,0.0,88050.89218246662,0.49901427790875474,0.0,0.0,0.0,0.0,0.9999999993374307
2018-07-17,0.0001169101270477313,177280.14454269654,88957.79109743815,0.5017921850577766,0.0,0.0,88322.35332834827,0.4982078142827581,0.0,0.0,0.0,0.0,0.9999999993405346
2018-07-18,0.0001169101270477313,178473.69120457344,89649.88987747244,0.5023143146331426,0.0,0.0,88823.80121019088,0.4976856847118022,0.0,0.0,0.0,0.0,0.9999999993449448
2018-07-19,0.0001169101270477313,177974.99421971964,89308.63457887311,0.5018043965694239,0.0,0.0,88666.35952393642,0.4981956027736855,0.0,0.0,0.0,0.0,0.9999999993431093
2018-07-20,0.0001169101270477313,177059.33327903194,88794.08723007856,0.5014934010292803,0.0,0.0,88265.24593204325,0.49850659831043187,0.0,0.0,0.0,0.0,0.9999999993397122
2018-07-23,0.0001169101270477313,174840.9891578951,87748.64887277999,0.501876872782595,0.0,0.0,87092.34016820499,0.49812312654873964,0.0,0.0,0.0,0.0,0.9999999993313347
2018-07-24,0.0001169101270477313,175973.2777269226,88449.48178880915,0.502630188693002,0.0,0.0,87523.79582120333,0.4973698106426351,0.0,0.0,0.0,0.0,0.9999999993356371
2018-07-25,0.0001169101270477313,177205.85913944457,89165.70950702274,0.5031758540041139,0.0,0.0,88040.14951551172,0.4968241453361443,0.0,0.0,0.0,0.0,0.9999999993402582
2018-07-26,0.0001169101270477313,176615.36120505742,88776.96538153065,0.5026571005817386,0.0,0.0,87838.39570661665,0.4973428987563137,0.0,0.0,0.0,0.0,0.9999999993380524
2018-07-27,0.0001169101270477313,176159.19317823244,88466.09863535612,0.5021940498208847,0.0,0.0,87693.0944259662,0.49780594951545354,0.0,0.0,0.0,0.0,0.9999999993363383
2018-07-30,0.0001169101270477313,174720.58335292235,87705.5942877374,0.5019763132920564,0.0,0.0,87014.98894827483,0.4980236860388174,0.0,0.0,0.0,0.0,0.9999999993308738
2018-07-31,0.0001169101270477313,176046.03397760363,88345.11466527238,0.5018296218846461,0.0,0.0,87700.91919542111,0.4981703774512655,0.0,0.0,0.0,0.0,0.9999999993359117
2018-08-01,0.0001169101270477313,176875.37287856112,88756.51196240807,0.5018025433271958,0.0,0.0,88118.86079924293,0.49819745601182974,0.0,0.0,0.0,0.0,0.9999999993390255
2018-08-02,0.0001169101270477313,177223.20334617965,88915.2236977303,0.5017132182406577,0.0,0.0,88307.97953153923,0.49828678109966495,0.0,0.0,0.0,0.0,0.9999999993403228
2018-08-03,0.0001169101270477313,178227.3739297254,89381.86053704632,0.5015046710629836,0.0,0.0,88845.51327576896,0.4984953282810558,0.0,0.0,0.0,0.0,0.9999999993440395
2018-08-06,0.0001169101270477313,178015.99428661665,89293.11449066213,0.5016016389341665,0.0,0.0,88722.8796790444,0.4983983604090941,0.0,0.0,0.0,0.0,0.9999999993432606
2018-08-07,0.0001169101270477313,178708.6736281582,89757.03708863874,0.5022533896446322,0.0,0.0,88951.63642260934,0.49774660970117396,0.0,0.0,0.0,0.0,0.9999999993458062
2018-08-08,0.0001169101270477313,178604.09354191477,89648.45850651855,0.501939550929049,0.0,0.0,88955.6349184861,0.49806044841637415,0.0,0.0,0.0,0.0,0.999999999345423
2018-08-09,0.0001169101270477313,177689.38934829042,89079.71792641244,0.5013226634022956,0.0,0.0,88609.67130496788,0.498677335939758,0.0,0.0,0.0,0.0,0.9999999993420535
2018-08-10,0.0001169101270477313,177132.44426830596,88667.48478900208,0.5005716776238672,0.0,0.0,88464.95936239377,0.49942832171611756,0.0,0.0,0.0,0.0,0.9999999993399847
2018-08-13,0.0001169101270477313,175837.18178887336,87963.00614217685,0.5002525930368555,0.0,0.0,87874.17552978641,0.49974740629826747,0.0,0.0,0.0,0.0,0.9999999993351228
2018-08-14,0.0001169101270477313,176982.11636010886,88588.89111712988,0.5005527843100056,0.0,0.0,88393.22512606886,0.4994472150294185,0.0,0.0,0.0,0.0,0.9999999993394241
2018-08-15,0.0001169101270477313,177470.71473671283,88658.21378395856,0.49956531653962005,0.0,0.0,88812.50083584414,0.5004346828016226,0.0,0.0,0.0,0.0,0.9999999993412427
2018-08-16,0.0001169101270477313,177787.67514540986,88825.87310581769,0.49961772115625197,0.0,0.0,88961.80192268206,0.5003822781861653,0.0,0.0,0.0,0.0,0.9999999993424172
2018-08-17,0.0001169101270477313,179374.8976225203,89557.63978685162,0.4992763255832948,0.0,0.0,89817.25771875856,0.500723673764941,0.0,0.0,0.0,0.0,0.9999999993482359
2018-08-20,0.0001169101270477313,179065.13318866395,89516.90534925013,0.49991253883543396,0.0,0.0,89548.2277225037,0.5000874605116744,0.0,0.0,0.0,0.0,0.9999999993471085
2018-08-21,0.0001169101270477313,178214.45906287778,89251.64795075434,0.5008103630876802,0.0,0.0,88962.81099521334,0.49918963625631185,0.0,0.0,0.0,0.0,0.999999999343992
2018-08-22,0.0001169101270477313,178278.27699931664,89402.63951788476,0.5014780321117163,0.0,0.0,88875.63736452177,0.4985219672325105,0.0,0.0,0.0,0.0,0.9999999993442268
2018-08-23,0.0001169101270477313,179059.63423075163,89801.72102067778,0.5015185103357889,0.0,0.0,89257.91309316373,0.4984814890112995,0.0,0.0,0.0,0.0,0.9999999993470884
2018-08-24,0.0001169101270477313,181325.32356411117,90925.86960422431,0.5014515778435971,0.0,0.0,90399.45384297674,0.4985484215116496,0.0,0.0,0.0,0.0,0.9999999993552466
2018-08-27,0.0001169101270477313,181892.57847773153,91450.03547989296,0.5027694711089539,0.0,0.0,90442.54288092845,0.4972305282483035,0.0,0.0,0.0,0.0,0.9999999993572574
2018-08-28,0.0001169101270477313,181635.13701727198,91310.43756449407,0.5027135116252932,0.0,0.0,90324.69933586777,0.4972864877310531,0.0,0.0,0.0,0.0,0.9999999993563463
2018-08-29,0.0001169101270477313,182591.529619133,91862.5985484995,0.5031043813484413,0.0,0.0,90728.93095372341,0.4968956180112766,0.0,0.0,0.0,0.0,0.9999999993597177
2018-08-30,0.0001169101270477313,182703.96666806284,91895.86720492283,0.5029768585806325,0.0,0.0,90808.0993462299,0.4970231407794793,0.0,0.0,0.0,0.0,0.9999999993601117
2018-08-31,0.0001169101270477313,182034.4692746886,91646.21372090356,0.5034552746304884,0.0,0.0,90388.25543687491,0.49654472472726985,0.0,0.0,0.0,0.0,0.9999999993577584
2018-09-04,0.0001169101270477313,182030.26679349304,91617.51336468931,0.5033092297152219,0.0,0.0,90412.75331189361,0.4966907696425217,0.0,0.0,0.0,0.0,0.9999999993577435
2018-09-05,0.0001169101270477313,182785.81240737025,91925.13825601531,0.5029117798877301,0.0,0.0,90860.67403444482,0.4970882194726682,0.0,0.0,0.0,0.0,0.9999999993603983
2018-09-06,0.0001169101270477313,183102.45785487877,91802.50472654769,0.5013723234633336,0.0,0.0,91299.95301142098,0.49862767589817086,0.0,0.0,0.0,0.0,0.9999999993615044
2018-09-07,0.0001169101270477313,180918.03281385094,90701.69324526096,0.5013413634592478,0.0,0.0,90216.33945167987,0.4986586358945474,0.0,0.0,0.0,0.0,0.9999999993537951
2018-09-10,0.0001169101270477313,182029.82463841725,91274.95956265894,0.5014285969014521,0.0,0.0,90754.8649588482,0.49857140245628984,0.0,0.0,0.0,0.0,0.999999999357742
2018-09-11,0.0001169101270477313,182714.62338621324,91677.24064075144,0.5017509761491207,0.0,0.0,91037.38262855168,0.4982490232110285,0.0,0.0,0.0,0.0,0.999999999360149
2018-09-12,0.0001169101270477313,183670.80988937468,92096.8807553915,0.5014236111381097,0.0,0.0,91573.92901707305,0.4985763882253703,0.0,0.0,0.0,0.0,0.9999999993634802
2018-09-13,0.0001169101270477313,184045.89967668103,92309.40262338288,0.5015564203578867,0.0,0.0,91736.49693638804,0.4984435790068907,0.0,0.0,0.0,0.0,0.9999999993647773
2018-09-14,0.0001169101270477313,185516.83306106718,93110.94022275523,0.5019002248281459,0.0,0.0,92405.89272140182,0.498099774541668,0.0,0.0,0.0,0.0,0.999999999369814
2018-09-17,0.0001169101270477313,184815.33795759382,92619.21040764039,0.501144609701669,0.0,0.0,92196.12743304331,0.49885538966575305,0.0,0.0,0.0,0.0,0.999999999367422
2018-09-18,0.0001169101270477313,185117.93792517457,92833.03068709775,0.5014804709234674,0.0,0.0,92284.90712116669,0.49851952844498854,0.0,0.0,0.0,0.0,0.9999999993684561
2018-09-19,0.0001169101270477313,185579.6910754508,93310.60710386765,0.5028061344596727,0.0,0.0,92269.08385467304,0.49719386491035467,0.0,0.0,0.0,0.0,0.9999999993700274
2018-09-20,0.0001169101270477313,186908.04026244482,94056.55778291255,0.5032237117827788,0.0,0.0,92851.48236262215,0.49677628759172576,0.0,0.0,0.0,0.0,0.9999999993745046
2018-09-21,0.0001169101270477313,187621.5636795996,94412.5163976188,0.5032071716385788,0.0,0.0,93209.04716507069,0.4967928277383047,0.0,0.0,0.0,0.0,0.9999999993768833
2018-09-24,0.0001169101270477313,186571.4229740961,94002.22249535499,0.5038404113389136,0.0,0.0,92569.20036183098,0.4961595880344626,0.0,0.0,0.0,0.0,0.9999999993733761
2018-09-25,0.0001169101270477313,186669.92102808857,93982.53935264568,0.5034691118688798,0.0,0.0,92687.38155853278,0.496530887504827,0.0,0.0,0.0,0.0,0.9999999993737068
2018-09-26,0.0001169101270477313,186482.1420029276,93966.04779443635,0.5038876472845382,0.0,0.0,92516.09409158114,0.4961123520885379,0.0,0.0,0.0,0.0,0.999999999373076
2018-09-27,0.0001169101270477313,186390.3812664308,93912.1348712521,0.503846465859265,0.0,0.0,92478.24627826859,0.49615353351350255,0.0,0.0,0.0,0.0,0.9999999993727674
2018-09-28,0.0001169101270477313,188048.79895996946,94592.34009872227,0.5030201767938887,0.0,0.0,93456.45874433708,0.4969798225844104,0.0,0.0,0.0,0.0,0.9999999993782991
2018-10-01,0.0001169101270477313,189117.8312185234,95315.90547936597,0.5040027419161209,0.0,0.0,93801.9256222473,0.49599725746569234,0.0,0.0,0.0,0.0,0.9999999993818134
2018-10-02,0.0001169101270477313,189473.7418916715,95515.21373844869,0.5041079190437794,0.0,0.0,93958.5280363127,0.4958920803391952,0.0,0.0,0.0,0.0,0.9999999993829746
2018-10-03,0.0001169101270477313,188473.4721033166,95163.97995957379,0.5049197581896682,0.0,0.0,93309.49202683271,0.4950802411900318,0.0,0.0,0.0,0.0,0.9999999993796999
2018-10-04,0.0001169101270477313,188695.31061299442,95069.2610715166,0.5038241849396001,0.0,0.0,93626.04942456771,0.496175814440829,0.0,0.0,0.0,0.0,0.9999999993804292
2018-10-05,0.0001169101270477313,187095.91218848422,93904.59836295704,0.5019062002186111,0.0,0.0,93191.31370861706,0.49809379915652163,0.0,0.0,0.0,0.0,0.9999999993751327
2018-10-08,0.0001169101270477313,186928.79534973882,93736.01774485304,0.5014530670326925,0.0,0.0,93192.77748797565,0.49854693234188147,0.0,0.0,0.0,0.0,0.9999999993745741
2018-10-09,0.0001169101270477313,185833.46797536113,93049.08124622419,0.5007121820411874,0.0,0.0,92784.38661222684,0.4992878173297004,0.0,0.0,0.0,0.0,0.9999999993708877
2018-10-10,0.0001169101270477313,180152.85631276254,89785.20104885504,0.49838344440667304,0.0,0.0,90367.65514699738,0.5016165549443774,0.0,0.0,0.0,0.0,0.9999999993510504
2018-10-11,0.0001169101270477313,174661.76366189957,86995.27386453708,0.49807852640797584,0.0,0.0,87666.48968045239,0.5019214729226728,0.0,0.0,0.0,0.0,0.9999999993306485
2018-10-12,0.0001169101270477313,176731.84207695114,88248.56380075507,0.4993359587251436,0.0,0.0,88483.27815928597,0.5006640406133451,0.0,0.0,0.0,0.0,0.9999999993384887
2018-10-15,0.0001169101270477313,176468.85840818976,87880.91819530293,0.49799675131362703,0.0,0.0,88587.94009597671,0.5020032480238759,0.0,0.0,0.0,0.0,0.9999999993375028
2018-10-16,0.0001169101270477313,179154.6692815995,89227.37445277987,0.49804660303064835,0.0,0.0,89927.29471190952,0.5019533963167865,0.0,0.0,0.0,0.0,0.9999999993474348
2018-10-17,0.0001169101270477313,179921.56226761107,89575.19639066445,0.49785692866223796,0.0,0.0,90346.36576003648,0.5021430706879781,0.0,0.0,0.0,0.0,0.9999999993502162
2018-10-18,0.0001169101270477313,178645.04999156733,88638.43224726188,0.4961706593686527,0.0,0.0,90006.61762739533,0.5038293399769205,0.0,0.0,0.0,0.0,0.9999999993455732
2018-10-19,0.0001169101270477313,177690.16169259927,87875.43207350116,0.49454303624037466,0.0,0.0,89814.72950218798,0.5054569631016815,0.0,0.0,0.0,0.0,0.9999999993420563
2018-10-22,0.0001169101270477313,177692.73994802215,87950.713166851,0.4949595194073654,0.0,0.0,89742.02666426104,0.5050404799347005,0.0,0.0,0.0,0.0,0.9999999993420658
2018-10-23,0.0001169101270477313,177296.96217519845,87594.68798342012,0.4940563386351889,0.0,0.0,89702.27407486823,0.5059436607054084,0.0,0.0,0.0,0.0,0.9999999993405971
2018-10-24,0.0001169101270477313,172756.27558408646,84651.94515143556,0.490007930914397,0.0,0.0,88104.33031574076,0.5099920684088686,0.0,0.0,0.0,0.0,0.9999999993232656
2018-10-25,0.0001169101270477313,173882.83304161698,85598.92984800605,0.49227936047901216,0.0,0.0,88283.9030767008,0.5077206388486378,0.0,0.0,0.0,0.0,0.99999999932765
2018-10-26,0.0001169101270477313,172082.26856040384,84684.92339214987,0.49211882258760437,0.0,0.0,87397.34505134386,0.5078811767330106,0.0,0.0,0.0,0.0,0.999999999320615
2018-10-29,0.0001169101270477313,171304.63091024672,84186.43540543538,0.4914428463381354,0.0,0.0,87118.19538790124,0.5085571529793956,0.0,0.0,0.0,0.0,0.9999999993175309
2018-10-30,0.0001169101270477313,174533.98171856123,85858.07731748813,0.49192756890137085,0.0,0.0,88675.904284163,0.5080724304287877,0.0,0.0,0.0,0.0,0.9999999993301585
2018-10-31,0.0001169101270477313,176627.85673775946,87197.46252201682,0.4936789934074752,0.0,0.0,89430.39409883253,0.5063210059306241,0.0,0.0,0.0,0.0,0.9999999993380992
2018-11-01,0.0001169101270477313,177591.49746208367,88042.82505237302,0.49576036190116834,0.0,0.0,89548.67229280053,0.5042396374405225,0.0,0.0,0.0,0.0,0.9999999993416908
2018-11-02,0.0001169101270477313,176652.54416156767,87374.69957379518,0.4946133099214335,0.0,0.0,89277.84447086236,0.5053866894167581,0.0,0.0,0.0,0.0,0.9999999993381917
2018-11-05,0.0001169101270477313,178591.62361673464,88225.72709145807,0.4940082032111109,0.0,0.0,90365.89640836645,0.5059917961342665,0.0,0.0,0.0,0.0,0.9999999993453774
2018-11-06,0.0001169101270477313,179908.58966834305,88884.3043919351,0.4940525883494005,0.0,0.0,91024.28515949781,0.5059474110007687,0.0,0.0,0.0,0.0,0.9999999993501694
2018-11-07,0.0001169101270477313,183406.8793861846,90797.52007570336,0.49506060175920985,0.0,0.0,92609.35919357112,0.5049393976033544,0.0,0.0,0.0,0.0,0.9999999993625641
2018-11-08,0.0001169101270477313,183648.9550471465,90840.03199960571,0.49463952558992336,0.0,0.0,92808.9229306307,0.5053604737734811,0.0,0.0,0.0,0.0,0.9999999993634044
2018-11-09,0.0001169101270477313,183424.96161355756,90333.61179619087,0.49248265340519504,0.0,0.0,93091.34970045657,0.5075173459574319,0.0,0.0,0.0,0.0,0.999999999362627
2018-11-12,0.0001169101270477313,180528.13135484493,88577.29620526468,0.4906564729856851,0.0,0.0,91950.83503267012,0.5093435263667143,0.0,0.0,0.0,0.0,0.9999999993523995
2018-11-13,0.0001169101270477313,179889.04779264535,88240.14496873395,0.4905253880183227,0.0,0.0,91648.90270700128,0.5094746113317761,0.0,0.0,0.0,0.0,0.9999999993500988
2018-11-14,0.0001169101270477313,178865.7472263068,87618.83671690461,0.4898581090880771,0.0,0.0,91246.91039249205,0.5101418902583035,0.0,0.0,0.0,0.0,0.9999999993463806
2018-11-15,0.0001169101270477313,180030.3695289115,88389.37265915923,0.49096923419337074,0.0,0.0,91640.99675284217,0.5090307651572382,0.0,0.0,0.0,0.0,0.9999999993506089
2018-11-16,0.0001169101270477313,180403.6613011172,88277.52453623635,0.4893333311505783,0.0,0.0,92126.13664797074,0.5106666682013744,0.0,0.0,0.0,0.0,0.9999999993519526
2018-11-19,0.0001169101270477313,176725.93591065434,86116.39750983621,0.487287828275377,0.0,0.0,90609.538283908,0.5127121710630895,0.0,0.0,0.0,0.0,0.9999999993384666
2018-11-20,0.0001169101270477313,173625.5754076901,84433.16121040954,0.48629449326317326,0.0,0.0,89192.41408037045,0.5137055060634805,0.0,0.0,0.0,0.0,0.9999999993266538
2018-11-21,0.0001169101270477313,173930.67395489375,84597.17802778205,0.48638446631743076,0.0,0.0,89333.4958102016,0.5136155330104043,0.0,0.0,0.0,0.0,0.999999999327835
2018-11-23,0.0001169101270477313,173537.70673748731,84198.52388082966,0.48518863977036314,0.0,0.0,89339.18273974754,0.5148113595559497,0.0,0.0,0.0,0.0,0.9999999993263129
2018-11-26,0.0001169101270477313,175282.27656337866,85238.96898699462,0.48629542391967884,0.0,0.0,90043.30745947393,0.5137045754133391,0.0,0.0,0.0,0.0,0.9999999993330181
2018-11-27,0.0001169101270477313,176647.37744457487,85858.68765690886,0.4860456401842026,0.0,0.0,90788.6896707559,0.5139543591539698,0.0,0.0,0.0,0.0,0.9999999993381724
2018-11-28,0.0001169101270477313,180644.9556270145,88116.66020822633,0.4877892100688636,0.0,0.0,92528.29530187807,0.5122107892839547,0.0,0.0,0.0,0.0,0.9999999993528182
2018-11-29,0.0001169101270477313,179850.15223582738,87543.50316833274,0.48675801538128183,0.0,0.0,92306.64895058451,0.5132419839686763,0.0,0.0,0.0,0.0,0.9999999993499582
2018-11-30,0.0001169101270477313,180896.53404399552,88280.74607779387,0.4880178967736511,0.0,0.0,92615.78784929152,0.5119821025800672,0.0,0.0,0.0,0.0,0.9999999993537183
2018-12-03,0.0001169101270477313,183282.67818044676,89573.7084470116,0.4887188976954159,0.0,0.0,93708.96961652505,0.5112811016667164,0.0,0.0,0.0,0.0,0.9999999993621322
2018-12-04,0.0001169101270477313,178603.44615579213,86697.65392389298,0.4854198269403402,0.0,0.0,91905.79211498905,0.5145801724050806,0.0,0.0,0.0,0.0,0.9999999993454207
2018-12-06,0.0001169101270477313,177690.73464407437,86267.63533648256,0.4854931547741193,0.0,0.0,91423.09919068168,0.514506844567939,0.0,0.0,0.0,0.0,0.9999999993420584
2018-12-07,0.0001169101270477313,173776.52059167883,84014.34353625274,0.48346199619027075,0.0,0.0,89762.17693851597,0.516538003136968,0.0,0.0,0.0,0.0,0.9999999993272387
2018-12-10,0.0001169101270477313,174024.300161972,84134.64060772429,0.4834648984619763,0.0,0.0,89889.6594373376,0.5165351008662202,0.0,0.0,0.0,0.0,0.9999999993281966
2018-12-11,0.0001169101270477313,175225.02980772135,84694.69717054933,0.4833481681440538,0.0,0.0,90530.33252026189,0.5166518311887462,0.0,0.0,0.0,0.0,0.9999999993328001
2018-12-12,0.0001169101270477313,176077.4002014737,85286.34565678156,0.4843684968042125,0.0,0.0,90791.05442778203,0.5156315025318174,0.0,0.0,0.0,0.0,0.99999999933603
2018-12-13,0.0001169101270477313,176139.64765656917,85264.13998379624,0.48407125322540234,0.0,0.0,90875.5075558628,0.5159287461108623,0.0,0.0,0.0,0.0,0.9999999993362646
2018-12-14,0.0001169101270477313,173421.8390508752,83573.18059659516,0.4819068985427957,0.0,0.0,89848.6583373699,0.5180931007830669,0.0,0.0,0.0,0.0,0.9999999993258628
2018-12-17,0.0001169101270477313,169430.3314950506,81629.41324920226,0.48178748473726984,0.0,0.0,87800.91812893824,0.5182125145727114,0.0,0.0,0.0,0.0,0.9999999993099812
2018-12-18,0.0001169101270477313,168395.70464627937,81340.75306136782,0.48303341960073576,0.0,0.0,87054.95146800143,0.5169665797050059,0.0,0.0,0.0,0.0,0.9999999993057417
2018-12-19,0.0001169101270477313,165830.49704548018,79763.10141995532,0.48099175266947264,0.0,0.0,86067.39550861475,0.5190082466255297,0.0,0.0,0.0,0.0,0.9999999992950023
2018-12-20,0.0001169101270477313,163274.57017410055,78503.2889637311,0.4808053628928413,0.0,0.0,84771.28109345934,0.519194636391125,0.0,0.0,0.0,0.0,0.9999999992839662
2018-12-21,0.0001169101270477313,158723.92618227037,76017.97554689302,0.4789320512371771,0.0,0.0,82705.95051846723,0.5210679480262603,0.0,0.0,0.0,0.0,0.9999999992634373
2018-12-24,0.0001169101270477313,154450.85062515913,74123.77600657058,0.4799182115640369,0.0,0.0,80327.07450167845,0.5200817876790226,0.0,0.0,0.0,0.0,0.9999999992430594
2018-12-26,0.0001169101270477313,159725.08259472685,77141.96184688747,0.4829671119508579,0.0,0.0,82583.12063092928,0.5170328873171963,0.0,0.0,0.0,0.0,0.9999999992680542
2018-12-27,0.0001169101270477313,162701.6541601826,78612.10057897109,0.4831671871115466,0.0,0.0,84089.55346430138,0.5168328121698982,0.0,0.0,0.0,0.0,0.9999999992814448
2018-12-28,0.0001169101270477313,161900.72602084596,78168.4605393986,0.482817232884637,0.0,0.0,83732.26536453723,0.517182766393253,0.0,0.0,0.0,0.0,0.9999999992778901
2018-12-31,0.0001169101270477313,162681.06995744657,78607.29200585937,0.4831987644685466,0.0,0.0,84073.77783467706,0.5168012348128073,0.0,0.0,0.0,0.0,0.9999999992813539
2019-01-02,0.0014283005366451107,160952.14604922742,80995.20390632657,0.5032253740907193,0.0,0.0,79956.94071460029,0.496774617035211,0.0,0.0,0.0,0.0,0.9999999911259304
2019-01-03,0.0014283005366451107,154541.3951538193,77354.28613964288,0.5005408813777695,0.0,0.0,77187.10758587587,0.49945910938004295,0.0,0.0,0.0,0.0,0.9999999907578125
2019-01-04,0.0014283005366451107,159503.99856241964,80358.34838091518,0.5038014664533195,0.0,0.0,79145.64875320392,0.49619852459204267,0.0,0.0,0.0,0.0,0.9999999910453622
2019-01-07,0.0014283005366451107,161310.3656929547,81381.56626571494,0.5045030176214479,0.0,0.0,79928.79799893923,0.49549697352418903,0.0,0.0,0.0,0.0,0.999999991145637
2019-01-08,0.0014283005366451107,163014.47738596518,82330.35445415833,0.5050493414718428,0.0,0.0,80684.1215035063,0.4949506497663554,0.0,0.0,0.0,0.0,0.9999999912381982
2019-01-09,0.0014283005366451107,163730.60971349193,82912.36990654851,0.5063950476434113,0.0,0.0,80818.23837864287,0.49360494363310975,0.0,0.0,0.0,0.0,0.999999991276521
2019-01-10,0.0014283005366451107,163829.45790011864,82839.88854684493,0.5056470894101942,0.0,0.0,80989.56792497315,0.4943529018715901,0.0,0.0,0.0,0.0,0.9999999912817843
2019-01-11,0.0014283005366451107,163769.93976782053,82683.57241865051,0.5048763682509283,0.0,0.0,81086.36592086947,0.4951236230276876,0.0,0.0,0.0,0.0,0.9999999912786159
2019-01-14,0.0014283005366451107,162979.61459230786,82367.18530150589,0.5053833604131824,0.0,0.0,80612.42786250143,0.49461663082314156,0.0,0.0,0.0,0.0,0.999999991236324
2019-01-15,0.0014283005366451107,164222.702920664,82959.54617828889,0.5051649053563967,0.0,0.0,81263.15531407458,0.49483508594626413,0.0,0.0,0.0,0.0,0.9999999913026608
2019-01-16,0.0014283005366451107,164878.3914351769,83334.70294616773,0.5054313195366863,0.0,0.0,81543.68706070862,0.49456867180056213,0.0,0.0,0.0,0.0,0.9999999913372485
2019-01-17,0.0014283005366451107,166781.55030654153,84391.89024355753,0.5060025529709176,0.0,0.0,82389.65863468347,0.4939974384651824,0.0,0.0,0.0,0.0,0.9999999914360999
2019-01-18,0.0014283005366451107,169013.0914331409,85616.49539556447,0.5065672408544347,0.0,0.0,83396.59460927587,0.4934327506947374,0.0,0.0,0.0,0.0,0.9999999915491721
2019-01-22,0.0014283005366451107,168003.96200147187,84797.33603998691,0.5047341445390675,0.0,0.0,83206.62453318443,0.4952658469593441,0.0,0.0,0.0,0.0,0.9999999914984116
2019-01-23,0.0014283005366451107,168049.92403030008,84606.43922787296,0.503460145644684,0.0,0.0,83443.48337412659,0.4965398458560528,0.0,0.0,0.0,0.0,0.9999999915007367
2019-01-24,0.0014283005366451107,168134.4168267083,84786.19190614419,0.5042762422254753,0.0,0.0,83348.22349226357,0.49572374927953256,0.0,0.0,0.0,0.0,0.9999999915050078
2019-01-25,0.0014283005366451107,169516.4052101091,85795.9598062152,0.5061218688531909,0.0,0.0,83720.44397559337,0.4938781227210728,0.0,0.0,0.0,0.0,0.9999999915742636
2019-01-28,0.0014283005366451107,168437.68528569245,85052.00329580014,0.5049464028880518,0.0,0.0,83385.68056159177,0.49505358863225113,0.0,0.0,0.0,0.0,0.9999999915203029
2019-01-29,0.0014283005366451107,168392.94371113108,84980.52345398866,0.5046560834506707,0.0,0.0,83412.41882884187,0.49534390806737916,0.0,0.0,0.0,0.0,0.9999999915180499
2019-01-30,0.0014283005366451107,170609.42605260454,86181.72106244629,0.5051404430366796,0.0,0.0,84427.70356185769,0.49485954859156395,0.0,0.0,0.0,0.0,0.9999999916282437
2019-01-31,0.0014283005366451107,171858.5354365508,87170.66387187538,0.5072233604833569,0.0,0.0,84687.87013637487,0.4927766312057346,0.0,0.0,0.0,0.0,0.9999999916890916
2019-02-01,0.0014283005366451107,172228.80507115295,87448.75842448068,0.5077475767677361,0.0,0.0,84780.04521837174,0.49225241493922306,0.0,0.0,0.0,0.0,0.999999991706959
2019-02-04,0.0014283005366451107,174347.26156140186,88505.41591787085,0.5076386926025843,0.0,0.0,85841.84421523048,0.4923612992051417,0.0,0.0,0.0,0.0,0.9999999918077259
2019-02-05,0.0014283005366451107,176009.58197958002,89510.57120119676,0.5085551036169238,0.0,0.0,86499.00935008272,0.491444888268174,0.0,0.0,0.0,0.0,0.9999999918850978
2019-02-06,0.0014283005366451107,175695.3888024244,89335.56944236389,0.5084684922654679,0.0,0.0,86359.81793175996,0.4915314996051182,0.0,0.0,0.0,0.0,0.9999999918705861
2019-02-07,0.0014283005366451107,174673.59887379347,88473.09083575396,0.506505226927157,0.0,0.0,86200.50660973896,0.4934947648958743,0.0,0.0,0.0,0.0,0.9999999918230313
2019-02-08,0.0014283005366451107,174914.1186451755,88530.1432206246,0.5061349187038107,0.0,0.0,86383.97399625038,0.4938650731304647,0.0,0.0,0.0,0.0,0.9999999918342752
2019-02-11,0.0014283005366451107,175110.75963335414,88668.85742801258,0.5063587047059067,0.0,0.0,86441.90077704102,0.4936412871375383,0.0,0.0,0.0,0.0,0.999999991843445
2019-02-12,0.0014283005366451107,177691.71536585307,90165.5076067783,0.5074266260592663,0.0,0.0,87526.20633077424,0.492573365902652,0.0,0.0,0.0,0.0,0.9999999919619182
2019-02-13,0.0014283005366451107,178589.17280489558,90770.11382594872,0.5082621325824321,0.0,0.0,87819.05755064632,0.4917378594198796,0.0,0.0,0.0,0.0,0.9999999920023117
2019-02-14,0.0014283005366451107,178828.50182996647,90934.34218106081,0.5085002740084626,0.0,0.0,87894.15822060511,0.49149971800455244,0.0,0.0,0.0,0.0,0.9999999920130151
2019-02-15,0.0014283005366451107,180033.5389014654,91544.5210371175,0.5084859276538521,0.0,0.0,88489.01643604734,0.4915140644126231,0.0,0.0,0.0,0.0,0.9999999920664752
2019-02-19,0.0014283005366451107,180306.13257585574,91588.41533625033,0.507960622458133,0.0,0.0,88717.71581130485,0.49203936962033634,0.0,0.0,0.0,0.0,0.9999999920784695
2019-02-20,0.0014283005366451107,180725.28937919185,91945.19079616698,0.5087566389408326,0.0,0.0,88780.09715472434,0.4912433531560094,0.0,0.0,0.0,0.0,0.9999999920968419
2019-02-21,0.0014283005366451107,180586.25560489946,91604.55604485393,0.5072620601053573,0.0,0.0,88981.69813174497,0.4927379319853998,0.0,0.0,0.0,0.0,0.9999999920907572
2019-02-22,0.0014283005366451107,181870.2907066774,92452.63446750585,0.5083437988044709,0.0,0.0,89417.654810871,0.49165619334212685,0.0,0.0,0.0,0.0,0.9999999921465977
2019-02-25,0.0014283005366451107,181801.2702882969,92580.70869521383,0.5092412640923859,0.0,0.0,89220.56016478252,0.4907587280512304,0.0,0.0,0.0,0.0,0.9999999921436162
2019-02-26,0.0014283005366451107,182182.82916117026,92788.34310380214,0.5093144262334174,0.0,0.0,89394.48462906759,0.49068556592665313,0.0,0.0,0.0,0.0,0.9999999921600704
2019-02-27,0.0014283005366451107,181491.09940743787,92506.61588513966,0.5097033198166221,0.0,0.0,88984.48209399768,0.49029667231356755,0.0,0.0,0.0,0.0,0.9999999921301896
2019-02-28,0.0014283005366451107,181987.23913261053,92538.55584256882,0.5084892560798606,0.0,0.0,89448.68186174118,0.491510736071784,0.0,0.0,0.0,0.0,0.9999999921516445
2019-03-01,0.0014283005366451107,183944.05742063702,93627.06142662663,0.5089974785786281,0.0,0.0,90316.99456570986,0.4910025136565082,0.0,0.0,0.0,0.0,0.9999999922351362
2019-03-04,0.0014283005366451107,184168.8471811891,93867.74452332701,0.5096830759383425,0.0,0.0,90301.10122956155,0.4903169163062712,0.0,0.0,0.0,0.0,0.9999999922446138
2019-03-05,0.0014283005366451107,183780.70819585293,93625.15519238297,0.5094395168648918,0.0,0.0,90155.55157516942,0.49056047536334285,0.0,0.0,0.0,0.0,0.9999999922282347
2019-03-06,0.0014283005366451107,183236.9308939332,93355.07150490358,0.5094773801845777,0.0,0.0,89881.85796072909,0.49052261202059344,0.0,0.0,0.0,0.0,0.999999992205171
2019-03-07,0.0014283005366451107,181679.32857034318,92400.07404621015,0.508588812900827,0.0,0.0,89279.25309583248,0.49141117923751604,0.0,0.0,0.0,0.0,0.9999999921383431
2019-03-08,0.0014283005366451107,181446.96885781662,92237.27422153631,0.5083428772723904,0.0,0.0,89209.69320797976,0.4916571148558851,0.0,0.0,0.0,0.0,0.9999999921282755
2019-03-11,0.0014283005366451107,182971.50357939492,93191.01878400646,0.5093198501457854,0.0,0.0,89780.48336708793,0.4906801420480781,0.0,0.0,0.0,0.0,0.9999999921938635
2019-03-12,0.0014283005366451107,184023.36643430704,93796.69012291734,0.5096998926840143,0.0,0.0,90226.67488308917,0.49030009955446846,0.0,0.0,0.0,0.0,0.9999999922384827
2019-03-13,0.0014283005366451107,184936.18798999587,94269.96705380405,0.5097432150970019,0.0,0.0,90666.21950789128,0.4902567771797906,0.0,0.0,0.0,0.0,0.9999999922767926
2019-03-14,0.0014283005366451107,184643.23912426116,94144.65935530703,0.5098733092087362,0.0,0.0,90498.57834065358,0.4901266830558029,0.0,0.0,0.0,0.0,0.9999999922645392
2019-03-15,0.0014283005366451107,186301.43267029847,95035.82058941167,0.5101185708947206,0.0,0.0,91265.61065258626,0.48988142143866875,0.0,0.0,0.0,0.0,0.9999999923333893
2019-03-18,0.0014283005366451107,186162.15396785887,94990.68682742567,0.510257776904676,0.0,0.0,91171.46571213266,0.4897422154229776,0.0,0.0,0.0,0.0,0.9999999923276536
2019-03-19,0.0014283005366451107,185591.61626189615,94777.01102000782,0.5106750667350404,0.0,0.0,90814.60381358779,0.4893249255690272,0.0,0.0,0.0,0.0,0.9999999923040676
2019-03-20,0.0014283005366451107,185112.7634560406,94611.32482091521,0.5111010340644766,0.0,0.0,90501.43720682483,0.48889895821968293,0.0,0.0,0.0,0.0,0.9999999922841596
2019-03-21,0.0014283005366451107,185966.10696119428,94912.51022138704,0.5103753139339123,0.0,0.0,91053.5953115067,0.489624678385653,0.0,0.0,0.0,0.0,0.9999999923195653
2019-03-22,0.0014283005366451107,183773.73634088636,93302.76721092778,0.5077045777523846,0.0,0.0,90470.96770165804,0.49229541447555514,0.0,0.0,0.0,0.0,0.9999999922279398
2019-03-25,0.0014283005366451107,182648.01207754298,92660.39900865864,0.507316767123202,0.0,0.0,89987.61164058381,0.49268322505683604,0.0,0.0,0.0,0.0,0.9999999921800379
2019-03-26,0.0014283005366451107,184133.91047264208,93489.8588349119,0.5077275478207055,0.0,0.0,90644.05020942964,0.49227244442243673,0.0,0.0,0.0,0.0,0.9999999922431423
2019-03-27,0.0014283005366451107,184291.6067547056,93496.63030758893,0.5073298342448883,0.0,0.0,90794.97501881613,0.49267015800489145,0.0,0.0,0.0,0.0,0.9999999922497798
2019-03-28,0.0014283005366451107,184934.23228094846,93880.34281904523,0.5076417797891741,0.0,0.0,91053.8880336027,0.4923582124875368,0.0,0.0,0.0,0.0,0.9999999922767109
2019-03-29,0.0014283005366451107,186379.25033517243,94689.62776404111,0.508048120130097,0.0,0.0,91689.62114283076,0.4919518722064932,0.0,0.0,0.0,0.0,0.9999999923365903
2019-04-01,0.0014283005366451107,188297.80494035556,95982.9853308241,0.5097403305430315,0.0,0.0,92314.8181812309,0.4902596618716409,0.0,0.0,0.0,0.0,0.9999999924146724
2019-04-02,0.0014283005366451107,189094.72960504176,96463.49886781015,0.5101331965692087,0.0,0.0,92631.22930893108,0.4898667958774314,0.0,0.0,0.0,0.0,0.9999999924466402
2019-04-03,0.0014283005366451107,188881.0842911521,96433.94059056527,0.5105537219487605,0.0,0.0,92447.1422722863,0.48944627048933603,0.0,0.0,0.0,0.0,0.9999999924380965
2019-04-04,0.0014283005366451107,189322.70282104835,96738.015644609,0.510968912883352,0.0,0.0,92584.6857481388,0.48903107957238345,0.0,0.0,0.0,0.0,0.9999999924557356
2019-04-05,0.0014283005366451107,190675.26556190936,97462.81120459602,0.5111455380296891,0.0,0.0,93212.4529290128,0.48885445447956194,0.0,0.0,0.0,0.0,0.9999999925092511
2019-04-08,0.0014283005366451107,190868.85016298064,97627.8966939506,0.5114920355552376,0.0,0.0,93240.9520407295,0.48850795696161087,0.0,0.0,0.0,0.0,0.9999999925168483
2019-04-09,0.0014283005366451107,189627.42930626767,96866.38728024984,0.5108247664097197,0.0,0.0,92761.04059771728,0.48917522605813907,0.0,0.0,0.0,0.0,0.999999992467859
2019-04-10,0.0014283005366451107,189668.2818288136,96980.12004751182,0.5113143806250213,0.0,0.0,92688.16035300124,0.4886856118444599,0.0,0.0,0.0,0.0,0.9999999924694813
2019-04-11,0.0014283005366451107,189496.5639491088,96939.78148096782,0.5115648508909215,0.0,0.0,92556.78103984043,0.48843514157173573,0.0,0.0,0.0,0.0,0.9999999924626573
2019-04-12,0.0014283005366451107,191843.80249199117,98347.56634591712,0.5126439586184849,0.0,0.0,93496.2347177735,0.48735603393639293,0.0,0.0,0.0,0.0,0.9999999925548778
2019-04-15,0.0014283005366451107,192669.60183050312,98706.16580850752,0.5123079347791569,0.0,0.0,93963.43459369506,0.4876920578076314,0.0,0.0,0.0,0.0,0.9999999925867883
2019-04-16,0.0014283005366451107,192133.5010002575,98793.55272477985,0.5141922268134147,0.0,0.0,93339.94684717711,0.48580776575268886,0.0,0.0,0.0,0.0,0.9999999925661036
2019-04-17,0.0014283005366451107,191348.02293721391,98534.62908706458,0.5149498153915928,0.0,0.0,92813.3924218488,0.48505017714399484,0.0,0.0,0.0,0.0,0.9999999925355877
2019-04-18,0.0014283005366451107,191481.92339741948,98474.99077072185,0.5142782620077283,0.0,0.0,93006.93119839708,0.48572173053307915,0.0,0.0,0.0,0.0,0.9999999925408074
2019-04-22,0.0014283005366451107,191156.14681427422,98364.24248982604,0.5145753570006616,0.0,0.0,92791.90289614766,0.48542463552743365,0.0,0.0,0.0,0.0,0.9999999925280951
2019-04-23,0.0014283005366451107,193069.99835274162,99473.56972300954,0.5152202339654549,0.0,0.0,93596.42720143154,0.4847797586367072,0.0,0.0,0.0,0.0,0.9999999926021621
2019-04-24,0.0014283005366451107,193025.84244060572,99362.50147638892,0.5147626878352461,0.0,0.0,93663.33953591627,0.4852373047652238,0.0,0.0,0.0,0.0,0.9999999926004698
2019-04-25,0.0014283005366451107,193063.19268893183,99251.25079765319,0.5140868614846189,0.0,0.0,93811.94046297809,0.4859131311172824,0.0,0.0,0.0,0.0,0.9999999926019013
2019-04-26,0.0014283005366451107,192882.84084385366,99062.31224075181,0.5135879988461322,0.0,0.0,93820.5271748013,0.4864119937488517,0.0,0.0,0.0,0.0,0.9999999925949838
2019-04-29,0.0014283005366451107,192729.5415032729,99099.49269642802,0.5141894279593102,0.0,0.0,93630.04737854433,0.48581056462978367,0.0,0.0,0.0,0.0,0.9999999925890939
2019-04-30,0.0014283005366451107,193772.70320603988,99206.47023598482,0.5119734028301081,0.0,0.0,94566.23154175453,0.488026589798882,0.0,0.0,0.0,0.0,0.99999999262899
2019-05-01,0.0014283005366451107,191479.99257666615,98094.58720721878,0.512296798674373,0.0,0.0,93385.40394114681,0.4877031938663591,0.0,0.0,0.0,0.0,0.9999999925407322
2019-05-02,0.0014283005366451107,191442.89308379663,97993.98723763187,0.5118705931524908,0.0,0.0,93448.90441786424,0.4881293993867959,0.0,0.0,0.0,0.0,0.9999999925392866
2019-05-03,0.0014283005366451107,192648.23199874666,98786.13180306007,0.5127798515363626,0.0,0.0,93862.09876738605,0.4872201410496033,0.0,0.0,0.0,0.0,0.999999992585966
2019-05-06,0.0014283005366451107,190720.56872921294,97639.32968459558,0.511949656689756,0.0,0.0,93081.23761631684,0.4880503358212745,0.0,0.0,0.0,0.0,0.9999999925110303
2019-05-07,0.0014283005366451107,188301.7011186167,96129.28808798418,0.5105067427268198,0.0,0.0,92172.411602332,0.48949324968800956,0.0,0.0,0.0,0.0,0.9999999924148293
2019-05-08,0.0014283005366451107,187286.03940452656,95600.56374933566,0.5104521621221548,0.0,0.0,91685.47422689035,0.48954783025153975,0.0,0.0,0.0,0.0,0.9999999923736945
2019-05-09,0.0014283005366451107,186588.62567140945,95093.58083715255,0.5096429672225381,0.0,0.0,91495.04340595637,0.49035702512265167,0.0,0.0,0.0,0.0,0.9999999923451897
2019-05-10,0.0014283005366451107,187345.46794837987,95337.76470899822,0.5088874887289351,0.0,0.0,92007.7018110811,0.4911125036471787,0.0,0.0,0.0,0.0,0.9999999923761137
2019-05-13,0.0014283005366451107,183712.43655386224,92883.86635112987,0.5055937861011247,0.0,0.0,90828.56877443183,0.49440620612422176,0.0,0.0,0.0,0.0,0.9999999922253464
2019-05-14,0.0014283005366451107,183997.85482734969,93198.81611329537,0.5065212102649045,0.0,0.0,90799.03728575376,0.49347878197250195,0.0,0.0,0.0,0.0,0.9999999922374065
2019-05-15,0.0014283005366451107,186019.01113109945,94403.47402230754,0.5074936881358615,0.0,0.0,91615.53568049138,0.49250630418588814,0.0,0.0,0.0,0.0,0.9999999923217496
2019-05-16,0.0014283005366451107,187249.83537378375,94964.83809987415,0.5071557895381192,0.0,0.0,92284.99584560904,0.4928442028341007,0.0,0.0,0.0,0.0,0.99999999237222
2019-05-17,0.0014283005366451107,187282.95745601258,94788.02257000977,0.506121987059462,0.0,0.0,92494.93345770225,0.49387800531410697,0.0,0.0,0.0,0.0,0.9999999923735691
2019-05-20,0.0014283005366451107,186965.04299046492,94366.54404171942,0.5047282771813768,0.0,0.0,92598.49752044494,0.4952717151792242,0.0,0.0,0.0,0.0,0.9999999923606011
2019-05-21,0.0014283005366451107,188278.16472558814,95119.27395335246,0.5052060821390892,0.0,0.0,93158.88934393512,0.49479391027479175,0.0,0.0,0.0,0.0,0.999999992413881
2019-05-22,0.0014283005366451107,188254.6569510463,94832.01920565995,0.5037432844507005,0.0,0.0,93422.63631708581,0.4962567079622334,0.0,0.0,0.0,0.0,0.9999999924129338
2019-05-23,0.0014283005366451107,186831.51050374427,93715.69424435872,0.5016053983167928,0.0,0.0,93115.814831085,0.49839459403834807,0.0,0.0,0.0,0.0,0.999999992355141
2019-05-24,0.0014283005366451107,185822.40525598117,93204.9272131246,0.5015806736799547,0.0,0.0,92617.47661455603,0.49841931863367106,0.0,0.0,0.0,0.0,0.9999999923136258
2019-05-28,0.0014283005366451107,183962.49835959135,92358.83658850464,0.5020525238136899,0.0,0.0,91603.66034278617,0.49794746842222465,0.0,0.0,0.0,0.0,0.9999999922359146
2019-05-29,0.0014283005366451107,182471.9886551133,91513.23488537043,0.5015193595458523,0.0,0.0,90958.75234144233,0.4984806326266421,0.0,0.0,0.0,0.0,0.9999999921724942
2019-05-30,0.0014283005366451107,183510.6170228803,91910.22844657184,0.5008442014835163,0.0,0.0,91600.38714800791,0.4991557907332799,0.0,0.0,0.0,0.0,0.9999999922167961
2019-05-31,0.0014283005366451107,181857.48786015026,90750.86915565231,0.49902190018945164,0.0,0.0,91106.6172761974,0.5009780919565933,0.0,0.0,0.0,0.0,0.9999999921460448
2019-06-03,0.0014283005366451107,180159.07621695267,89518.2978398571,0.4968847516294801,0.0,0.0,90640.77694879504,0.5031152404425234,0.0,0.0,0.0,0.0,0.9999999920720034
2019-06-04,0.0014283005366451107,182904.13997782333,91474.36288984073,0.5001218829761414,0.0,0.0,91429.77565968205,0.4998781092148471,0.0,0.0,0.0,0.0,0.9999999921909885
2019-06-05,0.0014283005366451107,185376.63130037615,92503.60559175415,0.49900359577613307,0.0,0.0,92873.02428032145,0.5009963965190094,0.0,0.0,0.0,0.0,0.9999999922951424
2019-06-06,0.0014283005366451107,186715.7263930533,93153.21590836228,0.4989039633023007,0.0,0.0,93562.50905639048,0.5010960290480997,0.0,0.0,0.0,0.0,0.9999999923504004
2019-06-07,0.0014283005366451107,188609.5661057901,94372.66448606209,0.5003599045083905,0.0,0.0,94236.90019142746,0.49964008791882003,0.0,0.0,0.0,0.0,0.9999999924272105
2019-06-10,0.0014283005366451107,188876.02797232944,94735.16966093195,0.5015732842222347,0.0,0.0,94140.85688309696,0.4984267082156594,0.0,0.0,0.0,0.0,0.999999992437894
2019-06-11,0.0014283005366451107,188502.4147563164,94729.86137373389,0.5025392459624163,0.0,0.0,93772.55195428197,0.4974607464604896,0.0,0.0,0.0,0.0,0.9999999924229058
2019-06-12,0.0014283005366451107,188942.75032720205,94673.16322998011,0.5010679852284866,0.0,0.0,94269.5856689214,0.4989320072120778,0.0,0.0,0.0,0.0,0.9999999924405645
2019-06-13,0.0014283005366451107,189431.53182723743,95073.34288438082,0.5018876317332862,0.0,0.0,94358.18751455605,0.49811236072678344,0.0,0.0,0.0,0.0,0.9999999924600698
2019-06-14,0.0014283005366451107,189131.19332030448,94612.91101697067,0.5002501668603037,0.0,0.0,94518.28087503326,0.4997498255877927,0.0,0.0,0.0,0.0,0.9999999924480963
2019-06-17,0.0014283005366451107,189368.3337777865,94819.8217351962,0.5007163544379185,0.0,0.0,94548.51061428977,0.499283638019635,0.0,0.0,0.0,0.0,0.9999999924575534
2019-06-18,0.0014283005366451107,190575.64783955668,95736.4349912306,0.5023539789922684,0.0,0.0,94839.21142002553,0.49764601351306703,0.0,0.0,0.0,0.0,0.9999999925053354
2019-06-19,0.0014283005366451107,191521.81821482602,96114.47149480777,0.5018460684567968,0.0,0.0,95407.34529171769,0.4981539240855643,0.0,0.0,0.0,0.0,0.9999999925423612
2019-06-20,0.0014283005366451107,192547.9990651691,96853.79001879825,0.5030111478126421,0.0,0.0,95694.2076180703,0.49698884476946437,0.0,0.0,0.0,0.0,0.9999999925821066
2019-06-21,0.0014283005366451107,190465.40628019985,95832.11559480285,0.5031470935662778,0.0,0.0,94633.28925709648,0.4968528989347198,0.0,0.0,0.0,0.0,0.9999999925009976
2019-06-24,0.0014283005366451107,190326.88852401025,95571.48993997801,0.5021439202896516,0.0,0.0,94755.3971557317,0.4978560722058883,0.0,0.0,0.0,0.0,0.9999999924955398
2019-06-25,0.0014283005366451107,188977.6361260615,94771.65002204226,0.5014966424853724,0.0,0.0,94205.98467571869,0.4985033499565875,0.0,0.0,0.0,0.0,0.9999999924419599
2019-06-26,0.0014283005366451107,187448.66868817477,94431.70042054595,0.5037736521758673,0.0,0.0,93016.96683932828,0.4962263402044437,0.0,0.0,0.0,0.0,0.9999999923803111
2019-06-27,0.0014283005366451107,189114.27896962498,95249.72282863208,0.5036622477561878,0.0,0.0,93864.55471269236,0.49633774469123315,0.0,0.0,0.0,0.0,0.9999999924474209
2019-06-28,0.0014283005366451107,189977.922517553,95739.13693560797,0.5039487518701662,0.0,0.0,94238.78415364449,0.49605124061158895,0.0,0.0,0.0,0.0,0.9999999924817551
2019-07-01,0.0005277679033497407,192293.4017033139,96039.90667698742,0.49944462902146636,0.0,0.0,96253.49449855856,0.5005553682339365,0.0,0.0,0.0,0.0,0.999999997255403
2019-07-02,0.0005277679033497407,193218.61223924175,96265.19452974151,0.49821905568055064,0.0,0.0,96953.41718173234,0.5017809415879946,0.0,0.0,0.0,0.0,0.9999999972685453
2019-07-03,0.0005277679033497407,194174.94863624583,96688.66165247778,0.49794611679598155,0.0,0.0,97486.28645600015,0.5020538804860165,0.0,0.0,0.0,0.0,0.999999997281998
2019-07-05,0.0005277679033497407,193772.40532721192,96484.2035025819,0.49792540552745257,0.0,0.0,97288.2012968621,0.502074591748899,0.0,0.0,0.0,0.0,0.9999999972763516
2019-07-08,0.0005277679033497407,194209.774583396,96507.02281885518,0.4969215531292114,0.0,0.0,97702.7512367729,0.503078444153274,0.0,0.0,0.0,0.0,0.9999999972824853
2019-07-09,0.0005277679033497407,194980.01316934125,96883.46864190277,0.4968892301682169,0.0,0.0,98096.54399967058,0.5031107671250036,0.0,0.0,0.0,0.0,0.9999999972932205
2019-07-10,0.0005277679033497407,196204.78369438727,97472.50139326621,0.49678962743890814,0.0,0.0,98732.28177335317,0.5032103698712089,0.0,0.0,0.0,0.0,0.999999997310117
2019-07-11,0.0005277679033497407,195376.11054421388,97163.1130875122,0.4973131710774028,0.0,0.0,98212.99692893376,0.5026868262213052,0.0,0.0,0.0,0.0,0.9999999972987081
2019-07-12,0.0005277679033497407,196396.26121013318,97735.22247909926,0.49764298911234345,0.0,0.0,98661.038203266,0.5023570082003961,0.0,0.0,0.0,0.0,0.9999999973127396
2019-07-15,0.0005277679033497407,195302.44794161522,97158.33689872752,0.4974762883042437,0.0,0.0,98144.11051511978,0.5025237089934455,0.0,0.0,0.0,0.0,0.9999999972976893
2019-07-16,0.0005277679033497407,194821.58703739438,96888.37968933057,0.49731850131543,0.0,0.0,97933.2068202959,0.5026814959755894,0.0,0.0,0.0,0.0,0.9999999972910194
2019-07-17,0.0005277679033497407,194440.67229060913,96503.26249230382,0.4963121210981568,0.0,0.0,97937.4092705374,0.5036878761875556,0.0,0.0,0.0,0.0,0.9999999972857124
2019-07-18,0.0005277679033497407,194819.1376167963,96672.24705792424,0.49621535255984855,0.0,0.0,98146.89003110417,0.5037846447311367,0.0,0.0,0.0,0.0,0.9999999972909853
2019-07-19,0.0005277679033497407,192247.216904891,95480.15575936042,0.49665299345579916,0.0,0.0,96767.06061776265,0.5033470037989444,0.0,0.0,0.0,0.0,0.9999999972547436
2019-07-22,0.0005277679033497407,193295.16925423834,96144.14797260117,0.4973955031754786,0.0,0.0,97151.02075386925,0.5026044940941484,0.0,0.0,0.0,0.0,0.9999999972696271
2019-07-23,0.0005277679033497407,194446.7482637683,96901.8497053673,0.49834646539791605,0.0,0.0,97544.89803063309,0.5016535318878812,0.0,0.0,0.0,0.0,0.9999999972857972
2019-07-24,0.0005277679033497407,195505.95406304795,97695.55406337976,0.4997062853230256,0.0,0.0,97810.39947190028,0.5002937119774766,0.0,0.0,0.0,0.0,0.9999999973005022
2019-07-25,0.0005277679033497407,195017.42449534134,97199.38350379693,0.49841384048284804,0.0,0.0,97818.04046377652,0.5015861568108917,0.0,0.0,0.0,0.0,0.9999999972937398
2019-07-26,0.0005277679033497407,197224.90064213602,98243.8904199611,0.49813127095053955,0.0,0.0,98981.00969440702,0.5018687263734906,0.0,0.0,0.0,0.0,0.9999999973240301
2019-07-29,0.0005277679033497407,197273.7920459834,98182.77259194128,0.49769800424911703,0.0,0.0,99091.0189262742,0.5023019930755762,0.0,0.0,0.0,0.0,0.9999999973246932
2019-07-30,0.0005277679033497407,196857.59517828308,98006.34531741824,0.49785402096708176,0.0,0.0,98851.24933309694,0.5021459763519553,0.0,0.0,0.0,0.0,0.9999999973190371
2019-07-31,0.0005277679033497407,194331.8448149331,96720.9276525382,0.49771012951916277,0.0,0.0,97610.91663462699,0.5022898677650295,0.0,0.0,0.0,0.0,0.9999999972841924
2019-08-01,0.0005277679033497407,193764.64561051354,96062.07098611245,0.49576676221526444,0.0,0.0,97702.57409663321,0.5042332350609782,0.0,0.0,0.0,0.0,0.9999999972762426
2019-08-02,0.0005277679033497407,190290.93711874433,93958.57509532866,0.49376274308164836,0.0,0.0,96332.36149564777,0.5062372541448728,0.0,0.0,0.0,0.0,0.9999999972265211
2019-08-05,0.0005277679033497407,183574.52254120758,90252.42341602429,0.49163915649441514,0.0,0.0,93322.09859741537,0.508360840630633,0.0,0.0,0.0,0.0,0.9999999971250482
2019-08-06,0.0005277679033497407,184660.90902108513,90748.15285614553,0.49143131232925774,0.0,0.0,93912.7556371717,0.5085686848127042,0.0,0.0,0.0,0.0,0.999999997141962
2019-08-07,0.0005277679033497407,186475.3159831113,91459.06408653702,0.4904620410715394,0.0,0.0,95016.25136880638,0.5095379560982313,0.0,0.0,0.0,0.0,0.9999999971697707
2019-08-08,0.0005277679033497407,189640.25116591682,93220.6785019772,0.49156588819542407,0.0,0.0,96419.5721361717,0.5084341090215807,0.0,0.0,0.0,0.0,0.9999999972170048
2019-08-09,0.0005277679033497407,188132.45917896065,92210.31087602582,0.49013504250380807,0.0,0.0,95922.14777516693,0.5098649546908923,0.0,0.0,0.0,0.0,0.9999999971947005
2019-08-12,0.0005277679033497407,185480.73461683144,90759.2012920481,0.4893187504327049,0.0,0.0,94721.53279701543,0.5106812467218896,0.0,0.0,0.0,0.0,0.9999999971545945
2019-08-13,0.0005277679033497407,187766.78578731554,92236.66205906922,0.4912299141315983,0.0,0.0,95530.12320047843,0.5087700830576389,0.0,0.0,0.0,0.0,0.9999999971892372
2019-08-14,0.0005277679033497407,184962.0930193578,90437.50180832527,0.48895154856871265,0.0,0.0,94524.59068326464,0.5110484485779033,0.0,0.0,0.0,0.0,0.9999999971466159
2019-08-15,0.0005277679033497407,184841.3428247208,90170.95269817256,0.487828920306421,0.0,0.0,94670.38959878034,0.5121710768383309,0.0,0.0,0.0,0.0,0.9999999971447519
2019-08-16,0.0005277679033497407,187364.61336477587,91648.27808276184,0.4891440087693289,0.0,0.0,95716.33475424613,0.5108559884138751,0.0,0.0,0.0,0.0,0.999999997183204
2019-08-19,0.0005277679033497407,189905.23840102679,93052.42970793691,0.4899940122317015,0.0,0.0,96852.80816532197,0.5100059849891866,0.0,0.0,0.0,0.0,0.9999999972208882
2019-08-20,0.0005277679033497407,188804.1741559235,92461.59334105383,0.4897221883701291,0.0,0.0,96342.58028710177,0.5102778088345519,0.0,0.0,0.0,0.0,0.999999997204681
2019-08-21,0.0005277679033497407,189693.2018242686,92967.11503539325,0.49009197030433277,0.0,0.0,96726.08626110744,0.5099080269134489,0.0,0.0,0.0,0.0,0.9999999972177817
2019-08-22,0.0005277679033497407,190463.21215967342,93259.89684445491,0.4896478211565138,0.0,0.0,97203.3147874506,0.5103521760725158,0.0,0.0,0.0,0.0,0.9999999972290298
2019-08-23,0.0005277679033497407,185824.42707553698,90538.60995835077,0.4872266331355196,0.0,0.0,95285.8165894183,0.5127733640243376,0.0,0.0,0.0,0.0,0.9999999971598572
2019-08-26,0.0005277679033497407,184967.73221257897,90181.83444339085,0.4875544148411088,0.0,0.0,94785.89724142021,0.512445582305594,0.0,0.0,0.0,0.0,0.9999999971467028
2019-08-27,0.0005277679033497407,186807.09118487366,91109.5690660072,0.4877200779056112,0.0,0.0,95697.52159109856,0.512279919269186,0.0,0.0,0.0,0.0,0.9999999971747973
2019-08-28,0.0005277679033497407,187427.7300463975,91492.4537519577,0.48814790495146504,0.0,0.0,95935.2757666719,0.5118520922326875,0.0,0.0,0.0,0.0,0.9999999971841526
2019-08-29,0.0005277679033497407,189907.06704464968,92880.38357725095,0.4890833449363605,0.0,0.0,97026.68293963083,0.5109166522845543,0.0,0.0,0.0,0.0,0.9999999972209149
2019-08-30,0.0005277679033497407,190367.35613774476,93141.28599621553,0.489271311457522,0.0,0.0,97226.06961376131,0.5107286857701123,0.0,0.0,0.0,0.0,0.9999999972276344
2019-09-03,0.0005277679033497407,189367.28084855384,92243.28402806539,0.48711310430568416,0.0,0.0,97123.99629272056,0.5128868929073092,0.0,0.0,0.0,0.0,0.9999999972129932
2019-09-04,0.0005277679033497407,190631.56744585777,92992.2828493776,0.48781156287658817,0.0,0.0,97639.28406871228,0.5121884343548888,0.0,0.0,0.0,0.0,0.9999999972314769
2019-09-05,0.0005277679033497407,193182.06419045271,94901.56493524191,0.4912545340735212,0.0,0.0,98280.4987274429,0.5087454631945073,0.0,0.0,0.0,0.0,0.9999999972680285
2019-09-06,0.0005277679033497407,194923.57508948728,95691.77358424888,0.4909194464564783,0.0,0.0,99231.8009774705,0.5090805508359585,0.0,0.0,0.0,0.0,0.9999999972924368
2019-09-09,0.0005277679033497407,193685.09637653624,95383.05303343247,0.4924645975238162,0.0,0.0,98302.04281533587,0.5075353997513077,0.0,0.0,0.0,0.0,0.9999999972751239
2019-09-10,0.0005277679033497407,193487.1827327539,95639.82321848867,0.4942953939775287,0.0,0.0,97847.3589864973,0.5057046032948078,0.0,0.0,0.0,0.0,0.9999999972723367
2019-09-11,0.0005277679033497407,194801.91924030802,96391.08396060255,0.4948158844456472,0.0,0.0,98410.83475193755,0.5051841128450986,0.0,0.0,0.0,0.0,0.9999999972907458
2019-09-12,0.0005277679033497407,196308.7537127025,97079.57580766165,0.494524945890785,0.0,0.0,99229.17737727296,0.5054750514207567,0.0,0.0,0.0,0.0,0.9999999973115417
2019-09-13,0.0005277679033497407,195985.11378296887,97062.98396920733,0.49525692077151073,0.0,0.0,98922.12928599365,0.5047430765355915,0.0,0.0,0.0,0.0,0.9999999973071021
2019-09-16,0.0005277679033497407,194620.35203245215,96259.34345007298,0.49460060289081237,0.0,0.0,98361.00805461126,0.5053993943974059,0.0,0.0,0.0,0.0,0.9999999972882183
2019-09-17,0.0005277679033497407,196546.38905916343,96987.16563102024,0.49345686835195757,0.0,0.0,99559.22290037527,0.5065431289628346,0.0,0.0,0.0,0.0,0.9999999973147922
2019-09-18,0.0005277679033497407,196556.7491237889,96972.72663718546,0.49335739967958714,0.0,0.0,99584.02195883554,0.5066425976353466,0.0,0.0,0.0,0.0,0.9999999973149337
2019-09-19,0.0005277679033497407,197180.90787434633,97130.14610408377,0.49259407085182927,0.0,0.0,100050.76124249464,0.5074059264716038,0.0,0.0,0.0,0.0,0.999999997323433
2019-09-20,0.0005277679033497407,195695.1038756429,96246.33966895459,0.4918178215133866,0.0,0.0,99448.76367892041,0.5081821757897248,0.0,0.0,0.0,0.0,0.9999999973031114
2019-09-23,0.0005277679033497407,195336.21342298095,96106.70570818198,0.4920065973638619,0.0,0.0,99229.50718703106,0.5079933999342945,0.0,0.0,0.0,0.0,0.9999999972981564
2019-09-24,0.0005277679033497407,194440.28633155403,95405.31907308879,0.49066641935718175,0.0,0.0,99034.96673069736,0.5093335779285253,0.0,0.0,0.0,0.0,0.999999997285707
2019-09-25,0.0005277679033497407,194301.88509478877,95574.00799795461,0.4918841006165716,0.0,0.0,98727.87656906624,0.5081158966672019,0.0,0.0,0.0,0.0,0.9999999972837736
2019-09-26,0.0005277679033497407,195208.1048760475,95806.90000134769,0.4907936587068595,0.0,0.0,99401.2043469319,0.5092063385895238,0.0,0.0,0.0,0.0,0.9999999972963832
2019-09-27,0.0005277679033497407,194370.73068731607,95437.6762917738,0.49100847619544247,0.0,0.0,98933.05386777438,0.5089915210892932,0.0,0.0,0.0,0.0,0.9999999972847358
2019-09-30,0.0005277679033497407,195779.73128520732,96208.05998081955,0.4914097049232635,0.0,0.0,99571.67077661987,0.5085902923810136,0.0,0.0,0.0,0.0,0.9999999973042771
2019-10-01,0.0005277679033497407,193947.04846656232,95099.86279966812,0.4903393145272016,0.0,0.0,98847.18513912632,0.5096606827516026,0.0,0.0,0.0,0.0,0.9999999972788042
2019-10-02,0.0005277679033497407,190355.2717220212,93176.126074559,0.4894853987055613,0.0,0.0,97179.1451196943,0.5105145985218972,0.0,0.0,0.0,0.0,0.9999999972274585
2019-10-03,0.0005277679033497407,190815.74661127856,93506.65276130354,0.49003635403209767,0.0,0.0,97309.09332220712,0.5099636432020515,0.0,0.0,0.0,0.0,0.9999999972341491
2019-10-04,0.0005277679033497407,193026.14917561316,94593.38047354226,0.4900547458338518,0.0,0.0,98432.76817430298,0.5099452514319699,0.0,0.0,0.0,0.0,0.9999999972658218
2019-10-07,0.0005277679033497407,191902.64258761096,94064.73300317273,0.49016903433327424,0.0,0.0,97837.90905667032,0.5098309629165401,0.0,0.0,0.0,0.0,0.9999999972498144
2019-10-08,0.0005277679033497407,190145.82241792543,92942.02216271366,0.4887933954101525,0.0,0.0,97203.79972744387,0.5112066018142519,0.0,0.0,0.0,0.0,0.9999999972244045
2019-10-09,0.0005277679033497407,191149.86000626886,93547.04183699307,0.48939110828501337,0.0,0.0,97602.81764150788,0.5106088889539702,0.0,0.0,0.0,0.0,0.9999999972389836
2019-10-10,0.0005277679033497407,192615.60494991648,94367.46456446519,0.4899263722116514,0.0,0.0,98248.13985768339,0.5100736250483426,0.0,0.0,0.0,0.0,0.9999999972599941
2019-10-11,0.0005277679033497407,195390.67562224684,96390.36669903749,0.4933212211487059,0.0,0.0,99000.30839544145,0.5066787761502036,0.0,0.0,0.0,0.0,0.9999999972989095
2019-10-14,0.0005277679033497407,196309.35883110997,96918.16137727663,0.49370117631863814,0.0,0.0,99391.19692606544,0.5062988209929118,0.0,0.0,0.0,0.0,0.99999999731155
2019-10-15,0.0005277679033497407,197266.81530431646,97691.11730087844,0.4952232698144077,0.0,0.0,99575.69747567012,0.504776727510191,0.0,0.0,0.0,0.0,0.9999999973245987
2019-10-16,0.0005277679033497407,197863.65723029355,97846.8599870207,0.49451658458499387,0.0,0.0,100016.79671550496,0.5054834127476749,0.0,0.0,0.0,0.0,0.9999999973326689
2019-10-17,0.0005277679033497407,198173.79975368382,98035.45743893685,0.49469434183927474,0.0,0.0,100138.34178697907,0.5053056554975685,0.0,0.0,0.0,0.0,0.9999999973368432
2019-10-18,0.0005277679033497407,197553.19163102814,97425.19898045724,0.4931593267418284,0.0,0.0,100127.992122803,0.5068406705866486,0.0,0.0,0.0,0.0,0.999999997328477
2019-10-21,0.0005277679033497407,198105.16069319082,97918.27692039679,0.49427423585418184,0.0,0.0,100186.88324502613,0.5057257614817386,0.0,0.0,0.0,0.0,0.9999999973359205
2019-10-22,0.0005277679033497407,197294.49604108426,97788.81143483939,0.4956489582683341,0.0,0.0,99505.68407847699,0.5043510390566399,0.0,0.0,0.0,0.0,0.999999997324974
2019-10-23,0.0005277679033497407,197272.9671341402,97734.8830708104,0.4954296804607464,0.0,0.0,99538.08353556189,0.5045703168639357,0.0,0.0,0.0,0.0,0.9999999973246821
2019-10-24,0.0005277679033497407,198059.773241835,98360.18419589257,0.49661868528846986,0.0,0.0,99699.58851817454,0.5033813120468401,0.0,0.0,0.0,0.0,0.99999999733531
2019-10-25,0.0005277679033497407,198090.64244772028,98830.43782171699,0.4989152268906399,0.0,0.0,99260.2040982354,0.5010847704450854,0.0,0.0,0.0,0.0,0.9999999973357252
2019-10-28,0.0005277679033497407,198801.43772445645,99439.87422458196,0.5001969571387507,0.0,0.0,99361.56297210659,0.4998030402065004,0.0,0.0,0.0,0.0,0.9999999973452511
2019-10-29,0.0005277679033497407,199393.56911301453,99492.55407732834,0.4989757418953509,0.0,0.0,99901.01450791828,0.501024255457784,0.0,0.0,0.0,0.0,0.9999999973531348
2019-10-30,0.0005277679033497407,199934.76542593664,99567.90705285725,0.49800196999626334,0.0,0.0,100366.8578453115,0.5019980273640362,0.0,0.0,0.0,0.0,0.9999999973602995
2019-10-31,0.0005277679033497407,199218.22542628713,99101.92683681213,0.497454119093541,0.0,0.0,100116.29806170712,0.5025458782572643,0.0,0.0,0.0,0.0,0.9999999973508051
2019-11-01,0.0005277679033497407,198812.7083569501,99379.56767210623,0.4998652676351014,0.0,0.0,99433.14015707596,0.5001347297103,0.0,0.0,0.0,0.0,0.9999999973454016
2019-11-04,0.0005277679033497407,198884.45735989485,99961.46692920724,0.5026107532793285,0.0,0.0,98922.98990291971,0.4973892440670308,0.0,0.0,0.0,0.0,0.9999999973463592
2019-11-05,0.0005277679033497407,199176.3177241919,100304.93947061637,0.5035987240687569,0.0,0.0,98871.37772580762,0.49640127328149075,0.0,0.0,0.0,0.0,0.9999999973502477
2019-11-06,0.0005277679033497407,200575.42674080838,100743.14116511446,0.5022706061361085,0.0,0.0,99832.28504792604,0.49772939123262255,0.0,0.0,0.0,0.0,0.999999997368731
2019-11-07,0.0005277679033497407,200420.70435939953,100864.24775129008,0.5032626148764437,0.0,0.0,99556.45608034155,0.49673738249025595,0.0,0.0,0.0,0.0,0.9999999973666996
2019-11-08,0.0005277679033497407,201264.39523789854,101409.37675245445,0.5038614834610292,0.0,0.0,99855.01795767619,0.4961385139167092,0.0,0.0,0.0,0.0,0.9999999973777384
2019-11-11,0.0005277679033497407,200829.27394273743,101206.7653222332,0.5039442872809984,0.0,0.0,99622.50809273633,0.49605571009105853,0.0,0.0,0.0,0.0,0.9999999973720569
2019-11-12,0.0005277679033497407,200753.58015273395,101236.12119799976,0.5042805270071846,0.0,0.0,99517.45842696629,0.4957194703638814,0.0,0.0,0.0,0.0,0.999999997371066
2019-11-13,0.0005277679033497407,201527.59416033738,101474.52012304375,0.5035266785466094,0.0,0.0,100053.07350952571,0.49647331883455365,0.0,0.0,0.0,0.0,0.9999999973811631
2019-11-14,0.0005277679033497407,201611.76339341447,101502.83435874146,0.5034569047475381,0.0,0.0,100108.92850690513,0.4965430926347184,0.0,0.0,0.0,0.0,0.9999999973822564
2019-11-15,0.0005277679033497407,202303.15733760668,101991.78672505247,0.5041532127689287,0.0,0.0,100311.37008478632,0.4958467846222743,0.0,0.0,0.0,0.0,0.9999999973912028
2019-11-18,0.0005277679033497407,202960.346409003,102207.3305042776,0.5035827555118119,0.0,0.0,100753.01537695748,0.49641724188783826,0.0,0.0,0.0,0.0,0.9999999973996502
2019-11-19,0.0005277679033497407,203131.64995228482,102287.82730056184,0.5035543566184247,0.0,0.0,100843.82212395508,0.4964456407834184,0.0,0.0,0.0,0.0,0.9999999974018431
2019-11-20,0.0005277679033497407,202161.65542319996,101612.83629937452,0.5026315998781314,0.0,0.0,100548.81859605752,0.49736839751124534,0.0,0.0,0.0,0.0,0.9999999973893768
2019-11-21,0.0005277679033497407,201603.19839438781,101507.73855811241,0.5035026198321374,0.0,0.0,100095.4593085075,0.49649737755000783,0.0,0.0,0.0,0.0,0.9999999973821452
2019-11-22,0.0005277679033497407,202131.57391775196,101859.24238019573,0.5039254402760581,0.0,0.0,100272.33100978832,0.49607455711293025,0.0,0.0,0.0,0.0,0.9999999973889884
2019-11-25,0.0005277679033497407,203527.71194953375,102886.77008900479,0.5055172541541485,0.0,0.0,100640.94133276105,0.4944827432527505,0.0,0.0,0.0,0.0,0.999999997406899
2019-11-26,0.0005277679033497407,205164.94833369143,103481.58108237642,0.5043823612309659,0.0,0.0,101683.36672354711,0.4956176361966263,0.0,0.0,0.0,0.0,0.9999999974275923
2019-11-27,0.0005277679033497407,206197.62288022437,104118.0121960323,0.5049428346538803,0.0,0.0,102079.61015642417,0.495057162786595,0.0,0.0,0.0,0.0,0.9999999974404753
2019-11-29,0.0005277679033497407,206391.9525154987,104207.70723184134,0.5049019884824046,0.0,0.0,102184.24475588946,0.4950980089604806,0.0,0.0,0.0,0.0,0.9999999974428853
2019-12-02,0.0005277679033497407,204880.7290853956,103384.3267617903,0.504607374365107,0.0,0.0,101496.40179583742,0.4953926230589167,0.0,0.0,0.0,0.0,0.9999999974240237
2019-12-03,0.0005277679033497407,202991.8162030111,102206.10316144013,0.5034986388772654,0.0,0.0,100785.71251380308,0.4965013585227879,0.0,0.0,0.0,0.0,0.9999999974000533
2019-12-04,0.0005277679033497407,203533.57959371657,102604.27826603236,0.5041147434779353,0.0,0.0,100929.30079991632,0.4958852539290386,0.0,0.0,0.0,0.0,0.9999999974069738
2019-12-05,0.0005277679033497407,204335.09874177768,103067.25732533909,0.5044031003972902,0.0,0.0,101267.8408886707,0.49559689701985504,0.0,0.0,0.0,0.0,0.9999999974171452
2019-12-06,0.0005277679033497407,205425.51405098097,103838.28867382,0.5054790255900258,0.0,0.0,101587.22484939307,0.49452097184082944,0.0,0.0,0.0,0.0,0.9999999974308551
2019-12-09,0.0005277679033497407,204803.19508810123,103554.15467086877,0.5056276325490057,0.0,0.0,101249.03988946455,0.4943723648740428,0.0,0.0,0.0,0.0,0.9999999974230485
2019-12-10,0.0005277679033497407,204472.83462267398,103375.11148084323,0.5055689264131714,0.0,0.0,101097.72261406285,0.4944310710057136,0.0,0.0,0.0,0.0,0.999999997418885
2019-12-11,0.0005277679033497407,205177.62272793864,103926.08774887917,0.5065176522036375,0.0,0.0,101251.53445129156,0.49348234522411366,0.0,0.0,0.0,0.0,0.9999999974277511
2019-12-12,0.0005277679033497407,205796.75313112335,104495.44333180012,0.5077604079847697,0.0,0.0,101301.30927155534,0.49223958945072,0.0,0.0,0.0,0.0,0.9999999974354896
2019-12-13,0.0005277679033497407,207591.75810491663,105232.20752766027,0.506919005303072,0.0,0.0,102359.55004948846,0.4930809921545925,0.0,0.0,0.0,0.0,0.9999999974576644
2019-12-16,0.0005277679033497407,208748.08038938002,105919.26908988561,0.5074023621789157,0.0,0.0,102828.8107717265,0.4925976352928315,0.0,0.0,0.0,0.0,0.9999999974717473
2019-12-17,0.0005277679033497407,208935.52866488296,106004.72286595729,0.5073561377681293,0.0,0.0,102930.80527115779,0.4926438597058863,0.0,0.0,0.0,0.0,0.9999999974740156
2019-12-18,0.0005277679033497407,208879.66149739045,106052.78412660472,0.5077219264257072,0.0,0.0,102826.87684301785,0.4922780710476327,0.0,0.0,0.0,0.0,0.9999999974733399
2019-12-19,0.0005277679033497407,209793.93727028937,106521.86407530501,0.5077451973174367,0.0,0.0,103272.07266721646,0.49225480016691436,0.0,0.0,0.0,0.0,0.9999999974843511
2019-12-20,0.0005277679033497407,210741.33040949923,106962.56583983927,0.5075538131604103,0.0,0.0,103778.76404189206,0.4924461843352499,0.0,0.0,0.0,0.0,0.9999999974956602
2019-12-23,0.0005277679033497407,210531.5903724316,107086.62528451366,0.5086487262793997,0.0,0.0,103444.96456015002,0.49135127121376554,0.0,0.0,0.0,0.0,0.9999999974931653
2019-12-24,0.0005277679033497407,210369.85190908902,106940.40609540518,0.508344732502922,0.0,0.0,103429.44528591594,0.4916552649883159,0.0,0.0,0.0,0.0,0.9999999974912379
2019-12-26,0.0005277679033497407,211037.69556941287,107319.72593590946,0.508533443024688,0.0,0.0,103717.9691057355,0.49146655447448906,0.0,0.0,0.0,0.0,0.9999999974991771
2019-12-27,0.0005277679033497407,211646.4731636956,107510.74718029717,0.5079732516834532,0.0,0.0,104135.72545563053,0.4920267458229172,0.0,0.0,0.0,0.0,0.9999999975063705
2019-12-30,0.0005277679033497407,210574.05300202736,106879.35003619784,0.5075618221356495,0.0,0.0,103694.70243806162,0.4924381753580213,0.0,0.0,0.0,0.0,0.9999999974936707
2019-12-31,0.0005277679033497407,209927.09908721782,106537.66001095738,0.5074983671674255,0.0,0.0,103389.43854849254,0.4925016303185213,0.0,0.0,0.0,0.0,0.9999999974859468
2020-01-02,0.0008105727883958025,210555.75124210498,105673.03191895358,0.5018767300136424,0.0,0.0,104882.7185125786,0.49812326613667507,0.0,0.0,0.0,0.0,0.9999999961503175
2020-01-03,0.0008105727883958025,209606.8251976279,104824.29472060749,0.5000996251995795,0.0,0.0,104782.52966644762,0.4999003709333098,0.0,0.0,0.0,0.0,0.9999999961328894
2020-01-06,0.0008105727883958025,208878.8257282985,104512.35384658654,0.5003492023769425,0.0,0.0,104366.47107113918,0.4996507937424689,0.0,0.0,0.0,0.0,0.9999999961194114
2020-01-07,0.0008105727883958025,209158.8253047221,104795.40654047263,0.501032678816191,0.0,0.0,104363.41795367666,0.49896731730841526,0.0,0.0,0.0,0.0,0.9999999961246063
2020-01-08,0.0008105727883958025,209051.1968239578,104840.91878466199,0.501508340432744,0.0,0.0,104210.27722872302,0.4984916556898671,0.0,0.0,0.0,0.0,0.9999999961226111
2020-01-09,0.0008105727883958025,212536.2639704881,106689.5160167968,0.501982645331581,0.0,0.0,105846.74714311851,0.4980173508546097,0.0,0.0,0.0,0.0,0.9999999961861906
2020-01-10,0.0008105727883958025,213269.57960629454,107009.03662540964,0.5017548063955171,0.0,0.0,106260.5421703121,0.49824518980378707,0.0,0.0,0.0,0.0,0.9999999961993042
2020-01-13,0.0008105727883958025,214917.4317231482,107955.2624092742,0.5023104061114025,0.0,0.0,106962.16850330122,0.49768959011704306,0.0,0.0,0.0,0.0,0.9999999962284456
2020-01-14,0.0008105727883958025,215530.94076112015,108217.57896351354,0.5020976504874748,0.0,0.0,107313.36098703381,0.4979023457517065,0.0,0.0,0.0,0.0,0.9999999962391813
2020-01-15,0.0008105727883958025,216328.40715398118,108406.72472680597,0.5011210786091664,0.0,0.0,107921.68161660242,0.4988789176438786,0.0,0.0,0.0,0.0,0.999999996253045
2020-01-16,0.0008105727883958025,218090.0647707261,109315.98149027917,0.5012423725271528,0.0,0.0,108774.08246987416,0.498757623756159,0.0,0.0,0.0,0.0,0.9999999962833117
2020-01-17,0.0008105727883958025,219444.2142228591,109911.31563508413,0.5008622169617214,0.0,0.0,109532.89777720216,0.4991377793445252,0.0,0.0,0.0,0.0,0.9999999963062467
2020-01-21,0.0008105727883958025,219421.24820663346,109615.00103806294,0.49956420325727185,0.0,0.0,109806.24635799772,0.5004357930485882,0.0,0.0,0.0,0.0,0.9999999963058601
2020-01-22,0.0008105727883958025,219150.2812122759,109414.24982601541,0.49926584269373264,0.0,0.0,109736.0305756877,0.5007341536075599,0.0,0.0,0.0,0.0,0.9999999963012925
2020-01-23,0.0008105727883958025,218944.80970982474,109130.36910605279,0.4984377992366529,0.0,0.0,109814.43979319916,0.5015621970611686,0.0,0.0,0.0,0.0,0.9999999962978214
2020-01-24,0.0008105727883958025,216949.38185825353,107826.47510333454,0.49701213333617267,0.0,0.0,109122.9059443462,0.5029878629275973,0.0,0.0,0.0,0.0,0.99999999626377
2020-01-27,0.0008105727883958025,212921.16661260024,105313.18448615566,0.4946111566153867,0.0,0.0,107607.98131587179,0.5053888395776983,0.0,0.0,0.0,0.0,0.999999996193085
2020-01-28,0.0008105727883958025,214738.32167357282,106373.08066403476,0.4953614233128551,0.0,0.0,108365.24019896527,0.5046385729124446,0.0,0.0,0.0,0.0,0.9999999962252998
2020-01-29,0.0008105727883958025,214933.03210490276,106725.87327835972,0.4965540765565985,0.0,0.0,108207.15801597026,0.5034459196721209,0.0,0.0,0.0,0.0,0.9999999962287194
2020-01-30,0.0008105727883958025,215642.297095684,106729.67716891757,0.4949385097746379,0.0,0.0,108912.61911619367,0.5050614864664855,0.0,0.0,0.0,0.0,0.9999999962411233
2020-01-31,0.0008105727883958025,211675.6361775835,104201.5411977569,0.4922698855636739,0.0,0.0,107474.09416925383,0.5077301106070107,0.0,0.0,0.0,0.0,0.9999999961706845
2020-02-03,0.0008105727883958025,212301.38337603922,104752.21730199501,0.49341278721887766,0.0,0.0,107549.16526347141,0.5065872089630935,0.0,0.0,0.0,0.0,0.9999999961819712
2020-02-04,0.0008105727883958025,215050.11955216434,106528.22407556986,0.4953646354506187,0.0,0.0,108521.89466602169,0.5046353607801539,0.0,0.0,0.0,0.0,0.9999999962307726
2020-02-05,0.0008105727883958025,218861.5268369802,108652.50411415801,0.49644405613184006,0.0,0.0,110209.02191224939,0.5035559401645725,0.0,0.0,0.0,0.0,0.9999999962964126
2020-02-06,0.0008105727883958025,220112.25608739763,109404.49829698825,0.49703955718643933,0.0,0.0,110707.75697983659,0.502960439131018,0.0,0.0,0.0,0.0,0.9999999963174573
2020-02-07,0.0008105727883958025,219405.9823780977,108833.98287618048,0.49603926792036684,0.0,0.0,110571.9986913444,0.5039607283852362,0.0,0.0,0.0,0.0,0.9999999963056031
2020-02-10,0.0008105727883958025,219929.41031434227,109037.3487144891,0.4957833904917192,0.0,0.0,110892.0607892804,0.5042166058226765,0.0,0.0,0.0,0.0,0.9999999963143956
2020-02-11,0.0008105727883958025,220564.75040523984,109356.67315769248,0.49580303723407,0.0,0.0,111208.07643697459,0.5041969590909422,0.0,0.0,0.0,0.0,0.9999999963250121
2020-02-12,0.0008105727883958025,221541.22553839607,110093.65561437319,0.49694432874432426,0.0,0.0,111447.56911345011,0.5030556675968859,0.0,0.0,0.0,0.0,0.9999999963412102
2020-02-13,0.0008105727883958025,221818.21816885873,109834.62631713362,0.49515602110518353,0.0,0.0,111983.59104115232,0.5048439752405954,0.0,0.0,0.0,0.0,0.999999996345779
2020-02-14,0.0008105727883958025,222382.48753897237,109956.07333472154,0.49444573874303754,0.0,0.0,112426.41339367803,0.5055542576120136,0.0,0.0,0.0,0.0,0.9999999963550512
2020-02-18,0.0008105727883958025,222143.72042708792,109724.34139556174,0.49393402246351364,0.0,0.0,112419.37822095338,0.5060659738876198,0.0,0.0,0.0,0.0,0.9999999963511335
2020-02-19,0.0008105727883958025,222642.33819992325,110180.30647000237,0.4948758055669771,0.0,0.0,112462.03091934808,0.5051241907923282,0.0,0.0,0.0,0.0,0.9999999963593053
2020-02-20,0.0008105727883958025,224688.7682635303,111134.80585763011,0.49461665002891303,0.0,0.0,113553.9615953274,0.5053833463635511,0.0,0.0,0.0,0.0,0.9999999963924642
2020-02-21,0.0008105727883958025,224783.9810068275,110799.50277356965,0.49291547501422833,0.0,0.0,113984.47742268506,0.5070845213797639,0.0,0.0,0.0,0.0,0.9999999963939922
2020-02-24,0.0008105727883958025,217880.22468693543,106596.16269363364,0.4892420266538553,0.0,0.0,111284.061182729,0.5107579696258769,0.0,0.0,0.0,0.0,0.9999999962797321
2020-02-25,0.0008105727883958025,210505.7632963107,102690.77099749037,0.4878287862025966,0.0,0.0,107814.99148824754,0.5121712099468066,0.0,0.0,0.0,0.0,0.9999999961494034
2020-02-26,0.0008105727883958025,208827.6134092626,101940.87536594179,0.488158025184902,0.0,0.0,106886.737232748,0.5118419709335577,0.0,0.0,0.0,0.0,0.9999999961184597
2020-02-27,0.0008105727883958025,199880.97690582403,97673.80329573672,0.4886598255008366,0.0,0.0,102207.17279951452,0.5113401704438861,0.0,0.0,0.0,0.0,0.9999999959447227
2020-02-28,0.0008105727883958025,194987.1601202345,96204.12575684057,0.4933869783913896,0.0,0.0,98783.03355282113,0.5066130174515531,0.0,0.0,0.0,0.0,0.9999999958429427
2020-03-02,0.0008105727883958025,201046.53729167816,98664.07360234387,0.4907524144979533,0.0,0.0,102382.46287876151,0.5092475814702797,0.0,0.0,0.0,0.0,0.999999995968233
2020-03-03,0.0008105727883958025,197753.8740370047,96406.80584552037,0.4875090630461189,0.0,0.0,101347.06738091151,0.5124909328549839,0.0,0.0,0.0,0.0,0.9999999959011029
2020-03-04,0.0008105727883958025,203318.63023584973,98825.35864262351,0.4860615012406194,0.0,0.0,104493.27078265345,0.5139384947726688,0.0,0.0,0.0,0.0,0.9999999960132882
2020-03-05,0.0008105727883958025,198804.62724895988,96282.85312194537,0.4843089140041589,0.0,0.0,102521.7733164417,0.515691081918608,0.0,0.0,0.0,0.0,0.999999995922767
2020-03-06,0.0008105727883958025,193871.44083539362,93616.29508176587,0.48287821392554003,0.0,0.0,100255.14494305495,0.5171217818934791,0.0,0.0,0.0,0.0,0.9999999958190191
2020-03-09,0.0008105727883958025,177281.35744887945,85135.05326279401,0.4802256395591026,0.0,0.0,92146.30337551265,0.5197743558686581,0.0,0.0,0.0,0.0,0.9999999954277607
2020-03-10,0.0008105727883958025,183181.55864076604,88826.52659832725,0.48490976524838564,0.0,0.0,94355.031231866,0.5150902303266449,0.0,0.0,0.0,0.0,0.9999999955750306
2020-03-11,0.0008105727883958025,177948.12614267218,86026.22604419658,0.48343429014376893,0.0,0.0,91921.8992879028,0.5165657053011238,0.0,0.0,0.0,0.0,0.9999999954448928
2020-03-12,0.0008105727883958025,160529.08839879723,77616.34882799811,0.48350333015769903,0.0,0.0,82912.73876022632,0.5164966647929182,0.0,0.0,0.0,0.0,0.9999999949506174
2020-03-13,0.0008105727883958025,173179.1658427431,84697.38818060706,0.4890737737905337,0.0,0.0,88481.77685156323,0.5109262215289218,0.0,0.0,0.0,0.0,0.9999999953194555
2020-03-16,0.0008105727883958025,158726.85449871045,77585.10584385198,0.4887963419226096,0.0,0.0,81141.74784428567,0.5112036529706754,0.0,0.0,0.0,0.0,0.9999999948932852
2020-03-17,0.0008105727883958025,165557.2091829986,80575.2670828974,0.486691382879217,0.0,0.0,84981.94128952843,0.5133086122247548,0.0,0.0,0.0,0.0,0.9999999951039716
2020-03-18,0.0008105727883958025,159965.2195611622,77983.71602580516,0.4875041977233578,0.0,0.0,81981.50272478424,0.5124957972094607,0.0,0.0,0.0,0.0,0.9999999949328185
2020-03-19,0.0008105727883958025,160016.4643482232,78718.27935313058,0.4919386244019624,0.0,0.0,81298.18418451984,0.5080613705324789,0.0,0.0,0.0,0.0,0.9999999949344414
2020-03-20,0.0008105727883958025,155627.33206106428,76515.26178431886,0.491656965206447,0.0,0.0,79112.06946617262,0.508343029585131,0.0,0.0,0.0,0.0,0.9999999947915782
2020-03-23,0.0008105727883958025,148712.3393577063,73015.41866709599,0.4909842652092764,0.0,0.0,75696.91988003753,0.5090157293401147,0.0,0.0,0.0,0.0,0.9999999945493911
2020-03-24,0.0008105727883958025,163378.70056022823,80848.80267867209,0.49485521920201486,0.0,0.0,82529.89707098334,0.5051447758366725,0.0,0.0,0.0,0.0,0.9999999950386875
2020-03-25,0.0008105727883958025,166988.98517027436,82789.34144927762,0.4957772595890649,0.0,0.0,84199.64291042394,0.5042227355568856,0.0,0.0,0.0,0.0,0.9999999951459505
2020-03-26,0.0008105727883958025,177115.22203534367,87244.70415950066,0.49258727260659063,0.0,0.0,89870.5170652702,0.5074127228168812,0.0,0.0,0.0,0.0,0.999999995423472
2020-03-27,0.0008105727883958025,169783.6030481248,83185.43741121514,0.4899497708717868,0.0,0.0,86598.16482633687,0.5100502243540609,0.0,0.0,0.0,0.0,0.9999999952258476
2020-03-30,0.0008105727883958025,172937.759776319,84952.5445413509,0.4912319012992313,0.0,0.0,87985.21442439532,0.5087680940136907,0.0,0.0,0.0,0.0,0.9999999953129218
2020-03-31,0.0008105727883958025,170304.36115585914,83983.25819127847,0.49313627449868225,0.0,0.0,86321.10215400788,0.5068637207417639,0.0,0.0,0.0,0.0,0.999999995240446
2020-04-01,0.0008105727883958025,162695.76148205387,80087.947575346,0.49225589435026607,0.0,0.0,82607.81309613507,0.5077441006675955,0.0,0.0,0.0,0.0,0.9999999950178616
2020-04-02,0.0008105727883958025,166039.28052715558,81783.72329805618,0.4925564784333098,0.0,0.0,84255.5564185266,0.5074435166848767,0.0,0.0,0.0,0.0,0.9999999951181866
2020-04-03,0.0008105727883958025,164718.46647458678,81076.77704977994,0.49221425372053645,0.0,0.0,83641.68861423404,0.5077857413585046,0.0,0.0,0.0,0.0,0.9999999950790411
2020-04-06,0.0008105727883958025,176543.6046206116,87059.64471704712,0.4931339478659475,0.0,0.0,89483.95909299167,0.5068660475427064,0.0,0.0,0.0,0.0,0.9999999954086539
2020-04-07,0.0008105727883958025,177345.40495329842,87659.3145445595,0.494285795381298,0.0,0.0,89686.08959816613,0.505714200048114,0.0,0.0,0.0,0.0,0.999999995429412
2020-04-08,0.0008105727883958025,182788.5186992669,90204.81085137754,0.4934927614342515,0.0,0.0,92583.70703731656,0.5065072341312643,0.0,0.0,0.0,0.0,0.9999999955655159
2020-04-09,0.0008105727883958025,186688.0660298303,91359.70087654705,0.48937086777656674,0.0,0.0,95328.36434271047,0.5106291278815768,0.0,0.0,0.0,0.0,0.9999999956581436
2020-04-13,0.0008105727883958025,182257.4787396879,89413.29820925977,0.49058781470891355,0.0,0.0,92844.17971985537,0.5094121808436817,0.0,0.0,0.0,0.0,0.9999999955525952
2020-04-14,0.0008105727883958025,186498.62866872267,91622.52735750597,0.49127721748697134,0.0,0.0,94876.1005006439,0.5087227781667618,0.0,0.0,0.0,0.0,0.9999999956537332
2020-04-15,0.0008105727883958025,181179.80541876308,89074.56151733919,0.4916362577576462,0.0,0.0,92105.2430908511,0.5083637377684954,0.0,0.0,0.0,0.0,0.9999999955261416
2020-04-16,0.0008105727883958025,182697.4709136019,89680.3399001523,0.4908679876721576,0.0,0.0,93017.13020287678,0.5091320078911482,0.0,0.0,0.0,0.0,0.9999999955633059
2020-04-17,0.0008105727883958025,188581.66895307347,92559.36590015472,0.4908184682742792,0.0,0.0,96022.30224234598,0.5091815274274621,0.0,0.0,0.0,0.0,0.9999999957017414
2020-04-20,0.0008105727883958025,184331.0933276569,90640.05297997339,0.4917241651621768,0.0,0.0,93691.03953711073,0.508275830440449,0.0,0.0,0.0,0.0,0.9999999956026259
2020-04-21,0.0008105727883958025,179302.6653933068,87953.93080113939,0.4905333147625514,0.0,0.0,91348.73378159461,0.5094666807167529,0.0,0.0,0.0,0.0,0.9999999954793043
2020-04-22,0.0008105727883958025,183071.86814605756,90021.68586128735,0.491728667942945,0.0,0.0,93050.18147419742,0.5082713276294343,0.0,0.0,0.0,0.0,0.9999999955723793
2020-04-23,0.0008105727883958025,182433.34354621026,90005.46984146094,0.4933608521989436,0.0,0.0,92427.87289417653,0.5066391433579388,0.0,0.0,0.0,0.0,0.9999999955568825
2020-04-24,0.0008105727883958025,184455.73722211886,91308.83448033025,0.4950175898859546,0.0,0.0,93146.90193121583,0.5049824057196427,0.0,0.0,0.0,0.0,0.9999999956055973
2020-04-27,0.0008105727883958025,187207.37193982812,92730.33726492143,0.49533485943452404,0.0,0.0,94477.03386433389,0.5046651362356636,0.0,0.0,0.0,0.0,0.9999999956701876
2020-04-28,0.0008105727883958025,186832.53101074646,92557.70622617517,0.49540465852197507,0.0,0.0,94274.82397399849,0.5045953371395256,0.0,0.0,0.0,0.0,0.9999999956615008
2020-04-29,0.0008105727883958025,189205.14861641428,94506.52762333164,0.4994923674879999,0.0,0.0,94698.62018250985,0.5005076282279053,0.0,0.0,0.0,0.0,0.9999999957159053
2020-04-30,0.0008105727883958025,186213.82868881634,93050.8652557515,0.4996990068404085,0.0,0.0,93162.96262249205,0.5003009888066774,0.0,0.0,0.0,0.0,0.999999995647086
2020-05-01,0.0008105727883958025,183228.90909012736,91396.53333466651,0.4988106614208461,0.0,0.0,91832.37494488804,0.501189334155328,0.0,0.0,0.0,0.0,0.9999999955761741
2020-05-04,0.0008105727883958025,182849.79597420874,91217.20328233617,0.49886412394576857,0.0,0.0,91632.59188129978,0.5011358716212334,0.0,0.0,0.0,0.0,0.9999999955670019
2020-05-05,0.0008105727883958025,184596.61761381224,92052.1398110278,0.4986664490440809,0.0,0.0,92544.47699221164,0.50133354656487,0.0,0.0,0.0,0.0,0.999999995608951
2020-05-06,0.0008105727883958025,182537.65906304473,91371.06284103908,0.5005600669475081,0.0,0.0,91166.59541143285,0.4994399286119134,0.0,0.0,0.0,0.0,0.9999999955594215
2020-05-07,0.0008105727883958025,184187.20105563055,92175.85332969428,0.5004465717563847,0.0,0.0,92011.34691536347,0.49955342384280566,0.0,0.0,0.0,0.0,0.9999999955991905
2020-05-08,0.0008105727883958025,187293.6330935169,93862.23293337978,0.501150153281045,0.0,0.0,93431.39934956432,0.4988498423911369,0.0,0.0,0.0,0.0,0.9999999956721818
2020-05-11,0.0008105727883958025,188148.91026256784,94510.279886442,0.5023163820324544,0.0,0.0,93638.62956555304,0.4976836136594006,0.0,0.0,0.0,0.0,0.9999999956918549
2020-05-12,0.0008105727883958025,185585.6277702404,92987.59341553312,0.5010495399495809,0.0,0.0,92598.0335441345,0.49895045568277063,0.0,0.0,0.0,0.0,0.9999999956323515
2020-05-13,0.0008105727883958025,182092.85971835983,91178.79841317628,0.5007269288548771,0.0,0.0,90914.06049461076,0.4992730666936975,0.0,0.0,0.0,0.0,0.9999999955485745
2020-05-14,0.0008105727883958025,183712.08508367752,92101.90563951232,0.5013383066092879,0.0,0.0,91610.17863359241,0.49866168897852114,0.0,0.0,0.0,0.0,0.999999995587809
2020-05-15,0.0008105727883958025,185551.6601588057,93174.31918471568,0.5021475911612528,0.0,0.0,92377.34016351723,0.4978524044702992,0.0,0.0,0.0,0.0,0.999999995631552
2020-05-18,0.0008105727883958025,190697.41986489217,95917.5365555054,0.5029828752977482,0.0,0.0,94779.88249881398,0.49701712045168145,0.0,0.0,0.0,0.0,0.9999999957494297
2020-05-19,0.0008105727883958025,188786.26671060847,94949.55522526999,0.5029473641259017,0.0,0.0,93836.71067476571,0.497052631580498,0.0,0.0,0.0,0.0,0.9999999957063996
2020-05-20,0.0008105727883958025,191890.08610093975,96849.13624668476,0.5047115159234402,0.0,0.0,95040.94904368221,0.49528847985240837,0.0,0.0,0.0,0.0,0.9999999957758485
2020-05-21,0.0008105727883958025,190285.66226246193,96074.43448376517,0.5048958147527124,0.0,0.0,94211.22696812397,0.4951041809875195,0.0,0.0,0.0,0.0,0.9999999957402319
2020-05-22,0.0008105727883958025,190876.61483065298,96295.9857775429,0.504493365323863,0.0,0.0,94580.62824253728,0.49550663042955706,0.0,0.0,0.0,0.0,0.9999999957534201
2020-05-26,0.0008105727883958025,193592.77775535674,97895.56544998282,0.5056777767489523,0.0,0.0,95697.21149480113,0.4943222190640486,0.0,0.0,0.0,0.0,0.9999999958130009
2020-05-27,0.0008105727883958025,195546.6427444648,98830.95353191569,0.5054085927778641,0.0,0.0,96715.68840197632,0.49459140307697247,0.0,0.0,0.0,0.0,0.9999999958548366
2020-05-28,0.0008105727883958025,196692.7253373577,98823.72400129431,0.5024269394396601,0.0,0.0,97869.00052549058,0.4975730564393293,0.0,0.0,0.0,0.0,0.9999999958789895
2020-05-29,0.0008105727883958025,197355.25114971018,99228.85866576612,0.5027931007039325,0.0,0.0,98126.39167337128,0.4972068951888914,0.0,0.0,0.0,0.0,0.9999999958928238
2020-06-01,0.0008105727883958025,198139.66634719403,99619.40426466186,0.5027736550747081,0.0,0.0,98520.26127195939,0.4972263408343758,0.0,0.0,0.0,0.0,0.9999999959090837
2020-06-02,0.0008105727883958025,198889.54141987333,100245.14241554526,0.5040242020766639,0.0,0.0,98644.3981937553,0.4959757938478439,0.0,0.0,0.0,0.0,0.9999999959245077
2020-06-03,0.0008105727883958025,203604.1801631918,102933.94500121014,0.5055590947037877,0.0,0.0,100670.23435140887,0.4944409013150917,0.0,0.0,0.0,0.0,0.9999999960188795
2020-06-04,0.0008105727883958025,202600.21605290446,102528.19547715972,0.5060616295215934,0.0,0.0,100072.01976517195,0.49393836647755796,0.0,0.0,0.0,0.0,0.9999999959991513
2020-06-05,0.0008105727883958025,207523.38483823912,105245.87771663077,0.5071518942246828,0.0,0.0,102277.50631103555,0.49284810186938255,0.0,0.0,0.0,0.0,0.9999999960940653
2020-06-08,0.0008105727883958025,210487.2615792244,106669.54222888293,0.5067743360266675,0.0,0.0,103817.71853976868,0.4932256601223974,0.0,0.0,0.0,0.0,0.9999999961490649
2020-06-09,0.0008105727883958025,206010.53920089113,104427.38056083475,0.5069030980934544,0.0,0.0,101583.15782948359,0.4930968979719275,0.0,0.0,0.0,0.0,0.9999999960653819
2020-06-10,0.0008105727883958025,203748.73557962434,103217.42578140447,0.5065917365708875,0.0,0.0,100531.30898764709,0.4934082594508165,0.0,0.0,0.0,0.0,0.999999996021704
2020-06-11,0.0008105727883958025,191130.06264050122,96360.9531991752,0.5041642945538173,0.0,0.0,94769.10863075324,0.4958357012052341,0.0,0.0,0.0,0.0,0.9999999957590513
2020-06-12,0.0008105727883958025,192447.2168901098,97235.37605303455,0.505257377188039,0.0,0.0,95211.84002650245,0.4947426186000384,0.0,0.0,0.0,0.0,0.9999999957880774
2020-06-15,0.0008105727883958025,194914.59045275356,98560.6094078273,0.505660500729513,0.0,0.0,96353.98023435345,0.494339495111882,0.0,0.0,0.0,0.0,0.999999995841395
2020-06-16,0.0008105727883958025,198440.35230082006,100542.92239108139,0.5066657120153979,0.0,0.0,97897.42909916588,0.4933342838998846,0.0,0.0,0.0,0.0,0.9999999959152824
2020-06-17,0.0008105727883958025,197640.4326841499,100047.69991764476,0.5062106905904797,0.0,0.0,97592.73195593237,0.4937893053082704,0.0,0.0,0.0,0.0,0.9999999958987502
2020-06-18,0.0008105727883958025,196666.54224818514,99494.99539568846,0.5059070763044679,0.0,0.0,97171.5460419239,0.49409291957397294,0.0,0.0,0.0,0.0,0.9999999958784408
2020-06-19,0.0008105727883958025,195691.0679886129,99022.29588121912,0.5060133653467574,0.0,0.0,96668.77129682098,0.4939866305111384,0.0,0.0,0.0,0.0,0.9999999958578958
2020-06-22,0.0008105727883958025,196246.17656526936,99528.97761108524,0.507163906849329,0.0,0.0,96717.19814361133,0.4928360890202833,0.0,0.0,0.0,0.0,0.9999999958696123
2020-06-23,0.0008105727883958025,196860.3601013889,100141.56987542176,0.5086934201677061,0.0,0.0,96718.78941539436,0.4913065757147926,0.0,0.0,0.0,0.0,0.9999999958824987
2020-06-24,0.0008105727883958025,191282.5517248152,97015.45000152945,0.5071840015031731,0.0,0.0,94267.10091271295,0.4928159942592591,0.0,0.0,0.0,0.0,0.9999999957624321
2020-06-25,0.0008105727883958025,194176.02326329993,98459.68548170014,0.5070640742713647,0.0,0.0,95716.33697102699,0.4929359215542127,0.0,0.0,0.0,0.0,0.9999999958255773
2020-06-26,0.0008105727883958025,190373.57071246105,96023.701404591,0.5043961777111622,0.0,0.0,94349.86849729726,0.49560381803103676,0.0,0.0,0.0,0.0,0.999999995742199
2020-06-29,0.0008105727883958025,193020.41810567255,97515.13119278506,0.5052062996744656,0.0,0.0,95505.28610231471,0.4947936961261197,0.0,0.0,0.0,0.0,0.9999999958005853
2020-06-30,0.0008105727883958025,196354.30042376564,99365.8960389035,0.5060540860294639,0.0,0.0,96988.40357428936,0.49394590984242287,0.0,0.0,0.0,0.0,0.9999999958718867
2020-07-01,0.000658933413660634,198025.035481013,98931.69878105962,0.49959187504120084,0.0,0.0,99093.33604101997,0.5004081216312734,0.0,0.0,0.0,0.0,0.9999999966724742
2020-07-02,0.000658933413660634,197791.7916108329,98962.72287970532,0.500337865761489,0.0,0.0,98829.06807219418,0.49966213090706124,0.0,0.0,0.0,0.0,0.9999999966685502
2020-07-06,0.000658933413660634,200150.09046061384,100589.95637474659,0.5025726250897747,0.0,0.0,99560.13342693384,0.4974273716180288,0.0,0.0,0.0,0.0,0.9999999967078035
2020-07-07,0.000658933413660634,197821.12809246304,99160.28609234857,0.5012623628655092,0.0,0.0,98660.84134118105,0.49873763380353514,0.0,0.0,0.0,0.0,0.9999999966690443
2020-07-08,0.000658933413660634,198971.11124173863,99914.48014507518,0.5021557125631406,0.0,0.0,99056.63043773003,0.49784428412515536,0.0,0.0,0.0,0.0,0.999999996688296
2020-07-09,0.000658933413660634,197160.54559440503,98957.57836018884,0.5019136970931422,0.0,0.0,98202.96657528276,0.49808629956474176,0.0,0.0,0.0,0.0,0.999999996657884
2020-07-10,0.000658933413660634,198842.35266353656,99922.87032239228,0.5025230741031963,0.0,0.0,98919.48168221084,0.49747692258295517,0.0,0.0,0.0,0.0,0.9999999966861516
2020-07-13,0.000658933413660634,196702.0295966257,98776.0619510999,0.5021608681601236,0.0,0.0,97925.9669865924,0.4978391284899698,0.0,0.0,0.0,0.0,0.9999999966500934
2020-07-14,0.000658933413660634,200333.90464913665,100520.66243867838,0.5017656028555403,0.0,0.0,99813.24155152483,0.49823439385528384,0.0,0.0,0.0,0.0,0.9999999967108243
2020-07-15,0.000658933413660634,202317.62345088262,101805.95185541348,0.5031986344982412,0.0,0.0,100511.67093653572,0.49680136224483334,0.0,0.0,0.0,0.0,0.9999999967430745
2020-07-16,0.000658933413660634,201291.87945157313,101007.0399264661,0.5017939134040745,0.0,0.0,100284.83886617361,0.49820608332240335,0.0,0.0,0.0,0.0,0.9999999967264779
2020-07-17,0.000658933413660634,203438.4700784172,101796.50895168663,0.5003798392332003,0.0,0.0,101641.96046779714,0.49962015752781824,0.0,0.0,0.0,0.0,0.9999999967610186
2020-07-20,0.000658933413660634,203614.5029066912,102086.13464401639,0.5013696627042259,0.0,0.0,101528.36760374138,0.4986303340595929,0.0,0.0,0.0,0.0,0.9999999967638188
2020-07-21,0.000658933413660634,204395.18204950495,102604.740943248,0.501991974147399,0.0,0.0,101790.4404473235,0.4980080226287802,0.0,0.0,0.0,0.0,0.9999999967761792
2020-07-22,0.000658933413660634,205505.3162457412,103078.43375706254,0.5015852418815403,0.0,0.0,102426.88182974524,0.4984147549120539,0.0,0.0,0.0,0.0,0.9999999967935943
2020-07-23,0.000658933413660634,204507.87157664547,102268.9920604117,0.5000736219685477,0.0,0.0,102238.87885730033,0.49992637480940794,0.0,0.0,0.0,0.0,0.9999999967779557
2020-07-24,0.000658933413660634,202207.50607778522,100901.94038742046,0.4990019527198238,0.0,0.0,101305.56503143135,0.5009980440214772,0.0,0.0,0.0,0.0,0.9999999967413009
2020-07-27,0.000658933413660634,201674.56798643665,100818.83342443172,0.4999085131607281,0.0,0.0,100855.73390307151,0.5000914835719614,0.0,0.0,0.0,0.0,0.9999999967326896
2020-07-28,0.000658933413660634,199267.96813649737,99362.5623181846,0.4986379057677842,0.0,0.0,99905.40515937934,0.5013620909254454,0.0,0.0,0.0,0.0,0.9999999966932296
2020-07-29,0.000658933413660634,200959.50749978021,100265.70134323281,0.4989348480730252,0.0,0.0,100693.80549761398,0.5010651486480385,0.0,0.0,0.0,0.0,0.9999999967210637
2020-07-30,0.000658933413660634,199945.54148325534,99735.13096728682,0.4988114775024341,0.0,0.0,100210.40985703509,0.5011885192020015,0.0,0.0,0.0,0.0,0.9999999967044355
2020-07-31,0.000658933413660634,200139.21899143013,100119.79632242396,0.5002507595810647,0.0,0.0,100019.42201007275,0.4997492371265601,0.0,0.0,0.0,0.0,0.9999999967076247
2020-08-03,0.000658933413660634,202848.6657559105,101603.24575760709,0.5008820017572466,0.0,0.0,101245.41933937001,0.4991179949943544,0.0,0.0,0.0,0.0,0.9999999967516009
2020-08-04,0.000658933413660634,203983.03800037043,102133.34943618714,0.500695305047872,0.0,0.0,101849.68790524988,0.4993046917217937,0.0,0.0,0.0,0.0,0.9999999967696656
2020-08-05,0.000658933413660634,204096.49221155397,102725.99822861605,0.50332074361247,0.0,0.0,101370.49332400449,0.4966792531589912,0.0,0.0,0.0,0.0,0.9999999967714613
2020-08-06,0.000658933413660634,204844.82054085183,103278.35626811672,0.5041785093488371,0.0,0.0,101566.46361380168,0.4958214874344185,0.0,0.0,0.0,0.0,0.9999999967832557
2020-08-07,0.000658933413660634,205943.81101403583,103586.64569494847,0.5029849898615728,0.0,0.0,102357.16466015394,0.4970150069388486,0.0,0.0,0.0,0.0,0.9999999968004213
2020-08-10,0.000658933413660634,206608.257509731,104101.95485799646,0.50386154025375,0.0,0.0,102506.3019928011,0.49613845655696115,0.0,0.0,0.0,0.0,0.9999999968107111
2020-08-11,0.000658933413660634,205419.3579259143,103717.99600693438,0.5049085785008679,0.0,0.0,101701.36126004648,0.49509141829138464,0.0,0.0,0.0,0.0,0.9999999967922526
2020-08-12,0.000658933413660634,208793.49028135603,105541.0994802372,0.5054807951053317,0.0,0.0,103252.39014218541,0.49451920173875846,0.0,0.0,0.0,0.0,0.9999999968440902
2020-08-13,0.000658933413660634,208936.59620999853,105585.62380660693,0.5053476782999023,0.0,0.0,103350.97174445818,0.4946523185463494,0.0,0.0,0.0,0.0,0.9999999968462517
2020-08-14,0.000658933413660634,209222.6749092228,105696.90552153223,0.5051885775162364,0.0,0.0,103525.76872875718,0.4948114193343277,0.0,0.0,0.0,0.0,0.999999996850564
2020-08-17,0.000658933413660634,209183.54334444297,105594.05957585666,0.504791428080864,0.0,0.0,103589.4831096529,0.495208568769111,0.0,0.0,0.0,0.0,0.9999999968499749
2020-08-18,0.000658933413660634,208136.47796470055,105090.44000381096,0.504911205529451,0.0,0.0,103046.03730195617,0.49508879130467714,0.0,0.0,0.0,0.0,0.9999999968341281
2020-08-19,0.000658933413660634,205557.32078094257,104006.11973488731,0.5059713725580424,0.0,0.0,101551.20038712182,0.49402862423636307,0.0,0.0,0.0,0.0,0.9999999967944054
2020-08-20,0.000658933413660634,207469.44525698345,105093.08438011543,0.5065472857940173,0.0,0.0,102376.3602179346,0.49345271102993227,0.0,0.0,0.0,0.0,0.9999999968239496
2020-08-21,0.000658933413660634,206843.50915918144,104994.10252183196,0.5076016305690849,0.0,0.0,101849.40597841606,0.49239836624525346,0.0,0.0,0.0,0.0,0.9999999968143384
2020-08-24,0.000658933413660634,209069.51313381962,106361.55879493165,0.5087377743442324,0.0,0.0,102707.95367995453,0.49126222250402435,0.0,0.0,0.0,0.0,0.9999999968482568
2020-08-25,0.000658933413660634,209852.72866922282,106840.59111188912,0.5091217626257077,0.0,0.0,103012.13689840028,0.490878234234312,0.0,0.0,0.0,0.0,0.9999999968600197
2020-08-26,0.000658933413660634,211921.64891992143,108236.46756351792,0.5107381341885325,0.0,0.0,103685.1806974701,0.48926186270214184,0.0,0.0,0.0,0.0,0.9999999968906743
2020-08-27,0.000658933413660634,211397.31547125848,107768.52483993667,0.5097913594583411,0.0,0.0,103628.78997238837,0.490208637424621,0.0,0.0,0.0,0.0,0.9999999968829621
2020-08-28,0.000658933413660634,214512.996159718,109637.52952380813,0.5110997071812671,0.0,0.0,104875.46597697644,0.48890028974696836,0.0,0.0,0.0,0.0,0.9999999969282354
2020-08-31,0.000658933413660634,211447.74492890807,107862.84078626617,0.5101158247042611,0.0,0.0,103584.90348370849,0.48988417217944463,0.0,0.0,0.0,0.0,0.9999999968837056
2020-09-01,0.000658933413660634,213120.8382100426,109107.54568047683,0.5119515604238812,0.0,0.0,104013.29187063234,0.4880484364842887,0.0,0.0,0.0,0.0,0.9999999969081699
2020-09-02,0.000658933413660634,216729.59875751496,110827.41797210222,0.5113626316269796,0.0,0.0,105902.1801264793,0.4886373653326722,0.0,0.0,0.0,0.0,0.9999999969596519
2020-09-03,0.000658933413660634,211120.0943914982,107450.83003251102,0.5089559586557199,0.0,0.0,103669.26370005377,0.49104403822314946,0.0,0.0,0.0,0.0,0.9999999968788692
2020-09-04,0.000658933413660634,209270.57319551476,106359.87487135077,0.5082409497296219,0.0,0.0,102910.69766523057,0.491759047121663,0.0,0.0,0.0,0.0,0.9999999968512848
2020-09-08,0.000658933413660634,205507.40259551775,104034.36890076357,0.5062317346569034,0.0,0.0,101473.03303582074,0.4937682621367233,0.0,0.0,0.0,0.0,0.9999999967936268
2020-09-09,0.000658933413660634,208082.0480041469,105365.6896726772,0.5063660737834402,0.0,0.0,102716.3576725363,0.49363392304985987,0.0,0.0,0.0,0.0,0.9999999968333
2020-09-10,0.000658933413660634,205421.75747474632,103891.29225316526,0.505746292555876,0.0,0.0,101530.46456264764,0.494253704236414,0.0,0.0,0.0,0.0,0.99999999679229
2020-09-11,0.000658933413660634,205636.2132582105,103885.92081477816,0.5051927341432421,0.0,0.0,101750.29178449894,0.4948072626523934,0.0,0.0,0.0,0.0,0.9999999967956353
2020-09-14,0.000658933413660634,208425.09937255504,105249.23163408709,0.5049738824687161,0.0,0.0,103175.86707953452,0.495026114369796,0.0,0.0,0.0,0.0,0.9999999968385122
2020-09-15,0.000658933413660634,208631.18356798065,105395.34641989527,0.5051754230476918,0.0,0.0,103235.83648915197,0.4948245737939433,0.0,0.0,0.0,0.0,0.999999996841635
2020-09-16,0.000658933413660634,207795.9302959033,104902.1493304186,0.5048325498051718,0.0,0.0,102893.78030655127,0.49516744702376797,0.0,0.0,0.0,0.0,0.9999999968289397
2020-09-17,0.000658933413660634,205700.3390530421,103656.3367295479,0.5039191340507172,0.0,0.0,102044.00166456077,0.496080862745917,0.0,0.0,0.0,0.0,0.9999999967966342
2020-09-18,0.000658933413660634,203091.90734283882,102332.3682523633,0.503872210327004,0.0,0.0,100759.53843154208,0.49612778642848737,0.0,0.0,0.0,0.0,0.9999999967554914
2020-09-21,0.000658933413660634,199959.3934558438,100536.32986855577,0.5027837308916262,0.0,0.0,99423.06292835461,0.4972162658130377,0.0,0.0,0.0,0.0,0.9999999967046638
2020-09-22,0.000658933413660634,202004.627151572,101757.63409129476,0.5037391248218389,0.0,0.0,100246.99240134381,0.4962608719161891,0.0,0.0,0.0,0.0,0.9999999967380281
2020-09-23,0.000658933413660634,198984.7923026468,100360.20768784716,0.5043611952776967,0.0,0.0,98624.58395586621,0.495638801410827,0.0,0.0,0.0,0.0,0.9999999966885237
2020-09-24,0.000658933413660634,199764.53914562456,100758.85088236093,0.5043880726444129,0.0,0.0,99005.68760433022,0.49561192405703675,0.0,0.0,0.0,0.0,0.9999999967014495
2020-09-25,0.000658933413660634,202804.78088903072,102302.6947377431,0.5044392656291489,0.0,0.0,100502.08549235418,0.49556073112174903,0.0,0.0,0.0,0.0,0.999999996750898
2020-09-28,0.000658933413660634,205873.65561350476,104119.85179565373,0.5057463592676582,0.0,0.0,101753.8031589176,0.4942536375316727,0.0,0.0,0.0,0.0,0.999999996799331
2020-09-29,0.000658933413660634,204849.79513347024,103678.9665801546,0.5061218953751083,0.0,0.0,101170.82789438221,0.49387810140822536,0.0,0.0,0.0,0.0,0.9999999967833337
2020-09-30,0.000658933413660634,206576.28440663894,104591.7092645501,0.5063103422785192,0.0,0.0,101984.5744831554,0.49368965453169816,0.0,0.0,0.0,0.0,0.9999999968102175
2020-10-01,0.000658933413660634,207164.58434161218,104954.40893834643,0.5066233172619782,0.0,0.0,102210.17474433233,0.4933766795572975,0.0,0.0,0.0,0.0,0.9999999968192758
2020-10-02,0.000658933413660634,206109.8593560084,104210.10490645251,0.5056046577881217,0.0,0.0,101899.75379062249,0.4943953390148775,0.0,0.0,0.0,0.0,0.999999996802999
2020-10-05,0.000658933413660634,209109.2120364427,105899.0672621663,0.5064294692273559,0.0,0.0,103210.14411534299,0.4935705276214993,0.0,0.0,0.0,0.0,0.9999999968488551
2020-10-06,0.000658933413660634,207186.4390948086,104856.19101266292,0.5060958210912669,0.0,0.0,102330.24742321223,0.4939041757283442,0.0,0.0,0.0,0.0,0.9999999968196113
2020-10-07,0.000658933413660634,209930.06365385276,106432.74169196503,0.5069914229505437,0.0,0.0,103497.32130295431,0.4930085739106328,0.0,0.0,0.0,0.0,0.9999999968611765
2020-10-08,0.000658933413660634,212535.58684423665,107740.92137811649,0.5069312060999827,0.0,0.0,104794.66480718672,0.4930687907996733,0.0,0.0,0.0,0.0,0.999999996899656
2020-10-09,0.000658933413660634,214358.15308878451,108836.72958466996,0.5077331000309147,0.0,0.0,105521.42284518114,0.49226689689510184,0.0,0.0,0.0,0.0,0.9999999969260165
2020-10-12,0.000658933413660634,215934.43028146555,109821.31057257287,0.5085863816595775,0.0,0.0,106113.11904995926,0.49141361528887845,0.0,0.0,0.0,0.0,0.999999996948456
2020-10-13,0.000658933413660634,213873.78913854185,108772.93000426925,0.5085846678192483,0.0,0.0,105100.85847533916,0.4914153290998065,0.0,0.0,0.0,0.0,0.9999999969190548
2020-10-14,0.000658933413660634,213016.49606843176,108264.11668119559,0.5082428763940218,0.0,0.0,104752.37872830276,0.4917571205126337,0.0,0.0,0.0,0.0,0.9999999969066554
2020-10-15,0.000658933413660634,211745.7759265675,107783.8969358041,0.5090250157962211,0.0,0.0,103961.87833182995,0.49097498109187065,0.0,0.0,0.0,0.0,0.9999999968880918
2020-10-16,0.000658933413660634,212394.13327689466,107990.36014611671,0.5084432346600247,0.0,0.0,104403.77247184452,0.4915567622375665,0.0,0.0,0.0,0.0,0.9999999968975912
2020-10-19,0.000658933413660634,209228.35798888007,106338.87039699686,0.5082431053760337,0.0,0.0,102889.48693294979,0.49175689147461593,0.0,0.0,0.0,0.0,0.9999999968506496
2020-10-20,0.000658933413660634,209964.7250576013,106905.52313605532,0.5091594462199642,0.0,0.0,103059.20126261255,0.49084055064173043,0.0,0.0,0.0,0.0,0.9999999968616946
2020-10-21,0.000658933413660634,210293.53594165514,107083.71514946636,0.5092106833905545,0.0,0.0,103209.82013325536,0.4907893134760471,0.0,0.0,0.0,0.0,0.9999999968666017
2020-10-22,0.000658933413660634,209634.60710849112,106859.80515651939,0.5097431508587549,0.0,0.0,102774.80129303833,0.4902568459979979,0.0,0.0,0.0,0.0,0.9999999968567527
2020-10-23,0.000658933413660634,210993.68228370737,107660.52595353927,0.5102547374322622,0.0,0.0,103333.1556712347,0.48974525944473707,0.0,0.0,0.0,0.0,0.9999999968769993
2020-10-26,0.000658933413660634,206695.69492675876,105118.92162430803,0.5085685101547771,0.0,0.0,101576.7726435173,0.49143148665728303,0.0,0.0,0.0,0.0,0.9999999968120602
2020-10-27,0.000658933413660634,205757.70386723868,104798.43918015093,0.5093293578342524,0.0,0.0,100959.26402815433,0.490670638963275,0.0,0.0,0.0,0.0,0.9999999967975274
2020-10-28,0.000658933413660634,198317.4260900555,100611.18238385372,0.507323962232983,0.0,0.0,97706.24304726835,0.49267603444439706,0.0,0.0,0.0,0.0,0.9999999966773802
2020-10-29,0.000658933413660634,199248.7009278878,101504.63971590127,0.5094368959155116,0.0,0.0,97744.0605530531,0.49056310077739823,0.0,0.0,0.0,0.0,0.9999999966929098
2020-10-30,0.000658933413660634,198444.88579418132,100809.40928627174,0.5079970132907684,0.0,0.0,97635.47584897614,0.49200298338874576,0.0,0.0,0.0,0.0,0.9999999966795142
2020-11-02,0.000658933413660634,201171.1597419642,102101.75819422158,0.5075367578791325,0.0,0.0,99069.4008888092,0.492463238845381,0.0,0.0,0.0,0.0,0.9999999967245135
2020-11-03,0.000658933413660634,205033.98284144668,104161.87751717736,0.5080225047265751,0.0,0.0,100872.1046653359,0.4919774920596483,0.0,0.0,0.0,0.0,0.9999999967862234
2020-11-04,0.000658933413660634,208315.61439801275,106507.61475063072,0.5112800356248608,0.0,0.0,101807.99898844861,0.4887199612119898,0.0,0.0,0.0,0.0,0.9999999968368506
2020-11-05,0.000658933413660634,210803.94376437523,108231.17816454942,0.5134210310862312,0.0,0.0,102572.7649408924,0.4865789657879573,0.0,0.0,0.0,0.0,0.9999999968741884
2020-11-06,0.000658933413660634,209275.8936444638,107178.03773318084,0.5121375227060995,0.0,0.0,102097.85525234953,0.4878624741452654,0.0,0.0,0.0,0.0,0.9999999968513649
2020-11-09,0.000658933413660634,212738.72811647024,109328.2190523794,0.5139083984394434,0.0,0.0,103410.50840515742,0.4860915984631732,0.0,0.0,0.0,0.0,0.9999999969026165
2020-11-10,0.000658933413660634,217178.23451273504,111132.46129053387,0.5117108606204146,0.0,0.0,106045.77256326776,0.48828913634551796,0.0,0.0,0.0,0.0,0.9999999969659324
2020-11-11,0.000658933413660634,218283.9458796858,111603.96560456172,0.5112788535812699,0.0,0.0,106679.97961619069,0.4887211434000317,0.0,0.0,0.0,0.0,0.9999999969813015
2020-11-12,0.000658933413660634,216176.1001908674,110440.61104723436,0.5108826135253782,0.0,0.0,105735.48848469963,0.48911738342648914,0.0,0.0,0.0,0.0,0.9999999969518674
2020-11-13,0.000658933413660634,218623.0851758147,111844.86595838571,0.5115876297713075,0.0,0.0,106778.21855849556,0.48841236721467673,0.0,0.0,0.0,0.0,0.9999999969859843
2020-11-16,0.000658933413660634,219990.34425643485,112792.56068324854,0.5127159606231185,0.0,0.0,107197.7829142529,0.4872840363815981,0.0,0.0,0.0,0.0,0.9999999970047166
2020-11-17,0.000658933413660634,218582.79562519048,112188.24044304238,0.5132528391457415,0.0,0.0,106394.55452321468,0.4867471578396872,0.0,0.0,0.0,0.0,0.9999999969854287
2020-11-18,0.000658933413660634,215166.86676190604,110479.8044405817,0.5134610458534663,0.0,0.0,104687.06166239092,0.48653895108410394,0.0,0.0,0.0,0.0,0.9999999969375702
2020-11-19,0.000658933413660634,214911.62700050513,110324.15692409949,0.5133466181605901,0.0,0.0,104587.46941747222,0.48665337877334297,0.0,0.0,0.0,0.0,0.9999999969339332
2020-11-20,0.000658933413660634,213443.48396790284,109428.64296555397,0.5126820502143303,0.0,0.0,104014.84034341545,0.48731794669851325,0.0,0.0,0.0,0.0,0.9999999969128436
2020-11-23,0.000658933413660634,214331.31846642398,110182.98765533415,0.5140778699245245,0.0,0.0,104148.33015215641,0.48592212700110715,0.0,0.0,0.0,0.0,0.9999999969256317
2020-11-24,0.000658933413660634,218527.98502897404,112719.63208493052,0.5158132587457177,0.0,0.0,105808.3522851101,0.48418673823895486,0.0,0.0,0.0,0.0,0.9999999969846726
2020-11-25,0.000658933413660634,217914.10214902664,112307.79379973837,0.5153764382028546,0.0,0.0,105606.30769035486,0.48462355877332364,0.0,0.0,0.0,0.0,0.9999999969761781
2020-11-27,0.000658933413660634,217765.5300340763,112275.16437852525,0.5155782201203113,0.0,0.0,105490.36499661763,0.48442177685380383,0.0,0.0,0.0,0.0,0.9999999969741151
2020-11-30,0.000658933413660634,216746.19511343658,111685.71776859973,0.515283406521382,0.0,0.0,105060.47668590343,0.4847165904385027,0.0,0.0,0.0,0.0,0.9999999969598847
2020-12-01,0.000658933413660634,219514.65752844926,113461.1435042744,0.5168727445435837,0.0,0.0,106053.51336524142,0.48312725245464216,0.0,0.0,0.0,0.0,0.9999999969982258
2020-12-02,0.000658933413660634,218959.23490210233,113243.08788079882,0.5171879958907891,0.0,0.0,105716.14636237007,0.48281200109982225,0.0,0.0,0.0,0.0,0.9999999969906114
2020-12-03,0.000658933413660634,219201.79160805384,113524.47508378075,0.5178993942110174,0.0,0.0,105677.31586533968,0.48210060278292416,0.0,0.0,0.0,0.0,0.9999999969939415
2020-12-04,0.000658933413660634,219335.07608286059,113765.57494146726,0.5186839103586369,0.0,0.0,105569.5004824599,0.48131608663713127,0.0,0.0,0.0,0.0,0.9999999969957681
2020-12-07,0.000658933413660634,219857.71707910334,114017.38627668362,0.5185962439319832,0.0,0.0,105840.33014348631,0.4814037530709266,0.0,0.0,0.0,0.0,0.9999999970029098
2020-12-08,0.000658933413660634,220197.28096288262,114245.08613650012,0.5188305942604158,0.0,0.0,105952.19416744907,0.4811694027471157,0.0,0.0,0.0,0.0,0.9999999970075315
2020-12-09,0.000658933413660634,219153.86203547128,113551.00823287413,0.5181337311522954,0.0,0.0,105602.85314366373,0.4818662658409885,0.0,0.0,0.0,0.0,0.999999996993284
2020-12-10,0.000658933413660634,218673.4521881642,113342.23199485496,0.518317293940767,0.0,0.0,105331.21953437582,0.4816827030459115,0.0,0.0,0.0,0.0,0.9999999969866785
2020-12-11,0.000658933413660634,218693.92080480128,113264.2712190817,0.5179122986238722,0.0,0.0,105429.64892678618,0.48208769836308835,0.0,0.0,0.0,0.0,0.9999999969869605
2020-12-14,0.000658933413660634,217257.48725804986,112371.04153754411,0.5172251734830856,0.0,0.0,104886.44506157233,0.4827748234839537,0.0,0.0,0.0,0.0,0.9999999969670393
2020-12-15,0.000658933413660634,219912.0583212857,113862.12141274936,0.5177620648995964,0.0,0.0,106049.93624960292,0.4822379321040539,0.0,0.0,0.0,0.0,0.9999999970036504
2020-12-16,0.000658933413660634,219085.5020980385,113450.50623896263,0.5178366672030844,0.0,0.0,105634.99520014247,0.48216332978926146,0.0,0.0,0.0,0.0,0.9999999969923459
2020-12-17,0.000658933413660634,220624.75454135065,114128.5761988824,0.5172972381822721,0.0,0.0,106496.17768353484,0.4827027588310575,0.0,0.0,0.0,0.0,0.9999999970133296
2020-12-18,0.000658933413660634,219460.84803967262,113334.38963445782,0.5164219068996307,0.0,0.0,106126.45774628138,0.4835780900978591,0.0,0.0,0.0,0.0,0.9999999969974899
2020-12-21,0.000658933413660634,218708.46896117483,113127.93802373899,0.5172544920691731,0.0,0.0,105580.53027850243,0.4827455049179879,0.0,0.0,0.0,0.0,0.9999999969871609
2020-12-22,0.000658933413660634,217883.57206020516,112752.62792747574,0.5174902672162918,0.0,0.0,105130.943473796,0.48250972975946266,0.0,0.0,0.0,0.0,0.9999999969757545
2020-12-23,0.000658933413660634,218160.18177422194,112894.88302485799,0.5174861980161669,0.0,0.0,105265.29809043053,0.482513798963422,0.0,0.0,0.0,0.0,0.999999996979589
2020-12-24,0.000658933413660634,219224.27605234634,113499.55285753233,0.5177325928558703,0.0,0.0,105724.72253588057,0.4822674041383795,0.0,0.0,0.0,0.0,0.9999999969942498
2020-12-28,0.000658933413660634,220389.025836973,114321.42486688538,0.5187255782483999,0.0,0.0,106067.60031115421,0.4812744187617351,0.0,0.0,0.0,0.0,0.9999999970101351
2020-12-29,0.000658933413660634,220391.03396898415,114384.4653136872,0.5190068908601093,0.0,0.0,106006.56799636352,0.480993106150053,0.0,0.0,0.0,0.0,0.9999999970101623
2020-12-30,0.000658933413660634,220524.275843915,114508.82594996963,0.5192572360197564,0.0,0.0,106015.44923501197,0.48074276099221247,0.0,0.0,0.0,0.0,0.9999999970119687
2020-12-31,0.000658933413660634,221247.9348158316,114755.26835493521,0.5186727209474671,0.0,0.0,106492.66580196295,0.4813272760742749,0.0,0.0,0.0,0.0,0.999999997021742
2021-01-04,0.0020921028708471567,218169.84180460163,108923.67895047864,0.4992609338188613,0.0,0.0,109246.16076202014,0.5007390565918076,0.0,0.0,0.0,0.0,0.9999999904106689
2021-01-05,0.0020921028708471567,218480.7199794027,109241.06260073249,0.5000032158948909,0.0,0.0,109239.65528656733,0.4999967745294226,0.0,0.0,0.0,0.0,0.9999999904243135
2021-01-06,0.0020921028708471567,219026.04007398375,109269.61710198094,0.49888870321114004,0.0,0.0,109756.42087989993,0.5011112872370146,0.0,0.0,0.0,0.0,0.9999999904481547
2021-01-07,0.0020921028708471567,221667.56179987406,110873.4647026982,0.500179023951177,0.0,0.0,110794.095005073,0.49982096661080316,0.0,0.0,0.0,0.0,0.9999999905619801
2021-01-08,0.0020921028708471567,224452.23331121044,112243.6139632648,0.5000779555961705,0.0,0.0,112208.61725584278,0.49992203508290256,0.0,0.0,0.0,0.0,0.9999999906790731
2021-01-11,0.0020921028708471567,224008.5870823799,112050.56066693846,0.500206541750703,0.0,0.0,111958.02432333858,0.49979344890991007,0.0,0.0,0.0,0.0,0.9999999906606131
2021-01-12,0.0020921028708471567,223156.6001769149,111850.22031882162,0.5012185175349894,0.0,0.0,111306.3777659904,0.498781473089967,0.0,0.0,0.0,0.0,0.9999999906249564
2021-01-13,0.0020921028708471567,222372.6865840158,111484.64142239411,0.5013414333161528,0.0,0.0,110888.04306951884,0.4986585572757544,0.0,0.0,0.0,0.0,0.9999999905919073
2021-01-14,0.0020921028708471567,221298.7755112956,110943.69863234839,0.5013299254639824,0.0,0.0,110355.07478684434,0.4986700650822696,0.0,0.0,0.0,0.0,0.999999990546252
2021-01-15,0.0020921028708471567,220829.34074266333,110368.93308717458,0.4997928840252691,0.0,0.0,110460.40556338588,0.5002071065008862,0.0,0.0,0.0,0.0,0.9999999905261554
2021-01-19,0.0020921028708471567,222007.98059164674,111106.68767662358,0.5004625841851564,0.0,0.0,110901.2908229203,0.49953740639129557,0.0,0.0,0.0,0.0,0.999999990576452
2021-01-20,0.0020921028708471567,224565.92297503506,112455.17309266918,0.5007668643704717,0.0,0.0,112110.74779026302,0.49923312631332023,0.0,0.0,0.0,0.0,0.999999990683792
2021-01-21,0.0020921028708471567,223356.06715347673,112170.9981041217,0.5022070791882478,0.0,0.0,111185.06695725217,0.49779291144508087,0.0,0.0,0.0,0.0,0.9999999906333287
2021-01-22,0.0020921028708471567,222294.1496561612,111439.9038018489,0.5013173040056216,0.0,0.0,110854.24376220944,0.49868268658296183,0.0,0.0,0.0,0.0,0.9999999905885834
2021-01-25,0.0020921028708471567,224002.90994771893,112038.06152241718,0.5001634199688132,0.0,0.0,111964.84633319888,0.4998365706915632,0.0,0.0,0.0,0.0,0.9999999906603764
2021-01-26,0.0020921028708471567,223654.50783899592,111790.00288248617,0.49983344383544187,0.0,0.0,111864.50286440691,0.5001665468103856,0.0,0.0,0.0,0.0,0.9999999906458275
2021-01-27,0.0020921028708471567,218264.69352479352,109059.2045188646,0.499664892006348,0.0,0.0,109205.48691382604,0.500335098408488,0.0,0.0,0.0,0.0,0.9999999904148361
2021-01-28,0.0020921028708471567,221050.65740948182,110847.89426379761,0.5014592381802293,0.0,0.0,110202.76105358134,0.49854075235541134,0.0,0.0,0.0,0.0,0.9999999905356406
2021-01-29,0.0020921028708471567,217523.506636499,108648.09923946628,0.49947750898033677,0.0,0.0,108875.40530492987,0.500522481401839,0.0,0.0,0.0,0.0,0.9999999903821757
2021-02-01,0.0020921028708471567,220893.99334199747,110546.93926607129,0.5004524459608904,0.0,0.0,110347.0519838233,0.4995475445680377,0.0,0.0,0.0,0.0,0.9999999905289282
2021-02-02,0.0020921028708471567,223957.73190797886,112426.82542829284,0.5020001965124717,0.0,0.0,111530.90438758317,0.49799979414602075,0.0,0.0,0.0,0.0,0.9999999906584923
2021-02-03,0.0020921028708471567,223460.70699392734,112371.2470702787,0.5028680369893059,0.0,0.0,111089.45783154579,0.497131953648409,0.0,0.0,0.0,0.0,0.9999999906377148
2021-02-04,0.0020921028708471567,225526.84629667518,113692.0716156623,0.504117684801494,0.0,0.0,111834.77258891001,0.4958823059219923,0.0,0.0,0.0,0.0,0.9999999907234863
2021-02-05,0.0020921028708471567,227973.74212211548,114940.19901246358,0.5041817445401022,0.0,0.0,113033.54101754905,0.4958182462829512,0.0,0.0,0.0,0.0,0.9999999908230534
2021-02-08,0.0020921028708471567,228925.99272423895,115560.03635142994,0.5047921163353082,0.0,0.0,113365.95428070615,0.495207874525918,0.0,0.0,0.0,0.0,0.9999999908612263
2021-02-09,0.0020921028708471567,228502.22472125557,115274.06370403309,0.5044767675441811,0.0,0.0,113228.15892511963,0.49552322330009685,0.0,0.0,0.0,0.0,0.9999999908442779
2021-02-10,0.0020921028708471567,226955.03023464148,114674.80986742348,0.5052754713075313,0.0,0.0,112280.21827511513,0.4947245194743304,0.0,0.0,0.0,0.0,0.9999999907818616
2021-02-11,0.0020921028708471567,227699.5011436032,115326.72054797958,0.5064864875362485,0.0,0.0,112372.77850352076,0.4935135032757522,0.0,0.0,0.0,0.0,0.9999999908120006
2021-02-12,0.0020921028708471567,228422.34240526755,115765.19666074819,0.5068032988443716,0.0,0.0,112657.1436524165,0.49319669199670446,0.0,0.0,0.0,0.0,0.999999990841076
2021-02-16,0.0020921028708471567,228693.90709765776,116158.34001614744,0.5079205716072928,0.0,0.0,112535.56498940747,0.4920794192446592,0.0,0.0,0.0,0.0,0.9999999908519519
2021-02-17,0.0020921028708471567,230752.3272257059,117133.48382077734,0.5076156120679359,0.0,0.0,113618.8413128257,0.49238437886562086,0.0,0.0,0.0,0.0,0.9999999909335568
2021-02-18,0.0020921028708471567,230079.5095904007,116602.65782700479,0.5067928823152779,0.0,0.0,113476.84967129304,0.49320710859176603,0.0,0.0,0.0,0.0,0.999999990907044
2021-02-19,0.0020921028708471567,228118.98933543722,116002.03267442618,0.5085154594642324,0.0,0.0,112116.95456890816,0.491484531364664,0.0,0.0,0.0,0.0,0.9999999908288965
2021-02-22,0.0020921028708471567,226557.10075266546,115120.4146001064,0.5081298013509824,0.0,0.0,111436.68406045619,0.49187018941468835,0.0,0.0,0.0,0.0,0.9999999907656707
2021-02-23,0.0020921028708471567,225950.39842813788,114890.86701315847,0.5084782669666271,0.0,0.0,111059.52932287655,0.49152172377424835,0.0,0.0,0.0,0.0,0.9999999907408755
2021-02-24,0.0020921028708471567,228471.09113785785,116529.33859666016,0.5100397517091,0.0,0.0,111941.75044909482,0.48996023913393033,0.0,0.0,0.0,0.0,0.9999999908430303
2021-02-25,0.0020921028708471567,225668.17824056884,114397.12823388053,0.5069262716869627,0.0,0.0,111271.04791458545,0.4930737190423334,0.0,0.0,0.0,0.0,0.9999999907292961
2021-02-26,0.0020921028708471567,225001.0050088209,114366.31901671526,0.5082924807923932,0.0,0.0,110634.68390000278,0.4917075099094134,0.0,0.0,0.0,0.0,0.9999999907018066
2021-03-01,0.0020921028708471567,229782.52114185292,117132.93648020185,0.509755641543734,0.0,0.0,112649.58256954819,0.4902443493515575,0.0,0.0,0.0,0.0,0.9999999908952916
2021-03-02,0.0020921028708471567,229267.4265593436,116638.29584092677,0.5087434250531708,0.0,0.0,112629.12862631396,0.49125656582166516,0.0,0.0,0.0,0.0,0.999999990874836
2021-03-03,0.0020921028708471567,226069.8878837887,114872.2382621437,0.5081271076720921,0.0,0.0,111197.64752954213,0.49187288307367727,0.0,0.0,0.0,0.0,0.9999999907457694
2021-03-04,0.0020921028708471567,223900.54016104984,113575.22785538888,0.5072574982342389,0.0,0.0,110325.31021355808,0.49274249242186724,0.0,0.0,0.0,0.0,0.9999999906561062
2021-03-05,0.0020921028708471567,231011.64054831336,117235.88476779628,0.5074890792928582,0.0,0.0,113775.75368841422,0.49251091165087574,0.0,0.0,0.0,0.0,0.999999990943734
2021-03-08,0.0020921028708471567,232160.18079933044,117569.72565062065,0.5064164114872179,0.0,0.0,114590.45305660694,0.49358357950131915,0.0,0.0,0.0,0.0,0.9999999909885371
2021-03-09,0.0020921028708471567,235375.46150607747,119580.90903923668,0.5080432270810399,0.0,0.0,115794.55037473794,0.4919567640305958,0.0,0.0,0.0,0.0,0.9999999911116356
2021-03-10,0.0020921028708471567,236135.70964851617,120004.95014235635,0.5082033137680938,0.0,0.0,116130.75741405698,0.4917966773721584,0.0,0.0,0.0,0.0,0.9999999911402521
2021-03-11,0.0020921028708471567,237095.0188645992,120845.06447963446,0.5096904399693313,0.0,0.0,116249.95229286188,0.4903095512067682,0.0,0.0,0.0,0.0,0.9999999911760995
2021-03-12,0.0020921028708471567,237782.98721308363,120851.91665516481,0.5082445892012711,0.0,0.0,116931.06846581594,0.49175540200035806,0.0,0.0,0.0,0.0,0.9999999912016293
2021-03-15,0.0020921028708471567,241060.15085078488,122695.66060397626,0.5089835884153424,0.0,0.0,118364.48815470574,0.4910164029058989,0.0,0.0,0.0,0.0,0.9999999913212414
2021-03-16,0.0020921028708471567,241324.96137051718,122734.95340225346,0.5085878920490654,0.0,0.0,118590.00587616087,0.49141209928169943,0.0,0.0,0.0,0.0,0.9999999913307648
2021-03-17,0.0020921028708471567,240568.43923758238,122626.93539599345,0.5097382507224425,0.0,0.0,117941.50174948607,0.4902617405810598,0.0,0.0,0.0,0.0,0.9999999913035024
2021-03-18,0.0020921028708471567,237632.14957092205,120683.49932704965,0.5078584675725087,0.0,0.0,116948.64815176955,0.4921415236235359,0.0,0.0,0.0,0.0,0.9999999911960445
2021-03-19,0.0020921028708471567,237039.04422907197,120305.74140514979,0.5075355488224448,0.0,0.0,116733.30073181933,0.4924644423515711,0.0,0.0,0.0,0.0,0.9999999911740158
2021-03-22,0.0020921028708471567,239033.20663593904,121314.20976160247,0.5075203210002985,0.0,0.0,117718.99478223371,0.49247967024734907,0.0,0.0,0.0,0.0,0.9999999912476476
2021-03-23,0.0020921028708471567,237891.3245318815,120395.46550118463,0.5060943930515196,0.0,0.0,117495.85693859399,0.49390559815411655,0.0,0.0,0.0,0.0,0.9999999912056362
2021-03-24,0.0020921028708471567,236620.70668083688,119641.5675278661,0.5056259412209568,0.0,0.0,116979.13706086791,0.4943740499374549,0.0,0.0,0.0,0.0,0.9999999911584118
2021-03-25,0.0020921028708471567,238473.11134021435,120453.45825151983,0.5051028922068977,0.0,0.0,118019.65099659165,0.4948970990201933,0.0,0.0,0.0,0.0,0.9999999912270912
2021-03-26,0.0020921028708471567,243906.2809593701,123454.21634826295,0.5061543141188232,0.0,0.0,120452.0625190043,0.4938456773036903,0.0,0.0,0.0,0.0,0.9999999914225134
2021-03-29,0.0020921028708471567,246088.43800148493,124298.85097995975,0.5050982971382415,0.0,0.0,121789.58492942233,0.4949016943603317,0.0,0.0,0.0,0.0,0.9999999914985731
2021-03-30,0.0020921028708471567,244413.1810633171,123637.26578082175,0.5058535110215376,0.0,0.0,120775.9131903925,0.494146480418765,0.0,0.0,0.0,0.0,0.9999999914403026
2021-03-31,0.0020921028708471567,245643.89829281517,124492.32162747988,0.5067999754631851,0.0,0.0,121151.57457323241,0.49320001602000296,0.0,0.0,0.0,0.0,0.9999999914831882
2021-04-01,0.0020921028708471567,248911.2075405616,126339.14161207221,0.5075671074050954,0.0,0.0,122572.06383638651,0.4924328841898879,0.0,0.0,0.0,0.0,0.9999999915949833
2021-04-05,0.0020921028708471567,251746.92474799015,127814.95673253672,0.5077120876868115,0.0,0.0,123931.96592335057,0.49228790400284717,0.0,0.0,0.0,0.0,0.9999999916896587
2021-04-06,0.0020921028708471567,250590.59519425643,127235.57697024469,0.5077428259891892,0.0,0.0,123355.0161319089,0.49225716566212224,0.0,0.0,0.0,0.0,0.9999999916513114
2021-04-07,0.0020921028708471567,249361.36228026685,126733.0185065714,0.5082303743758476,0.0,0.0,122628.34168159259,0.4917696172343086,0.0,0.0,0.0,0.0,0.9999999916101563
2021-04-08,0.0020921028708471567,250231.12103716863,127310.1573734755,0.5087702794352473,0.0,0.0,122920.96157159029,0.4912297122040705,0.0,0.0,0.0,0.0,0.9999999916393179
2021-04-09,0.0020921028708471567,250531.10255226123,127708.31814087469,0.5097503537080171,0.0,0.0,122822.78231928367,0.49024963794131154,0.0,0.0,0.0,0.0,0.9999999916493288
2021-04-12,0.0020921028708471567,251341.88737015304,127970.82453527133,0.509150408132361,0.0,0.0,123371.06074277885,0.4908495835439056,0.0,0.0,0.0,0.0,0.9999999916762666
2021-04-13,0.0020921028708471567,251021.05259116157,127627.91651204946,0.5084351101017701,0.0,0.0,123393.13398700925,0.49156488156385775,0.0,0.0,0.0,0.0,0.9999999916656279
2021-04-14,0.0020921028708471567,249547.13026523622,126800.0208111752,0.5081205328885299,0.0,0.0,122747.10736195816,0.491879458727872,0.0,0.0,0.0,0.0,0.9999999916164019
2021-04-15,0.0020921028708471567,252288.484252376,128157.73508462017,0.5079809150401727,0.0,0.0,124130.74707565295,0.4920190766673248,0.0,0.0,0.0,0.0,0.9999999917074976
2021-04-16,0.0020921028708471567,253090.80394132007,128520.84538304787,0.5078052753463371,0.0,0.0,124569.95646616934,0.4921947163874484,0.0,0.0,0.0,0.0,0.9999999917337855
2021-04-19,0.0020921028708471567,252216.76971636913,127992.08471346174,0.5074685749777681,0.0,0.0,124224.68291080453,0.49253141672737166,0.0,0.0,0.0,0.0,0.9999999917051398
2021-04-20,0.0020921028708471567,250314.9669296587,126439.53176089813,0.5051217404687952,0.0,0.0,123875.4330766577,0.4948782511733231,0.0,0.0,0.0,0.0,0.9999999916421184
2021-04-21,0.0020921028708471567,252120.65192740218,127672.99122528436,0.506396402870034,0.0,0.0,124447.65861001496,0.49360358883194344,0.0,0.0,0.0,0.0,0.9999999917019774
2021-04-22,0.0020921028708471567,250274.2717039145,126620.82933373238,0.505928270100134,0.0,0.0,123653.44027807926,0.49407172154062534,0.0,0.0,0.0,0.0,0.9999999916407594
2021-04-23,0.0020921028708471567,251799.35902193122,127650.09347593118,0.5069516220047768,0.0,0.0,124149.26345389719,0.4930483696866124,0.0,0.0,0.0,0.0,0.9999999916913892
2021-04-26,0.0020921028708471567,250954.67056198398,127507.16406934966,0.5080884280169486,0.0,0.0,123447.50440053147,0.4919115636464747,0.0,0.0,0.0,0.0,0.9999999916634232
2021-04-27,0.0020921028708471567,251325.4500331113,127794.59517311785,0.5084825080638723,0.0,0.0,123530.85276789057,0.4915174836118498,0.0,0.0,0.0,0.0,0.9999999916757222
2021-04-28,0.0020921028708471567,252209.83492312665,128381.33257862336,0.5090258776694965,0.0,0.0,123828.50025240041,0.49097411403541513,0.0,0.0,0.0,0.0,0.9999999917049116
2021-04-29,0.0020921028708471567,253458.3608673819,129288.76223011922,0.5100986283808863,0.0,0.0,124169.59654515983,0.48990136336488666,0.0,0.0,0.0,0.0,0.9999999917457729
2021-04-30,0.0020921028708471567,253199.59750057312,128815.44178358487,0.5087505788128013,0.0,0.0,124384.15362488537,0.49124941292453606,0.0,0.0,0.0,0.0,0.9999999917373373
2021-05-03,0.0020921028708471567,255461.8854764184,129881.56595398876,0.5084185678492461,0.0,0.0,125580.31743032679,0.49158142396126275,0.0,0.0,0.0,0.0,0.9999999918105088
2021-05-04,0.0020921028708471567,253915.1378398071,129062.23626078741,0.5082888612265869,0.0,0.0,124852.89948691684,0.4917111305340348,0.0,0.0,0.0,0.0,0.9999999917606217
2021-05-05,0.0020921028708471567,254293.27703982923,129267.52246529306,0.5083403067909116,0.0,0.0,125025.75248243331,0.49165968498196233,0.0,0.0,0.0,0.0,0.9999999917728739
2021-05-06,0.0020921028708471567,255980.07595836345,130109.16610607551,0.5082784885462667,0.0,0.0,125870.90776018506,0.49172150328082037,0.0,0.0,0.0,0.0,0.9999999918270871
2021-05-07,0.0020921028708471567,257138.45362262454,130908.38014778712,0.5090968632015956,0.0,0.0,126230.07138273456,0.4909031286623095,0.0,0.0,0.0,0.0,0.9999999918639051
2021-05-10,0.0020921028708471567,255023.6381424185,129157.3042850082,0.5064522850735901,0.0,0.0,125866.33176530743,0.4935477067228455,0.0,0.0,0.0,0.0,0.9999999917964355
2021-05-11,0.0020921028708471567,253326.19280332583,128371.2572434598,0.5067429302232598,0.0,0.0,124954.93346776317,0.49325706151820664,0.0,0.0,0.0,0.0,0.9999999917414665
2021-05-12,0.0020921028708471567,248141.0698639221,125387.92137808104,0.5053090221898472,0.0,0.0,122753.14639373822,0.4946909693790501,0.0,0.0,0.0,0.0,0.9999999915688972
2021-05-13,0.0020921028708471567,253669.90782325383,128261.05716528864,0.5056218858038746,0.0,0.0,125408.84856586232,0.4943781059487819,0.0,0.0,0.0,0.0,0.9999999917526565
2021-05-14,0.0020921028708471567,256167.15909016496,129884.43402752363,0.5070299974783548,0.0,0.0,126282.72297053845,0.4929699943547011,0.0,0.0,0.0,0.0,0.9999999918330559
2021-05-17,0.0020921028708471567,254842.20248594784,129183.10992331512,0.506914116512701,0.0,0.0,125659.09047052986,0.4930858752778939,0.0,0.0,0.0,0.0,0.999999991790595
2021-05-18,0.0020921028708471567,252828.27059401438,127919.33248366165,0.5059534370231542,0.0,0.0,124908.93601824986,0.4940465547020478,0.0,0.0,0.0,0.0,0.999999991725202
2021-05-19,0.0020921028708471567,251262.6627093686,127299.80363437807,0.506640351024313,0.0,0.0,123962.85698288766,0.4933596406493291,0.0,0.0,0.0,0.0,0.9999999916736421
2021-05-20,0.0020921028708471567,255140.2229310422,129241.78479415095,0.5065519787880787,0.0,0.0,125898.43604478838,0.4934480130121054,0.0,0.0,0.0,0.0,0.9999999918001841
2021-05-21,0.0020921028708471567,253794.16737200317,128561.64176357431,0.506558693191451,0.0,0.0,125232.52351632598,0.49344129856524344,0.0,0.0,0.0,0.0,0.9999999917566945
2021-05-24,0.0020921028708471567,255568.0818021928,129852.72316178086,0.5080944468733994,0.0,0.0,125715.35654830908,0.4919055449405123,0.0,0.0,0.0,0.0,0.9999999918139117
2021-05-25,0.0020921028708471567,254718.61990260176,129600.15172316271,0.5087973222087913,0.0,0.0,125118.46608733619,0.49120266957782066,0.0,0.0,0.0,0.0,0.9999999917866119
2021-05-26,0.0020921028708471567,254759.65644067767,129783.83952036544,0.5094363893153796,0.0,0.0,124975.81482820938,0.4905636024725553,0.0,0.0,0.0,0.0,0.999999991787935
2021-05-27,0.0020921028708471567,255612.67506023342,130283.48958603058,0.5096910376425197,0.0,0.0,125329.18338209997,0.4903089541728202,0.0,0.0,0.0,0.0,0.9999999918153399
2021-05-28,0.0020921028708471567,257714.7209400673,131198.73783354784,0.5090851518103954,0.0,0.0,126515.98101441657,0.4909148400717025,0.0,0.0,0.0,0.0,0.999999991882098
2021-06-01,0.0020921028708471567,255961.83660222104,130557.33495053982,0.5100656280781154,0.0,0.0,125404.49955957837,0.4899343637483894,0.0,0.0,0.0,0.0,0.9999999918265047
2021-06-02,0.0020921028708471567,256967.5482585945,131145.91259019147,0.5103598235611262,0.0,0.0,125821.63357630016,0.4896401682973677,0.0,0.0,0.0,0.0,0.9999999918584939
2021-06-03,0.0020921028708471567,256778.9544483998,130892.256038366,0.5097468222017745,0.0,0.0,125886.69631793092,0.49025316965073973,0.0,0.0,0.0,0.0,0.9999999918525143
2021-06-04,0.0020921028708471567,260662.71084681104,133042.56593993722,0.5104012212092932,0.0,0.0,127620.14281477095,0.48959877076461494,0.0,0.0,0.0,0.0,0.9999999919739081
2021-06-07,0.0020921028708471567,259112.5863644503,132330.60931745142,0.5107069910194332,0.0,0.0,126781.97495489604,0.48929300090645944,0.0,0.0,0.0,0.0,0.9999999919258925
2021-06-08,0.0020921028708471567,258024.18004635026,131795.02698712645,0.510785566544389,0.0,0.0,126229.15096712095,0.4892144253474451,0.0,0.0,0.0,0.0,0.9999999918918341
2021-06-09,0.0020921028708471567,258491.6787918091,131776.59626942172,0.5097904771455156,0.0,0.0,126715.0804302845,0.49020951476098257,0.0,0.0,0.0,0.0,0.9999999919064982
2021-06-10,0.0020921028708471567,260656.42309147672,132708.3799276227,0.5091314395926051,0.0,0.0,127948.04107175115,0.4908685523811094,0.0,0.0,0.0,0.0,0.9999999919737145
2021-06-11,0.0020921028708471567,260286.0582663973,132729.43590781838,0.5099367856728331,0.0,0.0,127556.62026647608,0.4900632062894608,0.0,0.0,0.0,0.0,0.9999999919622938
2021-06-14,0.0020921028708471567,261484.6405106442,133368.65355926828,0.5100439295356596,0.0,0.0,128115.98485927309,0.4899560624634772,0.0,0.0,0.0,0.0,0.9999999919991367
2021-06-15,0.0020921028708471567,261455.2053755643,133424.5239734624,0.5103150414687911,0.0,0.0,128030.67930999905,0.48968495052944483,0.0,0.0,0.0,0.0,0.999999991998236
2021-06-16,0.0020921028708471567,259466.49633734548,132402.31874860806,0.5102867638697565,0.0,0.0,127064.17549663456,0.48971322806714906,0.0,0.0,0.0,0.0,0.9999999919369056
2021-06-17,0.0020921028708471567,261627.31222046152,133453.905420087,0.5100916425255763,0.0,0.0,128173.40470827167,0.4899083494779235,0.0,0.0,0.0,0.0,0.9999999920034998
2021-06-18,0.0020921028708471567,257378.12966662276,131195.0188690685,0.5097364684365492,0.0,0.0,126183.10870545139,0.49026352343493246,0.0,0.0,0.0,0.0,0.9999999918714816
2021-06-21,0.0020921028708471567,260546.66064920617,132891.2865105209,0.5100479360564232,0.0,0.0,127655.37204658242,0.48995205591391006,0.0,0.0,0.0,0.0,0.9999999919703332
2021-06-22,0.0020921028708471567,262173.25525390805,133930.89132613846,0.5108487942312416,0.0,0.0,128242.36183566668,0.4891511977889097,0.0,0.0,0.0,0.0,0.9999999920201513
2021-06-23,0.0020921028708471567,261775.08809405114,133859.22930188532,0.5113520552184556,0.0,0.0,127915.85670006296,0.4886479367895583,0.0,0.0,0.0,0.0,0.9999999920080139
2021-06-24,0.0020921028708471567,264309.1726148137,135148.74979674516,0.5113282617463367,0.0,0.0,129160.42072596568,0.4886717303383009,0.0,0.0,0.0,0.0,0.9999999920846376
2021-06-25,0.0020921028708471567,266208.1949498817,136306.0632354693,0.5120280510565473,0.0,0.0,129902.1296223095,0.4879719410845553,0.0,0.0,0.0,0.0,0.9999999921411026
2021-06-28,0.0020921028708471567,266825.39149649173,136792.1587199981,0.5126654474403597,0.0,0.0,130033.23068439074,0.48733454471892135,0.0,0.0,0.0,0.0,0.9999999921592811
2021-06-29,0.0020921028708471567,266461.1466457704,136737.68888604228,0.5131618271830803,0.0,0.0,129723.45566762525,0.4868381649654827,0.0,0.0,0.0,0.0,0.999999992148563
2021-06-30,0.0020921028708471567,266047.8943442421,136509.82415621894,0.5131024415460603,0.0,0.0,129538.06809592027,0.486897550590307,0.0,0.0,0.0,0.0,0.9999999921363674
2021-07-01,0.001776179168246017,269072.47551722924,134456.33654453323,0.4997030494704901,0.0,0.0,134616.13719651682,0.5002969439283919,0.0,0.0,0.0,0.0,0.9999999933988819
2021-07-02,0.001776179168246017,272198.63982050214,136200.26635832398,0.5003708558137523,0.0,0.0,135998.37168599895,0.4996291376609424,0.0,0.0,0.0,0.0,0.9999999934746948
2021-07-06,0.001776179168246017,270248.77035901963,135068.15398244624,0.499791928018807,0.0,0.0,135180.6146003942,0.5002080654088072,0.0,0.0,0.0,0.0,0.9999999934276141
2021-07-07,0.001776179168246017,270968.5499543941,135356.55111133817,0.49952863951967713,0.0,0.0,135611.9970668768,0.5004713539253955,0.0,0.0,0.0,0.0,0.9999999934450725
2021-07-08,0.001776179168246017,269051.0259694889,134285.27837023098,0.4991071038898744,0.0,0.0,134765.7458230787,0.5008928895084812,0.0,0.0,0.0,0.0,0.9999999933983557
2021-07-09,0.001776179168246017,269129.6074707832,134445.8514908559,0.49955801130297933,0.0,0.0,134683.7542037481,0.500441982097304,0.0,0.0,0.0,0.0,0.9999999934002832
2021-07-12,0.001776179168246017,270589.4377012831,135361.77115391596,0.5002478008892145,0.0,0.0,135227.66477118793,0.49975219254667425,0.0,0.0,0.0,0.0,0.9999999934358887
2021-07-13,0.001776179168246017,270321.05442111974,135247.21785077237,0.5003206951097396,0.0,0.0,135073.83479416816,0.499679298319632,0.0,0.0,0.0,0.0,0.9999999934293716
2021-07-14,0.001776179168246017,271601.2514177312,135708.37428153277,0.4996603424069245,0.0,0.0,135892.87536001927,0.5003396510534179,0.0,0.0,0.0,0.0,0.9999999934603424
2021-07-15,0.001776179168246017,269718.9677883927,134450.92838728128,0.49848525481813505,0.0,0.0,135268.03762493219,0.501514738596569,0.0,0.0,0.0,0.0,0.9999999934147042
2021-07-16,0.001776179168246017,268620.1171423348,133443.82170758193,0.49677523458480777,0.0,0.0,135176.2936585737,0.5032247588029578,0.0,0.0,0.0,0.0,0.9999999933877656
2021-07-19,0.001776179168246017,265896.30775386124,131859.84639245985,0.4959070229531799,0.0,0.0,134036.4595852222,0.5040929703668507,0.0,0.0,0.0,0.0,0.9999999933200306
2021-07-20,0.001776179168246017,267881.66858237586,133167.08455202146,0.49711159877694827,0.0,0.0,134714.58225417524,0.5028883945925899,0.0,0.0,0.0,0.0,0.9999999933695382
2021-07-21,0.001776179168246017,269892.5732411053,134631.33536202324,0.4988330495546906,0.0,0.0,135261.23610290285,0.5011669438642494,0.0,0.0,0.0,0.0,0.9999999934189401
2021-07-22,0.001776179168246017,271447.34215900383,135341.0237774984,0.4985903442672893,0.0,0.0,136106.31660532622,0.501409649189345,0.0,0.0,0.0,0.0,0.9999999934566345
2021-07-23,0.001776179168246017,274483.6692737576,137114.08816066408,0.4995345935277216,0.0,0.0,137369.57933691435,0.5004654000012952,0.0,0.0,0.0,0.0,0.9999999935290169
2021-07-26,0.001776179168246017,275307.39347432274,137687.07987346232,0.5001212576817486,0.0,0.0,137620.31182468127,0.4998787358666297,0.0,0.0,0.0,0.0,0.9999999935483782
2021-07-27,0.001776179168246017,274372.04852936533,136836.52578394988,0.49872618773447913,0.0,0.0,137535.5209692363,0.5012738057919053,0.0,0.0,0.0,0.0,0.9999999935263844
2021-07-28,0.001776179168246017,272854.6576271523,136260.9263331044,0.49939014242264057,0.0,0.0,136593.72951786866,0.5006098510677428,0.0,0.0,0.0,0.0,0.9999999934903835
2021-07-29,0.001776179168246017,274026.1069874865,137003.06385474364,0.4999635449369791,0.0,0.0,137023.04135656363,0.5000364485812326,0.0,0.0,0.0,0.0,0.9999999935182118
2021-07-30,0.001776179168246017,272439.8622558549,136035.70789883749,0.49932380222349054,0.0,0.0,136404.1525808382,0.5006761912569819,0.0,0.0,0.0,0.0,0.9999999934804724
2021-08-02,0.001776179168246017,272727.6324573767,136186.51977058587,0.499349913844428,0.0,0.0,136541.11091061163,0.5006500796429236,0.0,0.0,0.0,0.0,0.9999999934873516
2021-08-03,0.001776179168246017,273490.12416147604,136652.86962136804,0.4996629038812548,0.0,0.0,136837.25276392882,0.500337089624254,0.0,0.0,0.0,0.0,0.9999999935055088
2021-08-04,0.001776179168246017,272052.34533433255,136098.0185695428,0.5002640885241707,0.0,0.0,135954.32498861058,0.49973590494701525,0.0,0.0,0.0,0.0,0.999999993471186
2021-08-05,0.001776179168246017,274753.4211742071,137662.18140968654,0.5010390073447055,0.0,0.0,137091.2379883414,0.49896098619066453,0.0,0.0,0.0,0.0,0.9999999935353701
2021-08-06,0.001776179168246017,275250.9468775097,137952.38142683942,0.5011876725286255,0.0,0.0,137298.5636744911,0.49881232101842965,0.0,0.0,0.0,0.0,0.9999999935470552
2021-08-09,0.001776179168246017,276526.9709466684,138449.93535807822,0.5006742556941398,0.0,0.0,138077.033812411,0.49932573788269224,0.0,0.0,0.0,0.0,0.999999993576832
2021-08-10,0.001776179168246017,276558.5118387826,138548.90022927473,0.5009749991352305,0.0,0.0,138009.60983332866,0.4990249944423341,0.0,0.0,0.0,0.0,0.9999999935775645
2021-08-11,0.001776179168246017,277659.8058657364,139085.82695531964,0.5009217179334023,0.0,0.0,138573.97713423756,0.49907827566963586,0.0,0.0,0.0,0.0,0.9999999936030382
2021-08-12,0.001776179168246017,277534.24083237606,138934.02076652725,0.5006013685008331,0.0,0.0,138600.2182896696,0.49939862509931077,0.0,0.0,0.0,0.0,0.999999993600144
2021-08-13,0.001776179168246017,278734.6773411513,139520.16388767192,0.5005482820385109,0.0,0.0,139214.51167730018,0.4994517115891956,0.0,0.0,0.0,0.0,0.9999999936277064
2021-08-16,0.001776179168246017,278308.75981646334,139359.28056165823,0.5007362350130901,0.0,0.0,138949.47747862592,0.4992637586048643,0.0,0.0,0.0,0.0,0.9999999936179544
2021-08-17,0.001776179168246017,276454.2149773071,137776.18616449213,0.4983689113794179,0.0,0.0,138678.02703663585,0.5016310821957238,0.0,0.0,0.0,0.0,0.9999999935751416
2021-08-18,0.001776179168246017,273820.7692594719,136432.824901652,0.4982559404482886,0.0,0.0,137387.94258164073,0.5017440530650625,0.0,0.0,0.0,0.0,0.9999999935133511
2021-08-19,0.001776179168246017,275780.6666822528,137399.3137678293,0.4982195286594806,0.0,0.0,138381.35113824427,0.5017804648999693,0.0,0.0,0.0,0.0,0.99999999355945
2021-08-20,0.001776179168246017,277969.59013268154,138658.0541429504,0.49882454435668877,0.0,0.0,139311.534213552,0.5011754492534787,0.0,0.0,0.0,0.0,0.9999999936101672
2021-08-23,0.001776179168246017,279304.3676323322,139613.98942452556,0.4998632517208223,0.0,0.0,139690.37643162746,0.5001367419198816,0.0,0.0,0.0,0.0,0.9999999936407039
2021-08-24,0.001776179168246017,278533.3125870487,139497.4624083611,0.500828648152327,0.0,0.0,139035.8484025084,0.49917134547077263,0.0,0.0,0.0,0.0,0.9999999936230997
2021-08-25,0.001776179168246017,278875.9317288974,139792.09289356365,0.5012698371886004,0.0,0.0,139083.83705915455,0.49873015644233365,0.0,0.0,0.0,0.0,0.9999999936309342
2021-08-26,0.001776179168246017,277889.7845188936,139159.74259494164,0.5007731494551584,0.0,0.0,138730.04014777276,0.49922684415317387,0.0,0.0,0.0,0.0,0.9999999936083322
2021-08-27,0.001776179168246017,280088.2783476678,140655.36427425165,0.5021822587650707,0.0,0.0,139432.91229723697,0.4978177348934316,0.0,0.0,0.0,0.0,0.9999999936585022
2021-08-30,0.001776179168246017,280702.51082440384,140998.3063723459,0.5023051128336673,0.0,0.0,139704.20267587874,0.49769488083871133,0.0,0.0,0.0,0.0,0.9999999936723787
2021-08-31,0.001776179168246017,280215.05521758576,140572.23553216414,0.5016583974155507,0.0,0.0,139642.81790924244,0.4983415962458206,0.0,0.0,0.0,0.0,0.9999999936613714
2021-09-01,0.001776179168246017,281102.24288693536,140795.12581550103,0.5008680271260998,0.0,0.0,140307.11529525515,0.4991319665552769,0.0,0.0,0.0,0.0,0.9999999936813767
2021-09-02,0.001776179168246017,281886.4309921544,140916.01688454766,0.49990351216469053,0.0,0.0,140970.41233142753,0.500096481534264,0.0,0.0,0.0,0.0,0.9999999936989546
2021-09-03,0.001776179168246017,281453.93769462896,140712.80593811188,0.4999496794775067,0.0,0.0,140741.1299803379,0.5000503142117656,0.0,0.0,0.0,0.0,0.9999999936892722
2021-09-07,0.001776179168246017,278521.5495590749,139449.4060096294,0.5006772590142148,0.0,0.0,139072.14177326634,0.4993227346086156,0.0,0.0,0.0,0.0,0.9999999936228303
2021-09-08,0.001776179168246017,280204.71888505906,139844.21413991894,0.49907872606986153,0.0,0.0,140360.50296896094,0.500921267591276,0.0,0.0,0.0,0.0,0.9999999936611375
2021-09-09,0.001776179168246017,278540.26152753714,139216.51637624062,0.49980751656067984,0.0,0.0,139323.74337511737,0.500192477062579,0.0,0.0,0.0,0.0,0.9999999936232588
2021-09-10,0.001776179168246017,275966.2400503942,137949.03838133934,0.4998765006768526,0.0,0.0,138017.19989287565,0.5001234928869283,0.0,0.0,0.0,0.0,0.9999999935637809
2021-09-13,0.001776179168246017,275786.22893141874,137978.16948116221,0.5003084092189172,0.0,0.0,137808.0576740773,0.4996915843406626,0.0,0.0,0.0,0.0,0.9999999935595799
2021-09-14,0.001776179168246017,274763.4894884548,137450.077540745,0.5002486967851689,0.0,0.0,137313.41017153065,0.499751296750438,0.0,0.0,0.0,0.0,0.999999993535607
2021-09-15,0.001776179168246017,275604.64806680346,137970.49826079252,0.500610200983802,0.0,0.0,137634.14802983173,0.49938979257153443,0.0,0.0,0.0,0.0,0.9999999935553366
2021-09-16,0.001776179168246017,274194.8270424064,137340.02469098178,0.5008848130812513,0.0,0.0,136854.80057524546,0.49911518044094894,0.0,0.0,0.0,0.0,0.9999999935222003
2021-09-17,0.001776179168246017,272440.6542624228,136267.1254981007,0.5001717745356911,0.0,0.0,136173.52698814296,0.49982821894480045,0.0,0.0,0.0,0.0,0.9999999934804914
2021-09-20,0.001776179168246017,269631.147180242,134415.05622603235,0.498514573081496,0.0,0.0,135216.08917803047,0.5014854203310634,0.0,0.0,0.0,0.0,0.9999999934125593
2021-09-21,0.001776179168246017,268141.2582496147,133653.4016786481,0.49844400131153693,0.0,0.0,134487.8547947874,0.5015559920644203,0.0,0.0,0.0,0.0,0.9999999933759571
2021-09-22,0.001776179168246017,268975.5619426629,134181.0313434995,0.49885956320486335,0.0,0.0,134794.52882298426,0.5011404301916401,0.0,0.0,0.0,0.0,0.9999999933965035
2021-09-23,0.001776179168246017,272959.8363175334,136400.0764843437,0.4997074966211142,0.0,0.0,136559.75805701053,0.5002924968717777,0.0,0.0,0.0,0.0,0.9999999934928918
2021-09-24,0.001776179168246017,274074.5898054343,137004.03087855302,0.4998786314915668,0.0,0.0,137070.55715070208,0.5001213620277916,0.0,0.0,0.0,0.0,0.9999999935193584
2021-09-27,0.001776179168246017,272962.0378679931,136693.11442997216,0.5007770146267672,0.0,0.0,136268.92166184177,0.4992229788661771,0.0,0.0,0.0,0.0,0.9999999934929443
2021-09-28,0.001776179168246017,268437.9924011844,134018.19169743214,0.4992519520006693,0.0,0.0,134419.79892757305,0.5007480413826101,0.0,0.0,0.0,0.0,0.9999999933832795
2021-09-29,0.001776179168246017,270826.98146429576,134881.60509303323,0.49803606850307575,0.0,0.0,135945.37459508335,0.5019639249385704,0.0,0.0,0.0,0.0,0.9999999934416461
2021-09-30,0.001776179168246017,268963.6814255414,133881.02527232462,0.49776618375662585,0.0,0.0,135082.65437703763,0.5022338096395861,0.0,0.0,0.0,0.0,0.9999999933962118
2021-10-01,0.001776179168246017,269928.8336894475,134669.05307520492,0.49890577169737027,0.0,0.0,135259.77883806336,0.5010942217224538,0.0,0.0,0.0,0.0,0.9999999934198242
2021-10-04,0.001776179168246017,265340.3930615921,131851.9904181169,0.49691639066619897,0.0,0.0,133488.400867296,0.5030836026398363,0.0,0.0,0.0,0.0,0.9999999933060355
2021-10-05,0.001776179168246017,267762.1830402267,133428.59658152945,0.4983100864601335,0.0,0.0,134333.58468251806,0.5016899069064459,0.0,0.0,0.0,0.0,0.9999999933665794
2021-10-06,0.001776179168246017,270041.70164841024,134457.50559619814,0.49791385839828384,0.0,0.0,135584.1942760329,0.5020861350242907,0.0,0.0,0.0,0.0,0.9999999934225745
2021-10-07,0.001776179168246017,272364.64498454204,135663.09458164396,0.4980936295507204,0.0,0.0,136701.5486267189,0.5019063639279516,0.0,0.0,0.0,0.0,0.999999993478672
2021-10-08,0.001776179168246017,272273.16124417563,135834.42812302118,0.4988902597021097,0.0,0.0,136438.73134497527,0.5011097337743711,0.0,0.0,0.0,0.0,0.9999999934764808
2021-10-11,0.001776179168246017,272221.3312599259,135758.6092173662,0.4987067273127814,0.0,0.0,136462.72026638052,0.5012932661624574,0.0,0.0,0.0,0.0,0.9999999934752388
2021-10-12,0.001776179168246017,274670.8151046008,136811.94378787387,0.498094214107796,0.0,0.0,137858.86954054775,0.50190577942563,0.0,0.0,0.0,0.0,0.9999999935334258
2021-10-13,0.001776179168246017,276847.2873372878,137990.41763651188,0.4984351443848384,0.0,0.0,138856.86792459677,0.5015648491994255,0.0,0.0,0.0,0.0,0.9999999935842637
2021-10-14,0.001776179168246017,280832.8493546805,140214.95368354564,0.49928259463144153,0.0,0.0,140617.8938949557,0.5007173990438739,0.0,0.0,0.0,0.0,0.9999999936753154
2021-10-15,0.001776179168246017,283163.71051730623,141660.02166938214,0.5002760467101742,0.0,0.0,141503.68707174493,0.49972394701720296,0.0,0.0,0.0,0.0,0.999999993727377
2021-10-18,0.001776179168246017,285377.97526541003,143058.70520244748,0.5012955364526593,0.0,0.0,142319.26828678334,0.49870445732338725,0.0,0.0,0.0,0.0,0.9999999937760468
2021-10-19,0.001776179168246017,287649.70920874574,144234.36315664565,0.5014236362463192,0.0,0.0,143415.34427592094,0.49857635757888163,0.0,0.0,0.0,0.0,0.9999999938252009
2021-10-20,0.001776179168246017,289567.3272197701,145038.31895690443,0.5008794339798776,0.0,0.0,144529.0064866865,0.49912055988621506,0.0,0.0,0.0,0.0,0.9999999938660925
2021-10-21,0.001776179168246017,290612.3204545512,145601.53705052097,0.5010163947033744,0.0,0.0,145010.78162785104,0.4989835991847746,0.0,0.0,0.0,0.0,0.9999999938881491
2021-10-22,0.001776179168246017,289770.71557034785,144863.7511340511,0.4999254353529814,0.0,0.0,144906.96266011754,0.5000745585174164,0.0,0.0,0.0,0.0,0.999999993870398
2021-10-25,0.001776179168246017,290268.35157616466,145411.44119073436,0.5009552036973596,0.0,0.0,144856.9086092511,0.4990447901835469,0.0,0.0,0.0,0.0,0.9999999938809065
2021-10-26,0.001776179168246017,290115.016283283,145148.10650246905,0.5003122842863779,0.0,0.0,144966.9080046348,0.49968770959129455,0.0,0.0,0.0,0.0,0.9999999938776724
2021-10-27,0.001776179168246017,288607.3343775717,144619.97986198153,0.5010959966553791,0.0,0.0,143987.352739411,0.49890399719031037,0.0,0.0,0.0,0.0,0.9999999938456894
2021-10-28,0.001776179168246017,289853.2350105087,145451.40211180114,0.5018105183698494,0.0,0.0,144401.83112252838,0.49818947550229364,0.0,0.0,0.0,0.0,0.999999993872143
2021-10-29,0.001776179168246017,291036.4262943751,146371.29986140906,0.5029312025476792,0.0,0.0,144665.12465678685,0.49706879134937626,0.0,0.0,0.0,0.0,0.9999999938970554
2021-11-01,0.001776179168246017,292165.3864694723,146879.60301192815,0.5027275981827343,0.0,0.0,145285.78168136496,0.4972723957379035,0.0,0.0,0.0,0.0,0.9999999939206379
2021-11-02,0.001776179168246017,293409.3668077744,147536.1376993945,0.5028337687530338,0.0,0.0,145873.22733220077,0.49716622519337916,0.0,0.0,0.0,0.0,0.9999999939464128
2021-11-03,0.001776179168246017,294147.71129208396,148069.0675654637,0.5033833746829105,0.0,0.0,146078.64195044112,0.4966166192786976,0.0,0.0,0.0,0.0,0.999999993961608
2021-11-04,0.001776179168246017,296281.2638662549,149876.880242036,0.5058601353533185,0.0,0.0,146404.38184803972,0.49413985865177257,0.0,0.0,0.0,0.0,0.9999999940050911
2021-11-05,0.001776179168246017,295040.14389114897,149663.74083743605,0.5072656854880482,0.0,0.0,145376.4012775337,0.49273430849182454,0.0,0.0,0.0,0.0,0.9999999939798728
2021-11-08,0.001776179168246017,294417.7976869887,149373.27568362653,0.5073513790848787,0.0,0.0,145044.52022718303,0.4926486148822688,0.0,0.0,0.0,0.0,0.9999999939671473
2021-11-09,0.001776179168246017,293864.5268745912,149195.4624775324,0.5077015047182017,0.0,0.0,144669.06262087962,0.4922984892375873,0.0,0.0,0.0,0.0,0.9999999939557891
2021-11-10,0.001776179168246017,291504.801670023,147309.67103284114,0.5053421768317643,0.0,0.0,144195.1288610027,0.49465781707509715,0.0,0.0,0.0,0.0,0.9999999939068613
2021-11-11,0.001776179168246017,294090.2480355468,148832.69578327774,0.5060783102379113,0.0,0.0,145257.55047608988,0.4939216837225168,0.0,0.0,0.0,0.0,0.9999999939604282
2021-11-12,0.001776179168246017,296948.3083200329,150597.27813083492,0.5071498099545673,0.0,0.0,146351.02841301882,0.4928501840639905,0.0,0.0,0.0,0.0,0.9999999940185577
2021-11-15,0.001776179168246017,296942.5256579687,150577.50091602665,0.5070930833580514,0.0,0.0,146365.02296576288,0.4929069106603898,0.0,0.0,0.0,0.0,0.9999999940184412
2021-11-16,0.001776179168246017,298378.3362474799,151388.3829484839,0.5073705579714738,0.0,0.0,146989.95152281685,0.49262943607575105,0.0,0.0,0.0,0.0,0.9999999940472247
2021-11-17,0.001776179168246017,298704.2833980968,151191.7192855571,0.5061585242956058,0.0,0.0,147512.56233636048,0.4938414697581145,0.0,0.0,0.0,0.0,0.9999999940537204
2021-11-18,0.001776179168246017,296697.40535033063,150438.95071491608,0.5070450499467046,0.0,0.0,146258.4528592354,0.49295494406679485,0.0,0.0,0.0,0.0,0.9999999940134995
2021-11-19,0.001776179168246017,297109.9559083887,150902.53494244826,0.5079013070466671,0.0,0.0,146207.4191897613,0.49209868697514497,0.0,0.0,0.0,0.0,0.9999999940218119
2021-11-22,0.001776179168246017,295023.01837100927,149562.02901304525,0.5069503723433606,0.0,0.0,145460.98758178484,0.49304962163616284,0.0,0.0,0.0,0.0,0.9999999939795234
2021-11-23,0.001776179168246017,297153.3583542227,150635.29664970588,0.5069277947387036,0.0,0.0,146518.0599283377,0.49307219928398155,0.0,0.0,0.0,0.0,0.9999999940226851
2021-11-24,0.001776179168246017,299006.5932070294,151681.30843407285,0.507284159881552,0.0,0.0,147325.28299677733,0.4927158341781804,0.0,0.0,0.0,0.0,0.9999999940597324
2021-11-26,0.001776179168246017,293869.56925586436,148431.25220419557,0.5050922849210033,0.0,0.0,145438.3152754896,0.49490770903488934,0.0,0.0,0.0,0.0,0.9999999939558928
2021-11-29,0.001776179168246017,293425.6662119243,148517.36964896249,0.5061498933147076,0.0,0.0,144908.29478678264,0.49385010063204154,0.0,0.0,0.0,0.0,0.9999999939467491
2021-11-30,0.001776179168246017,287658.4073037709,145724.87091569512,0.5065899942976735,0.0,0.0,141933.5346118966,0.4934099995277142,0.0,0.0,0.0,0.0,0.9999999938253875
2021-12-01,0.001776179168246017,283388.044558826,143051.6596672602,0.5047907362851554,0.0,0.0,140336.38311538668,0.49520925744718736,0.0,0.0,0.0,0.0,0.9999999937323426
2021-12-02,0.001776179168246017,286666.68167382816,144492.99182521642,0.5040452939334673,0.0,0.0,142173.68807243256,0.4959546998705591,0.0,0.0,0.0,0.0,0.9999999938040265
2021-12-03,0.001776179168246017,285494.3750165786,143348.4546202648,0.50210605589669,0.0,0.0,142145.9186201346,0.4978939378818942,0.0,0.0,0.0,0.0,0.9999999937785843
2021-12-06,0.001776179168246017,287849.4841818047,144472.01202872838,0.5019012364721848,0.0,0.0,143377.47037689714,0.4980987573573015,0.0,0.0,0.0,0.0,0.9999999938294863
2021-12-07,0.001776179168246017,293819.1458563823,148423.75844008246,0.5051534610090774,0.0,0.0,145395.3856401207,0.49484653294577813,0.0,0.0,0.0,0.0,0.9999999939548555
2021-12-08,0.001776179168246017,294364.6249108239,148696.96950117292,0.505145513141125,0.0,0.0,145667.65363347178,0.4948544808249326,0.0,0.0,0.0,0.0,0.9999999939660577
2021-12-09,0.001776179168246017,293046.5644065714,147697.53951999152,0.5040070673378606,0.0,0.0,145349.02311040068,0.49599292660105765,0.0,0.0,0.0,0.0,0.9999999939389183
2021-12-10,0.001776179168246017,295160.4437595961,148585.78676795092,0.5034068416327897,0.0,0.0,146574.65521546602,0.4965931523495369,0.0,0.0,0.0,0.0,0.9999999939823265
2021-12-13,0.001776179168246017,294835.4252803091,147556.6572908174,0.5004712617234878,0.0,0.0,147278.7662133125,0.49952873225220495,0.0,0.0,0.0,0.0,0.9999999939756927
2021-12-14,0.001776179168246017,292841.7300167012,146455.78904184423,0.5001192590738063,0.0,0.0,146385.9391986778,0.4998807348608724,0.0,0.0,0.0,0.0,0.9999999939346788
2021-12-15,0.001776179168246017,298290.606397965,149611.165443894,0.5015617730995188,0.0,0.0,148679.43917789185,0.49843822094595525,0.0,0.0,0.0,0.0,0.999999994045474
2021-12-16,0.001776179168246017,297665.8068270289,148247.03620740393,0.49803179541393894,0.0,0.0,149418.7688434458,0.5019681986190365,0.0,0.0,0.0,0.0,0.9999999940329755
2021-12-17,0.001776179168246017,293116.52485437633,145945.78969617278,0.4979104803752717,0.0,0.0,147170.7333820244,0.5020895135650933,0.0,0.0,0.0,0.0,0.9999999939403649
2021-12-20,0.001776179168246017,290066.22545043833,143775.0714938066,0.495662917220166,0.0,0.0,146291.1521804525,0.5043370766564765,0.0,0.0,0.0,0.0,0.9999999938766425
2021-12-21,0.001776179168246017,294212.7706537285,146668.92805989078,0.498513126177353,0.0,0.0,147543.84081765858,0.5014868677855904,0.0,0.0,0.0,0.0,0.9999999939629433
2021-12-22,0.001776179168246017,297358.83520962426,148332.52114658483,0.4988334079329348,0.0,0.0,149026.31228686025,0.5011665860938808,0.0,0.0,0.0,0.0,0.9999999940268155
2021-12-23,0.001776179168246017,299261.93820009916,149505.6951996745,0.49958139046639694,0.0,0.0,149756.24122424546,0.5004186035984038,0.0,0.0,0.0,0.0,0.9999999940648009
2021-12-27,0.001776179168246017,304011.2208378643,152281.88935608472,0.5009087787496499,0.0,0.0,151729.3297056004,0.49909121540787105,0.0,0.0,0.0,0.0,0.9999999941575209
2021-12-28,0.001776179168246017,305071.8582331826,152506.50346064448,0.4999035451643517,0.0,0.0,152565.35299635894,0.5000964490134818,0.0,0.0,0.0,0.0,0.9999999941778334
2021-12-29,0.001776179168246017,306090.5991665985,152888.85469870776,0.4994888935334262,0.0,0.0,153201.74269171155,0.5005111006637847,0.0,0.0,0.0,0.0,0.999999994197211
2021-12-30,0.001776179168246017,306073.3531467739,152713.75435476884,0.4989449515441377,0.0,0.0,153359.5970158259,0.5010550426527464,0.0,0.0,0.0,0.0,0.999999994196884
2021-12-31,0.001776179168246017,305823.3984851021,152499.9027503734,0.49865348271513077,0.0,0.0,153323.49395854952,0.5013465114770103,0.0,0.0,0.0,0.0,0.999999994192141
2022-01-03,0.000115747581588721,304673.50672257505,152426.35101668193,0.5002940776057565,0.0,0.0,152247.15559014556,0.4997059220143366,0.0,0.0,0.0,0.0,0.9999999996200931
2022-01-04,0.000115747581588721,304474.7654520475,152493.8107737908,0.5008421980303897,0.0,0.0,151980.95456250914,0.4991578015894555,0.0,0.0,0.0,0.0,0.9999999996198451
2022-01-05,0.000115747581588721,301176.81717009225,149915.1588959655,0.4977646032141298,0.0,0.0,151261.6581583792,0.5022353964015526,0.0,0.0,0.0,0.0,0.9999999996156823
2022-01-06,0.000115747581588721,300564.99256540416,149993.46199790487,0.4990383634423616,0.0,0.0,150571.53045175172,0.5009616361725384,0.0,0.0,0.0,0.0,0.9999999996149
2022-01-07,0.000115747581588721,297926.43665259785,148248.49171133793,0.4976009963298611,0.0,0.0,149677.94482551236,0.5023990032816283,0.0,0.0,0.0,0.0,0.9999999996114894
2022-01-10,0.000115747581588721,296246.7697904634,147268.23329775385,0.49711338085447243,0.0,0.0,148978.53637696194,0.5028866187548141,0.0,0.0,0.0,0.0,0.9999999996092866
2022-01-11,0.000115747581588721,297254.06624224124,148201.7355075793,0.4985692454306252,0.0,0.0,149052.3306189144,0.5014307541799855,0.0,0.0,0.0,0.0,0.9999999996106107
2022-01-12,0.000115747581588721,297771.8597590922,148480.28437493287,0.49863773056009586,0.0,0.0,149291.5752684118,0.501362269051192,0.0,0.0,0.0,0.0,0.9999999996112877
2022-01-13,0.000115747581588721,292456.9548823111,145523.32444793233,0.497588865706726,0.0,0.0,146933.6303186312,0.5024111338974976,0.0,0.0,0.0,0.0,0.9999999996042236
2022-01-14,0.000115747581588721,290156.9054030431,144556.32069320124,0.4982005184140111,0.0,0.0,145600.58459409428,0.5017994811870752,0.0,0.0,0.0,0.0,0.9999999996010863
2022-01-18,0.000115747581588721,287210.3157981039,142539.1202931875,0.49628830321465944,0.0,0.0,144671.1953891689,0.5037116963823344,0.0,0.0,0.0,0.0,0.9999999995969937
2022-01-19,0.000115747581588721,285692.3434658571,141212.17674029293,0.49428057828637295,0.0,0.0,144480.16660981663,0.5057194213084796,0.0,0.0,0.0,0.0,0.9999999995948524
2022-01-20,0.000115747581588721,281986.92791270535,139121.812389437,0.49336263003122227,0.0,0.0,142865.1154075208,0.5066373695583063,0.0,0.0,0.0,0.0,0.9999999995895286
2022-01-21,0.000115747581588721,277364.75064097845,136404.1936202457,0.4917863329966092,0.0,0.0,140960.5569049852,0.5082136665860791,0.0,0.0,0.0,0.0,0.9999999995826883
2022-01-24,0.000115747581588721,278408.02409639873,137068.4164068813,0.49232925973218855,0.0,0.0,141339.6075737699,0.5076707398520636,0.0,0.0,0.0,0.0,0.999999999584252
2022-01-25,0.000115747581588721,274698.01879377954,135365.2437220238,0.4927783764747309,0.0,0.0,139332.7749560082,0.5072216231039062,0.0,0.0,0.0,0.0,0.999999999578637
2022-01-26,0.000115747581588721,272381.6837984682,134881.85347402593,0.49519428616875477,0.0,0.0,137499.8302086947,0.5048057134062991,0.0,0.0,0.0,0.0,0.9999999995750538
2022-01-27,0.000115747581588721,273771.2274794522,135287.63254580516,0.4941630783898177,0.0,0.0,138483.5948178995,0.5058369211873929,0.0,0.0,0.0,0.0,0.9999999995772106
2022-01-28,0.000115747581588721,282287.03187785984,139702.8768608075,0.4948965453051851,0.0,0.0,142584.15490130475,0.5051034542847798,0.0,0.0,0.0,0.0,0.999999999589965
2022-01-31,0.000115747581588721,286537.155663538,142358.24111601905,0.4968229714794164,0.0,0.0,144178.91443177144,0.5031770281166307,0.0,0.0,0.0,0.0,0.9999999995960469
2022-02-01,0.000115747581588721,287203.2557682331,142992.4284799837,0.49787885620410777,0.0,0.0,144210.82717250183,0.5021211433928761,0.0,0.0,0.0,0.0,0.9999999995969838
2022-02-02,0.000115747581588721,289641.738005468,144460.2789299461,0.49875504795934805,0.0,0.0,145181.45895977432,0.5012449516410288,0.0,0.0,0.0,0.0,0.9999999996003768
2022-02-03,0.000115747581588721,282653.42749510985,139612.87559794632,0.49393660934948946,0.0,0.0,143040.551781416,0.5060633902410071,0.0,0.0,0.0,0.0,0.9999999995904966
2022-02-04,0.000115747581588721,283232.9291117764,139832.5346773369,0.49370154492930696,0.0,0.0,143400.39431869192,0.5062984546620273,0.0,0.0,0.0,0.0,0.9999999995913343
2022-02-07,0.000115747581588721,283009.5992317252,139579.35723932312,0.4931965474606995,0.0,0.0,143430.2418766545,0.5068034521303123,0.0,0.0,0.0,0.0,0.9999999995910119
2022-02-08,0.000115747581588721,283658.04406393226,139992.94755763994,0.49352715527463636,0.0,0.0,143665.0963905448,0.5064728443173105,0.0,0.0,0.0,0.0,0.9999999995919469
2022-02-09,0.000115747581588721,289218.7689685896,143259.34558386463,0.4953321186406931,0.0,0.0,145959.4232689774,0.5046678809590992,0.0,0.0,0.0,0.0,0.9999999995997924
2022-02-10,0.000115747581588721,283327.2733601113,140205.954478664,0.4948551292499861,0.0,0.0,143121.3187656997,0.5051448703414843,0.0,0.0,0.0,0.0,0.9999999995914705
2022-02-11,0.000115747581588721,280046.69050804875,137824.91388680862,0.4921497684431569,0.0,0.0,142221.7765054926,0.507850231143528,0.0,0.0,0.0,0.0,0.9999999995866847
2022-02-14,0.000115747581588721,277496.66379934835,136526.65678476883,0.49199386729740363,0.0,0.0,140970.00689883195,0.508006132285483,0.0,0.0,0.0,0.0,0.9999999995828867
2022-02-15,0.000115747581588721,280803.31665656366,138903.77177600205,0.4946657091870757,0.0,0.0,141899.54476481403,0.5053342904007226,0.0,0.0,0.0,0.0,0.9999999995877984
2022-02-16,0.000115747581588721,280918.7644821737,139296.97336115214,0.49586211735596436,0.0,0.0,141621.79100527405,0.5041378822320036,0.0,0.0,0.0,0.0,0.9999999995879678
2022-02-17,0.000115747581588721,275506.3245949962,135915.16722978695,0.4933286647033855,0.0,0.0,139591.15724946168,0.506671334876488,0.0,0.0,0.0,0.0,0.9999999995798733
2022-02-18,0.000115747581588721,273073.8508227472,134453.05407274925,0.4923688360040852,0.0,0.0,138620.79663425038,0.5076311635720456,0.0,0.0,0.0,0.0,0.999999999576131
2022-02-22,0.000115747581588721,269691.3127955096,132417.30020162743,0.4909957937800961,0.0,0.0,137274.0124781346,0.5090042057907185,0.0,0.0,0.0,0.0,0.9999999995708146
2022-02-23,0.000115747581588721,266876.9564635679,130817.87916639971,0.4901804970346251,0.0,0.0,136059.0771814206,0.5098195025316635,0.0,0.0,0.0,0.0,0.9999999995662887
2022-02-24,0.000115747581588721,270288.93247071054,133065.57880768916,0.4923086476066075,0.0,0.0,137223.35354727381,0.5076913519651561,0.0,0.0,0.0,0.0,0.9999999995717636
2022-02-25,0.000115747581588721,278268.87218141893,137143.66655034717,0.49284587771260163,0.0,0.0,141125.20551532423,0.5071541218714426,0.0,0.0,0.0,0.0,0.9999999995840442
2022-02-28,0.000115747581588721,277050.62991658,136896.77690830204,0.49412187566410404,0.0,0.0,140153.85289253038,0.505878123918111,0.0,0.0,0.0,0.0,0.9999999995822151
2022-03-01,0.000115747581588721,273519.4210934209,134491.32164904466,0.4917066624059174,0.0,0.0,139028.09932862865,0.508293337170904,0.0,0.0,0.0,0.0,0.9999999995768214
2022-03-02,0.000115747581588721,277464.6637359747,136749.59827382403,0.4928541041317967,0.0,0.0,140715.0653464031,0.5071458954510418,0.0,0.0,0.0,0.0,0.9999999995828386
2022-03-03,0.000115747581588721,279019.8414484224,137008.18662112072,0.49103384873956024,0.0,0.0,142011.65471155415,0.5089661508456036,0.0,0.0,0.0,0.0,0.9999999995851637
2022-03-04,0.000115747581588721,278597.08628182975,135691.23236214658,0.48705187183788734,0.0,0.0,142905.8538039356,0.5129481277466469,0.0,0.0,0.0,0.0,0.9999999995845342
2022-03-07,0.000115747581588721,271127.22833940503,131081.70991560756,0.4834693686740884,0.0,0.0,140045.51830804988,0.5165306308989992,0.0,0.0,0.0,0.0,0.9999999995730876
2022-03-08,0.000115747581588721,268519.62466842326,130596.16488692764,0.48635612778094717,0.0,0.0,137923.45966574806,0.5136438717879948,0.0,0.0,0.0,0.0,0.9999999995689419
2022-03-09,0.000115747581588721,275062.0672163323,134494.7028193205,0.4889612885572563,0.0,0.0,140567.36428126428,0.5110387110219385,0.0,0.0,0.0,0.0,0.9999999995791947
2022-03-10,0.000115747581588721,274419.590545728,133834.76149605066,0.4877011922869591,0.0,0.0,140584.8289339298,0.5122988072912505,0.0,0.0,0.0,0.0,0.9999999995782095
2022-03-11,0.000115747581588721,272105.30056367815,132186.5453732352,0.4857918794650634,0.0,0.0,139918.75507469536,0.5142081201095586,0.0,0.0,0.0,0.0,0.9999999995746222
2022-03-14,0.000115747581588721,273804.985389638,132415.00753813886,0.48361065212054405,0.0,0.0,141389.9777357516,0.5163893474567188,0.0,0.0,0.0,0.0,0.9999999995772627
2022-03-15,0.000115747581588721,280854.92011779995,136069.64817055425,0.48448376162853796,0.0,0.0,144785.27183149813,0.5155162379593362,0.0,0.0,0.0,0.0,0.9999999995878742
2022-03-16,0.000115747581588721,285415.1955777855,139099.7018850468,0.4873591316799295,0.0,0.0,146315.49357699117,0.5126408679145296,0.0,0.0,0.0,0.0,0.999999999594459
2022-03-17,0.000115747581588721,290470.45382795366,141719.69012193894,0.487897093333561,0.0,0.0,148750.76359026713,0.5121029062679557,0.0,0.0,0.0,0.0,0.9999999996015169
2022-03-18,0.000115747581588721,292615.5005561358,143390.42991203096,0.4900301919737937,0.0,0.0,149225.0705283573,0.5099698076306444,0.0,0.0,0.0,0.0,0.9999999996044381
2022-03-21,0.000115747581588721,293944.355882438,144015.33570376915,0.4899408096182924,0.0,0.0,149929.02006292134,0.510059189987934,0.0,0.0,0.0,0.0,0.9999999996062263
2022-03-22,0.000115747581588721,296968.93395268894,145876.39770189673,0.49121770334784165,0.0,0.0,151092.53613504468,0.5087822962623952,0.0,0.0,0.0,0.0,0.9999999996102368
2022-03-23,0.000115747581588721,297315.25549685373,145892.7015470119,0.4907003554298134,0.0,0.0,151422.5538340943,0.5092996441808775,0.0,0.0,0.0,0.0,0.9999999996106907
2022-03-24,0.000115747581588721,300606.1360659561,147954.03433690834,0.4921856761581397,0.0,0.0,152652.1016133002,0.5078143234568132,0.0,0.0,0.0,0.0,0.9999999996149528
2022-03-25,0.000115747581588721,304949.38708713197,149912.97169553043,0.49159951796425944,0.0,0.0,155036.41527585397,0.5084004816561773,0.0,0.0,0.0,0.0,0.9999999996204368
2022-03-28,0.000115747581588721,307073.423845561,150882.15480010796,0.49135530164275104,0.0,0.0,156191.2689297055,0.5086446979803113,0.0,0.0,0.0,0.0,0.9999999996230623
2022-03-29,0.000115747581588721,315142.47027339204,155379.5522881117,0.4930454221334148,0.0,0.0,159762.91786953274,0.5069545774992986,0.0,0.0,0.0,0.0,0.9999999996327136
2022-03-30,0.000115747581588721,312546.7358985782,153637.59415057045,0.49156678507250845,0.0,0.0,158909.1416322602,0.5084332145571548,0.0,0.0,0.0,0.0,0.9999999996296631
2022-03-31,0.000115747581588721,306455.72064230934,150240.17572120298,0.4902508440903315,0.0,0.0,156215.5448053588,0.509749155531971,0.0,0.0,0.0,0.0,0.9999999996223025
2022-04-01,0.000115747581588721,307015.40313388896,150114.27046451913,0.4889470330550631,0.0,0.0,156901.13255362224,0.5110529665679279,0.0,0.0,0.0,0.0,0.999999999622991
2022-04-04,0.000115747581588721,310784.33279810695,152479.1486168605,0.49062688342116223,0.0,0.0,158305.18406549885,0.5093731162064007,0.0,0.0,0.0,0.0,0.999999999627563
2022-04-05,0.000115747581588721,308841.3835161359,150704.93025748956,0.48796870594777575,0.0,0.0,158136.4531428988,0.5120312936774443,0.0,0.0,0.0,0.0,0.99999999962522
2022-04-06,0.000115747581588721,310324.2302706008,150342.00734875814,0.4844675106989256,0.0,0.0,159982.22280609512,0.5155324889280853,0.0,0.0,0.0,0.0,0.9999999996270109
2022-04-07,0.000115747581588721,312362.2879074384,151170.29014324833,0.48395819852633515,0.0,0.0,161191.9976484425,0.5160418011031094,0.0,0.0,0.0,0.0,0.9999999996294445
2022-04-08,0.000115747581588721,313007.4639539308,151001.80251632683,0.48242236976991587,0.0,0.0,162005.66132185643,0.5175776298602924,0.0,0.0,0.0,0.0,0.9999999996302082
2022-04-11,0.000115747581588721,309183.38442344277,148771.18524836242,0.48117458034100735,0.0,0.0,160412.1990593328,0.5188254192846273,0.0,0.0,0.0,0.0,0.9999999996256346
2022-04-12,0.000115747581588721,310414.41346245515,149428.7197049172,0.48138460465847766,0.0,0.0,160985.69364179042,0.5186153949686417,0.0,0.0,0.0,0.0,0.9999999996271193
2022-04-13,0.000115747581588721,313134.80691815994,151082.50436141764,0.48248390477045927,0.0,0.0,162052.30244099477,0.5175160948598995,0.0,0.0,0.0,0.0,0.9999999996303587
2022-04-14,0.000115747581588721,310296.53480036254,149349.96485290257,0.48131367289999166,0.0,0.0,160946.5698317124,0.5186863267269859,0.0,0.0,0.0,0.0,0.9999999996269776
2022-04-18,0.000115747581588721,311813.23740508367,150422.9507753951,0.48241361408264144,0.0,0.0,161390.286513941,0.5175863855461506,0.0,0.0,0.0,0.0,0.999999999628792
2022-04-19,0.000115747581588721,318091.63791107456,154096.7388996459,0.4844413387022926,0.0,0.0,163994.8988956811,0.5155586609338262,0.0,0.0,0.0,0.0,0.9999999996361189
2022-04-20,0.000115747581588721,324254.5475365933,156735.52103894905,0.48337185161994034,0.0,0.0,167519.02638189663,0.5166281480230944,0.0,0.0,0.0,0.0,0.9999999996430349
2022-04-21,0.000115747581588721,316789.8368358584,152501.69124155224,0.4813970446929758,0.0,0.0,164288.1454785586,0.5186029549416478,0.0,0.0,0.0,0.0,0.9999999996346235
2022-04-22,0.000115747581588721,309677.4455643181,148908.98539205626,0.480851891298389,0.0,0.0,160768.4600565143,0.519148108327843,0.0,0.0,0.0,0.0,0.9999999996262319
2022-04-25,0.000115747581588721,312045.46741076186,150372.38546253764,0.48189254825674027,0.0,0.0,161673.08183247666,0.5181074513723279,0.0,0.0,0.0,0.0,0.9999999996290683
2022-04-26,0.000115747581588721,302945.3920734008,145580.42275418004,0.480550048171412,0.0,0.0,157364.96920347319,0.519449951446514,0.0,0.0,0.0,0.0,0.999999999617926
2022-04-27,0.000115747581588721,301861.19505154574,144896.01649301453,0.48000875524352216,0.0,0.0,156965.17844278362,0.5199912443730315,0.0,0.0,0.0,0.0,0.9999999996165537
2022-04-28,0.000115747581588721,311339.9317590359,150313.5404972198,0.482795572183642,0.0,0.0,161026.39114606852,0.5172044274445856,0.0,0.0,0.0,0.0,0.9999999996282277
2022-04-29,0.000115747581588721,306254.5960533296,147723.77103554274,0.4823560950243466,0.0,0.0,158530.82490203928,0.5176439045977078,0.0,0.0,0.0,0.0,0.9999999996220544
2022-05-02,0.000115747581588721,305205.6190228964,148116.37393397567,0.48530028512634965,0.0,0.0,157089.2449731732,0.5146997144944059,0.0,0.0,0.0,0.0,0.9999999996207555
2022-05-03,0.000115747581588721,306393.6467055663,148624.11154219738,0.4850756963802843,0.0,0.0,157769.53504762138,0.5149243032419417,0.0,0.0,0.0,0.0,0.999999999622226
2022-05-04,0.000115747581588721,314625.43885473686,153329.1482372437,0.4873386869013985,0.0,0.0,161296.2905017456,0.5126613127307115,0.0,0.0,0.0,0.0,0.99999999963211
2022-05-05,0.000115747581588721,302209.1288156296,146178.65263215726,0.48370032104932636,0.0,0.0,156030.47606772475,0.5162996785676688,0.0,0.0,0.0,0.0,0.9999999996169951
2022-05-06,0.000115747581588721,302283.1539428062,145797.947644873,0.4823224375661333,0.0,0.0,156485.20618218562,0.5176775620509556,0.0,0.0,0.0,0.0,0.999999999617089
2022-05-09,0.000115747581588721,295852.36620443023,141949.90734606783,0.47979980409547324,0.0,0.0,153902.45874261486,0.5202001955132927,0.0,0.0,0.0,0.0,0.9999999996087658
2022-05-10,0.000115747581588721,295170.33698032494,141748.77093413932,0.48022701869120343,0.0,0.0,153421.56593043802,0.5197729809166582,0.0,0.0,0.0,0.0,0.9999999996078618
2022-05-11,0.000115747581588721,291625.3755912428,139288.5605963302,0.47762839675366336,0.0,0.0,152336.81487916503,0.5223716028494316,0.0,0.0,0.0,0.0,0.999999999603095
2022-05-12,0.000115747581588721,291547.9665659702,139342.76179895588,0.4779411204276947,0.0,0.0,152205.2046512668,0.522058879175295,0.0,0.0,0.0,0.0,0.9999999996029897
2022-05-13,0.000115747581588721,294563.51886547334,141379.59707930102,0.479963023336467,0.0,0.0,153183.92167042472,0.5200369762705869,0.0,0.0,0.0,0.0,0.999999999607054
2022-05-16,0.000115747581588721,296032.9523749589,141822.1988668806,0.47907571683860006,0.0,0.0,154210.75339233075,0.5209242827704044,0.0,0.0,0.0,0.0,0.9999999996090044
2022-05-17,0.000115747581588721,298923.7033699133,143893.8160419809,0.48137305412650605,0.0,0.0,155029.88721218484,0.5186269454862796,0.0,0.0,0.0,0.0,0.9999999996127856
2022-05-18,0.000115747581588721,287711.1621299039,137832.79819647077,0.47906656514855045,0.0,0.0,149878.3638176856,0.5209334344491449,0.0,0.0,0.0,0.0,0.9999999995976953
2022-05-19,0.000115747581588721,282480.81823830534,134976.47254110617,0.4778252675098026,0.0,0.0,147504.3455814516,0.5221747320804437,0.0,0.0,0.0,0.0,0.9999999995902463
2022-05-20,0.000115747581588721,283971.6288687294,135591.4147118806,0.47748225853421433,0.0,0.0,148380.21404110122,0.522517741058183,0.0,0.0,0.0,0.0,0.9999999995923975
2022-05-23,0.000115747581588721,288526.1709175825,137889.24884901458,0.4779089827813319,0.0,0.0,150636.92195282038,0.5220910168174997,0.0,0.0,0.0,0.0,0.9999999995988317
2022-05-24,0.000115747581588721,287882.74472030776,136553.33253894624,0.47433663546460386,0.0,0.0,151329.41206561393,0.525663364133331,0.0,0.0,0.0,0.0,0.9999999995979351
2022-05-25,0.000115747581588721,287424.9912968251,136910.15019483547,0.47633349339984055,0.0,0.0,150514.8409862421,0.5236665061974543,0.0,0.0,0.0,0.0,0.9999999995972947
2022-05-26,0.000115747581588721,293703.357867179,140824.07387262702,0.4794772347693474,0.0,0.0,152879.2838788044,0.5205227648365558,0.0,0.0,0.0,0.0,0.9999999996059031
2022-05-27,0.000115747581588721,300062.98301965545,144481.6991667009,0.4815045751819268,0.0,0.0,155581.283737207,0.5184954244323291,0.0,0.0,0.0,0.0,0.9999999996142558
2022-05-31,0.000115747581588721,298985.6283200332,144059.99440015326,0.4818291608516779,0.0,0.0,154925.63380413235,0.5181708387611879,0.0,0.0,0.0,0.0,0.9999999996128658
2022-06-01,0.000115747581588721,298294.86202728294,143426.0703605188,0.48081978142620707,0.0,0.0,154868.7915510166,0.5191802181857622,0.0,0.0,0.0,0.0,0.9999999996119693
2022-06-02,0.000115747581588721,306802.0636507984,148397.53176832563,0.48369143936799414,0.0,0.0,158404.5317667252,0.5163085602547347,0.0,0.0,0.0,0.0,0.9999999996227289
2022-06-03,0.000115747581588721,302677.0059300581,145871.6971630668,0.48193848328463545,0.0,0.0,156805.30865124371,0.5180615163329517,0.0,0.0,0.0,0.0,0.9999999996175872
2022-06-06,0.000115747581588721,304859.53752003156,147080.3629865481,0.4824528836559159,0.0,0.0,157779.1744177359,0.517547115964409,0.0,0.0,0.0,0.0,0.9999999996203249
2022-06-07,0.000115747581588721,311064.4066762844,150268.57321953532,0.4830786486475626,0.0,0.0,160795.83334100147,0.5169213509803356,0.0,0.0,0.0,0.0,0.9999999996278984
2022-06-08,0.000115747581588721,308971.7492834679,149354.7954282913,0.4833930473405998,0.0,0.0,159616.95373942898,0.5166069522847783,0.0,0.0,0.0,0.0,0.9999999996253781
2022-06-09,0.000115747581588721,305801.3888724691,147571.64779564543,0.4825735041288137,0.0,0.0,158229.74096107608,0.5174264954926806,0.0,0.0,0.0,0.0,0.9999999996214943
2022-06-10,0.000115747581588721,298927.5849893596,143092.99463028094,0.4786878221204456,0.0,0.0,155834.59024333107,0.5213121774923449,0.0,0.0,0.0,0.0,0.9999999996127906
2022-06-13,0.000115747581588721,289507.4315199873,137699.74016117226,0.47563456122080794,0.0,0.0,151807.6912430675,0.5243654383793835,0.0,0.0,0.0,0.0,0.9999999996001914
2022-06-14,0.000115747581588721,286984.2767357946,136728.60701462545,0.47643239751598465,0.0,0.0,150255.6696054216,0.5235676020806916,0.0,0.0,0.0,0.0,0.9999999995966763
2022-06-15,0.000115747581588721,292242.1787161635,139692.3517098329,0.4780020198436425,0.0,0.0,152549.82689058306,0.5219979797602903,0.0,0.0,0.0,0.0,0.9999999996039327
2022-06-16,0.000115747581588721,281782.27138842805,133625.7573410901,0.47421633973874516,0.0,0.0,148156.51393159042,0.5257836598504854,0.0,0.0,0.0,0.0,0.9999999995892305
2022-06-17,0.000115747581588721,278700.3667354376,131998.6789582866,0.4736221932696243,0.0,0.0,146701.68766140344,0.5263778063150639,0.0,0.0,0.0,0.0,0.9999999995846881
2022-06-21,0.000115747581588721,290586.6911545821,137532.2810622674,0.47329174132446755,0.0,0.0,153054.40997656714,0.5267082582772089,0.0,0.0,0.0,0.0,0.9999999996016763
2022-06-22,0.000115747581588721,293478.2166268177,138498.08677135422,0.47191947791977423,0.0,0.0,154980.12973971592,0.5280805216858265,0.0,0.0,0.0,0.0,0.9999999996056008
2022-06-23,0.000115747581588721,297447.42561775335,140246.35967806666,0.47149965876085886,0.0,0.0,157201.06582393913,0.528500340850005,0.0,0.0,0.0,0.0,0.9999999996108638
2022-06-24,0.000115747581588721,303020.79008741863,143616.4741927296,0.47394924338787975,0.0,0.0,159404.31577894144,0.5260507562301412,0.0,0.0,0.0,0.0,0.999999999618021
2022-06-27,0.000115747581588721,302721.06179928954,143233.1894166712,0.47315237521080655,0.0,0.0,159487.87226687075,0.5268476244068362,0.0,0.0,0.0,0.0,0.9999999996176429
2022-06-28,0.000115747581588721,297145.2242815031,139974.66645711588,0.47106483637949925,0.0,0.0,157170.55770863965,0.5289351632309687,0.0,0.0,0.0,0.0,0.999999999610468
2022-06-29,0.000115747581588721,298878.92744496686,140344.9809620128,0.4695713483776965,0.0,0.0,158533.94636720646,0.530428651235031,0.0,0.0,0.0,0.0,0.9999999996127276
2022-06-30,0.000115747581588721,298810.2487559966,140051.74747818834,0.46869793811039,0.0,0.0,158758.50116206068,0.5313020615022486,0.0,0.0,0.0,0.0,0.9999999996126385
2022-07-01,0.004658947102143429,299587.7494106364,149298.98974502418,0.49834811349506924,0.0,0.0,150288.75500666507,0.5016518709537371,0.0,0.0,0.0,0.0,0.9999999844488063
2022-07-05,0.004658947102143429,300230.8514227971,150369.00266206262,0.5008446065734496,0.0,0.0,149861.8441017873,0.4991553779086676,0.0,0.0,0.0,0.0,0.9999999844821174
2022-07-06,0.004658947102143429,301298.2214117058,150838.37893462123,0.5006281757253048,0.0,0.0,150459.83781813743,0.4993718088117858,0.0,0.0,0.0,0.0,0.9999999845370905
2022-07-07,0.004658947102143429,305587.30466143653,153955.73749377037,0.5038027926727505,0.0,0.0,151631.56250871904,0.4961971920813703,0.0,0.0,0.0,0.0,0.9999999847541209
2022-07-08,0.004658947102143429,305027.8877169811,153709.46166739176,0.5039193721526553,0.0,0.0,151318.42139064224,0.49608061257350483,0.0,0.0,0.0,0.0,0.9999999847261601
2022-07-11,0.004658947102143429,303516.3168715187,152360.3274236902,0.5019839756693733,0.0,0.0,151155.98478888135,0.4980160089807202,0.0,0.0,0.0,0.0,0.9999999846500934
2022-07-12,0.004658947102143429,303053.0627291156,152082.57632583077,0.5018348105650725,0.0,0.0,150970.48174433774,0.49816517406155675,0.0,0.0,0.0,0.0,0.9999999846266292
2022-07-13,0.004658947102143429,300511.0484745371,150693.91847017175,0.5014588290018905,0.0,0.0,149817.12534541826,0.4985411554946958,0.0,0.0,0.0,0.0,0.9999999844965862
2022-07-14,0.004658947102143429,302053.8452556821,151634.1874062552,0.5020104520698954,0.0,0.0,150419.6531904798,0.49798953250587746,0.0,0.0,0.0,0.0,0.9999999845757729
2022-07-15,0.004658947102143429,309587.76677905954,155734.96872686868,0.5030398014337902,0.0,0.0,153852.79339324372,0.49696018351733623,0.0,0.0,0.0,0.0,0.9999999849511265
2022-07-18,0.004658947102143429,305056.77587726957,153865.81883096657,0.5043842031978659,0.0,0.0,151190.9523873559,0.49561578152974073,0.0,0.0,0.0,0.0,0.9999999847276065
2022-07-19,0.004658947102143429,312198.18151877203,158236.65204930527,0.5068468089068312,0.0,0.0,153961.52481051968,0.4931531761701251,0.0,0.0,0.0,0.0,0.9999999850769563
2022-07-20,0.004658947102143429,313369.7720896943,159816.48688845686,0.5099933086166121,0.0,0.0,153553.2805422903,0.49000667651613666,0.0,0.0,0.0,0.0,0.9999999851327488
2022-07-21,0.004658947102143429,316375.2455570244,161366.54035385174,0.5100479339644372,0.0,0.0,155008.70054422552,0.4899520513095463,0.0,0.0,0.0,0.0,0.9999999852739834
2022-07-22,0.004658947102143429,311042.618399389,157935.0714168552,0.5077602298668324,0.0,0.0,153107.54232358668,0.4922397551546828,0.0,0.0,0.0,0.0,0.9999999850215152
2022-07-25,0.004658947102143429,308913.0013839966,156789.41402403946,0.5075520075930414,0.0,0.0,152123.58270101005,0.4924479773252136,0.0,0.0,0.0,0.0,0.999999984918255
2022-07-26,0.004658947102143429,306756.2355559226,154776.09183764737,0.5045572800081881,0.0,0.0,151980.1390593281,0.4954427048040288,0.0,0.0,0.0,0.0,0.9999999848122171
2022-07-27,0.004658947102143429,313758.2431880048,159342.98261697678,0.5078527371836985,0.0,0.0,154415.2559120809,0.4921472479674577,0.0,0.0,0.0,0.0,0.9999999851511563
2022-07-28,0.004658947102143429,316471.23141848145,160861.9122726345,0.5082986897470024,0.0,0.0,155609.3144868998,0.4917012955314473,0.0,0.0,0.0,0.0,0.9999999852784498
2022-07-29,0.004658947102143429,315041.4362041827,160533.3956738438,0.5095627978593898,0.0,0.0,154508.03587139174,0.49043718735224706,0.0,0.0,0.0,0.0,0.999999985211637
2022-08-01,0.004658947102143429,311817.1886056373,158946.0294853189,0.5097410768023496,0.0,0.0,152871.1544613713,0.490258908256373,0.0,0.0,0.0,0.0,0.9999999850587226
2022-08-02,0.004658947102143429,305238.4121347153,155433.13113350168,0.509218777697291,0.0,0.0,149805.2763422665,0.4907812070394036,0.0,0.0,0.0,0.0,0.9999999847366946
2022-08-03,0.004658947102143429,313150.0930009413,159604.66772727735,0.5096746617501327,0.0,0.0,153545.42061471683,0.4903253233721865,0.0,0.0,0.0,0.0,0.9999999851223192
2022-08-04,0.004658947102143429,314857.5190929022,160682.61589799286,0.5103343771522943,0.0,0.0,154174.89853596225,0.48966560805070447,0.0,0.0,0.0,0.0,0.9999999852029987
2022-08-05,0.004658947102143429,311701.5549749116,158801.50730255112,0.5094665226015084,0.0,0.0,152900.04301341335,0.49053346245167123,0.0,0.0,0.0,0.0,0.9999999850531798
2022-08-08,0.004658947102143429,317776.1381466739,161625.82805231874,0.5086153699108714,0.0,0.0,156150.30543540808,0.4913846154280306,0.0,0.0,0.0,0.0,0.999999985338902
2022-08-09,0.004658947102143429,315624.0017683159,159808.60139091613,0.5063258829986693,0.0,0.0,155815.39571845264,0.4936741022402633,0.0,0.0,0.0,0.0,0.9999999852389327
2022-08-10,0.004658947102143429,322164.7665931947,164242.8379276242,0.5098100567124326,0.0,0.0,157921.9240066234,0.49018992882618745,0.0,0.0,0.0,0.0,0.99999998553862
2022-08-11,0.004658947102143429,315373.3378309265,160846.14173672837,0.5100181988845199,0.0,0.0,154527.19143525106,0.4899817863426806,0.0,0.0,0.0,0.0,0.9999999852272005
2022-08-12,0.004658947102143429,320658.73954023444,163765.71603631726,0.5107165214680477,0.0,0.0,156893.01884497004,0.48928346400265194,0.0,0.0,0.0,0.0,0.9999999854706997
2022-08-15,0.004658947102143429,323101.91662551847,164740.9883190565,0.5098731386047287,0.0,0.0,158360.92364751486,0.49012684697583614,0.0,0.0,0.0,0.0,0.9999999855805649
2022-08-16,0.004658947102143429,323762.99167148536,164848.4961275492,0.509164111921776,0.0,0.0,158914.49088498906,0.4908358736882313,0.0,0.0,0.0,0.0,0.9999999856100072
2022-08-17,0.004658947102143429,324055.13017284876,164832.91327581738,0.5086570090339154,0.0,0.0,159222.21223808426,0.49134297658906445,0.0,0.0,0.0,0.0,0.9999999856229799
2022-08-18,0.004658947102143429,326877.8054409202,166444.29525905286,0.5091942386071114,0.0,0.0,160433.50552292023,0.4908057471400179,0.0,0.0,0.0,0.0,0.9999999857471292
2022-08-19,0.004658947102143429,325339.650478876,164888.4721752997,0.5068194790662497,0.0,0.0,160451.1736446292,0.49318050661349416,0.0,0.0,0.0,0.0,0.9999999856797439
2022-08-22,0.004658947102143429,322644.4830447474,163047.6853291033,0.5053478174814795,0.0,0.0,159596.79305669694,0.49465216807864204,0.0,0.0,0.0,0.0,0.9999999855601216
2022-08-23,0.004658947102143429,322207.761464342,163136.8558181891,0.5063095161853917,0.0,0.0,159070.90098720582,0.4936904693551581,0.0,0.0,0.0,0.0,0.9999999855405497
2022-08-24,0.004658947102143429,321011.4899874964,162667.8176128024,0.5067351876381073,0.0,0.0,158343.66771574688,0.4932647978485582,0.0,0.0,0.0,0.0,0.9999999854866656
2022-08-25,0.004658947102143429,325989.1435252209,165940.09925407896,0.509035661309502,0.0,0.0,160049.0396121948,0.49096432439877324,0.0,0.0,0.0,0.0,0.9999999857082752
2022-08-26,0.004658947102143429,314430.94995243393,159176.9618442072,0.5062382118181653,0.0,0.0,155253.98344927965,0.4937617733647593,0.0,0.0,0.0,0.0,0.9999999851829245
2022-08-29,0.004658947102143429,314186.6274461743,158744.32501148834,0.505254874473243,0.0,0.0,155442.29777573879,0.4947451106981592,0.0,0.0,0.0,0.0,0.9999999851714022
2022-08-30,0.004658947102143429,313656.82250117266,158358.28501911822,0.5048775402247984,0.0,0.0,155298.53282310732,0.4951224449215566,0.0,0.0,0.0,0.0,0.9999999851463549
2022-08-31,0.004658947102143429,311657.8050854058,157198.6260903392,0.5043949598735733,0.0,0.0,154459.17433611953,0.4956050251775083,0.0,0.0,0.0,0.0,0.9999999850510816
2022-09-01,0.004658947102143429,314766.3194409815,158162.69689584983,0.5024765584092463,0.0,0.0,156603.6178861845,0.497523426789465,0.0,0.0,0.0,0.0,0.9999999851987115
2022-09-02,0.004658947102143429,312928.4859952186,157449.60319354842,0.5031488350854519,0.0,0.0,155478.8781427231,0.4968511500263313,0.0,0.0,0.0,0.0,0.9999999851117832
2022-09-06,0.004658947102143429,313228.79040979384,157690.65661804675,0.5034360232714935,0.0,0.0,155538.1291328,0.49656396185456375,0.0,0.0,0.0,0.0,0.9999999851260571
2022-09-07,0.004658947102143429,325345.12807199743,163604.81195023825,0.5028654122462631,0.0,0.0,161740.3114628121,0.497134573433722,0.0,0.0,0.0,0.0,0.9999999856799849
2022-09-08,0.004658947102143429,329517.2110100053,165977.11401725677,0.5036978599949886,0.0,0.0,163540.0923338014,0.4963021258663049,0.0,0.0,0.0,0.0,0.9999999858612936
2022-09-09,0.004658947102143429,333462.68297367153,168550.7396387174,0.5054560772307626,0.0,0.0,164911.938676007,0.4945439087978177,0.0,0.0,0.0,0.0,0.9999999860285802
2022-09-12,0.004658947102143429,332515.9777294077,168093.42930767807,0.5055198563855715,0.0,0.0,164422.5437627825,0.4944801296032307,0.0,0.0,0.0,0.0,0.9999999859888022
2022-09-13,0.004658947102143429,319480.96121453994,160445.53570068727,0.5022068767125808,0.0,0.0,159035.4208549056,0.49779310870455623,0.0,0.0,0.0,0.0,0.9999999854171369
2022-09-14,0.004658947102143429,323740.4503623557,162676.16167397157,0.5024894525595787,0.0,0.0,161064.284029437,0.49751053304942655,0.0,0.0,0.0,0.0,0.9999999856090053
2022-09-15,0.004658947102143429,316305.90860492934,158741.21443748742,0.5018597823152191,0.0,0.0,157564.68950849478,0.4981402029555362,0.0,0.0,0.0,0.0,0.9999999852707553
2022-09-16,0.004658947102143429,315630.6169625353,158025.19191104756,0.5006649653693286,0.0,0.0,157605.42039254066,0.49933501986991363,0.0,0.0,0.0,0.0,0.9999999852392422
2022-09-19,0.004658947102143429,316150.0951498918,158425.99002254847,0.5011100501090666,0.0,0.0,157724.10046839618,0.4988899351544293,0.0,0.0,0.0,0.0,0.9999999852634961
2022-09-20,0.004658947102143429,313002.5404639423,156690.9706931607,0.5006060668418485,0.0,0.0,156311.56511183447,0.4993939182734572,0.0,0.0,0.0,0.0,0.9999999851153057
2022-09-21,0.004658947102143429,309293.2383799596,154603.3956855336,0.4998602507294611,0.0,0.0,154689.83803547893,0.500139734207335,0.0,0.0,0.0,0.0,0.9999999849367961
2022-09-22,0.004658947102143429,308760.05825464375,153818.0708346165,0.4981799514617207,0.0,0.0,154941.98276108014,0.5018200334490636,0.0,0.0,0.0,0.0,0.9999999849107843
2022-09-23,0.004658947102143429,300704.7575483207,149433.48521539863,0.49694420013087404,0.0,0.0,151271.26767397491,0.5030557843756992,0.0,0.0,0.0,0.0,0.9999999845065733
2022-09-26,0.004658947102143429,300005.25159575423,149060.43010050914,0.49685940265259904,0.0,0.0,150944.81683629798,0.503140581817849,0.0,0.0,0.0,0.0,0.9999999844704481
2022-09-27,0.004658947102143429,300846.80272411526,149831.9155431121,0.49803393018110964,0.0,0.0,151014.88252205605,0.5019660543327789,0.0,0.0,0.0,0.0,0.9999999845138885
2022-09-28,0.004658947102143429,307620.3445563272,153645.34725095672,0.4994641933470148,0.0,0.0,153974.99264642337,0.500535791507865,0.0,0.0,0.0,0.0,0.9999999848548797
2022-09-29,0.004658947102143429,301312.522850028,150180.58671350003,0.4984213244540429,0.0,0.0,151131.93147758086,0.5015786600837816,0.0,0.0,0.0,0.0,0.9999999845378245
2022-09-30,0.004658947102143429,297111.5640191579,147685.75464081022,0.4970717148905297,0.0,0.0,149425.8047194006,0.5029282694286701,0.0,0.0,0.0,0.0,0.9999999843191997
2022-10-03,0.004658947102143429,305715.4307247889,152196.698468986,0.49783780330668514,0.0,0.0,153518.72759685578,0.5021621814538252,0.0,0.0,0.0,0.0,0.9999999847605104
2022-10-04,0.004658947102143429,312738.8352238461,156277.76247723209,0.4997069275562616,0.0,0.0,156461.06808766688,0.5002930575464932,0.0,0.0,0.0,0.0,0.9999999851027548
2022-10-05,0.004658947102143429,310530.4736597582,155514.47726431972,0.5008026279401927,0.0,0.0,155015.99173649136,0.49919735705661905,0.0,0.0,0.0,0.0,0.9999999849968119
2022-10-06,0.004658947102143429,308250.48079962493,154894.70739576875,0.5024962394023206,0.0,0.0,153355.7687449091,0.4975037454835194,0.0,0.0,0.0,0.0,0.9999999848858399
2022-10-07,0.004658947102143429,301760.818206029,151161.18013536462,0.5009304423086446,0.0,0.0,150599.63341171725,0.49906954225215033,0.0,0.0,0.0,0.0,0.9999999845607951
2022-10-10,0.004658947102143429,301613.03433500166,150735.51553192383,0.4997645936100423,0.0,0.0,150877.51414413072,0.5002353909431879,0.0,0.0,0.0,0.0,0.9999999845532301
2022-10-11,0.004658947102143429,301045.6286664903,150060.2533141739,0.4984634853489811,0.0,0.0,150985.37069336933,0.5015364991751354,0.0,0.0,0.0,0.0,0.9999999845241163
2022-10-12,0.004658947102143429,299789.2686024185,149673.80754221533,0.49926339338288067,0.0,0.0,150115.45640125606,0.5007365910763792,0.0,0.0,0.0,0.0,0.9999999844592599
2022-10-13,0.004658947102143429,307924.9403467678,153724.81481874816,0.49922820361881665,0.0,0.0,154200.1208690725,0.5007717812510445,0.0,0.0,0.0,0.0,0.9999999848698611
2022-10-14,0.004658947102143429,302433.2219231091,150438.36716563732,0.49742672517599573,0.0,0.0,151994.85009852465,0.5025732594191255,0.0,0.0,0.0,0.0,0.9999999845951213
2022-10-17,0.004658947102143429,312128.8712500463,155797.7815932178,0.49914569251239904,0.0,0.0,156331.08499788138,0.5008542925612435,0.0,0.0,0.0,0.0,0.9999999850736425
2022-10-18,0.004658947102143429,316424.11523061997,157941.0904897266,0.4991436584238028,0.0,0.0,158483.02008194625,0.500856326852455,0.0,0.0,0.0,0.0,0.9999999852762578
2022-10-19,0.004658947102143429,314236.6665956456,156901.6935115455,0.4993105839982829,0.0,0.0,157334.96842515297,0.5006894011754807,0.0,0.0,0.0,0.0,0.9999999851737635
2022-10-20,0.004658947102143429,312997.7709956776,156307.16804590382,0.49938747981710824,0.0,0.0,156690.5982908267,0.5006125052979707,0.0,0.0,0.0,0.0,0.9999999851150789
2022-10-21,0.004658947102143429,320534.1697543947,160651.69699301702,0.5011999098758001,0.0,0.0,159882.46810243055,0.4988000755892531,0.0,0.0,0.0,0.0,0.9999999854650532
2022-10-24,0.004658947102143429,319542.98500926874,160064.38711731692,0.5009166047337076,0.0,0.0,159478.5932330047,0.4990833806862599,0.0,0.0,0.0,0.0,0.9999999854199675
2022-10-25,0.004658947102143429,327233.89733152185,164692.21423714262,0.5032859235554449,0.0,0.0,162541.6784354321,0.4967140622071941,0.0,0.0,0.0,0.0,0.999999985762639
2022-10-26,0.004658947102143429,324703.75167240994,162990.1490769347,0.5019657094734578,0.0,0.0,161713.59793652815,0.4980342761782415,0.0,0.0,0.0,0.0,0.9999999856516991
2022-10-27,0.004658947102143429,319190.1332060447,159562.43367483452,0.49989776335546454,0.0,0.0,159627.694872263,0.5001022220483852,0.0,0.0,0.0,0.0,0.9999999854038498
2022-10-28,0.004658947102143429,327538.8803719507,163499.897044079,0.4991770652034035,0.0,0.0,164038.97866892457,0.5008229205724924,0.0,0.0,0.0,0.0,0.999999985775896
2022-10-31,0.004658947102143429,328377.1043179538,163677.59498432232,0.4984439926903069,0.0,0.0,164699.5046746844,0.5015559931218979,0.0,0.0,0.0,0.0,0.9999999858122047
2022-11-01,0.004658947102143429,330187.369468988,164643.35552320516,0.49863614040714804,0.0,0.0,165544.0092868357,0.5013638454828419,0.0,0.0,0.0,0.0,0.99999998588999
2022-11-02,0.004658947102143429,320482.76078643335,159164.28757512962,0.4966391552062146,0.0,0.0,161318.46855235661,0.503360830256507,0.0,0.0,0.0,0.0,0.9999999854627216
2022-11-03,0.004658947102143429,317913.1890999079,157684.60959478593,0.4959989550645278,0.0,0.0,160228.5748461748,0.5040010302806944,0.0,0.0,0.0,0.0,0.9999999853452223
2022-11-04,0.004658947102143429,322860.2018275581,160788.1434614695,0.498011655048607,0.0,0.0,162072.0537071415,0.5019883305211625,0.0,0.0,0.0,0.0,0.9999999855697695
2022-11-07,0.004658947102143429,322536.22387191356,160941.13316195633,0.49898622619786637,0.0,0.0,161595.08605101012,0.5010137593574084,0.0,0.0,0.0,0.0,0.9999999855552748
2022-11-08,0.004658947102143429,324250.81494350673,161655.28145845814,0.4985501161704801,0.0,0.0,162595.52882610148,0.5014498694611763,0.0,0.0,0.0,0.0,0.9999999856316564
2022-11-09,0.004658947102143429,316108.1491983392,156873.87689278834,0.4962664749093806,0.0,0.0,159234.26764660378,0.5037335103521602,0.0,0.0,0.0,0.0,0.9999999852615407
2022-11-10,0.004658947102143429,333932.72235677356,168044.3681860927,0.5032282161511389,0.0,0.0,165888.34951173372,0.49677176989710725,0.0,0.0,0.0,0.0,0.9999999860482462
2022-11-11,0.004658947102143429,325153.3116035557,165229.59215868308,0.5081590322541135,0.0,0.0,159923.71478592546,0.4918409534174236,0.0,0.0,0.0,0.0,0.9999999856715373
2022-11-14,0.004658947102143429,318403.1322933836,161355.34320767317,0.5067643086469289,0.0,0.0,157047.78442676333,0.49323567672084356,0.0,0.0,0.0,0.0,0.9999999853677723
2022-11-15,0.004658947102143429,322360.2055946018,163824.68362015247,0.5082038067259995,0.0,0.0,158535.5173155022,0.491796178821388,0.0,0.0,0.0,0.0,0.9999999855473876
2022-11-16,0.004658947102143429,317374.14385878574,160183.3196417211,0.5047144600191311,0.0,0.0,157190.8195581175,0.4952855253012006,0.0,0.0,0.0,0.0,0.9999999853203319
2022-11-17,0.004658947102143429,317792.66823132365,160307.01425322107,0.5044389952273298,0.0,0.0,157485.64931915546,0.4955609901123348,0.0,0.0,0.0,0.0,0.9999999853396646
2022-11-18,0.004658947102143429,322425.11474271724,162169.01551850417,0.5029664505133502,0.0,0.0,160256.09456526596,0.49703353503694686,0.0,0.0,0.0,0.0,0.9999999855502971
2022-11-21,0.004658947102143429,321813.60734094615,161102.3130913775,0.500607523785336,0.0,0.0,160711.28959062154,0.49939246173750385,0.0,0.0,0.0,0.0,0.9999999855228399
2022-11-22,0.004658947102143429,330184.89082615566,165891.61651916034,0.5024203745485837,0.0,0.0,164293.26964804818,0.49757961134130024,0.0,0.0,0.0,0.0,0.999999985889884
2022-11-23,0.004658947102143429,329645.5453141746,165846.05732607207,0.503104196867,0.0,0.0,163799.4833291554,0.4968957889997978,0.0,0.0,0.0,0.0,0.9999999858667978
2022-11-25,0.004658947102143429,323841.38985106535,162547.67872585708,0.5019360829713977,0.0,0.0,161293.70646626115,0.49806390264209316,0.0,0.0,0.0,0.0,0.9999999856134909
2022-11-28,0.004658947102143429,321022.2713059313,160913.70131085548,0.5012540116181103,0.0,0.0,160108.56533612873,0.49874597386904257,0.0,0.0,0.0,0.0,0.999999985487153
2022-11-29,0.004658947102143429,319895.34261285566,160377.39034162075,0.5013433113207684,0.0,0.0,159517.9476122878,0.4986566741152587,0.0,0.0,0.0,0.0,0.9999999854360271
2022-11-30,0.004658947102143429,328920.1085785591,165485.05130309393,0.5031162491653184,0.0,0.0,163435.0526165181,0.49688373667030866,0.0,0.0,0.0,0.0,0.999999985835627
2022-12-01,0.004658947102143429,325808.7617964978,163791.37881751428,0.5027224495571405,0.0,0.0,162017.3783200364,0.4972775361432222,0.0,0.0,0.0,0.0,0.9999999857003627
2022-12-02,0.004658947102143429,320812.12449163554,161104.10208725467,0.5021758524324572,0.0,0.0,159708.01774543375,0.49782413304518913,0.0,0.0,0.0,0.0,0.9999999854776463
2022-12-05,0.004658947102143429,314325.1693970206,157666.8808723867,0.5016043773231518,0.0,0.0,156658.28386568674,0.49839560785478626,0.0,0.0,0.0,0.0,0.9999999851779381
2022-12-06,0.004658947102143429,315543.78928279376,157611.28320037946,0.4994910011019945,0.0,0.0,157932.50142346715,0.5005089841331858,0.0,0.0,0.0,0.0,0.9999999852351804
2022-12-07,0.004658947102143429,316053.47934271593,157679.17720699304,0.4989003048943244,0.0,0.0,158374.29747677577,0.5010996803646668,0.0,0.0,0.0,0.0,0.9999999852589913
2022-12-08,0.004658947102143429,317240.4199996034,158425.73572994166,0.49938698142607335,0.0,0.0,158814.67961071464,0.5006130038880706,0.0,0.0,0.0,0.0,0.999999985314144
2022-12-09,0.004658947102143429,314828.5799378922,157218.0312527448,0.4993766172174076,0.0,0.0,157610.54402620028,0.5006233679842309,0.0,0.0,0.0,0.0,0.9999999852016386
2022-12-12,0.004658947102143429,319988.06506057427,159953.44704895912,0.4998731656403487,0.0,0.0,160034.61335266804,0.5001268197998985,0.0,0.0,0.0,0.0,0.9999999854402473
2022-12-13,0.004658947102143429,323322.14458720165,162280.4064009418,0.5019155325971616,0.0,0.0,161041.7335273127,0.49808445299322485,0.0,0.0,0.0,0.0,0.9999999855903866
2022-12-14,0.004658947102143429,317567.6774930909,159371.58030267336,0.5018507600041906,0.0,0.0,158196.09253147044,0.49814922532508743,0.0,0.0,0.0,0.0,0.999999985329278
2022-12-15,0.004658947102143429,309811.1670026911,154976.46800241753,0.5002287990512343,0.0,0.0,154834.6943413264,0.4997711859107437,0.0,0.0,0.0,0.0,0.9999999849619781
2022-12-16,0.004658947102143429,311915.13868786045,155891.0683741753,0.49978679787702934,0.0,0.0,156024.06565473808,0.5002131871863853,0.0,0.0,0.0,0.0,0.9999999850634146
2022-12-19,0.004658947102143429,306970.65215183934,153029.59977678602,0.49851540759372587,0.0,0.0,153941.04771610617,0.5014845772290997,0.0,0.0,0.0,0.0,0.9999999848228256
2022-12-20,0.004658947102143429,307985.424678514,153614.66763020464,0.4987725240262685,0.0,0.0,154370.75238936223,0.5012274608465639,0.0,0.0,0.0,0.0,0.9999999848728325
2022-12-21,0.004658947102143429,300941.30338049214,150537.22183838405,0.5002212064192924,0.0,0.0,150404.076883161,0.49977877809945914,0.0,0.0,0.0,0.0,0.9999999845187515
2022-12-22,0.004658947102143429,298601.422318241,148755.42921520612,0.49817388028603155,0.0,0.0,149845.98844408774,0.5018261041114067,0.0,0.0,0.0,0.0,0.9999999843974383
2022-12-23,0.004658947102143429,300238.9174999526,149616.7680528546,0.49832569774329216,0.0,0.0,150622.1447881509,0.5016742867392422,0.0,0.0,0.0,0.0,0.9999999844825342
2022-12-27,0.004658947102143429,300961.5266429109,149604.75360126764,0.49708929666207075,0.0,0.0,151356.76838269617,0.5029106878577211,0.0,0.0,0.0,0.0,0.9999999845197918
2022-12-28,0.004658947102143429,298998.71152922325,148414.13376259923,0.4963704793359742,0.0,0.0,150584.5731076769,0.5036295050821957,0.0,0.0,0.0,0.0,0.99999998441817
2022-12-29,0.004658947102143429,304436.2167056199,151631.60070931187,0.4980734629741336,0.0,0.0,152804.6113373609,0.5019265217223419,0.0,0.0,0.0,0.0,0.9999999846964754
2022-12-30,0.004658947102143429,300312.49337048706,149618.48184668756,0.4982093157946228,0.0,0.0,150694.0068648524,0.5017906686917132,0.0,0.0,0.0,0.0,0.999999984486336
2023-01-03,1.6174599636542553e-05,295246.2051189231,146781.79023748284,0.4971504720216816,0.0,0.0,148464.41486526566,0.502849527923535,0.0,0.0,0.0,0.0,0.9999999999452165
2023-01-04,1.6174599636542553e-05,298289.1884658624,148483.7158340357,0.49778443730295935,0.0,0.0,149805.47261565208,0.502215562642816,0.0,0.0,0.0,0.0,0.9999999999457754
2023-01-05,1.6174599636542553e-05,297426.87380973715,147875.86056482504,0.4971839251466586,0.0,0.0,149551.01322873752,0.5028160747989596,0.0,0.0,0.0,0.0,0.9999999999456182
2023-01-06,1.6174599636542553e-05,306914.7628993872,152893.1317887154,0.49816154278260255,0.0,0.0,154021.6310944972,0.5018384571646968,0.0,0.0,0.0,0.0,0.9999999999472993
2023-01-09,1.6174599636542553e-05,302371.50607351994,151118.62054628876,0.49977798010353897,0.0,0.0,151252.88551105652,0.5002220198429683,0.0,0.0,0.0,0.0,0.9999999999465075
2023-01-10,1.6174599636542553e-05,303594.3704271843,152058.93847850902,0.5008621808913932,0.0,0.0,151535.4319325006,0.49913781905532956,0.0,0.0,0.0,0.0,0.999999999946723
2023-01-11,1.6174599636542553e-05,307973.1184093018,154679.98593089692,0.502251581988154,0.0,0.0,153293.13246223025,0.49774841795932634,0.0,0.0,0.0,0.0,0.9999999999474803
2023-01-12,1.6174599636542553e-05,307823.6896505272,155176.4169953966,0.5041081054273915,0.0,0.0,152647.27263895597,0.4958918945200634,0.0,0.0,0.0,0.0,0.9999999999474549
2023-01-13,1.6174599636542553e-05,301967.06620028836,152296.34811385145,0.5043475436915247,0.0,0.0,149670.71807026226,0.49565245625491106,0.0,0.0,0.0,0.0,0.9999999999464357
2023-01-17,1.6174599636542553e-05,298974.72053978057,150976.20936026121,0.5049798494256735,0.0,0.0,147998.51116334472,0.49502015052022613,0.0,0.0,0.0,0.0,0.9999999999458997
2023-01-18,1.6174599636542553e-05,294175.80589807173,148826.20242076402,0.5059090497480627,0.0,0.0,145349.60346113308,0.49409095019695437,0.0,0.0,0.0,0.0,0.9999999999450171
2023-01-19,1.6174599636542553e-05,292595.8796973177,147843.47133271478,0.5052821368696467,0.0,0.0,144752.40834842835,0.49471786307507365,0.0,0.0,0.0,0.0,0.9999999999447202
2023-01-20,1.6174599636542553e-05,296712.0423285302,150615.49239682427,0.5076150304343138,0.0,0.0,146096.54991553133,0.49238496951117333,0.0,0.0,0.0,0.0,0.9999999999454872
2023-01-23,1.6174599636542553e-05,301716.8289905705,153788.33016523626,0.5097108128829054,0.0,0.0,147928.4988091596,0.49028918706348584,0.0,0.0,0.0,0.0,0.9999999999463913
2023-01-24,1.6174599636542553e-05,304492.41614300036,155162.98680634663,0.5095791506789996,0.0,0.0,149329.4293204791,0.49042084926788043,0.0,0.0,0.0,0.0,0.99999999994688
2023-01-25,1.6174599636542553e-05,303702.9996631243,154557.57708208478,0.5089102750171196,0.0,0.0,149145.42256486494,0.49108972492962244,0.0,0.0,0.0,0.0,0.9999999999467419
2023-01-26,1.6174599636542553e-05,303236.36454511696,155014.85205367598,0.5112013932966543,0.0,0.0,148221.51247526635,0.4887986066500057,0.0,0.0,0.0,0.0,0.99999999994666
2023-01-27,1.6174599636542553e-05,304479.9816496585,156061.86817453775,0.5125521465450757,0.0,0.0,148418.11345894617,0.4874478534018022,0.0,0.0,0.0,0.0,0.9999999999468778
2023-01-30,1.6174599636542553e-05,301788.7731114299,154023.74072585543,0.5103693525039947,0.0,0.0,147765.0323693998,0.48963064744240936,0.0,0.0,0.0,0.0,0.9999999999464041
2023-01-31,1.6174599636542553e-05,307562.768062053,157342.1269604203,0.5115772886030061,0.0,0.0,150220.6410854581,0.48842271134440435,0.0,0.0,0.0,0.0,0.9999999999474103
2023-02-01,1.6174599636542553e-05,309502.62279992807,158785.93256783255,0.513035822221373,0.0,0.0,150716.69021592085,0.48696417772636685,0.0,0.0,0.0,0.0,0.9999999999477399
2023-02-02,1.6174599636542553e-05,309088.54877227824,160297.85622896193,0.5186146716391676,0.0,0.0,148790.69252714168,0.4813853283085023,0.0,0.0,0.0,0.0,0.99999999994767
2023-02-03,1.6174599636542553e-05,306388.8034259194,158608.8613249018,0.5176718586038385,0.0,0.0,147779.9420848429,0.4823281413433702,0.0,0.0,0.0,0.0,0.9999999999472088
2023-02-06,1.6174599636542553e-05,312408.64372422453,161194.7370602801,0.5159739984741686,0.0,0.0,151213.90664776976,0.4840260014740574,0.0,0.0,0.0,0.0,0.9999999999482261
2023-02-07,1.6174599636542553e-05,316548.5944674249,163922.14804115947,0.517841970889017,0.0,0.0,152626.44641009078,0.4821580290598862,0.0,0.0,0.0,0.0,0.9999999999489032
2023-02-08,1.6174599636542553e-05,309059.936977532,159716.28560761048,0.5167809427826988,0.0,0.0,149343.65135374689,0.4832190571649662,0.0,0.0,0.0,0.0,0.9999999999476651
2023-02-09,1.6174599636542553e-05,307355.43874607317,158527.8806748404,0.5157803008841852,0.0,0.0,148827.55805505818,0.4842196990631897,0.0,0.0,0.0,0.0,0.9999999999473749
2023-02-10,1.6174599636542553e-05,309296.93275756005,158933.9224317915,0.5138554754319875,0.0,0.0,150363.01030959393,0.48614452451571766,0.0,0.0,0.0,0.0,0.9999999999477052
2023-02-13,1.6174599636542553e-05,312946.7562849747,161285.01793513703,0.5153752665461985,0.0,0.0,151661.73833366303,0.48462473340211665,0.0,0.0,0.0,0.0,0.9999999999483151
2023-02-14,1.6174599636542553e-05,313387.18783519336,162026.51863676254,0.5170170476847011,0.0,0.0,151360.66918225618,0.4829829522636866,0.0,0.0,0.0,0.0,0.9999999999483877
2023-02-15,1.6174599636542553e-05,315391.2318797053,162906.04561016042,0.5165205279780737,0.0,0.0,152485.18625337022,0.483479471970642,0.0,0.0,0.0,0.0,0.9999999999487157
2023-02-16,1.6174599636542553e-05,314408.3069959272,161761.97786833378,0.5144965138291631,0.0,0.0,152646.32911141877,0.4855034861193923,0.0,0.0,0.0,0.0,0.9999999999485554
2023-02-17,1.6174599636542553e-05,314920.1888552867,161319.79359800584,0.5122561185562355,0.0,0.0,153600.39524110622,0.4877438813924034,0.0,0.0,0.0,0.0,0.999999999948639
2023-02-21,1.6174599636542553e-05,310094.9197236472,158159.28301690123,0.5100350665462396,0.0,0.0,151935.63669057135,0.4899649334016002,0.0,0.0,0.0,0.0,0.9999999999478397
2023-02-22,1.6174599636542553e-05,310639.14756250894,158552.88870087513,0.5104085880514143,0.0,0.0,152086.25884545915,0.4895914118965167,0.0,0.0,0.0,0.0,0.9999999999479311
2023-02-23,1.6174599636542553e-05,312126.0913259932,160046.91277384243,0.5127636465568173,0.0,0.0,152079.17853597616,0.48723635339136206,0.0,0.0,0.0,0.0,0.9999999999481792
2023-02-24,1.6174599636542553e-05,308354.5867901775,157825.0287564219,0.5118296776425618,0.0,0.0,150529.55801758097,0.48817032230498353,0.0,0.0,0.0,0.0,0.9999999999475454
2023-02-27,1.6174599636542553e-05,312700.57498224627,160152.3968307855,0.5121589457898446,0.0,0.0,152548.1781352861,0.4878410541584297,0.0,0.0,0.0,0.0,0.9999999999482744
2023-02-28,1.6174599636542553e-05,311312.1048046928,159858.8880493721,0.5135003926354307,0.0,0.0,151453.2167391461,0.4864996073126131,0.0,0.0,0.0,0.0,0.9999999999480437
2023-03-01,1.6174599636542553e-05,310118.20815533353,159424.0001105372,0.5140749427737056,0.0,0.0,150694.20802862174,0.4859250571741382,0.0,0.0,0.0,0.0,0.9999999999478437
2023-03-02,1.6174599636542553e-05,312621.29051907186,160790.63599726255,0.5143304083042076,0.0,0.0,151830.65450563468,0.4856695916440536,0.0,0.0,0.0,0.0,0.9999999999482613
2023-03-03,1.6174599636542553e-05,317681.4186824943,163904.97368699126,0.5159413300492893,0.0,0.0,153776.44497932843,0.48405866989979607,0.0,0.0,0.0,0.0,0.9999999999490854
2023-03-06,1.6174599636542553e-05,315942.8279272794,163052.79739817133,0.516083237172585,0.0,0.0,152890.03051293342,0.48391676277622014,0.0,0.0,0.0,0.0,0.9999999999488052
2023-03-07,1.6174599636542553e-05,312121.9407318416,160936.44838935926,0.5156204271061713,0.0,0.0,151185.4923263077,0.4843795728420071,0.0,0.0,0.0,0.0,0.9999999999481785
2023-03-08,1.6174599636542553e-05,315916.1041322227,163139.98307742205,0.5164028707100726,0.0,0.0,152776.12103862606,0.48359712923872833,0.0,0.0,0.0,0.0,0.9999999999488008
2023-03-09,1.6174599636542553e-05,311126.86017040454,160260.84808898042,0.5150980792889607,0.0,0.0,150866.0120652495,0.4849019206590521,0.0,0.0,0.0,0.0,0.9999999999480128
2023-03-10,1.6174599636542553e-05,304942.95266413665,156663.80441328613,0.5137479093863015,0.0,0.0,148279.14823467587,0.4862520905606568,0.0,0.0,0.0,0.0,0.9999999999469585
2023-03-13,1.6174599636542553e-05,302235.5525130931,154985.20618802283,0.5127960787515516,0.0,0.0,147250.34630889562,0.4872039211949316,0.0,0.0,0.0,0.0,0.9999999999464834
2023-03-14,1.6174599636542553e-05,302139.4050015717,155563.78068594166,0.514874187579513,0.0,0.0,146575.6242994554,0.4851258123669534,0.0,0.0,0.0,0.0,0.9999999999464664
2023-03-15,1.6174599636542553e-05,304083.5998306492,156306.64564254714,0.5140252408534947,0.0,0.0,147776.95417192747,0.48597475909331406,0.0,0.0,0.0,0.0,0.9999999999468087
2023-03-16,1.6174599636542553e-05,304922.05433448986,157316.64284951196,0.5159241209786045,0.0,0.0,147605.41146880324,0.4840758789683503,0.0,0.0,0.0,0.0,0.9999999999469549
2023-03-17,1.6174599636542553e-05,303474.88767157594,156703.51790887243,0.5163640362838153,0.0,0.0,146771.3697465289,0.4836359636628866,0.0,0.0,0.0,0.0,0.999999999946702
2023-03-20,1.6174599636542553e-05,304039.10983911727,156775.40480639416,0.5156422306635224,0.0,0.0,147263.7050165485,0.48435776928327845,0.0,0.0,0.0,0.0,0.9999999999468008
2023-03-21,1.6174599636542553e-05,303921.30622279976,157443.97929378704,0.5180419275322784,0.0,0.0,146477.3269128381,0.4819580724145018,0.0,0.0,0.0,0.0,0.9999999999467802
2023-03-22,1.6174599636542553e-05,301486.5054223228,155962.5358741664,0.5173118301122428,0.0,0.0,145523.96953198174,0.4826881698341076,0.0,0.0,0.0,0.0,0.9999999999463504
2023-03-23,1.6174599636542553e-05,300056.09486274014,155630.9449041082,0.518672833409037,0.0,0.0,144425.14994245733,0.48132716653705776,0.0,0.0,0.0,0.0,0.9999999999460947
2023-03-24,1.6174599636542553e-05,302025.3612154848,155919.54225817777,0.5162465219168615,0.0,0.0,146105.81894113243,0.4837534780295848,0.0,0.0,0.0,0.0,0.9999999999464462
2023-03-27,1.6174599636542553e-05,302363.7740411251,155845.0344095945,0.5154223084555021,0.0,0.0,146518.73961535597,0.48457769149100405,0.0,0.0,0.0,0.0,0.999999999946506
2023-03-28,1.6174599636542553e-05,302953.5458270478,155877.00636777136,0.5145244494242015,0.0,0.0,147076.5394431018,0.4854755505224087,0.0,0.0,0.0,0.0,0.9999999999466102
2023-03-29,1.6174599636542553e-05,306032.77395654074,157757.82269432483,0.515493228567499,0.0,0.0,148274.95124604125,0.48450677137964826,0.0,0.0,0.0,0.0,0.9999999999471474
2023-03-30,1.6174599636542553e-05,311242.60459653044,160545.23067021515,0.5158202260848347,0.0,0.0,150697.37391014065,0.4841797738631973,0.0,0.0,0.0,0.0,0.9999999999480321
2023-03-31,1.6174599636542553e-05,316794.9275801091,163703.43501033817,0.5167489147026885,0.0,0.0,153091.49255359627,0.4832510852462543,0.0,0.0,0.0,0.0,0.999999999948943
2023-04-03,1.6174599636542553e-05,318492.9025918969,164622.56948582843,0.5168798681104951,0.0,0.0,153870.33308989383,0.48312013183872,0.0,0.0,0.0,0.0,0.9999999999492151
2023-04-04,1.6174599636542553e-05,314111.7605016572,161847.90458093758,0.5152557940602281,0.0,0.0,152263.855904545,0.48474420588827866,0.0,0.0,0.0,0.0,0.9999999999485067
2023-04-05,1.6174599636542553e-05,312923.9113821075,160682.7841386119,0.5134883538586611,0.0,0.0,152241.12722732095,0.48651164608965025,0.0,0.0,0.0,0.0,0.9999999999483113
2023-04-06,1.6174599636542553e-05,312505.9301314577,160385.56466711246,0.5132240677789545,0.0,0.0,152120.3654481706,0.48677593216928766,0.0,0.0,0.0,0.0,0.9999999999482422
2023-04-10,1.6174599636542553e-05,315711.34888384823,162385.91615473162,0.5143493153756541,0.0,0.0,153325.43271294198,0.48565068457311356,0.0,0.0,0.0,0.0,0.9999999999487676
2023-04-11,1.6174599636542553e-05,319674.07269204897,164376.56363244765,0.5142004862896599,0.0,0.0,155297.5090434267,0.4857995136597429,0.0,0.0,0.0,0.0,0.9999999999494028
2023-04-12,1.6174599636542553e-05,319203.08431686973,163696.82036075921,0.5128296949607761,0.0,0.0,155506.2639399359,0.48717030498855196,0.0,0.0,0.0,0.0,0.9999999999493281
2023-04-13,1.6174599636542553e-05,320865.7358158533,164984.65810959286,0.514185965323136,0.0,0.0,155881.0776900858,0.48581403462645467,0.0,0.0,0.0,0.0,0.9999999999495907
2023-04-14,1.6174599636542553e-05,318222.34496272414,164046.46497957877,0.515508943907741,0.0,0.0,154175.87996697074,0.4844910560414309,0.0,0.0,0.0,0.0,0.9999999999491719
2023-04-17,1.6174599636542553e-05,322732.0470036993,166109.57252672326,0.5146981034852707,0.0,0.0,156622.4744608014,0.48530189646461147,0.0,0.0,0.0,0.0,0.9999999999498822
2023-04-18,1.6174599636542553e-05,323794.7122213509,166938.80179973185,0.5155698827027477,0.0,0.0,156855.91040544445,0.48443011724729895,0.0,0.0,0.0,0.0,0.9999999999500466
2023-04-19,1.6174599636542553e-05,322084.08811320004,166054.00033182735,0.5155610179459279,0.0,0.0,156030.08776519806,0.48443898200385344,0.0,0.0,0.0,0.0,0.9999999999497814
2023-04-20,1.6174599636542553e-05,323486.3117971835,166858.26245512994,0.5158124358589405,0.0,0.0,156628.0493258789,0.4841875640910585,0.0,0.0,0.0,0.0,0.999999999949999
2023-04-21,1.6174599636542553e-05,321957.3456956692,165729.07671052494,0.5147547615427935,0.0,0.0,156228.26896896964,0.4852452384069681,0.0,0.0,0.0,0.0,0.9999999999497616
2023-04-24,1.6174599636542553e-05,322400.5625669759,165937.91070304046,0.5146948546920365,0.0,0.0,156462.6518477608,0.4853051452577942,0.0,0.0,0.0,0.0,0.9999999999498307
2023-04-25,1.6174599636542553e-05,318604.3329470091,163247.97895638162,0.5123846792866227,0.0,0.0,155356.35397445285,0.4876153206626101,0.0,0.0,0.0,0.0,0.9999999999492328
2023-04-26,1.6174599636542553e-05,314563.632521603,161562.0337278582,0.5136068414290159,0.0,0.0,153001.59877757024,0.48639315851956494,0.0,0.0,0.0,0.0,0.9999999999485808
2023-04-27,1.6174599636542553e-05,319816.8751968534,165072.31748368964,0.5161463646409666,0.0,0.0,154744.55769698913,0.4838536353084586,0.0,0.0,0.0,0.0,0.9999999999494253
2023-04-28,1.6174599636542553e-05,323317.4815152441,167251.93967869077,0.5172994014887655,0.0,0.0,156065.54182037868,0.4827005984612074,0.0,0.0,0.0,0.0,0.9999999999499729
2023-05-01,1.6174599636542553e-05,330394.797394344,170819.66944935417,0.5170168259201482,0.0,0.0,159575.12792881517,0.4829831740308963,0.0,0.0,0.0,0.0,0.9999999999510445
2023-05-02,1.6174599636542553e-05,329405.1122284061,169870.91412932464,0.5156899751195662,0.0,0.0,159534.1980829069,0.48431002483133145,0.0,0.0,0.0,0.0,0.9999999999508975
2023-05-03,1.6174599636542553e-05,325200.93469552574,167472.81269306218,0.5149825686997521,0.0,0.0,157728.12198628893,0.48501743125051056,0.0,0.0,0.0,0.0,0.9999999999502627
2023-05-04,1.6174599636542553e-05,317891.2769841377,163234.94193235526,0.5134929888010121,0.0,0.0,154656.33503560783,0.4865070111481069,0.0,0.0,0.0,0.0,0.999999999949119
2023-05-05,1.6174599636542553e-05,321547.7272542879,165530.11838258835,0.5147917536101352,0.0,0.0,156017.60885552497,0.48520824633956244,0.0,0.0,0.0,0.0,0.9999999999496976
2023-05-08,1.6174599636542553e-05,323685.0442230012,166801.83003900686,0.5153213996630921,0.0,0.0,156883.21416781974,0.4846786002869376,0.0,0.0,0.0,0.0,0.9999999999500297
2023-05-09,1.6174599636542553e-05,322330.2436577269,165977.3895011273,0.5149296188209191,0.0,0.0,156352.85414042496,0.4850703811289005,0.0,0.0,0.0,0.0,0.9999999999498197
2023-05-10,1.6174599636542553e-05,324352.7221981648,167045.62303567713,0.5150122431641558,0.0,0.0,157307.099146313,0.48498775678597666,0.0,0.0,0.0,0.0,0.9999999999501326
2023-05-11,1.6174599636542553e-05,320876.9972980489,165390.0531557345,0.5154313165119491,0.0,0.0,155486.94412613983,0.4845686834376434,0.0,0.0,0.0,0.0,0.9999999999495924
2023-05-12,1.6174599636542553e-05,322155.8120179345,166043.52937295721,0.5154137320475023,0.0,0.0,156112.28262880267,0.48458626790229026,0.0,0.0,0.0,0.0,0.9999999999497925
2023-05-15,1.6174599636542553e-05,325989.32161599107,168404.62910342347,0.5165955383710414,0.0,0.0,157584.692496393,0.48340446157934164,0.0,0.0,0.0,0.0,0.9999999999503829
2023-05-16,1.6174599636542553e-05,323395.31905995123,167293.05699761488,0.5173020360464834,0.0,0.0,156102.26204616172,0.4826979639035016,0.0,0.0,0.0,0.0,0.999999999949985
2023-05-17,1.6174599636542553e-05,326979.18989948404,169874.71003857188,0.519527588562418,0.0,0.0,157104.47984473757,0.48047241138811525,0.0,0.0,0.0,0.0,0.9999999999505331
2023-05-18,1.6174599636542553e-05,331956.0126041249,173161.95082225915,0.5216412544054864,0.0,0.0,158794.06176569112,0.47835874554578844,0.0,0.0,0.0,0.0,0.9999999999512748
2023-05-19,1.6174599636542553e-05,334176.0827871845,174002.1732024362,0.5206900857511312,0.0,0.0,160173.90956857364,0.4793099142004672,0.0,0.0,0.0,0.0,0.9999999999515985
2023-05-22,1.6174599636542553e-05,331787.2865452325,173055.53313614705,0.5215857875029049,0.0,0.0,158731.75339291082,0.4784142124483451,0.0,0.0,0.0,0.0,0.99999999995125
2023-05-23,1.6174599636542553e-05,330535.1992771368,172185.5349013568,0.5209294963983186,0.0,0.0,158349.66435960543,0.4790705035527468,0.0,0.0,0.0,0.0,0.9999999999510654
2023-05-24,1.6174599636542553e-05,327910.63001987396,170871.77676911425,0.5210925207235828,0.0,0.0,157038.8532345851,0.478907479227091,0.0,0.0,0.0,0.0,0.9999999999506737
2023-05-25,1.6174599636542553e-05,331837.0506413209,174572.26952668125,0.5260782941184423,0.0,0.0,157264.781098465,0.47392170583281495,0.0,0.0,0.0,0.0,0.9999999999512573
2023-05-26,1.6174599636542553e-05,336698.7593236093,177919.40354343734,0.5284231040852595,0.0,0.0,158779.3557639973,0.47157689586670154,0.0,0.0,0.0,0.0,0.9999999999519611
2023-05-30,1.6174599636542553e-05,337147.0336059721,178485.99812773895,0.5294010634432506,0.0,0.0,158661.03546205853,0.47059893650877455,0.0,0.0,0.0,0.0,0.999999999952025
2023-05-31,1.6174599636542553e-05,333794.86269779876,175999.5075346595,0.5272684729543027,0.0,0.0,157795.35514696466,0.4727315269972406,0.0,0.0,0.0,0.0,0.9999999999515432
2023-06-01,1.6174599636542553e-05,334291.8411858028,176719.563743348,0.5286385785440856,0.0,0.0,157572.27742628017,0.4713614214075296,0.0,0.0,0.0,0.0,0.9999999999516153
2023-06-02,1.6174599636542553e-05,337721.47796261706,178780.77521661308,0.5293734242049083,0.0,0.0,158940.70272982933,0.4706265757471982,0.0,0.0,0.0,0.0,0.9999999999521066
2023-06-05,1.6174599636542553e-05,340065.4660913926,179785.7800989824,0.5286799102695859,0.0,0.0,160279.6859762356,0.4713200896828507,0.0,0.0,0.0,0.0,0.9999999999524367
2023-06-06,1.6174599636542553e-05,337886.5495184185,179143.42005962547,0.5301880773737642,0.0,0.0,158743.12944261837,0.46981192257836574,0.0,0.0,0.0,0.0,0.99999999995213
2023-06-07,1.6174599636542553e-05,337374.2727106418,178267.9944612657,0.5283983068091327,0.0,0.0,159106.27823320145,0.4716016931429246,0.0,0.0,0.0,0.0,0.9999999999520574
2023-06-08,1.6174599636542553e-05,339948.0722536057,179507.7220260497,0.5280445358493888,0.0,0.0,160440.3502113814,0.4719554641030316,0.0,0.0,0.0,0.0,0.9999999999524203
2023-06-09,1.6174599636542553e-05,337634.9490400063,178426.77012495996,0.5284606070321772,0.0,0.0,159208.17889887173,0.4715393929199171,0.0,0.0,0.0,0.0,0.9999999999520943
2023-06-12,1.6174599636542553e-05,341773.37091866264,181142.67549126543,0.5300081600985084,0.0,0.0,160630.6954112226,0.46999183985416615,0.0,0.0,0.0,0.0,0.9999999999526744
2023-06-13,1.6174599636542553e-05,343680.7921099906,182394.51204112417,0.5307090655876723,0.0,0.0,161286.28005269184,0.46929093436526487,0.0,0.0,0.0,0.0,0.9999999999529371
2023-06-14,1.6174599636542553e-05,346311.1730198575,184195.6839348704,0.5318791257257779,0.0,0.0,162115.4890688125,0.4681208742275167,0.0,0.0,0.0,0.0,0.9999999999532945
2023-06-15,1.6174599636542553e-05,350229.11914018367,186102.36440561758,0.5313731903917668,0.0,0.0,164126.7547183915,0.46862680956205033,0.0,0.0,0.0,0.0,0.999999999953817
2023-06-16,1.6174599636542553e-05,350466.72898455523,186043.31086477413,0.5308444296661693,0.0,0.0,164423.41810360647,0.46915557028767907,0.0,0.0,0.0,0.0,0.9999999999538484
2023-06-20,1.6174599636542553e-05,352449.6602363034,187374.8129108475,0.5316356746810883,0.0,0.0,165074.84730928126,0.46836432527301963,0.0,0.0,0.0,0.0,0.9999999999541079
2023-06-21,1.6174599636542553e-05,350470.3515041548,186096.44199450724,0.5309905422693112,0.0,0.0,164373.90949347292,0.46900945768453767,0.0,0.0,0.0,0.0,0.9999999999538488
2023-06-22,1.6174599636542553e-05,351987.2955504163,187068.01212558892,0.5314623979057636,0.0,0.0,164919.28340865273,0.46853760204828415,0.0,0.0,0.0,0.0,0.9999999999540476
2023-06-23,1.6174599636542553e-05,352834.2677814086,187646.16841995937,0.5318252379505604,0.0,0.0,165188.09934527462,0.46817476200359764,0.0,0.0,0.0,0.0,0.999999999954158
2023-06-26,1.6174599636542553e-05,353469.41827502724,187304.05660273155,0.5299017310091425,0.0,0.0,166165.36165612107,0.47009826894509793,0.0,0.0,0.0,0.0,0.9999999999542404
2023-06-27,1.6174599636542553e-05,356876.4531075363,189735.3460679603,0.5316555475034045,0.0,0.0,167141.10702340136,0.4683444524512726,0.0,0.0,0.0,0.0,0.9999999999546773
2023-06-28,1.6174599636542553e-05,356615.84845860506,189850.35088135107,0.5323665555020569,0.0,0.0,166765.49756107936,0.46763344445258725,0.0,0.0,0.0,0.0,0.9999999999546441
2023-06-29,1.6174599636542553e-05,359864.0220281038,191365.73309711317,0.5317723400595138,0.0,0.0,168498.288914816,0.46822765989553966,0.0,0.0,0.0,0.0,0.9999999999550535
2023-06-30,1.6174599636542553e-05,364698.31427442783,193998.37250676003,0.5319420598165429,0.0,0.0,170699.9417514932,0.4680579401391065,0.0,0.0,0.0,0.0,0.9999999999556493
2023-07-03,0.005814372982058558,363242.8427649028,181545.54312721913,0.49979110873966653,0.0,0.0,181697.2938233107,0.5002088752534855,0.0,0.0,0.0,0.0,0.999999983993152
2023-07-05,0.005814372982058558,362807.4901594414,181393.82949183034,0.49997266983687133,0.0,0.0,181413.65485323808,0.5000273141370731,0.0,0.0,0.0,0.0,0.9999999839739445
2023-07-06,0.005814372982058558,360631.3723217599,180068.4091597343,0.49931432199158476,0.0,0.0,180562.9573476526,0.5006856618856556,0.0,0.0,0.0,0.0,0.9999999838772403
2023-07-07,0.005814372982058558,357406.539046716,178564.8706296186,0.49961276899379475,0.0,0.0,178841.6626027244,0.5003872147379719,0.0,0.0,0.0,0.0,0.9999999837317667
2023-07-10,0.005814372982058558,354970.17800307495,177545.62442494734,0.5001705366455019,0.0,0.0,177424.54776375464,0.4998294469746067,0.0,0.0,0.0,0.0,0.9999999836201086
2023-07-11,0.005814372982058558,355125.839029398,177593.9795485103,0.5000874620497799,0.0,0.0,177531.85366651468,0.4999125215775084,0.0,0.0,0.0,0.0,0.9999999836272884
2023-07-12,0.005814372982058558,354116.932429403,177733.9633911395,0.5019075540155726,0.0,0.0,176382.96322389052,0.49809242956506844,0.0,0.0,0.0,0.0,0.9999999835806412
2023-07-13,0.005814372982058558,351436.7183214854,177112.4479168121,0.5039668272647427,0.0,0.0,174324.2645903003,0.49603315619067695,0.0,0.0,0.0,0.0,0.9999999834554198
2023-07-14,0.005814372982058558,350823.52375191794,176895.33766923746,0.504228837842492,0.0,0.0,173928.18026830748,0.4957711455840099,0.0,0.0,0.0,0.0,0.999999983426502
2023-07-17,0.005814372982058558,353480.13022101397,178669.82107695,0.5054593053511564,0.0,0.0,174810.303329691,0.49454067819990505,0.0,0.0,0.0,0.0,0.9999999835510613
2023-07-18,0.005814372982058558,355030.73199805646,179714.5041319504,0.5061942190766016,0.0,0.0,175316.22205173306,0.4938057645463007,0.0,0.0,0.0,0.0,0.9999999836229023
2023-07-19,0.005814372982058558,356656.9113801209,180139.4488837932,0.5050776898917364,0.0,0.0,176517.45668195473,0.49492229380583747,0.0,0.0,0.0,0.0,0.9999999836975738
2023-07-20,0.005814372982058558,357893.9791183307,179563.2937249929,0.5017220299915238,0.0,0.0,178330.67957896486,0.4982779537623998,0.0,0.0,0.0,0.0,0.9999999837539235
2023-07-21,0.005814372982058558,359751.7254591663,180062.02902605428,0.5005174854859515,0.0,0.0,179689.69061873903,0.49948249835186614,0.0,0.0,0.0,0.0,0.9999999838378177
2023-07-24,0.005814372982058558,365674.2211789576,183297.24013846996,0.5012583045846318,0.0,0.0,182376.97522611468,0.4987416795149502,0.0,0.0,0.0,0.0,0.999999984099582
2023-07-25,0.005814372982058558,366557.9217975365,184138.49361620343,0.5023448755744254,0.0,0.0,182419.42236696006,0.4976551085634894,0.0,0.0,0.0,0.0,0.9999999841379148
2023-07-26,0.005814372982058558,364389.3382493931,183280.31415725537,0.5029793545491054,0.0,0.0,181109.0182777648,0.49702062949440984,0.0,0.0,0.0,0.0,0.9999999840435151
2023-07-27,0.005814372982058558,360785.4007423194,181757.81894648814,0.503783741172785,0.0,0.0,179027.5759814583,0.4962162427113385,0.0,0.0,0.0,0.0,0.9999999838841235
2023-07-28,0.005814372982058558,358867.28222492017,181380.0760220052,0.5054238293819306,0.0,0.0,177487.200388542,0.4945761544160547,0.0,0.0,0.0,0.0,0.9999999837979854
2023-07-31,0.005814372982058558,363671.33013744495,183906.5049318315,0.505694262075392,0.0,0.0,179764.8193912405,0.49430572193661976,0.0,0.0,0.0,0.0,0.9999999840120117
2023-08-01,0.005814372982058558,367304.74757901864,185951.2493740266,0.5062587690457846,0.0,0.0,181353.4923906191,0.49374121512438207,0.0,0.0,0.0,0.0,0.9999999841701666
2023-08-02,0.005814372982058558,365580.6090139023,183887.26034363665,0.5030005853965952,0.0,0.0,181693.34285589267,0.4969993986989152,0.0,0.0,0.0,0.0,0.9999999840955105
2023-08-03,0.005814372982058558,365508.86370736844,184020.39429887515,0.503463561546361,0.0,0.0,181488.46359412035,0.4965364225460277,0.0,0.0,0.0,0.0,0.9999999840923885
2023-08-04,0.005814372982058558,361590.9740117358,182037.78386201552,0.503435641222912,0.0,0.0,179553.18433534732,0.49656434269711536,0.0,0.0,0.0,0.0,0.9999999839200273
2023-08-07,0.005814372982058558,363373.24299874244,183142.32014658203,0.5040060699989841,0.0,0.0,180230.91703778747,0.4959939139999122,0.0,0.0,0.0,0.0,0.9999999839988962
2023-08-08,0.005814372982058558,363842.3075697902,183247.10753071564,0.5036443088619269,0.0,0.0,180595.19422470158,0.4963556751575978,0.0,0.0,0.0,0.0,0.9999999840195248
2023-08-09,0.005814372982058558,364884.07771626074,183066.37060345677,0.5017110413510888,0.0,0.0,181817.70129843103,0.49828894271406154,0.0,0.0,0.0,0.0,0.9999999840651502
2023-08-10,0.005814372982058558,365715.3893000625,183425.38628585165,0.501552277132518,0.0,0.0,182289.99719983788,0.4984477069688539,0.0,0.0,0.0,0.0,0.9999999841013719
2023-08-11,0.005814372982058558,368564.8350444074,184133.52633785503,0.49959602444348566,0.0,0.0,184431.3028921794,0.5004039597808015,0.0,0.0,0.0,0.0,0.9999999842242873
2023-08-14,0.005814372982058558,370654.2055080779,186073.63923255634,0.5020141049728386,0.0,0.0,184580.56046114862,0.49798587934037597,0.0,0.0,0.0,0.0,0.9999999843132146
2023-08-15,0.005814372982058558,369007.331731626,185214.00189726474,0.5019249916475057,0.0,0.0,183793.32401998827,0.498074992595699,0.0,0.0,0.0,0.0,0.9999999842432048
2023-08-16,0.005814372982058558,367783.88136846636,184317.25570886204,0.501156426494403,0.0,0.0,183466.61984523135,0.49884355769638605,0.0,0.0,0.0,0.0,0.9999999841907891
2023-08-17,0.005814372982058558,367184.2157702719,184019.27743976313,0.5011633657882899,0.0,0.0,183164.93251613583,0.4988366183766805,0.0,0.0,0.0,0.0,0.9999999841649703
2023-08-18,0.005814372982058558,366241.29873029044,183431.33579072068,0.500848310735716,0.0,0.0,182809.95712519676,0.4991516733884857,0.0,0.0,0.0,0.0,0.9999999841242018
2023-08-21,0.005814372982058558,367001.07032153377,184679.67596769342,0.5032129083598952,0.0,0.0,182321.38853946736,0.49678707579717285,0.0,0.0,0.0,0.0,0.999999984157068
2023-08-22,0.005814372982058558,368142.09918403457,185046.50038329556,0.5026496583613781,0.0,0.0,183095.59298636607,0.497350325844794,0.0,0.0,0.0,0.0,0.9999999842061721
2023-08-23,0.005814372982058558,370116.0181771792,186404.7199065917,0.5036386180328931,0.0,0.0,183711.29245621455,0.49636136625751126,0.0,0.0,0.0,0.0,0.9999999842904044
2023-08-24,0.005814372982058558,363526.10233237507,182512.4968600257,0.5020616007737264,0.0,0.0,181013.5996579764,0.4979383832318981,0.0,0.0,0.0,0.0,0.9999999840056245
2023-08-25,0.005814372982058558,369370.9248579293,185375.49407664352,0.501868126593733,0.0,0.0,183995.4249669128,0.498131857664982,0.0,0.0,0.0,0.0,0.9999999842587151
2023-08-28,0.005814372982058558,372495.44477458444,187195.3769215052,0.5025440701289285,0.0,0.0,185300.0620387063,0.49745591426182567,0.0,0.0,0.0,0.0,0.9999999843907542
2023-08-29,0.005814372982058558,376605.939846486,189926.13959920916,0.5043099948891613,0.0,0.0,186679.79443290393,0.49568998967196126,0.0,0.0,0.0,0.0,0.9999999845611225
2023-08-30,0.005814372982058558,376188.0795318884,189867.60773619928,0.5047145778049693,0.0,0.0,186320.4659813162,0.4952854067390042,0.0,0.0,0.0,0.0,0.9999999845439734
2023-08-31,0.005814372982058558,375450.3527820344,190052.83871744396,0.5061996541198567,0.0,0.0,185397.50825021745,0.49380033039374704,0.0,0.0,0.0,0.0,0.9999999845136036
2023-09-01,0.005814372982058558,374646.0122243109,189673.09006795785,0.5062728118787377,0.0,0.0,184972.91634198008,0.4937271726016176,0.0,0.0,0.0,0.0,0.9999999844803554
2023-09-05,0.005814372982058558,375004.73917476606,189987.5305865334,0.5066270122468831,0.0,0.0,185017.20277385972,0.4933729722483184,0.0,0.0,0.0,0.0,0.9999999844952013
2023-09-06,0.005814372982058558,375488.2783886595,189924.19771249683,0.5058059296218843,0.0,0.0,185564.0748617897,0.49419405489328344,0.0,0.0,0.0,0.0,0.9999999845151678
2023-09-07,0.005814372982058558,376014.3082762909,189499.95481703916,0.5039700634950222,0.0,0.0,186514.34764487876,0.4960299210418084,0.0,0.0,0.0,0.0,0.9999999845368306
2023-09-08,0.005814372982058558,375587.5554261121,189001.22364498084,0.5032148187938627,0.0,0.0,186586.32596675825,0.4967851657253981,0.0,0.0,0.0,0.0,0.9999999845192609
2023-09-11,0.005814372982058558,376361.65264685295,189353.2771650311,0.5031152239697086,0.0,0.0,187008.36966744892,0.49688476058139297,0.0,0.0,0.0,0.0,0.9999999845511015
2023-09-12,0.005814372982058558,373314.42835263954,187629.6090479507,0.5026047610212172,0.0,0.0,185684.81349031586,0.4973952234037808,0.0,0.0,0.0,0.0,0.999999984424998
2023-09-13,0.005814372982058558,375264.77766309434,188573.28680019584,0.5025072909173837,0.0,0.0,186691.48504852553,0.4974926935885617,0.0,0.0,0.0,0.0,0.9999999845059454
2023-09-14,0.005814372982058558,378366.63683099183,190038.28031122588,0.5022596122715541,0.0,0.0,188328.35070539298,0.4977403723614119,0.0,0.0,0.0,0.0,0.999999984632966
2023-09-15,0.005814372982058558,374375.1824224251,187322.69898203827,0.5003608886944683,0.0,0.0,187052.47762601386,0.49963909577466004,0.0,0.0,0.0,0.0,0.9999999844691282
2023-09-18,0.005814372982058558,376130.1313955646,188337.4253124458,0.5007241100670476,0.0,0.0,187792.70026874586,0.4992758744745446,0.0,0.0,0.0,0.0,0.9999999845415921
2023-09-19,0.005814372982058558,375402.0886270275,187768.3021886847,0.5001791622295362,0.0,0.0,187633.78062396983,0.4998208222820764,0.0,0.0,0.0,0.0,0.9999999845116126
2023-09-20,0.005814372982058558,374044.0372674986,186135.95898693238,0.49763113548530313,0.0,0.0,187908.07246619326,0.5023688489700754,0.0,0.0,0.0,0.0,0.9999999844553785
2023-09-21,0.005814372982058558,369653.07040695864,183321.10155308782,0.4959274417801153,0.0,0.0,186331.96303949787,0.5040725424906147,0.0,0.0,0.0,0.0,0.99999998427073
2023-09-22,0.005814372982058558,368113.8249811646,182732.3982584513,0.4964018894639484,0.0,0.0,185381.4209083403,0.5035980947410106,0.0,0.0,0.0,0.0,0.999999984204959
2023-09-25,0.005814372982058558,370919.5183851424,184319.78551326404,0.4969266279534973,0.0,0.0,186599.72705750537,0.5030733563709379,0.0,0.0,0.0,0.0,0.9999999843244352
2023-09-26,0.005814372982058558,367182.9394086315,182347.74871369102,0.4966128028915837,0.0,0.0,184835.18488056748,0.5033871812733315,0.0,0.0,0.0,0.0,0.9999999841649152
2023-09-27,0.005814372982058558,367583.82582313014,183067.4257732268,0.4980290559936474,0.0,0.0,184516.3942355304,0.5019709281885377,0.0,0.0,0.0,0.0,0.9999999841821849
2023-09-28,0.005814372982058558,370298.00615112385,184940.63357312224,0.4994372923996932,0.0,0.0,185357.3667636286,0.5005626918984318,0.0,0.0,0.0,0.0,0.9999999842981251
2023-09-29,0.005814372982058558,368559.7559197406,184419.60686984088,0.5003791214524274,0.0,0.0,184140.14323552672,0.49962086277164236,0.0,0.0,0.0,0.0,0.9999999842240699
2023-10-02,0.005814372982058558,368311.7807385909,185118.67381816157,0.5026140446741492,0.0,0.0,183193.10110605636,0.49738593953929905,0.0,0.0,0.0,0.0,0.9999999842134483
2023-10-03,0.005814372982058558,365598.06857120956,183172.75020974103,0.5010222043174264,0.0,0.0,182425.31254709556,0.49897777977884356,0.0,0.0,0.0,0.0,0.99999998409627
2023-10-04,0.005814372982058558,366559.98977338354,183793.18836402876,0.5014000258938632,0.0,0.0,182766.7955949818,0.4985999582441411,0.0,0.0,0.0,0.0,0.9999999841380043
2023-10-05,0.005814372982058558,365733.1178880509,183598.52983210096,0.5020013798375775,0.0,0.0,182134.58224157695,0.49799860426456494,0.0,0.0,0.0,0.0,0.9999999841021425
2023-10-06,0.005814372982058558,368274.4931432637,185566.1362020962,0.5038799581754051,0.0,0.0,182708.35112679447,0.49612002603644473,0.0,0.0,0.0,0.0,0.9999999842118499
2023-10-09,0.005814372982058558,372942.3744710236,187876.9718721728,0.5037694419644723,0.0,0.0,185065.3967844778,0.49623054244498777,0.0,0.0,0.0,0.0,0.9999999844094601
2023-10-10,0.005814372982058558,372354.21707268927,187564.3356736243,0.5037255577449492,0.0,0.0,184789.87558469202,0.4962744266398847,0.0,0.0,0.0,0.0,0.9999999843848338
2023-10-11,0.005814372982058558,374776.01163558045,189281.9479011968,0.5050535307079584,0.0,0.0,185494.05792001067,0.4949464537777803,0.0,0.0,0.0,0.0,0.9999999844857387
2023-10-12,0.005814372982058558,373912.0244364192,189229.02845368758,0.5060790134762422,0.0,0.0,184682.99016835864,0.4939209709736482,0.0,0.0,0.0,0.0,0.9999999844498904
2023-10-13,0.005814372982058558,375275.3709833638,189147.66399452186,0.5040236546802505,0.0,0.0,186127.701174469,0.49597632982613227,0.0,0.0,0.0,0.0,0.9999999845063827
2023-10-16,0.005814372982058558,378509.5714770825,190953.03293847913,0.5044866691040617,0.0,0.0,187556.5327242304,0.49551331553470723,0.0,0.0,0.0,0.0,0.9999999846387689
2023-10-17,0.005814372982058558,378206.0949072159,190660.0133271361,0.5041167128041925,0.0,0.0,187546.07576570683,0.49588327182225056,0.0,0.0,0.0,0.0,0.999999984626443
2023-10-18,0.005814372982058558,374818.8283710581,188448.9820146444,0.5027735208330736,0.0,0.0,186369.84054204074,0.4972264636544374,0.0,0.0,0.0,0.0,0.9999999844875109
2023-10-19,0.005814372982058558,370878.18957892276,186519.29289020243,0.5029125414518645,0.0,0.0,184358.8908743474,0.49708744287082396,0.0,0.0,0.0,0.0,0.9999999843226883
2023-10-20,0.005814372982058558,367548.33173181955,184544.66267948438,0.5020963142723139,0.0,0.0,183003.6632379622,0.49790366990834345,0.0,0.0,0.0,0.0,0.9999999841806574
2023-10-23,0.005814372982058558,366620.027089623,184542.4184536344,0.5033615318797673,0.0,0.0,182077.60282161558,0.49663845226083453,0.0,0.0,0.0,0.0,0.9999999841406019
2023-10-24,0.005814372982058558,369073.61371158663,185753.05413195977,0.503295405661584,0.0,0.0,183320.5537652539,0.49670457858445044,0.0,0.0,0.0,0.0,0.9999999842460345
2023-10-25,0.005814372982058558,365939.8414962551,182923.70977112715,0.4998737197436293,0.0,0.0,183016.12591075496,0.5001262643674941,0.0,0.0,0.0,0.0,0.9999999841111235
2023-10-26,0.005814372982058558,362821.2695347395,180197.6046781727,0.4966566731582397,0.0,0.0,182623.6590421938,0.5033433108163133,0.0,0.0,0.0,0.0,0.9999999839745531
2023-10-27,0.005814372982058558,360618.02393213165,179871.21874676913,0.49878599185220124,0.0,0.0,180746.79937098958,0.5012139920244423,0.0,0.0,0.0,0.0,0.9999999838766435
2023-10-30,0.005814372982058558,363079.38953551353,181358.89539012985,0.49950203899522305,0.0,0.0,181720.48833101074,0.500497944990723,0.0,0.0,0.0,0.0,0.9999999839859459
2023-10-31,0.005814372982058558,363676.99550682306,181415.8862100622,0.49883794810073046,0.0,0.0,182261.1034823879,0.5011620359115303,0.0,0.0,0.0,0.0,0.9999999840122608
2023-11-01,0.005814372982058558,372060.814501642,185971.52188615163,0.4998417318826003,0.0,0.0,186089.2868011174,0.5001582524899196,0.0,0.0,0.0,0.0,0.9999999843725199
2023-11-02,0.005814372982058558,376559.63769192284,188840.8273127421,0.5014898263399108,0.0,0.0,187718.80456480777,0.4985101582193134,0.0,0.0,0.0,0.0,0.9999999845592241
2023-11-03,0.005814372982058558,379370.8229910336,190364.81583766703,0.5017908713611492,0.0,0.0,189006.00133899364,0.4982091133124931,0.0,0.0,0.0,0.0,0.9999999846736423
2023-11-06,0.005814372982058558,377692.7465331597,189697.3458851812,0.5022530817083791,0.0,0.0,187995.39483360556,0.4977469028971686,0.0,0.0,0.0,0.0,0.9999999846055477
2023-11-07,0.005814372982058558,379772.8970440333,191226.0542865709,0.5035273864327368,0.0,0.0,188546.8369430894,0.4964725982571318,0.0,0.0,0.0,0.0,0.9999999846898686
2023-11-08,0.005814372982058558,381600.27830275794,192336.8532962508,0.5040270257446002,0.0,0.0,189263.4191921342,0.49597295901858446,0.0,0.0,0.0,0.0,0.9999999847631846
2023-11-09,0.005814372982058558,380053.15893968154,191691.35801410064,0.5043803833887461,0.0,0.0,188361.79511120793,0.49561960131241256,0.0,0.0,0.0,0.0,0.9999999847011587
2023-11-10,0.005814372982058558,386019.38016738533,195427.67685201182,0.506263899929767,0.0,0.0,190591.69750100054,0.49373608500784694,0.0,0.0,0.0,0.0,0.9999999849376139
2023-11-13,0.005814372982058558,386050.5657646163,195256.13909487217,0.5057786632384428,0.0,0.0,190794.42085537117,0.49422132170038785,0.0,0.0,0.0,0.0,0.9999999849388306
2023-11-14,0.005814372982058558,392138.8755444423,198951.47263118147,0.5073495259937157,0.0,0.0,193187.39709888786,0.49265045917895317,0.0,0.0,0.0,0.0,0.9999999851726689
2023-11-15,0.005814372982058558,388799.5480459543,197244.9989810586,0.5073179739338204,0.0,0.0,191554.54325052275,0.49268201111149923,0.0,0.0,0.0,0.0,0.9999999850453196
2023-11-16,0.005814372982058558,390572.27601169783,198088.5047811615,0.5071750273827133,0.0,0.0,192483.76541616337,0.4928249577304826,0.0,0.0,0.0,0.0,0.9999999851131959
2023-11-17,0.005814372982058558,389445.0156587428,197533.36088010113,0.507217586405555,0.0,0.0,191911.64896426868,0.4927823986645504,0.0,0.0,0.0,0.0,0.9999999850701056
2023-11-20,0.005814372982058558,389739.2479012758,198135.08690836476,0.5083785838231873,0.0,0.0,191604.15517853806,0.49162140125818937,0.0,0.0,0.0,0.0,0.9999999850813769
2023-11-21,0.005814372982058558,385852.13565401343,195685.72041769206,0.5071520987852193,0.0,0.0,190166.40942194837,0.4928478861458658,0.0,0.0,0.0,0.0,0.9999999849310852
2023-11-22,0.005814372982058558,387187.60145742074,195977.9019860224,0.5061574834740007,0.0,0.0,191209.69365702537,0.49384250150905934,0.0,0.0,0.0,0.0,0.99999998498306
2023-11-24,0.005814372982058558,391573.1910044799,197939.64113026063,0.5054984500407129,0.0,0.0,193633.5440598463,0.49450153511053563,0.0,0.0,0.0,0.0,0.9999999851512485
2023-11-27,0.005814372982058558,390281.95003657014,197266.33001600546,0.5054456912432698,0.0,0.0,193015.61420619173,0.4945542938588521,0.0,0.0,0.0,0.0,0.9999999851021217
2023-11-28,0.005814372982058558,387020.6384236087,195651.39738893518,0.5055322067212017,0.0,0.0,191369.2352203005,0.4944677782553799,0.0,0.0,0.0,0.0,0.9999999849765816
2023-11-29,0.005814372982058558,383102.5828240099,193724.3046731009,0.505672144638331,0.0,0.0,189378.27233653603,0.49432784018460363,0.0,0.0,0.0,0.0,0.9999999848229345
2023-11-30,0.005814372982058558,385618.9859008344,194367.8636978246,0.5040412189347133,0.0,0.0,191251.11638863682,0.495958765987261,0.0,0.0,0.0,0.0,0.9999999849219743
2023-12-01,0.005814372982058558,390637.79615810484,196801.7536452097,0.5037959858998312,0.0,0.0,193836.03669852216,0.4962039992158616,0.0,0.0,0.0,0.0,0.9999999851156928
2023-12-04,0.005814372982058558,385311.4378092953,193678.52724622207,0.5026544977418518,0.0,0.0,191632.90474870024,0.4973454871680875,0.0,0.0,0.0,0.0,0.9999999849099394
2023-12-05,0.005814372982058558,387020.5109816858,194817.52668611266,0.5033777827225587,0.0,0.0,192202.97848120015,0.496622202254018,0.0,0.0,0.0,0.0,0.9999999849765767
2023-12-06,0.005814372982058558,385881.46895462094,194064.31712826798,0.50291173000352,0.0,0.0,191817.14601198,0.4970882549287107,0.0,0.0,0.0,0.0,0.9999999849322306
2023-12-07,0.005814372982058558,387505.03978733224,195538.73555716872,0.5046095288579547,0.0,0.0,191966.29841579057,0.495390456137407,0.0,0.0,0.0,0.0,0.9999999849953617
2023-12-08,0.005814372982058558,380767.2759374666,192664.8979253784,0.5059912185232529,0.0,0.0,188102.3721977152,0.49400876620659817,0.0,0.0,0.0,0.0,0.9999999847298512
2023-12-11,0.005814372982058558,386225.443451328,195277.38185718586,0.5056046544012698,0.0,0.0,190948.0557797692,0.49439533054438034,0.0,0.0,0.0,0.0,0.9999999849456501
2023-12-12,0.005814372982058558,391515.41685433284,198294.74401997775,0.5064800400791248,0.0,0.0,193220.66701998215,0.49351994506993274,0.0,0.0,0.0,0.0,0.9999999851490574
2023-12-13,0.005814372982058558,394081.6540938364,199475.50228599625,0.506178098406221,0.0,0.0,194606.1459934672,0.49382188683954503,0.0,0.0,0.0,0.0,0.9999999852457659
2023-12-14,0.005814372982058558,385225.9342459688,195899.50213022906,0.5085314479506101,0.0,0.0,189326.4263013668,0.49146853695597986,0.0,0.0,0.0,0.0,0.99999998490659
2023-12-15,0.005814372982058558,382580.5978850881,195048.40625146613,0.5098230472995676,0.0,0.0,187532.18581924905,0.4901769375026598,0.0,0.0,0.0,0.0,0.9999999848022273
2023-12-18,0.005814372982058558,385147.4668833099,196455.19369859865,0.5100778548236427,0.0,0.0,188692.26737033826,0.48992213007987234,0.0,0.0,0.0,0.0,0.9999999849035149
2023-12-19,0.005814372982058558,387515.08299871377,197915.83191243187,0.510730654355172,0.0,0.0,189599.24527190896,0.48926933064057865,0.0,0.0,0.0,0.0,0.9999999849957506
2023-12-20,0.005814372982058558,385472.9437208808,196936.14774504778,0.5108948655230349,0.0,0.0,188536.79016146003,0.4891051193932269,0.0,0.0,0.0,0.0,0.9999999849162617
2023-12-21,0.005814372982058558,387633.9995937255,198175.40443587466,0.511243607742303,0.0,0.0,189458.58934347783,0.4887563772580503,0.0,0.0,0.0,0.0,0.9999999850003535
2023-12-22,0.005814372982058558,384305.42750706774,195888.7063448802,0.5097214151139658,0.0,0.0,188416.7153478146,0.49027856975647177,0.0,0.0,0.0,0.0,0.9999999848704375
2023-12-26,0.005814372982058558,386083.43042275804,196991.60942799845,0.5102306753032482,0.0,0.0,189091.81518038665,0.4897693096368646,0.0,0.0,0.0,0.0,0.9999999849401127
2023-12-27,0.005814372982058558,387427.0743637022,197686.4814070532,0.5102546891740262,0.0,0.0,189740.58714227605,0.489745295818316,0.0,0.0,0.0,0.0,0.9999999849923422
2023-12-28,0.005814372982058558,384796.5650478307,196155.56480161243,0.5097643342456294,0.0,0.0,188640.9944318453,0.4902356506441189,0.0,0.0,0.0,0.0,0.9999999848897483
2023-12-29,0.005814372982058558,384765.4624452395,195719.70951395264,0.5086727594262903,0.0,0.0,189045.74711691384,0.49132722546223645,0.0,0.0,0.0,0.0,0.9999999848885268
2024-01-02,0.0015994691752894141,383258.3215572686,190658.9440306832,0.4974685044175717,0.0,0.0,192599.37592711626,0.5025314914090834,0.0,0.0,0.0,0.0,0.9999999958266551
2024-01-03,0.0015994691752894141,384371.0676226255,190813.20715639254,0.4964296827453528,0.0,0.0,193557.8588667638,0.503570313093384,0.0,0.0,0.0,0.0,0.9999999958387369
2024-01-04,0.0015994691752894141,385604.9350935324,191271.59084051862,0.49602993487135677,0.0,0.0,194333.34265354456,0.5039700609806953,0.0,0.0,0.0,0.0,0.9999999958520521
2024-01-05,0.0015994691752894141,390188.01945673424,193807.81533546865,0.496703654831101,0.0,0.0,196380.20252179645,0.5032963410696724,0.0,0.0,0.0,0.0,0.9999999959007733
2024-01-08,0.0015994691752894141,394433.0236799847,196606.4913164411,0.49845342431559136,0.0,0.0,197826.5307640744,0.5015465716292989,0.0,0.0,0.0,0.0,0.9999999959448903
2024-01-09,0.0015994691752894141,392584.73739368754,195799.47006678444,0.4987444783683349,0.0,0.0,196785.26572743396,0.501255517557464,0.0,0.0,0.0,0.0,0.9999999959257989
2024-01-10,0.0015994691752894141,394802.4194453806,197243.76557071984,0.4996012077327397,0.0,0.0,197558.65227519165,0.5003987882159449,0.0,0.0,0.0,0.0,0.9999999959486845
2024-01-11,0.0015994691752894141,398654.56672230136,199512.5801005606,0.5004648052596848,0.0,0.0,199141.9850222716,0.499535190728147,0.0,0.0,0.0,0.0,0.9999999959878318
2024-01-12,0.0015994691752894141,398215.85262093245,199053.70807543222,0.4998638471204068,0.0,0.0,199162.14294603103,0.5001361488630047,0.0,0.0,0.0,0.0,0.9999999959834116
2024-01-16,0.0015994691752894141,398822.25504314835,199217.22155781122,0.4995138035520561,0.0,0.0,199605.03188586794,0.5004861924374626,0.0,0.0,0.0,0.0,0.9999999959895188
2024-01-17,0.0015994691752894141,401554.5672574423,200397.73477843672,0.4990548013116208,0.0,0.0,201156.8308795364,0.5009451947051867,0.0,0.0,0.0,0.0,0.9999999960168074
2024-01-18,0.0015994691752894141,406993.90522261045,203639.4013817422,0.500350002220203,0.0,0.0,203354.50224139908,0.49964999384983855,0.0,0.0,0.0,0.0,0.9999999960700415
2024-01-19,0.0015994691752894141,411477.524577205,206612.42228006083,0.5021232265173073,0.0,0.0,204865.10069767502,0.4978767695955565,0.0,0.0,0.0,0.0,0.9999999961128638
2024-01-22,0.0015994691752894141,412545.4422864668,207328.70522727634,0.5025596794335924,0.0,0.0,205216.7354597213,0.49744031668933375,0.0,0.0,0.0,0.0,0.9999999961229261
2024-01-23,0.0015994691752894141,413015.648308605,206892.24704598906,0.5009307707668241,0.0,0.0,206123.3996631468,0.49906922536051596,0.0,0.0,0.0,0.0,0.99999999612734
2024-01-24,0.0015994691752894141,412785.7209534643,207414.6904299741,0.5024754488863659,0.0,0.0,205371.028924021,0.49752454723881706,0.0,0.0,0.0,0.0,0.9999999961251829
2024-01-25,0.0015994691752894141,412602.9023878584,207091.89613912502,0.5019157522659712,0.0,0.0,205511.00464926427,0.498084243857495,0.0,0.0,0.0,0.0,0.999999996123466
2024-01-26,0.0015994691752894141,412634.4953357484,206785.26976802465,0.5011342292160272,0.0,0.0,205849.2239682546,0.49886576690773565,0.0,0.0,0.0,0.0,0.9999999961237629
2024-01-29,0.0015994691752894141,416283.6869199456,209259.7402470468,0.5026854205970579,0.0,0.0,207023.9450734296,0.49731457556068454,0.0,0.0,0.0,0.0,0.9999999961577424
2024-01-30,0.0015994691752894141,415089.03629655374,208310.48999080443,0.5018453193786123,0.0,0.0,206778.54470628014,0.4981546767680718,0.0,0.0,0.0,0.0,0.9999999961466841
2024-01-31,0.0015994691752894141,409819.5967785137,205131.22035640088,0.5005402913108221,0.0,0.0,204688.37482264364,0.49945970478631635,0.0,0.0,0.0,0.0,0.9999999960971384
2024-02-01,0.0015994691752894141,413560.06741716916,207059.19424106373,0.5006750181037125,0.0,0.0,206500.87157663624,0.49932497802872555,0.0,0.0,0.0,0.0,0.9999999961324381
2024-02-02,0.0015994691752894141,414021.34055996017,209000.49802293172,0.5048060994640045,0.0,0.0,205020.84093755926,0.49519389667274255,0.0,0.0,0.0,0.0,0.9999999961367471
2024-02-05,0.0015994691752894141,418451.2430246751,211802.4732628008,0.506158069293419,0.0,0.0,206648.76816240518,0.4938419268842262,0.0,0.0,0.0,0.0,0.9999999961776451
2024-02-06,0.0015994691752894141,419628.4247353898,212371.86746698775,0.5060950473050191,0.0,0.0,207256.55566893288,0.4939049488833488,0.0,0.0,0.0,0.0,0.9999999961883679
2024-02-07,0.0015994691752894141,420683.68290146795,213671.928937211,0.507915894107205,0.0,0.0,207011.75236478777,0.4920841020907241,0.0,0.0,0.0,0.0,0.9999999961979291
2024-02-08,0.0015994691752894141,421643.57011081144,214566.1127826238,0.508880315016387,0.0,0.0,207077.45572871846,0.4911196811901976,0.0,0.0,0.0,0.0,0.9999999962065848
2024-02-09,0.0015994691752894141,426570.4040350026,217618.56594163913,0.5101586136383298,0.0,0.0,208951.83649389428,0.48984138261206833,0.0,0.0,0.0,0.0,0.9999999962503981
2024-02-12,0.0015994691752894141,426137.7657546142,217470.677511381,0.5103295107540612,0.0,0.0,208667.086643764,0.48967048549253006,0.0,0.0,0.0,0.0,0.9999999962465914
2024-02-13,0.0015994691752894141,422547.4695745139,215109.24885049695,0.5090771199437123,0.0,0.0,207438.2191245478,0.49092287627098713,0.0,0.0,0.0,0.0,0.9999999962146995
2024-02-14,0.0015994691752894141,429530.80000654113,219210.90489367553,0.5103496766479546,0.0,0.0,210319.89351339647,0.4896503196282865,0.0,0.0,0.0,0.0,0.999999996276241
2024-02-15,0.0015994691752894141,431753.79590936244,220216.15582326226,0.5100503062386323,0.0,0.0,211537.63848663098,0.4899496900567814,0.0,0.0,0.0,0.0,0.9999999962954138
2024-02-16,0.0015994691752894141,427878.1433007089,217677.22734162645,0.5087364960089696,0.0,0.0,210200.91435961332,0.4912635002528886,0.0,0.0,0.0,0.0,0.9999999962618582
2024-02-20,0.0015994691752894141,427071.83314299985,216521.43600141257,0.5069906727585871,0.0,0.0,210550.39554211815,0.4930093234962135,0.0,0.0,0.0,0.0,0.9999999962548006
2024-02-21,0.0015994691752894141,427130.9037579998,216391.18247152187,0.5066156079264237,0.0,0.0,210739.71968700876,0.49338438832889475,0.0,0.0,0.0,0.0,0.9999999962553185
2024-02-22,0.0015994691752894141,436080.5744750038,222581.87509872977,0.5104145612693146,0.0,0.0,213498.69777680485,0.48958543506285584,0.0,0.0,0.0,0.0,0.9999999963321706
2024-02-23,0.0015994691752894141,437490.49706051307,223049.6966765295,0.5098389523319808,0.0,0.0,214440.79878451437,0.4901610440120102,0.0,0.0,0.0,0.0,0.9999999963439911
2024-02-26,0.0015994691752894141,436328.96833002527,222863.186623669,0.5107687153494297,0.0,0.0,213465.78010688713,0.489231280984829,0.0,0.0,0.0,0.0,0.9999999963342586
2024-02-27,0.0015994691752894141,436590.802959277,222949.919112783,0.5106610528705495,0.0,0.0,213640.8822470248,0.48933894346590745,0.0,0.0,0.0,0.0,0.9999999963364571
2024-02-28,0.0015994691752894141,436055.065197234,222357.57171215856,0.5099300282444443,0.0,0.0,213697.49188560623,0.4900699680875116,0.0,0.0,0.0,0.0,0.999999996331956
2024-02-29,0.0015994691752894141,436971.3544916867,223333.96610972905,0.5110952098210775,0.0,0.0,213637.38678248847,0.48890478651857006,0.0,0.0,0.0,0.0,0.9999999963396475
2024-03-01,0.0015994691752894141,439305.50642350054,225417.6132362828,0.5131226673470719,0.0,0.0,213887.8915877486,0.48687732901202424,0.0,0.0,0.0,0.0,0.999999996359096
2024-03-04,0.0015994691752894141,439429.6345953304,225266.0089492942,0.5126327202687208,0.0,0.0,214163.62404656704,0.48736727609140373,0.0,0.0,0.0,0.0,0.9999999963601245
2024-03-05,0.0015994691752894141,436673.98266193696,223358.48803003706,0.5114994180978172,0.0,0.0,213315.49303243076,0.4885005782393378,0.0,0.0,0.0,0.0,0.9999999963371549
2024-03-06,0.0015994691752894141,438577.63424827805,224363.17934876785,0.5115700433136001,0.0,0.0,214214.453300041,0.48842995303945336,0.0,0.0,0.0,0.0,0.9999999963530535
2024-03-07,0.0015994691752894141,439687.24861502973,225806.15954745215,0.513560855491531,0.0,0.0,213881.08746810842,0.4864391408707261,0.0,0.0,0.0,0.0,0.9999999963622571
2024-03-08,0.0015994691752894141,432610.19203386194,221019.92796132906,0.5108985688067863,0.0,0.0,211590.26247306375,0.48910142749596114,0.0,0.0,0.0,0.0,0.9999999963027474
2024-03-11,0.0015994691752894141,429540.30555004365,218773.88483802133,0.5093209694440026,0.0,0.0,210766.41911255312,0.49067902683232073,0.0,0.0,0.0,0.0,0.9999999962763234
2024-03-12,0.0015994691752894141,433475.7913846396,221900.4709403196,0.5119097198750341,0.0,0.0,211575.31884485087,0.4880902764350963,0.0,0.0,0.0,0.0,0.9999999963101304
2024-03-13,0.0015994691752894141,435485.6099803972,222914.17019374098,0.5118749393436333,0.0,0.0,212571.43818718707,0.4881250569835262,0.0,0.0,0.0,0.0,0.9999999963271595
2024-03-14,0.0015994691752894141,434390.5977588499,222562.19681157777,0.5123550048270894,0.0,0.0,211828.399347803,0.48764499149081175,0.0,0.0,0.0,0.0,0.999999996317901
2024-03-15,0.0015994691752894141,433839.1430768648,221481.39170135692,0.5105150036268541,0.0,0.0,212357.74977603875,0.48948499268636664,0.0,0.0,0.0,0.0,0.9999999963132207
2024-03-18,0.0015994691752894141,437513.8209523306,223719.28663452584,0.5113422157671705,0.0,0.0,213794.5327183356,0.4886577805770155,0.0,0.0,0.0,0.0,0.999999996344186
2024-03-19,0.0015994691752894141,440678.63720412744,225313.57294642247,0.5112877138222941,0.0,0.0,215365.0626582358,0.4887122825481468,0.0,0.0,0.0,0.0,0.9999999963704409
2024-03-20,0.0015994691752894141,449080.0217287587,230405.38704503895,0.5130608708846154,0.0,0.0,218674.63308425058,0.4869391255537272,0.0,0.0,0.0,0.0,0.9999999964383426
2024-03-21,0.0015994691752894141,449907.2714180061,231208.71221772523,0.5139030349276366,0.0,0.0,218698.5576008117,0.486096961517255,0.0,0.0,0.0,0.0,0.9999999964448915
2024-03-22,0.0015994691752894141,450746.50177205325,231338.76437028823,0.513234741613765,0.0,0.0,219407.73580229582,0.4867652548377455,0.0,0.0,0.0,0.0,0.9999999964515106
2024-03-25,0.0015994691752894141,448185.35713753663,229940.6423405207,0.5130480919972532,0.0,0.0,218244.71319754678,0.4869519044339797,0.0,0.0,0.0,0.0,0.9999999964312329
2024-03-26,0.0015994691752894141,447476.299456038,229159.96068088833,0.5121164203768115,0.0,0.0,218316.3371756805,0.4878835760487665,0.0,0.0,0.0,0.0,0.9999999964255779
2024-03-27,0.0015994691752894141,451679.90259802254,230591.6154941465,0.5105199814466043,0.0,0.0,221088.28550440684,0.48948001501223926,0.0,0.0,0.0,0.0,0.9999999964588436
2024-03-28,0.0015994691752894141,451751.5319572598,230488.30321416433,0.5102103411039917,0.0,0.0,221263.22714362634,0.48978965535541347,0.0,0.0,0.0,0.0,0.9999999964594051
2024-04-01,0.0015994691752894141,450614.5535996389,229983.75901074038,0.5103780097059978,0.0,0.0,220630.79298942938,0.48962198674447377,0.0,0.0,0.0,0.0,0.9999999964504716
2024-04-02,0.0015994691752894141,448585.3821065074,228828.4971537628,0.5101113551208679,0.0,0.0,219756.88335327542,0.4898886413135475,0.0,0.0,0.0,0.0,0.9999999964344153
2024-04-03,0.0015994691752894141,448030.46611791116,228836.82577736073,0.5107617518964351,0.0,0.0,219193.63874108126,0.48923824453356396,0.0,0.0,0.0,0.0,0.9999999964299991
2024-04-04,0.0015994691752894141,443010.05097884766,225666.8936473821,0.5093945231011406,0.0,0.0,217343.1557319964,0.49060547328840143,0.0,0.0,0.0,0.0,0.9999999963895421
2024-04-05,0.0015994691752894141,445945.1935823721,227957.45891462947,0.5111781945296887,0.0,0.0,217987.73306827346,0.48882180188361685,0.0,0.0,0.0,0.0,0.9999999964133055
2024-04-08,0.0015994691752894141,446845.0255733595,228416.50377400406,0.5111761140921651,0.0,0.0,218428.5201998863,0.4888238823283631,0.0,0.0,0.0,0.0,0.9999999964205282
2024-04-09,0.0015994691752894141,447377.0278637284,228675.082085586,0.5111462320216422,0.0,0.0,218701.94417867326,0.48885376440314265,0.0,0.0,0.0,0.0,0.9999999964247848
2024-04-10,0.0015994691752894141,442834.8058549901,226352.64138449423,0.5111446489565575,0.0,0.0,216482.16287102673,0.4888553474315558,0.0,0.0,0.0,0.0,0.9999999963881132
2024-04-11,0.0015994691752894141,447870.71100849466,230150.569925894,0.5138772513336528,0.0,0.0,217720.13948313153,0.4861227450950729,0.0,0.0,0.0,0.0,0.9999999964287257
2024-04-12,0.0015994691752894141,443111.92619974894,227426.23435719238,0.5132478295216809,0.0,0.0,215685.69024308742,0.48675216686869127,0.0,0.0,0.0,0.0,0.9999999963903721
2024-04-15,0.0015994691752894141,439274.25831707363,224747.93350398922,0.5116346547713327,0.0,0.0,214526.32321361525,0.4883653415875043,0.0,0.0,0.0,0.0,0.9999999963588371
2024-04-16,0.0015994691752894141,441971.86181535997,226315.6446268621,0.5120589435202748,0.0,0.0,215656.21558902867,0.48794105286078626,0.0,0.0,0.0,0.0,0.9999999963810611
2024-04-17,0.0015994691752894141,441790.2446851503,225445.9621156337,0.5103009059792658,0.0,0.0,216344.28097004743,0.4896990904003076,0.0,0.0,0.0,0.0,0.9999999963795734
2024-04-18,0.0015994691752894141,440503.1645383807,224440.66717130344,0.5095097725495411,0.0,0.0,216062.49576760808,0.4904902238194539,0.0,0.0,0.0,0.0,0.9999999963689951
2024-04-19,0.0015994691752894141,439310.01145337283,221519.63840598508,0.504244457514478,0.0,0.0,217790.3714479186,0.4957555388446554,0.0,0.0,0.0,0.0,0.9999999963591334
2024-04-22,0.0015994691752894141,442288.73299527954,223454.84092827936,0.5052239052417016,0.0,0.0,218833.890467531,0.4947760911419522,0.0,0.0,0.0,0.0,0.9999999963836539
2024-04-23,0.0015994691752894141,446165.1105975379,226273.70510270292,0.5071523965638195,0.0,0.0,219891.40389536577,0.49284759985125387,0.0,0.0,0.0,0.0,0.9999999964150734
2024-04-24,0.0015994691752894141,446295.8020813133,226015.0300577632,0.5064242796005152,0.0,0.0,220280.77042408093,0.493575716815608,0.0,0.0,0.0,0.0,0.9999999964161232
2024-04-25,0.0015994691752894141,446737.1364741438,226076.40210881847,0.5060613583484866,0.0,0.0,220660.7327658561,0.493938638071177,0.0,0.0,0.0,0.0,0.9999999964196638
2024-04-26,0.0015994691752894141,449761.5826909376,229410.0899678876,0.5100704435343718,0.0,0.0,220351.4911235809,0.4899295529093682,0.0,0.0,0.0,0.0,0.9999999964437399
2024-04-29,0.0015994691752894141,458206.79017085274,233165.96536243855,0.5088662376118376,0.0,0.0,225040.82320894502,0.49113375889744776,0.0,0.0,0.0,0.0,0.9999999965092853
2024-04-30,0.0015994691752894141,447492.6823091349,227438.75727215828,0.50825134413045,0.0,0.0,220053.9234375075,0.4917486522952588,0.0,0.0,0.0,0.0,0.9999999964257088
2024-05-01,0.0015994691752894141,450094.09912516846,228361.5924318064,0.5073641109173938,0.0,0.0,221732.5050938929,0.49263588552897336,0.0,0.0,0.0,0.0,0.9999999964463672
2024-05-02,0.0015994691752894141,446855.8180859151,227142.9424913209,0.5083137184255013,0.0,0.0,219712.87399512506,0.49168627799511333,0.0,0.0,0.0,0.0,0.9999999964206147
2024-05-03,0.0015994691752894141,443065.524796956,225846.0532254158,0.5097351082075602,0.0,0.0,217219.46997207103,0.4902648881824339,0.0,0.0,0.0,0.0,0.999999996389994
2024-05-06,0.0015994691752894141,448951.1518313492,229675.49367291082,0.5115823686742419,0.0,0.0,219275.65655896923,0.48841762776307845,0.0,0.0,0.0,0.0,0.9999999964373203
2024-05-07,0.0015994691752894141,453059.8243708744,231422.55690530292,0.5107991140610618,0.0,0.0,221637.26586610227,0.4892008824085673,0.0,0.0,0.0,0.0,0.9999999964696292
2024-05-08,0.0015994691752894141,454615.0220186483,232189.28145389174,0.5107382515053965,0.0,0.0,222425.73896528734,0.48926174497630975,0.0,0.0,0.0,0.0,0.9999999964817063
2024-05-09,0.0015994691752894141,458655.2776064584,233959.65880389023,0.5100991315849099,0.0,0.0,224695.617203099,0.4899008649277887,0.0,0.0,0.0,0.0,0.9999999965126987
2024-05-10,0.0015994691752894141,460147.4807401178,234706.75579133022,0.5100685445757943,0.0,0.0,225440.72334931843,0.4899314519482133,0.0,0.0,0.0,0.0,0.9999999965240075
2024-05-13,0.0015994691752894141,461273.34029133996,235210.2365493858,0.509915089393259,0.0,0.0,226063.10214248503,0.4900849071392327,0.0,0.0,0.0,0.0,0.9999999965324916
2024-05-14,0.0015994691752894141,463763.435752836,236879.4795550312,0.5107765323725882,0.0,0.0,226883.9545983356,0.48922346417852147,0.0,0.0,0.0,0.0,0.9999999965511098
2024-05-15,0.0015994691752894141,469928.0814108544,241125.73218744955,0.5131119882504643,0.0,0.0,228802.34762393567,0.48688800834588897,0.0,0.0,0.0,0.0,0.9999999965963533
2024-05-16,0.0015994691752894141,463249.49261569505,236796.0817692327,0.511163175661965,0.0,0.0,226453.4092469932,0.4888368208853185,0.0,0.0,0.0,0.0,0.9999999965472836
2024-05-17,0.0015994691752894141,467016.74685060786,238436.5402228002,0.5105524412790977,0.0,0.0,228580.2050283385,0.4894475552960376,0.0,0.0,0.0,0.0,0.9999999965751353
2024-05-20,0.0015994691752894141,468598.1486641162,239820.56997026745,0.5117830077945251,0.0,0.0,228777.57709437958,0.4882169887921682,0.0,0.0,0.0,0.0,0.9999999965866934
2024-05-21,0.0015994691752894141,470531.99232256936,240986.45237327815,0.512157422460813,0.0,0.0,229545.53834982205,0.48784257413990884,0.0,0.0,0.0,0.0,0.9999999966007218
2024-05-22,0.0015994691752894141,469298.5734793682,240064.3961125609,0.5115387296678303,0.0,0.0,229234.1757673381,0.4884612669239574,0.0,0.0,0.0,0.0,0.9999999965917877
2024-05-23,0.0015994691752894141,467445.6163987672,240179.32403845066,0.5138123358366444,0.0,0.0,227266.2907608474,0.48618766074163305,0.0,0.0,0.0,0.0,0.9999999965782775
2024-05-24,0.0015994691752894141,470349.66623345047,242308.6639758201,0.5151670796669686,0.0,0.0,228041.00065816118,0.48483291693243535,0.0,0.0,0.0,0.0,0.9999999965994041
2024-05-28,0.0015994691752894141,468394.0357203768,242707.19493829994,0.5181688416784025,0.0,0.0,225686.8391826077,0.48183115490680345,0.0,0.0,0.0,0.0,0.999999996585206
2024-05-29,0.0015994691752894141,465774.08184503193,241413.58275776161,0.5183061749624843,0.0,0.0,224360.49748780116,0.4816938216035136,0.0,0.0,0.0,0.0,0.9999999965659979
2024-05-30,0.0015994691752894141,465855.4613704803,240615.18247590953,0.5165017960035372,0.0,0.0,225240.2772951016,0.4834982005630606,0.0,0.0,0.0,0.0,0.9999999965665978
2024-05-31,0.0015994691752894141,468550.675816826,241142.94410312606,0.5146571257905898,0.0,0.0,227407.73011423074,0.4853428707957577,0.0,0.0,0.0,0.0,0.9999999965863475
2024-06-03,0.0015994691752894141,468841.7348176677,241710.22488210324,0.5155475865989282,0.0,0.0,227131.50833609528,0.4844524099895386,0.0,0.0,0.0,0.0,0.9999999965884667
2024-06-04,0.0015994691752894141,467219.87942661205,240591.234156503,0.5149422033406725,0.0,0.0,226628.6436706399,0.4850577932359518,0.0,0.0,0.0,0.0,0.9999999965766243
2024-06-05,0.0015994691752894141,467947.0669962256,242157.88995994304,0.517489919349994,0.0,0.0,225789.1754368134,0.4825100772319502,0.0,0.0,0.0,0.0,0.9999999965819443
2024-06-06,0.0015994691752894141,470437.99459579954,243313.37327708144,0.5172060421823207,0.0,0.0,227124.6197192489,0.4827939544177218,0.0,0.0,0.0,0.0,0.9999999966000426
2024-06-07,0.0015994691752894141,469069.59498775634,242691.5825800859,0.5173892854565016,0.0,0.0,226378.01080820127,0.4826107111336223,0.0,0.0,0.0,0.0,0.999999996590124
2024-06-10,0.0015994691752894141,474002.0763800358,245450.9138808038,0.5178266638731159,0.0,0.0,228551.16089976282,0.48217333275249136,0.0,0.0,0.0,0.0,0.9999999966256072
2024-06-11,0.0015994691752894141,475567.86527634406,246905.37667848685,0.5191801101510812,0.0,0.0,228662.48699838805,0.4808198864856361,0.0,0.0,0.0,0.0,0.9999999966367173
2024-06-12,0.0015994691752894141,477180.0327526586,248671.21188113312,0.5211266080155313,0.0,0.0,228508.8192720563,0.47887338863254897,0.0,0.0,0.0,0.0,0.9999999966480803
2024-06-13,0.0015994691752894141,476896.1149782823,248858.45677771696,0.5218294906618183,0.0,0.0,228037.65660109615,0.4781705059842664,0.0,0.0,0.0,0.0,0.9999999966460847
2024-06-14,0.0015994691752894141,478453.37771561294,249773.1075116536,0.5220427300653645,0.0,0.0,228680.2686044902,0.47795726659163656,0.0,0.0,0.0,0.0,0.999999996657001
2024-06-17,0.0015994691752894141,483514.8808436299,252427.80552218817,0.5220683282420506,0.0,0.0,231087.07372197259,0.47793166844994545,0.0,0.0,0.0,0.0,0.999999996691996
2024-06-18,0.0015994691752894141,485456.0639027878,253699.99900108596,0.5226013595576163,0.0,0.0,231756.0633022327,0.4773986371476074,0.0,0.0,0.0,0.0,0.9999999967052237
2024-06-20,0.0015994691752894141,486396.5230544166,252985.22959947085,0.5201213775353564,0.0,0.0,233411.29185547656,0.47987861917623786,0.0,0.0,0.0,0.0,0.9999999967115941
2024-06-21,0.0015994691752894141,488818.5644454908,253997.40420330854,0.5196148892001264,0.0,0.0,234821.15864271307,0.4803851075277614,0.0,0.0,0.0,0.0,0.9999999967278879
2024-06-24,0.0015994691752894141,492161.96720675065,254562.97412522766,0.5172341446251761,0.0,0.0,237598.99148205383,0.48276585212494016,0.0,0.0,0.0,0.0,0.9999999967501163
2024-06-25,0.0015994691752894141,491630.44967872207,255441.34893029305,0.5195799997685714,0.0,0.0,236189.09914895985,0.48041999697803134,0.0,0.0,0.0,0.0,0.9999999967466028
2024-06-26,0.0015994691752894141,490100.0922300646,254892.5161210402,0.5200825712176924,0.0,0.0,235207.57450955527,0.4799174255187515,0.0,0.0,0.0,0.0,0.9999999967364439
2024-06-27,0.0015994691752894141,493328.2527564457,256235.7581378944,0.5194021560820621,0.0,0.0,237092.4930190822,0.4805978406757374,0.0,0.0,0.0,0.0,0.9999999967577994
2024-06-28,0.0015994691752894141,491814.2145659008,254878.28386339705,0.5182409867684793,0.0,0.0,236935.9291030346,0.48175900997933907,0.0,0.0,0.0,0.0,0.9999999967478184
2024-07-01,0.004434271539139445,491370.152710924,245834.4211186,0.5003039353577218,0.0,0.0,245535.72715805244,0.4996960556179785,0.0,0.0,0.0,0.0,0.9999999909757002
2024-07-02,0.004434271539139445,495473.95596784755,248249.99842477735,0.5010354135362199,0.0,0.0,247223.95310879865,0.49896457751422474,0.0,0.0,0.0,0.0,0.9999999910504448
2024-07-03,0.004434271539139445,496094.00104984065,249323.59848799938,0.5025732985288625,0.0,0.0,246770.3981275697,0.49742669253276783,0.0,0.0,0.0,0.0,0.9999999910616304
2024-07-05,0.004434271539139445,498116.1619649295,250833.9646020159,0.5035651997569117,0.0,0.0,247282.19292864206,0.4964347913410051,0.0,0.0,0.0,0.0,0.9999999910979167
2024-07-08,0.004434271539139445,495809.887747229,249455.50780644946,0.503127335640441,0.0,0.0,246354.375506508,0.4968726554160674,0.0,0.0,0.0,0.0,0.9999999910565085
2024-07-09,0.004434271539139445,496074.1751114273,249882.0882405901,0.5037192032511307,0.0,0.0,246192.0824365657,0.4962807878101424,0.0,0.0,0.0,0.0,0.9999999910612731
2024-07-10,0.004434271539139445,501457.1461124889,252599.81238977186,0.5037316036834535,0.0,0.0,248857.3292884455,0.49626838747377394,0.0,0.0,0.0,0.0,0.9999999911572274
2024-07-11,0.004434271539139445,501013.04955468344,250699.52064579458,0.5003852112607134,0.0,0.0,250313.52447461736,0.49961477988867575,0.0,0.0,0.0,0.0,0.9999999911493891
2024-07-12,0.004434271539139445,494099.4946264081,247216.93926947977,0.500338377104397,0.0,0.0,246882.55092265678,0.49966161392115227,0.0,0.0,0.0,0.0,0.9999999910255494
2024-07-15,0.004434271539139445,495731.9898243731,248328.5794060994,0.5009331342406947,0.0,0.0,247403.40598400217,0.4990668568144084,0.0,0.0,0.0,0.0,0.9999999910551031
2024-07-16,0.004434271539139445,499172.92650927574,249618.17690533792,0.5000635323933167,0.0,0.0,249554.74516966625,0.49993645872344594,0.0,0.0,0.0,0.0,0.9999999911167627
2024-07-17,0.004434271539139445,496263.2714537575,245888.28537343934,0.4954795156472739,0.0,0.0,250374.9816460466,0.5045204754174053,0.0,0.0,0.0,0.0,0.9999999910646792
2024-07-18,0.004434271539139445,484947.9501728919,240146.62488688456,0.49520082475092086,0.0,0.0,244801.3208517358,0.5047991661052699,0.0,0.0,0.0,0.0,0.9999999908561907
2024-07-19,0.004434271539139445,485801.29069616314,240587.50168435785,0.4952384983160318,0.0,0.0,245213.78457753378,0.5047614925562207,0.0,0.0,0.0,0.0,0.9999999908722524
2024-07-22,0.004434271539139445,491020.5198917553,244263.822545015,0.4974615370430192,0.0,0.0,246756.69291246877,0.5025384539262553,0.0,0.0,0.0,0.0,0.9999999909692745
2024-07-23,0.004434271539139445,487319.8417200774,242595.98584432143,0.49781676237117306,0.0,0.0,244723.85144148438,0.5021832285295226,0.0,0.0,0.0,0.0,0.9999999909006957
2024-07-24,0.004434271539139445,477338.6576986397,235246.17391980262,0.4928286660334173,0.0,0.0,242092.47934456557,0.5071713246770113,0.0,0.0,0.0,0.0,0.9999999907104286
2024-07-25,0.004434271539139445,470227.2178785183,230659.4326809756,0.4905276085923332,0.0,0.0,239567.78076327115,0.5094723819776054,0.0,0.0,0.0,0.0,0.9999999905699386
2024-07-26,0.004434271539139445,475214.5758350422,233344.74273057972,0.4910302726311555,0.0,0.0,241869.828670191,0.5089697180377513,0.0,0.0,0.0,0.0,0.9999999906689067
2024-07-29,0.004434271539139445,476862.41296083847,233988.11435382706,0.49068265393574423,0.0,0.0,242874.29417273987,0.5093173367654068,0.0,0.0,0.0,0.0,0.9999999907011511
2024-07-30,0.004434271539139445,475748.8632790676,232572.0511875478,0.4888546650107796,0.0,0.0,243176.80765724825,0.5111453256686063,0.0,0.0,0.0,0.0,0.9999999906793859
2024-07-31,0.004434271539139445,477186.8735884054,235097.52512964176,0.49267391485798434,0.0,0.0,242089.34402449208,0.5073260758494894,0.0,0.0,0.0,0.0,0.9999999907074738
2024-08-01,0.004434271539139445,465600.39068596927,228014.39424311742,0.4897212261939551,0.0,0.0,237585.9920085803,0.5102787642822738,0.0,0.0,0.0,0.0,0.9999999904762289
2024-08-02,0.004434271539139445,460238.67021990137,224057.83696217657,0.4868296635202819,0.0,0.0,236180.82882345325,0.5131703268449963,0.0,0.0,0.0,0.0,0.9999999903652782
2024-08-05,0.004434271539139445,437567.1742070663,212257.35631660957,0.48508519109380166,0.0,0.0,225309.8134561852,0.5149147987722765,0.0,0.0,0.0,0.0,0.9999999898660782
2024-08-06,0.004434271539139445,441934.1872590114,214844.76137074138,0.4861465067983616,0.0,0.0,227089.42145399842,0.5138534831678557,0.0,0.0,0.0,0.0,0.9999999899662174
2024-08-07,0.004434271539139445,436922.82716348587,211534.11066303434,0.484145248341267,0.0,0.0,225388.71206617999,0.5158547415098663,0.0,0.0,0.0,0.0,0.9999999898511333
2024-08-08,0.004434271539139445,449608.25711331796,219070.2501785276,0.48724694600818635,0.0,0.0,230538.0025005188,0.5127530441292911,0.0,0.0,0.0,0.0,0.9999999901374775
2024-08-09,0.004434271539139445,456304.18311798817,222736.78680719505,0.48813224828491486,0.0,0.0,233567.39187652158,0.5118677419972879,0.0,0.0,0.0,0.0,0.9999999902822028
2024-08-12,0.004434271539139445,454414.3185363467,222160.09899277383,0.48889326310919085,0.0,0.0,232254.21510930135,0.5111067271325965,0.0,0.0,0.0,0.0,0.9999999902417873
2024-08-13,0.004434271539139445,459464.05218295025,225376.65670607393,0.4905207613855567,0.0,0.0,234087.39104260475,0.5094792289634781,0.0,0.0,0.0,0.0,0.9999999903490349
2024-08-14,0.004434271539139445,461482.46600034955,225913.14171020844,0.48953786623398454,0.0,0.0,235569.3198558696,0.5104621241572614,0.0,0.0,0.0,0.0,0.9999999903912459
2024-08-15,0.004434271539139445,468070.52716355346,230385.94088726616,0.49220347686357224,0.0,0.0,237684.5818420158,0.5077965136629162,0.0,0.0,0.0,0.0,0.9999999905264885
2024-08-16,0.004434271539139445,475251.48801352637,233600.32625619747,0.4915299207849063,0.0,0.0,241651.15732305738,0.5084700698847252,0.0,0.0,0.0,0.0,0.9999999906696314
2024-08-19,0.004434271539139445,474426.60698736255,233316.16789917686,0.49178558804015765,0.0,0.0,241110.43465391418,0.5082144026132512,0.0,0.0,0.0,0.0,0.9999999906534088
2024-08-20,0.004434271539139445,470530.3857682023,231281.31743913254,0.4915332238565966,0.0,0.0,239249.06389479822,0.5084667667194178,0.0,0.0,0.0,0.0,0.9999999905760145
2024-08-21,0.004434271539139445,469013.8038920435,230804.5671862366,0.49210612837178386,0.0,0.0,238209.23227153532,0.5078938621737576,0.0,0.0,0.0,0.0,0.9999999905455416
2024-08-22,0.004434271539139445,465911.0120243915,228658.7066554073,0.4907776394077513,0.0,0.0,237252.30093471266,0.509222351074827,0.0,0.0,0.0,0.0,0.9999999904825784
2024-08-23,0.004434271539139445,472859.74346588453,232476.8133215571,0.4916401037178366,0.0,0.0,240382.9257100559,0.5083598869046014,0.0,0.0,0.0,0.0,0.999999990622438
2024-08-26,0.004434271539139445,465585.8456189049,228639.77148444683,0.49107973027082724,0.0,0.0,236946.06970018655,0.5089202602051042,0.0,0.0,0.0,0.0,0.9999999904759314
2024-08-27,0.004434271539139445,468557.2380076677,230288.21730842264,0.4914836409050501,0.0,0.0,238269.01626497353,0.5085163496312789,0.0,0.0,0.0,0.0,0.999999990536329
2024-08-28,0.004434271539139445,464759.3732409428,227670.82792502755,0.4898681791770929,0.0,0.0,237088.54088164368,0.510131811281902,0.0,0.0,0.0,0.0,0.9999999904589949
2024-08-29,0.004434271539139445,467053.1369746659,228420.97882314704,0.48906850364552235,0.0,0.0,238632.15371724733,0.5109314868603297,0.0,0.0,0.0,0.0,0.9999999905058521
2024-08-30,0.004434271539139445,471960.3354578985,230910.19957330762,0.4892576393083484,0.0,0.0,241050.13145031934,0.5107423512962189,0.0,0.0,0.0,0.0,0.9999999906045673
2024-09-03,0.004434271539139445,471527.033498976,228792.27405987596,0.4852156033602532,0.0,0.0,242734.7550048285,0.5147843872356804,0.0,0.0,0.0,0.0,0.9999999905959336
2024-09-04,0.004434271539139445,466986.66746976704,226357.8232249968,0.48472009800933197,0.0,0.0,240628.8398104987,0.5152798924951688,0.0,0.0,0.0,0.0,0.9999999905045007
2024-09-05,0.004434271539139445,457446.95707320544,221900.42827266228,0.48508449961587885,0.0,0.0,235546.52436627162,0.5149154906906005,0.0,0.0,0.0,0.0,0.9999999903064793
2024-09-06,0.004434271539139445,452707.0652736938,219372.1285540098,0.48457853959355296,0.0,0.0,233334.93228541245,0.5154214506114341,0.0,0.0,0.0,0.0,0.9999999902049871
2024-09-09,0.004434271539139445,454347.05202164623,220411.3807238526,0.48511678405993414,0.0,0.0,233935.66686352208,0.5148832061804085,0.0,0.0,0.0,0.0,0.9999999902403427
2024-09-10,0.004434271539139445,457650.17984700075,222032.23811630008,0.48515710884354674,0.0,0.0,235617.93729642913,0.514842881467237,0.0,0.0,0.0,0.0,0.9999999903107838
2024-09-11,0.004434271539139445,456697.83995326626,222864.91903740808,0.48799205851337896,0.0,0.0,233832.9164815866,0.5120079317772002,0.0,0.0,0.0,0.0,0.9999999902905792
2024-09-12,0.004434271539139445,460841.0000168675,225046.06863583528,0.48833777512764326,0.0,0.0,235794.92694676065,0.5116622152502277,0.0,0.0,0.0,0.0,0.999999990377871
2024-09-13,0.004434271539139445,459748.38596388436,224288.22585766664,0.48784994728678754,0.0,0.0,235460.1556719462,0.5121500430682161,0.0,0.0,0.0,0.0,0.9999999903550035
2024-09-16,0.004434271539139445,459105.05371758103,223593.48705034025,0.48702031319368577,0.0,0.0,235511.5622329692,0.5129796771478025,0.0,0.0,0.0,0.0,0.9999999903414882
2024-09-17,0.004434271539139445,457720.3672537758,223568.24315099724,0.48843848590867567,0.0,0.0,234152.11966850705,0.5115615044035938,0.0,0.0,0.0,0.0,0.9999999903122695
2024-09-18,0.004434271539139445,459558.44329865003,224533.24100554787,0.488584736674356,0.0,0.0,235025.19785883062,0.5114152536766612,0.0,0.0,0.0,0.0,0.9999999903510172
2024-09-19,0.004434271539139445,466290.4349737843,228971.09054699712,0.49104822525443886,0.0,0.0,237319.33999251568,0.5089517652358839,0.0,0.0,0.0,0.0,0.9999999904903227
2024-09-20,0.004434271539139445,466057.266531432,228465.774726441,0.4902096612005786,0.0,0.0,237591.4873707194,0.5097903292849865,0.0,0.0,0.0,0.0,0.9999999904855651
2024-09-23,0.004434271539139445,471579.9180545236,231111.79522048187,0.49007980698991715,0.0,0.0,240468.11839977017,0.509920183607071,0.0,0.0,0.0,0.0,0.9999999905969882
2024-09-24,0.004434271539139445,469961.40252171695,230601.65030586818,0.49068210510162497,0.0,0.0,239359.74778157723,0.5093178854629798,0.0,0.0,0.0,0.0,0.9999999905646049
2024-09-25,0.004434271539139445,466436.3792092669,229174.70617379347,0.49133111478634073,0.0,0.0,237261.6686012019,0.5086688757069575,0.0,0.0,0.0,0.0,0.9999999904932982
2024-09-26,0.004434271539139445,473816.8141719237,232985.7156673043,0.4917210801699532,0.0,0.0,240831.09407034784,0.5082789104714267,0.0,0.0,0.0,0.0,0.9999999906413799
2024-09-27,0.004434271539139445,474874.11097602505,233096.81349551014,0.4908602261269166,0.0,0.0,241777.29304624334,0.5091397645353001,0.0,0.0,0.0,0.0,0.9999999906622167
2024-09-30,0.004434271539139445,468778.7404842194,230195.76019788836,0.49105418040099347,0.0,0.0,238582.9758520595,0.5089458101398072,0.0,0.0,0.0,0.0,0.9999999905408007
2024-10-01,0.004434271539139445,469902.46228682384,230191.314728975,0.48987041610449894,0.0,0.0,239711.1431235773,0.5101295744589225,0.0,0.0,0.0,0.0,0.9999999905634214
2024-10-02,0.004434271539139445,469928.05386807205,230620.68313136493,0.49075742814901097,0.0,0.0,239307.3663024356,0.5092425624149244,0.0,0.0,0.0,0.0,0.9999999905639353
2024-10-03,0.004434271539139445,478295.6844508461,235081.53203268576,0.4914983339282979,0.0,0.0,243214.1479838888,0.5085016568007183,0.0,0.0,0.0,0.0,0.9999999907290162
2024-10-04,0.004434271539139445,481415.29227994074,236617.6123380459,0.49150414648742374,0.0,0.0,244797.67550762327,0.508495844301669,0.0,0.0,0.0,0.0,0.9999999907890929
2024-10-07,0.004434271539139445,483042.87582677015,237640.42211563437,0.4919654838276871,0.0,0.0,245402.44927686424,0.5080345069924413,0.0,0.0,0.0,0.0,0.9999999908201285
2024-10-08,0.004434271539139445,485218.6248385154,238948.57383017172,0.49245548624539237,0.0,0.0,246270.04657407216,0.5075445046158992,0.0,0.0,0.0,0.0,0.9999999908612915
2024-10-09,0.004434271539139445,488961.768046671,240528.18452486303,0.4919161379134755,0.0,0.0,248433.57908753643,0.5080838530177755,0.0,0.0,0.0,0.0,0.999999990931251
2024-10-10,0.004434271539139445,491112.10711635294,241764.31318095402,0.4922792773334661,0.0,0.0,249347.78950112738,0.5077207136374925,0.0,0.0,0.0,0.0,0.9999999909709586
2024-10-11,0.004434271539139445,492971.13432875834,242589.61304811048,0.4920969934242225,0.0,0.0,250381.51684637633,0.5079029975807853,0.0,0.0,0.0,0.0,0.9999999910050077
2024-10-14,0.004434271539139445,499089.93241597834,245980.6537973314,0.4928583764585197,0.0,0.0,253109.2741843754,0.5071416146567659,0.0,0.0,0.0,0.0,0.9999999911152856
2024-10-15,0.004434271539139445,496144.08533559635,243506.11614912137,0.49079717635737136,0.0,0.0,252637.96475220344,0.5092028147051614,0.0,0.0,0.0,0.0,0.9999999910625327
2024-10-16,0.004434271539139445,496806.7514647253,243877.50931908083,0.4908900867390825,0.0,0.0,252929.23771137296,0.5091099043353715,0.0,0.0,0.0,0.0,0.9999999910744539
2024-10-17,0.004434271539139445,498403.2912151961,244254.2978846477,0.4900736054312807,0.0,0.0,254148.98889627683,0.5099263856717645,0.0,0.0,0.0,0.0,0.9999999911030453
2024-10-18,0.004434271539139445,501297.4350409255,246203.1602903927,0.49113189711471966,0.0,0.0,255094.27031626127,0.5088680940396904,0.0,0.0,0.0,0.0,0.9999999911544101
2024-10-21,0.004434271539139445,497872.4485896951,244777.6943579988,0.49164739895001525,0.0,0.0,253094.74979742477,0.5083525921435439,0.0,0.0,0.0,0.0,0.9999999910935591
2024-10-22,0.004434271539139445,499425.91923700384,245623.14027342954,0.49181095896800753,0.0,0.0,253802.77452930275,0.5081890321532552,0.0,0.0,0.0,0.0,0.9999999911212627
2024-10-23,0.004434271539139445,498588.7268277406,244413.17779804807,0.49020999602843274,0.0,0.0,254175.54459542103,0.5097899950779214,0.0,0.0,0.0,0.0,0.9999999911063542
2024-10-24,0.004434271539139445,502868.0319426883,246872.15801845936,0.49092831983122626,0.0,0.0,255995.86948995737,0.5090716713508111,0.0,0.0,0.0,0.0,0.9999999911820373
2024-10-25,0.004434271539139445,498093.85331922775,245333.4100156559,0.4925445443279181,0.0,0.0,252760.43886930027,0.5074554467695999,0.0,0.0,0.0,0.0,0.999999991097518
2024-10-28,0.004434271539139445,502803.7301198353,247676.76127630932,0.4925913362203568,0.0,0.0,255126.96440925443,0.5074086549605529,0.0,0.0,0.0,0.0,0.9999999911809097
2024-10-29,0.004434271539139445,503931.2356896409,248677.892216043,0.49347584472655653,0.0,0.0,255253.33903932638,0.5065241464740851,0.0,0.0,0.0,0.0,0.9999999912006416
2024-10-30,0.004434271539139445,501784.01675169443,247550.41963174348,0.4933405835328603,0.0,0.0,254233.59268567944,0.5066594076301274,0.0,0.0,0.0,0.0,0.9999999911629877
2024-10-31,0.004434271539139445,495324.3279758806,243029.1728237647,0.4906465503458954,0.0,0.0,252295.15071784434,0.5093534407018458,0.0,0.0,0.0,0.0,0.9999999910477413
2024-11-01,0.004434271539139445,492227.00094077346,242003.1182176355,0.49164941735236944,0.0,0.0,250223.8782888664,0.5083505736390399,0.0,0.0,0.0,0.0,0.9999999909914093
2024-11-04,0.004434271539139445,492863.8609932703,242218.0939919107,0.49145030334293066,0.0,0.0,250645.76256708807,0.5085496876601193,0.0,0.0,0.0,0.0,0.9999999910030499
2024-11-05,0.004434271539139445,497494.2418705802,244665.20729745846,0.4917950535015569,0.0,0.0,252829.03013885015,0.5082049375852313,0.0,0.0,0.0,0.0,0.9999999910867882
2024-11-06,0.004434271539139445,504374.22957236465,248175.01889511143,0.4920453987221501,0.0,0.0,256199.2062429817,0.5079545924862201,0.0,0.0,0.0,0.0,0.9999999912083701
2024-11-07,0.004434271539139445,516878.06841278786,255289.685450885,0.493906979328452,0.0,0.0,261588.3785276313,0.5060930120925972,0.0,0.0,0.0,0.0,0.9999999914210491
2024-11-08,0.004434271539139445,516020.47538622457,254009.87267006296,0.4922476622268619,0.0,0.0,262010.59828189007,0.5077523291799296,0.0,0.0,0.0,0.0,0.9999999914067915
2024-11-11,0.004434271539139445,514493.2425651653,253318.47045771888,0.4923650098779165,0.0,0.0,261174.76767317485,0.5076349815033667,0.0,0.0,0.0,0.0,0.9999999913812833
2024-11-12,0.004434271539139445,515621.2462346294,254024.31880878724,0.4926568109127052,0.0,0.0,261596.92299157064,0.5073431804874329,0.0,0.0,0.0,0.0,0.9999999914001381
2024-11-13,0.004434271539139445,518942.91892757086,255343.2732882671,0.49204500914272137,0.0,0.0,263599.64120503224,0.5079549823124632,0.0,0.0,0.0,0.0,0.9999999914551844
2024-11-14,0.004434271539139445,517171.8883558097,255125.80121781878,0.49330949141283276,0.0,0.0,262046.08270371932,0.5066905000130904,0.0,0.0,0.0,0.0,0.9999999914259231
2024-11-15,0.004434271539139445,513616.3094077628,252624.57199759028,0.4918546536983705,0.0,0.0,260991.73297590096,0.5081453376681974,0.0,0.0,0.0,0.0,0.9999999913665679
2024-11-18,0.004434271539139445,509241.0123161866,250296.04238767063,0.49150802141651223,0.0,0.0,258944.96549424442,0.5084919698758789,0.0,0.0,0.0,0.0,0.9999999912923911
2024-11-19,0.004434271539139445,509330.65935437015,250803.89723568116,0.4924186137814702,0.0,0.0,258526.75768441745,0.5075813775124536,0.0,0.0,0.0,0.0,0.9999999912939238
2024-11-20,0.004434271539139445,512043.7661872252,251649.36089399268,0.491460647529842,0.0,0.0,260394.400858961,0.5085393438102117,0.0,0.0,0.0,0.0,0.9999999913400537
2024-11-21,0.004434271539139445,518428.4556173515,254249.53435327482,0.4904235706940721,0.0,0.0,264178.9168298051,0.5095764207526328,0.0,0.0,0.0,0.0,0.9999999914467049
2024-11-22,0.004434271539139445,517173.2368503346,253415.3869624031,0.4900009685453605,0.0,0.0,263757.84545365995,0.5099990228805849,0.0,0.0,0.0,0.0,0.9999999914259454
2024-11-25,0.004434271539139445,519502.4941695569,254683.0621697973,0.49024415672328425,0.0,0.0,264819.42756548803,0.5097558347411041,0.0,0.0,0.0,0.0,0.9999999914643883
2024-11-26,0.004434271539139445,523344.2709497264,256176.92099493643,0.4894998096187153,0.0,0.0,267167.34552051843,0.5105001819083315,0.0,0.0,0.0,0.0,0.9999999915270468
2024-11-27,0.004434271539139445,517926.55093025696,253492.4185290215,0.4894370023581902,0.0,0.0,264434.1279669639,0.510562989080226,0.0,0.0,0.0,0.0,0.9999999914384162
2024-11-29,0.004434271539139445,513433.1795371321,251866.01071267336,0.4905526575819164,0.0,0.0,261567.16439018716,0.509447333781572,0.0,0.0,0.0,0.0,0.9999999913634885
2024-12-02,0.004434271539139445,508959.70148670283,250670.11382487597,0.49251465900473657,0.0,0.0,258289.58322755533,0.5074853322828418,0.0,0.0,0.0,0.0,0.9999999912875783
2024-12-03,0.004434271539139445,506759.0285160834,250071.710039373,0.49347262893696286,0.0,0.0,256687.31404243884,0.5065273623127805,0.0,0.0,0.0,0.0,0.9999999912497434
2024-12-04,0.004434271539139445,509031.67998754303,251421.034205844,0.49392020986198093,0.0,0.0,257610.6413474275,0.5060797814268293,0.0,0.0,0.0,0.0,0.9999999912888102
2024-12-05,0.004434271539139445,510540.44430676766,251897.15580252762,0.4933931456587415,0.0,0.0,258643.2840699685,0.5066068456558124,0.0,0.0,0.0,0.0,0.9999999913145539
2024-12-06,0.004434271539139445,508925.43283479946,251835.13978026973,0.4948370105567451,0.0,0.0,257090.28862025822,0.5051629807302466,0.0,0.0,0.0,0.0,0.9999999912869917
2024-12-09,0.004434271539139445,504873.7832845506,250337.75331276853,0.49584225127347586,0.0,0.0,254536.02553751052,0.5041577399435933,0.0,0.0,0.0,0.0,0.9999999912170692
2024-12-10,0.004434271539139445,508080.27085248334,252065.28052657653,0.49611310453690394,0.0,0.0,256014.98589163527,0.5038868867355941,0.0,0.0,0.0,0.0,0.9999999912724981
2024-12-11,0.004434271539139445,510187.6354771597,254053.60633359943,0.4979611199240304,0.0,0.0,256134.0247092887,0.5020388713845172,0.0,0.0,0.0,0.0,0.9999999913085477
2024-12-12,0.004434271539139445,509046.1278757343,252897.4363488921,0.4968065220420027,0.0,0.0,256148.68709257062,0.5031934692470548,0.0,0.0,0.0,0.0,0.9999999912890575
2024-12-13,0.004434271539139445,508337.6530128675,252395.40038330463,0.496511322518373,0.0,0.0,255942.24819529135,0.503488668758544,0.0,0.0,0.0,0.0,0.999999991276917
2024-12-16,0.004434271539139445,510114.6738608203,253758.84272159182,0.4974545052801743,0.0,0.0,256355.82670495694,0.5025454860271302,0.0,0.0,0.0,0.0,0.9999999913073044
2024-12-17,0.004434271539139445,510146.3508268013,253871.77828328096,0.497644995150563,0.0,0.0,256274.5681092488,0.5023549961572812,0.0,0.0,0.0,0.0,0.9999999913078442
2024-12-18,0.004434271539139445,496417.51911719,246418.49150905167,0.4963936243573211,0.0,0.0,249999.02317386674,0.5036063667101344,0.0,0.0,0.0,0.0,0.9999999910674556
2024-12-19,0.004434271539139445,499797.2996210687,247892.23793829096,0.4959855487939519,0.0,0.0,251905.0572485062,0.5040144423339082,0.0,0.0,0.0,0.0,0.9999999911278602
2024-12-20,0.004434271539139445,514306.24248782767,255099.1217038201,0.4960062714188379,0.0,0.0,259207.11634973602,0.5039937199593116,0.0,0.0,0.0,0.0,0.9999999913781494
2024-12-23,0.004434271539139445,512515.2567376306,255221.2064182275,0.49797777346730115,0.0,0.0,257294.04588513155,0.5020222178807192,0.0,0.0,0.0,0.0,0.9999999913480204
2024-12-24,0.004434271539139445,518404.9531436719,258165.15845702073,0.4979990196688423,0.0,0.0,260239.79025237967,0.5020009717774749,0.0,0.0,0.0,0.0,0.9999999914463171
2024-12-26,0.004434271539139445,518570.8559433359,258268.5098752701,0.49803899875061824,0.0,0.0,260302.34163379428,0.5019609926984355,0.0,0.0,0.0,0.0,0.9999999914490537
2024-12-27,0.004434271539139445,516863.25231811724,256818.13757444412,0.49687830663646904,0.0,0.0,260045.11030940159,0.5031216847843342,0.0,0.0,0.0,0.0,0.9999999914208032
2024-12-30,0.004434271539139445,511753.4589593667,254259.4810814669,0.4968397900006283,0.0,0.0,257493.97344362832,0.5031602013345129,0.0,0.0,0.0,0.0,0.9999999913351411
2024-12-31,0.004434271539139445,508401.48314866464,252137.50334894905,0.49594171477902643,0.0,0.0,256263.97536544403,0.5040582764989857,0.0,0.0,0.0,0.0,0.9999999912780122
2025-01-02,0.000974641779293961,509685.582060636,254574.81446171494,0.49947423160859356,0.0,0.0,255110.76662427932,0.5005257664791652,0.0,0.0,0.0,0.0,0.9999999980877589
2025-01-03,0.000974641779293961,512211.92059633817,256415.4222902651,0.5006041678837457,0.0,0.0,255796.4973314313,0.4993958302134447,0.0,0.0,0.0,0.0,0.9999999980971904
2025-01-06,0.000974641779293961,512193.32608688064,257611.1732649216,0.5029569112761622,0.0,0.0,254582.15184731726,0.49704308682095916,0.0,0.0,0.0,0.0,0.9999999980971214
2025-01-07,0.000974641779293961,510635.31611452124,256090.115019788,0.5015127370515715,0.0,0.0,254545.20012009144,0.4984872610397438,0.0,0.0,0.0,0.0,0.9999999980913155
2025-01-08,0.000974641779293961,514322.2932840908,257393.77579760522,0.5004523022987676,0.0,0.0,256928.51651184386,0.4995476958062305,0.0,0.0,0.0,0.0,0.9999999981049981
2025-01-10,0.000974641779293961,506113.2753936392,253296.09339453897,0.5004731266879595,0.0,0.0,252817.1810244585,0.49952687138630203,0.0,0.0,0.0,0.0,0.9999999980742617
2025-01-13,0.000974641779293961,507439.53119239083,253468.4650514335,0.49950476750565453,0.0,0.0,253971.0651663156,0.5004952305736403,0.0,0.0,0.0,0.0,0.9999999980792947
2025-01-14,0.000974641779293961,507093.7714414957,252614.61034280705,0.4981615325794859,0.0,0.0,254479.16012404687,0.5018384654984992,0.0,0.0,0.0,0.0,0.9999999980779851
2025-01-15,0.000974641779293961,514897.48811794876,257751.92820480093,0.5005888242860433,0.0,0.0,257145.5589385061,0.49941117382107164,0.0,0.0,0.0,0.0,0.9999999981071149
2025-01-16,0.000974641779293961,510588.9913234828,254853.00800735274,0.49913533651941006,0.0,0.0,255735.98234148833,0.5008646615717322,0.0,0.0,0.0,0.0,0.9999999980911423
2025-01-17,0.000974641779293961,509770.62343299255,255109.2137009105,0.5004392210420177,0.0,0.0,254661.40875744028,0.49956077704606017,0.0,0.0,0.0,0.0,0.9999999980880778
2025-01-21,0.000974641779293961,513872.7655619801,256979.28235424767,0.5000834828699487,0.0,0.0,256893.48223309065,0.49991651523339153,0.0,0.0,0.0,0.0,0.9999999981033403
2025-01-22,0.000974641779293961,517676.77239739755,260085.0516675667,0.5024081927861946,0.0,0.0,257591.7197551891,0.49759180533108277,0.0,0.0,0.0,0.0,0.9999999981172774
2025-01-23,0.000974641779293961,522040.17788169393,262462.3844767523,0.5027628056172952,0.0,0.0,259577.79243029986,0.49723719251571863,0.0,0.0,0.0,0.0,0.9999999981330139
2025-01-24,0.000974641779293961,520336.8974873335,261260.45129631818,0.5020986452391222,0.0,0.0,259076.44521637354,0.4979013528877802,0.0,0.0,0.0,0.0,0.9999999981269024
2025-01-27,0.000974641779293961,519501.21013803483,258378.9773432374,0.497359721788876,0.0,0.0,261122.23182015566,0.5026402763350133,0.0,0.0,0.0,0.0,0.9999999981238893
2025-01-28,0.000974641779293961,517614.2095215543,258626.74118467732,0.49965154825199537,0.0,0.0,258987.46736223524,0.5003484498650546,0.0,0.0,0.0,0.0,0.9999999981170499
2025-01-29,0.000974641779293961,518653.93015651195,258920.27171694837,0.49921586758017067,0.0,0.0,259733.65746492185,0.5007841305406538,0.0,0.0,0.0,0.0,0.9999999981208245
2025-01-30,0.000974641779293961,522259.5226567372,260684.21076189927,0.49914687899953875,0.0,0.0,261575.31092019615,0.5008531191342592,0.0,0.0,0.0,0.0,0.999999998133798
2025-01-31,0.000974641779293961,515282.392329926,256780.96820283943,0.49833056984882806,0.0,0.0,258501.4231524448,0.5016694282597007,0.0,0.0,0.0,0.0,0.9999999981085289
2025-02-03,0.000974641779293961,519435.5091162308,257619.83089297166,0.49596114699837685,0.0,0.0,261815.6772486174,0.5040388511252752,0.0,0.0,0.0,0.0,0.999999998123652
2025-02-04,0.000974641779293961,520276.4925569537,258690.79947119253,0.4972179277211417,0.0,0.0,261585.69211111937,0.5027820704055432,0.0,0.0,0.0,0.0,0.9999999981266849
2025-02-05,0.000974641779293961,519729.2114259649,257905.49212335126,0.4962305109149897,0.0,0.0,261823.71832797187,0.5037694872097227,0.0,0.0,0.0,0.0,0.9999999981247124
2025-02-06,0.000974641779293961,514940.91375926574,255683.2340767401,0.49652926626116123,0.0,0.0,259257.67870788387,0.5034707318461134,0.0,0.0,0.0,0.0,0.9999999981072746
2025-02-07,0.000974641779293961,507049.7148404207,251323.51298635075,0.4956585234752525,0.0,0.0,255726.2008794282,0.5043414746025656,0.0,0.0,0.0,0.0,0.9999999980778181
2025-02-10,0.000974641779293961,512169.2088878324,254258.11730878084,0.496433820886848,0.0,0.0,257911.0906044098,0.5035661772101837,0.0,0.0,0.0,0.0,0.9999999980970317
2025-02-11,0.000974641779293961,512470.2576439491,254346.94510423447,0.4963155252630252,0.0,0.0,258123.3115650729,0.5036844728351244,0.0,0.0,0.0,0.0,0.9999999980981497
2025-02-12,0.000974641779293961,513929.38166010455,255198.1601340785,0.4965626976020178,0.0,0.0,258731.2205513843,0.5034373005015315,0.0,0.0,0.0,0.0,0.9999999981035492
2025-02-13,0.000974641779293961,524127.97191912425,260464.7720119582,0.49694881015079523,0.0,0.0,263663.19893252425,0.5030511879896555,0.0,0.0,0.0,0.0,0.9999999981404508
2025-02-14,0.000974641779293961,516801.5706516155,257367.73230293638,0.49800106446741477,0.0,0.0,259433.8373740374,0.5019989336466743,0.0,0.0,0.0,0.0,0.999999998114089
2025-02-18,0.000974641779293961,512809.60646359157,255415.49261951927,0.49807080327707015,0.0,0.0,257394.11286943054,0.501929194822338,0.0,0.0,0.0,0.0,0.9999999980994081
2025-02-19,0.000974641779293961,516963.87218438316,257106.70032520668,0.497339783607752,0.0,0.0,259857.17088453472,0.5026602145069291,0.0,0.0,0.0,0.0,0.9999999981146811
2025-02-20,0.000974641779293961,513788.5711065221,255202.62404287193,0.49670747539840004,0.0,0.0,258585.94608900844,0.5032925227046295,0.0,0.0,0.0,0.0,0.9999999981030295
2025-02-21,0.000974641779293961,501596.6065445144,247935.4665324705,0.4942925516193008,0.0,0.0,253661.13903740214,0.5057074464376203,0.0,0.0,0.0,0.0,0.9999999980569212
2025-02-24,0.000974641779293961,501992.31938637746,247113.16532562298,0.4922648331107691,0.0,0.0,254879.1530861127,0.5077351649476838,0.0,0.0,0.0,0.0,0.9999999980584529
2025-02-25,0.000974641779293961,504867.5557970323,247643.43248301256,0.4905116790324522,0.0,0.0,257224.12233937797,0.5094883190370578,0.0,0.0,0.0,0.0,0.99999999806951
2025-02-26,0.000974641779293961,499922.90043288417,245951.72912873598,0.49197932104283665,0.0,0.0,253971.17032950642,0.5080206770075792,0.0,0.0,0.0,0.0,0.9999999980504158
2025-02-27,0.000974641779293961,495411.1831357586,242038.95722051503,0.4885617552847784,0.0,0.0,253372.22494060182,0.5114382427478825,0.0,0.0,0.0,0.0,0.9999999980326609
2025-02-28,0.000974641779293961,506352.6817701553,247533.54342508636,0.48885599373096106,0.0,0.0,258819.1373704272,0.511144004344211,0.0,0.0,0.0,0.0,0.9999999980751721
2025-03-03,0.000974641779293961,505117.7285755096,245401.627374,0.4858305569001923,0.0,0.0,259716.10022686786,0.5141694411702739,0.0,0.0,0.0,0.0,0.9999999980704661
2025-03-04,0.000974641779293961,494740.54178590124,240518.83010293127,0.48615144664456406,0.0,0.0,254221.7107083282,0.5138485513854301,0.0,0.0,0.0,0.0,0.9999999980299942
2025-03-05,0.000974641779293961,499934.2954977787,243887.61062604815,0.48783932773248156,0.0,0.0,256046.68389708878,0.5121606703179787,0.0,0.0,0.0,0.0,0.9999999980504602
2025-03-06,0.000974641779293961,491305.4693979153,238455.8777189308,0.48535156348076797,0.0,0.0,252849.5907043427,0.5146484345354524,0.0,0.0,0.0,0.0,0.9999999980162204
2025-03-07,0.000974641779293961,491519.3921341471,238011.7981656989,0.4842368418716223,0.0,0.0,253507.59299380644,0.5157631561454615,0.0,0.0,0.0,0.0,0.9999999980170838
2025-03-10,0.000974641779293961,482757.0659548745,231909.56476867152,0.4803856455419529,0.0,0.0,250847.50021156122,0.5196143524391398,0.0,0.0,0.0,0.0,0.9999999979810927
2025-03-11,0.000974641779293961,474659.3446903168,228215.88918911043,0.4807993179571886,0.0,0.0,246443.4545265646,0.5192006799894613,0.0,0.0,0.0,0.0,0.99999999794665
2025-03-12,0.000974641779293961,476366.4312439662,230210.08570191587,0.4832626117267615,0.0,0.0,246156.3445674086,0.5167373862272469,0.0,0.0,0.0,0.0,0.9999999979540083
2025-03-13,0.000974641779293961,472639.7741641728,226603.35865845272,0.4794420001134762,0.0,0.0,246036.41453107836,0.5205579978243999,0.0,0.0,0.0,0.0,0.9999999979378761
2025-03-14,0.000974641779293961,478724.46096787544,230428.49316984692,0.481338456580997,0.0,0.0,248295.96682338679,0.5186615413830892,0.0,0.0,0.0,0.0,0.9999999979640861
2025-03-17,0.000974641779293961,486563.1244516731,233762.09303268735,0.4804352843140814,0.0,0.0,252801.030444344,0.5195647136828039,0.0,0.0,0.0,0.0,0.9999999979968852
2025-03-18,0.000974641779293961,485414.30654500437,232610.9694736532,0.4792008936227904,0.0,0.0,252803.33609670936,0.5207991043693541,0.0,0.0,0.0,0.0,0.9999999979921446
2025-03-19,0.000974641779293961,489005.9597274233,234929.9025154004,0.48042339329842243,0.0,0.0,254076.05623738116,0.5195766047084694,0.0,0.0,0.0,0.0,0.9999999980068919
2025-03-20,0.000974641779293961,484109.2356447809,232538.5641643293,0.4803431685301628,0.0,0.0,251570.67050580986,0.519656829456569,0.0,0.0,0.0,0.0,0.9999999979867318
2025-03-21,0.000974641779293961,483681.69362135814,232257.89753765412,0.4801874881778619,0.0,0.0,251423.79510906222,0.5198125098070902,0.0,0.0,0.0,0.0,0.9999999979849521
2025-03-24,0.000974641779293961,492948.42529675673,237996.62591893607,0.4828022845912557,0.0,0.0,254951.7984031789,0.5171977134315765,0.0,0.0,0.0,0.0,0.9999999980228321
2025-03-25,0.000974641779293961,496407.6163733457,240111.71850495093,0.48369869958716366,0.0,0.0,256295.89689375303,0.5163012984494463,0.0,0.0,0.0,0.0,0.99999999803661
2025-03-26,0.000974641779293961,492469.3785304085,236778.04883542805,0.48079750570889096,0.0,0.0,255691.32872033867,0.519202492312018,0.0,0.0,0.0,0.0,0.9999999980209089
2025-03-27,0.000974641779293961,494698.7461159881,237206.4809698909,0.47949683081322175,0.0,0.0,257492.26417145546,0.5205031672166059,0.0,0.0,0.0,0.0,0.9999999980298278
2025-03-28,0.000974641779293961,489158.18992233573,233042.00209922408,0.47641439293130194,0.0,0.0,256116.1868484699,0.5235856050762102,0.0,0.0,0.0,0.0,0.9999999980075122
2025-03-31,0.000974641779293961,489434.04848466,232886.18598967497,0.4758275128400148,0.0,0.0,256547.86152034326,0.5241724851686204,0.0,0.0,0.0,0.0,0.9999999980086351
2025-04-01,0.000974641779293961,490756.355918139,233893.08472844836,0.4765971584634211,0.0,0.0,256863.27021504883,0.5234028395505796,0.0,0.0,0.0,0.0,0.9999999980140007
2025-04-02,0.000974641779293961,492175.21287427016,235013.64232523527,0.4774999556616665,0.0,0.0,257161.56957439313,0.5225000423580596,0.0,0.0,0.0,0.0,0.999999998019726
2025-04-03,0.000974641779293961,472614.1788266411,221711.49912320435,0.4691173245661976,0.0,0.0,250902.678728795,0.5308826733715668,0.0,0.0,0.0,0.0,0.9999999979377644
2025-04-04,0.000974641779293961,440551.2667405105,207103.77196264302,0.4701014106597256,0.0,0.0,233447.4938032257,0.5298985871279512,0.0,0.0,0.0,0.0,0.9999999977876769
2025-04-07,0.000974641779293961,434318.9985946631,204781.35876453822,0.471499887011976,0.0,0.0,229537.63885548312,0.5285001107439551,0.0,0.0,0.0,0.0,0.9999999977559311
2025-04-08,0.000974641779293961,436296.3461131886,205177.69713008145,0.4702714083167043,0.0,0.0,231118.6480084654,0.5297285894493972,0.0,0.0,0.0,0.0,0.9999999977661015
2025-04-09,0.000974641779293961,459987.6099478473,220053.8842708306,0.4783908946934027,0.0,0.0,239933.72470237492,0.5216091031877538,0.0,0.0,0.0,0.0,0.9999999978811565
2025-04-10,0.000974641779293961,454896.9259298175,215752.85827823478,0.4742895499617459,0.0,0.0,239144.06667694097,0.525710447895699,0.0,0.0,0.0,0.0,0.9999999978574449
2025-04-11,0.000974641779293961,450805.9067029571,214007.88550444922,0.4747228958680488,0.0,0.0,236798.02022386616,0.5252771019699526,0.0,0.0,0.0,0.0,0.9999999978380013
2025-04-14,0.000974641779293961,455451.1210285337,215764.35521650658,0.47373767514119064,0.0,0.0,239686.7648373853,0.5262623227188612,0.0,0.0,0.0,0.0,0.9999999978600519
2025-04-15,0.000974641779293961,452728.9955607848,214516.27326963443,0.47382932255955496,0.0,0.0,238212.72131650866,0.5261706752876302,0.0,0.0,0.0,0.0,0.9999999978471851
2025-04-16,0.000974641779293961,445455.57062217925,209983.1046242434,0.4713895581796285,0.0,0.0,235472.4650232941,0.5286104396324052,0.0,0.0,0.0,0.0,0.9999999978120337
2025-04-17,0.000974641779293961,442645.8992015425,208688.44726217803,0.47145686346268273,0.0,0.0,233957.45096472272,0.5285431343354631,0.0,0.0,0.0,0.0,0.9999999977981457
2025-04-21,0.000974641779293961,433249.81603048195,204073.36448088443,0.47102931595134606,0.0,0.0,229176.45057495573,0.528970681799047,0.0,0.0,0.0,0.0,0.9999999977503932
2025-04-22,0.000974641779293961,439775.4302384716,207577.8812254533,0.4720088184846812,0.0,0.0,232197.54803837652,0.5279911792990928,0.0,0.0,0.0,0.0,0.9999999977837739
2025-04-23,0.000974641779293961,448789.54357529304,212717.21820768798,0.47397988935542257,0.0,0.0,236072.32439296326,0.5260201084728651,0.0,0.0,0.0,0.0,0.9999999978282877
2025-04-24,0.000974641779293961,455997.5157813665,217624.1054325164,0.47724844522367726,0.0,0.0,238373.40937420836,0.5227515526389389,0.0,0.0,0.0,0.0,0.9999999978626161
2025-04-25,0.000974641779293961,455824.92721852823,218285.66953378936,0.47888050104188457,0.0,0.0,237539.25671009714,0.5211194968199223,0.0,0.0,0.0,0.0,0.9999999978618068
2025-04-28,0.000974641779293961,459985.89589228097,219951.93696898592,0.4781710459672312,0.0,0.0,240033.9579486533,0.5218289519139174,0.0,0.0,0.0,0.0,0.9999999978811486
2025-04-29,0.000974641779293961,457823.84340848774,218716.92699348327,0.4777316213265366,0.0,0.0,239106.91544036273,0.5222683765446058,0.0,0.0,0.0,0.0,0.9999999978711425
2025-04-30,0.000974641779293961,460607.11644878483,219525.207570604,0.47659968708931816,0.0,0.0,241081.9079035391,0.5234003107946882,0.0,0.0,0.0,0.0,0.9999999978840063
2025-05-01,0.000974641779293961,461308.02741190465,220672.6379067237,0.47836288291962414,0.0,0.0,240635.38853053914,0.5216371149675971,0.0,0.0,0.0,0.0,0.9999999978872213
2025-05-02,0.000974641779293961,475427.5362369639,228238.38208306365,0.4800697576113986,0.0,0.0,247189.15317925846,0.5199302403385693,0.0,0.0,0.0,0.0,0.9999999979499677
2025-05-05,0.000974641779293961,471758.27031956584,226181.32996085324,0.47944327464071707,0.0,0.0,245576.93938407084,0.5205567232933059,0.0,0.0,0.0,0.0,0.9999999979340229
2025-05-06,0.000974641779293961,465357.0840162718,222479.19031843287,0.47808274110350407,0.0,0.0,242877.89272319718,0.5219172568021004,0.0,0.0,0.0,0.0,0.9999999979056046
2025-05-07,0.000974641779293961,465807.2661213353,222745.19933412637,0.4781917662832353,0.0,0.0,243062.0658125672,0.5218082316243934,0.0,0.0,0.0,0.0,0.9999999979076287
2025-05-08,0.000974641779293961,468003.9248995024,224666.37574800593,0.48005233245907075,0.0,0.0,243337.54817685476,0.5199476654583789,0.0,0.0,0.0,0.0,0.9999999979174496
2025-05-09,0.000974641779293961,473600.90648012096,227319.38040663404,0.4799808811518303,0.0,0.0,246281.5250988452,0.5200191167902308,0.0,0.0,0.0,0.0,0.9999999979420611
2025-05-12,0.000974641779293961,482036.2116548162,234201.77559992406,0.48585929840398556,0.0,0.0,247834.43508025035,0.514140699574088,0.0,0.0,0.0,0.0,0.9999999979780736
2025-05-13,0.000974641779293961,488866.74185906,238632.7996895251,0.4881346576820781,0.0,0.0,250233.94119489318,0.5118653403242462,0.0,0.0,0.0,0.0,0.9999999980063242
2025-05-14,0.000974641779293961,484546.5602357893,237468.62689091326,0.4900842279746175,0.0,0.0,247077.93237023422,0.5099157700139313,0.0,0.0,0.0,0.0,0.9999999979885488
2025-05-15,0.000974641779293961,487574.7881647465,237671.63056907602,0.4874567683527747,0.0,0.0,249903.15662102867,0.5125432296482667,0.0,0.0,0.0,0.0,0.9999999980010416
2025-05-16,0.000974641779293961,488104.4758033581,237595.8307282217,0.4867724893060427,0.0,0.0,250508.6441004946,0.513227508697168,0.0,0.0,0.0,0.0,0.9999999980032107
2025-05-19,0.000974641779293961,488867.23012330645,237783.26691566265,0.4863964124895155,0.0,0.0,251083.96223300204,0.5136035855168107,0.0,0.0,0.0,0.0,0.9999999980063262
2025-05-20,0.000974641779293961,486444.80150049995,236317.14529069117,0.4858046474373687,0.0,0.0,250127.65523516704,0.5141953505590294,0.0,0.0,0.0,0.0,0.999999997996398
2025-05-21,0.000974641779293961,477263.89484137006,231528.99552821717,0.48511734918722754,0.0,0.0,245734.89833851115,0.5148826487706282,0.0,0.0,0.0,0.0,0.9999999979578557
2025-05-22,0.000974641779293961,473818.2681655795,230216.97939450745,0.48587611508903733,0.0,0.0,243601.28779643026,0.5141238828539677,0.0,0.0,0.0,0.0,0.9999999979430051
2025-05-23,0.000974641779293961,471417.3594977668,228010.224817591,0.4836695557000826,0.0,0.0,243407.1337055341,0.5163304422324464,0.0,0.0,0.0,0.0,0.9999999979325289
2025-05-27,0.000974641779293961,474542.76002416294,230742.26751556245,0.4862412556959323,0.0,0.0,243800.49153395873,0.5137587422502132,0.0,0.0,0.0,0.0,0.9999999979461456
2025-05-28,0.000974641779293961,476195.30283759267,231641.3259986872,0.48644185404258167,0.0,0.0,244553.97586426372,0.5135581439106914,0.0,0.0,0.0,0.0,0.999999997953273
2025-05-29,0.000974641779293961,482732.72496614687,234746.9588274218,0.4862876425953599,0.0,0.0,247985.76516408334,0.5137123553856311,0.0,0.0,0.0,0.0,0.9999999979809909
2025-05-30,0.000974641779293961,478021.92574161506,231879.30251638844,0.4850808927993107,0.0,0.0,246142.62225058486,0.5149191051617833,0.0,0.0,0.0,0.0,0.9999999979610941
2025-06-02,0.000974641779293961,479597.77724513685,232972.24974699825,0.4857659080182082,0.0,0.0,246625.52652349684,0.5142340899495852,0.0,0.0,0.0,0.0,0.9999999979677934
2025-06-03,0.000974641779293961,476518.7072763003,232204.5013476618,0.48729356854613987,0.0,0.0,244314.2049539967,0.5127064294085222,0.0,0.0,0.0,0.0,0.9999999979546621
2025-06-04,0.000974641779293961,480976.1807743319,235339.93013069202,0.4892964340808191,0.0,0.0,245636.24966899812,0.5107035638927983,0.0,0.0,0.0,0.0,0.9999999979736174
2025-06-05,0.000974641779293961,476225.87821001373,232920.9112567312,0.48909755205283906,0.0,0.0,243304.96597864074,0.5109024459005653,0.0,0.0,0.0,0.0,0.9999999979534044
2025-06-06,0.000974641779293961,482231.6047932029,235864.0002340144,0.48910937792051357,0.0,0.0,246367.6035845467,0.5108906200583793,0.0,0.0,0.0,0.0,0.9999999979788928
2025-06-09,0.000974641779293961,483579.46145206166,236882.16575248493,0.4898515851793834,0.0,0.0,246697.294724935,0.5101484128051428,0.0,0.0,0.0,0.0,0.9999999979845261
2025-06-10,0.000974641779293961,485275.1181570584,238491.2548333927,0.4914557658326209,0.0,0.0,246783.8623490239,0.5085442321589477,0.0,0.0,0.0,0.0,0.9999999979915687
2025-06-11,0.000974641779293961,485006.65971455455,238217.8366194581,0.4911640527980763,0.0,0.0,246788.82212045466,0.5088359451923806,0.0,0.0,0.0,0.0,0.9999999979904569
2025-06-12,0.000974641779293961,485648.25026053895,237987.75536881163,0.4900414142151995,0.0,0.0,247660.49391708555,0.5099585837779123,0.0,0.0,0.0,0.0,0.9999999979931118
2025-06-13,0.000974641779293961,476357.43672714237,232527.05816155457,0.4881356734118672,0.0,0.0,243830.37759094604,0.5118643245421025,0.0,0.0,0.0,0.0,0.9999999979539697
2025-06-16,0.000974641779293961,481588.76554304437,236111.8486030928,0.4902769032347561,0.0,0.0,245476.9159653098,0.5097230947414388,0.0,0.0,0.0,0.0,0.999999997976195
2025-06-17,0.000974641779293961,479800.21719753474,234884.9319732357,0.4895473648285847,0.0,0.0,244915.28424965727,0.5104526331400662,0.0,0.0,0.0,0.0,0.9999999979686508
2025-06-18,0.000974641779293961,479431.30829195515,234329.25139342368,0.4887650166783147,0.0,0.0,245102.05592388974,0.5112349812887732,0.0,0.0,0.0,0.0,0.9999999979670878
2025-06-20,0.000974641779293961,477744.21760458656,232828.51086643263,0.4873497203876934,0.0,0.0,244915.70576351217,0.5126502775722154,0.0,0.0,0.0,0.0,0.9999999979599088
2025-06-23,0.000974641779293961,486007.15672556846,237057.61354526598,0.48776568465045106,0.0,0.0,248949.5422056607,0.5122343133441427,0.0,0.0,0.0,0.0,0.9999999979945938
2025-06-24,0.000974641779293961,488987.6698981996,239255.22345362257,0.48928682292425113,0.0,0.0,249732.44546993528,0.5107131750825662,0.0,0.0,0.0,0.0,0.9999999980068173
2025-06-25,0.000974641779293961,483285.89201790106,237345.64522076206,0.4911081600784049,0.0,0.0,245940.24582249727,0.508891837904897,0.0,0.0,0.0,0.0,0.9999999979833019
2025-06-26,0.000974641779293961,485363.714620561,238581.63655910597,0.4915522717754459,0.0,0.0,246782.07708681325,0.5084477262164894,0.0,0.0,0.0,0.0,0.9999999979919353
2025-06-27,0.000974641779293961,487095.7511291449,239847.23617548382,0.4924026448998783,0.0,0.0,247248.5139790193,0.5075973530991973,0.0,0.0,0.0,0.0,0.9999999979990756
2025-06-30,0.000974641779293961,490405.89192504203,241176.46360761637,0.4917894902544929,0.0,0.0,249229.42734278386,0.5082105077580885,0.0,0.0,0.0,0.0,0.9999999980125814
2025-07-01,0.0020605643694580067,489807.34552888817,244903.12014299273,0.4999988717575259,0.0,0.0,244904.2233253311,0.5000011240355867,0.0,0.0,0.0,0.0,0.9999999957931126
2025-07-02,0.0020605643694580067,486824.9510692631,244904.3380146506,0.503064474153887,0.0,0.0,241920.61099404815,0.49693552161345333,0.0,0.0,0.0,0.0,0.9999999957673403
2025-07-03,0.0020605643694580067,490641.0082086,246488.65875294775,0.5023808744664716,0.0,0.0,244152.3473950879,0.49761912133378905,0.0,0.0,0.0,0.0,0.9999999958002607
2025-07-07,0.0020605643694580067,491290.4065325612,246319.9516024449,0.5013734205414809,0.0,0.0,244970.45286955193,0.4986265752643311,0.0,0.0,0.0,0.0,0.999999995805812
2025-07-08,0.0020605643694580067,495550.0917309737,248980.69193832416,0.502432944909012,0.0,0.0,246569.39773208517,0.49756705093285264,0.0,0.0,0.0,0.0,0.9999999958418646
2025-07-09,0.0020605643694580067,500818.95965811296,252154.61841173112,0.5034845697212941,0.0,0.0,248664.33918581746,0.49651542616431626,0.0,0.0,0.0,0.0,0.9999999958856103
2025-07-10,0.0020605643694580067,497559.5523696496,250878.96512470566,0.50421897023157,0.0,0.0,246680.58518437957,0.4957810256270878,0.0,0.0,0.0,0.0,0.9999999958586578
2025-07-11,0.0020605643694580067,494822.33293257176,249724.41351536562,0.5046749042941742,0.0,0.0,245097.9173566418,0.49532509154157495,0.0,0.0,0.0,0.0,0.9999999958357491
2025-07-14,0.0020605643694580067,499613.74894919153,251498.12915626582,0.5033851243790372,0.0,0.0,248115.61773236134,0.49661487149664807,0.0,0.0,0.0,0.0,0.9999999958756852
2025-07-15,0.0020605643694580067,496712.93993303797,250590.3457134733,0.5044973173987686,0.0,0.0,246122.5921590003,0.4955026784528307,0.0,0.0,0.0,0.0,0.9999999958515993
2025-07-16,0.0020605643694580067,502685.623444665,253283.0246715449,0.5038596945262072,0.0,0.0,249402.59671255574,0.49614030137468146,0.0,0.0,0.0,0.0,0.9999999959008886
2025-07-17,0.0020605643694580067,502250.7839813146,253504.04422502645,0.504735985109896,0.0,0.0,248746.7376957238,0.4952640107874436,0.0,0.0,0.0,0.0,0.9999999958973397
2025-07-18,0.0020605643694580067,502905.7469926881,253635.75064937127,0.5043405293458676,0.0,0.0,249269.99428275248,0.49565946655681525,0.0,0.0,0.0,0.0,0.9999999959026828
2025-07-21,0.0020605643694580067,503459.620538703,254154.44241163463,0.5048159416234589,0.0,0.0,249305.176066504,0.4951840542837316,0.0,0.0,0.0,0.0,0.9999999959071905
2025-07-22,0.0020605643694580067,502764.6609195913,252965.6465185319,0.5031492190716831,0.0,0.0,249799.0123404951,0.49685077682985007,0.0,0.0,0.0,0.0,0.999999995901533
2025-07-23,0.0020605643694580067,503022.43748519337,253830.05723276318,0.5046098112477035,0.0,0.0,249192.37819186584,0.49539018465592977,0.0,0.0,0.0,0.0,0.9999999959036333
2025-07-24,0.0020605643694580067,501471.724839104,252940.21171906064,0.5043957599009513,0.0,0.0,248531.511059479,0.4956042359900147,0.0,0.0,0.0,0.0,0.999999995890966
2025-07-25,0.0020605643694580067,505393.5299019663,255084.02076136836,0.5047235583147419,0.0,0.0,250309.50708003357,0.4952764376081098,0.0,0.0,0.0,0.0,0.9999999959228517
2025-07-28,0.0020605643694580067,505803.9855875632,256335.10810509382,0.5067874421893378,0.0,0.0,249468.87542190502,0.49321255373682255,0.0,0.0,0.0,0.0,0.9999999959261603
2025-07-29,0.0020605643694580067,508014.70892722753,256456.13555801913,0.5048202956555656,0.0,0.0,251558.57130864402,0.4951797002883227,0.0,0.0,0.0,0.0,0.9999999959438884
2025-07-30,0.0020605643694580067,505674.420471519,255358.51991477673,0.5049860336551456,0.0,0.0,250315.8984961779,0.49501396226997085,0.0,0.0,0.0,0.0,0.9999999959251165
2025-07-31,0.0020605643694580067,504769.96355095506,255100.04823717577,0.50537881937863,0.0,0.0,249669.9132532149,0.49462117653918497,0.0,0.0,0.0,0.0,0.9999999959178151
2025-08-01,0.0020605643694580067,506758.2304447249,255237.14953238305,0.503666510375944,0.0,0.0,251521.07885177748,0.4963334855578875,0.0,0.0,0.0,0.0,0.9999999959338315
2025-08-04,0.0020605643694580067,502243.0893807191,253700.55391099933,0.5051349819941171,0.0,0.0,248542.53340915547,0.49486501390315973,0.0,0.0,0.0,0.0,0.9999999958972768
2025-08-05,0.0020605643694580067,496106.9444717512,250613.7438641727,0.505160725236417,0.0,0.0,245493.19854701415,0.4948392706101149,0.0,0.0,0.0,0.0,0.999999995846532
2025-08-06,0.0020605643694580067,502127.46958920435,253991.98686196044,0.5058316906457118,0.0,0.0,248135.48066667956,0.49416830525062044,0.0,0.0,0.0,0.0,0.9999999958963322
2025-08-07,0.0020605643694580067,497839.9801371597,251624.6510560956,0.505432791851652,0.0,0.0,246215.32702049974,0.4945672040093386,0.0,0.0,0.0,0.0,0.9999999958609906
2025-08-08,0.0020605643694580067,499385.0084196221,253101.97308957097,0.506827335266931,0.0,0.0,246283.0332694868,0.4931726606068652,0.0,0.0,0.0,0.0,0.9999999958737962
2025-08-11,0.0020605643694580067,501184.19053228723,254047.61313779076,0.5068947064510897,0.0,0.0,247136.5753339321,0.49310528943751886,0.0,0.0,0.0,0.0,0.9999999958886087
2025-08-12,0.0020605643694580067,505911.60712268087,257495.01902321968,0.5089723489201909,0.0,0.0,248416.58603889684,0.491027647006836,0.0,0.0,0.0,0.0,0.9999999959270269
2025-08-13,0.0020605643694580067,508650.14564467804,258873.7071348681,0.5089425597367401,0.0,0.0,249776.43644924555,0.49105743621221537,0.0,0.0,0.0,0.0,0.9999999959489555
2025-08-14,0.0020605643694580067,505480.41635790456,257633.00506877975,0.5096794984167362,0.0,0.0,247847.40922856046,0.4903204975068164,0.0,0.0,0.0,0.0,0.9999999959235526
2025-08-15,0.0020605643694580067,507477.06002663856,257947.2826190646,0.5082934834641085,0.0,0.0,249529.77534700965,0.49170651247548275,0.0,0.0,0.0,0.0,0.9999999959395911
2025-08-18,0.0020605643694580067,505863.2208987974,257187.8885046724,0.5084138911061993,0.0,0.0,248675.33033356065,0.49158610482043813,0.0,0.0,0.0,0.0,0.9999999959266374
2025-08-19,0.0020605643694580067,509031.01896357624,257571.20179566482,0.5060029589554254,0.0,0.0,251459.81510734707,0.4939970369965613,0.0,0.0,0.0,0.0,0.9999999959519866
2025-08-20,0.0020605643694580067,509126.80516860436,256700.39242991997,0.5041973626686383,0.0,0.0,252426.41067812007,0.49580263328411,0.0,0.0,0.0,0.0,0.9999999959527482
2025-08-21,0.0020605643694580067,506231.09932392184,255175.74435281998,0.5040696723168736,0.0,0.0,251055.35291053753,0.49593032361272393,0.0,0.0,0.0,0.0,0.9999999959295974
2025-08-22,0.0020605643694580067,514335.4344214675,260897.0495395698,0.5072507785372222,0.0,0.0,253438.3828213333,0.4927492174565121,0.0,0.0,0.0,0.0,0.9999999959937345
2025-08-25,0.0020605643694580067,506677.11123072274,257526.0042792388,0.5082645309430025,0.0,0.0,249151.10489091955,0.49173546499017795,0.0,0.0,0.0,0.0,0.9999999959331806
2025-08-26,0.0020605643694580067,509631.65713439777,259479.9566457493,0.5091519590929188,0.0,0.0,250151.6984280841,0.49084803686383877,0.0,0.0,0.0,0.0,0.9999999959567576
2025-08-27,0.0020605643694580067,509826.56511327985,259245.07615119367,0.5084966023565117,0.0,0.0,250581.4869015218,0.49150339360179157,0.0,0.0,0.0,0.0,0.9999999959583032
2025-08-28,0.0020605643694580067,509706.948250069,259453.4243297043,0.5090246958972453,0.0,0.0,250253.52185980033,0.4909753000601095,0.0,0.0,0.0,0.0,0.9999999959573548
2025-08-29,0.0020605643694580067,507488.39936117444,257518.47526203163,0.5074371662213274,0.0,0.0,249969.9220385785,0.4925628297183546,0.0,0.0,0.0,0.0,0.9999999959396819
2025-09-02,0.0020605643694580067,506037.1700239338,256204.34261303267,0.5062955011801111,0.0,0.0,249832.8253503368,0.49370449474792644,0.0,0.0,0.0,0.0,0.9999999959280376
2025-09-03,0.0020605643694580067,512643.34782605025,260216.42670279858,0.5075973926245017,0.0,0.0,252426.91906268735,0.4924026033560093,0.0,0.0,0.0,0.0,0.9999999959805109
2025-09-04,0.0020605643694580067,513364.91233405506,261502.20391611822,0.5093885414318196,0.0,0.0,251862.7063573725,0.49061145455434096,0.0,0.0,0.0,0.0,0.9999999959861605
2025-09-05,0.0020605643694580067,512616.3295749635,260671.06719457443,0.5085110484301392,0.0,0.0,251945.2603198247,0.49148894755015987,0.0,0.0,0.0,0.0,0.9999999959802991
2025-09-08,0.0020605643694580067,513398.52907685156,261291.50000902588,0.508944777225711,0.0,0.0,252107.02700726132,0.49105521876071245,0.0,0.0,0.0,0.0,0.9999999959864233
2025-09-09,0.0020605643694580067,510856.28283708607,259962.1303234229,0.5088752728648064,0.0,0.0,250894.15045309882,0.49112472310164357,0.0,0.0,0.0,0.0,0.9999999959664501
2025-09-10,0.0020605643694580067,509033.50476865494,259423.07531731413,0.50963850687042,0.0,0.0,249610.42739077646,0.49036148908158644,0.0,0.0,0.0,0.0,0.9999999959520064
2025-09-11,0.0020605643694580067,514676.345823396,262053.3144674464,0.509161372178869,0.0,0.0,252623.02929538523,0.4908386238175191,0.0,0.0,0.0,0.0,0.9999999959963881
2025-09-12,0.0020605643694580067,511212.1719103112,260822.35028044647,0.5102037169924937,0.0,0.0,250389.81956930037,0.48979627897676425,0.0,0.0,0.0,0.0,0.999999995969258
2025-09-15,0.0020605643694580067,512837.0339371406,262469.12480884104,0.5117983051922346,0.0,0.0,250367.90706773518,0.48820169078979436,0.0,0.0,0.0,0.0,0.9999999959820289
2025-09-16,0.0020605643694580067,510644.99572866806,261756.892501886,0.5126005242220584,0.0,0.0,248888.1011662177,0.4873994717427227,0.0,0.0,0.0,0.0,0.9999999959647811
2025-09-17,0.0020605643694580067,509111.27815980813,260676.68775429417,0.5120230074189571,0.0,0.0,248434.5883449496,0.48797698853366767,0.0,0.0,0.0,0.0,0.9999999959526248
2025-09-18,0.0020605643694580067,512117.8144820352,262525.8015891143,0.5126277472980264,0.0,0.0,249592.01083235652,0.4873722486783597,0.0,0.0,0.0,0.0,0.9999999959763861
2025-09-19,0.0020605643694580067,517152.0456883309,265363.2505051769,0.5131242401873856,0.0,0.0,251788.79312258968,0.48687575582816855,0.0,0.0,0.0,0.0,0.9999999960155541
2025-09-22,0.0020605643694580067,519412.84906444326,267103.5775206605,0.5142413746632615,0.0,0.0,252309.26948321846,0.4857586213696354,0.0,0.0,0.0,0.0,0.9999999960328968
2025-09-23,0.0020605643694580067,517399.7757472925,265185.0361310566,0.5125341149366439,0.0,0.0,252214.73755567154,0.4874658810808179,0.0,0.0,0.0,0.0,0.9999999960174618
2025-09-24,0.0020605643694580067,516140.5508260981,264063.4638886321,0.511611543534006,0.0,0.0,252077.08487690162,0.4883884524737397,0.0,0.0,0.0,0.0,0.9999999960077457
2025-09-25,0.0020605643694580067,517389.84824063006,264853.2037539897,0.5119025907729263,0.0,0.0,252536.642426076,0.4880974052444591,0.0,0.0,0.0,0.0,0.9999999960173854
2025-09-26,0.0020605643694580067,525591.5293242934,268642.81291333766,0.5111247003137741,0.0,0.0,256948.71435039135,0.48887529576575867,0.0,0.0,0.0,0.0,0.9999999960795328
2025-09-29,0.0020605643694580067,525536.8591428138,268882.2339968248,0.5116334455310898,0.0,0.0,256654.62308542465,0.48836655054803524,0.0,0.0,0.0,0.0,0.9999999960791249
2025-09-30,0.0020605643694580067,525396.1942529663,269001.1488899122,0.5119967594595751,0.0,0.0,256395.0433024898,0.48800323661850015,0.0,0.0,0.0,0.0,0.9999999960780752
2025-10-01,0.0020605643694580067,524671.2833728838,269764.38389412826,0.5141588503947275,0.0,0.0,254906.89741819113,0.48584114567792885,0.0,0.0,0.0,0.0,0.9999999960726565
2025-10-02,0.0020605643694580067,521769.424065005,268810.23935007176,0.51518971206826,0.0,0.0,252959.18265436887,0.4848102839825543,0.0,0.0,0.0,0.0,0.9999999960508142
2025-10-03,0.0020605643694580067,523011.75897171954,269083.3503888909,0.5144881463428834,0.0,0.0,253928.40652226427,0.48551184971731154,0.0,0.0,0.0,0.0,0.999999996060195
2025-10-06,0.0020605643694580067,532024.5993554677,274047.9169445023,0.5151038453419323,0.0,0.0,257976.68035040103,0.48489615078500553,0.0,0.0,0.0,0.0,0.9999999961269378
2025-10-07,0.0020605643694580067,533639.8345474661,273976.75966532266,0.5134113721057925,0.0,0.0,259663.07282157915,0.4865886240328685,0.0,0.0,0.0,0.0,0.9999999961386609
2025-10-08,0.0020605643694580067,541514.747626713,278356.8362850279,0.5140337128489619,0.0,0.0,263157.90928112075,0.485966283345852,0.0,0.0,0.0,0.0,0.999999996194814
2025-10-09,0.0020605643694580067,540924.5604007328,278200.9712451503,0.5143064146302598,0.0,0.0,262723.5870950181,0.4856935815604024,0.0,0.0,0.0,0.0,0.9999999961906623
2025-10-10,0.0020605643694580067,532688.3287862259,271943.37602823647,0.5105112339290064,0.0,0.0,260744.9506974251,0.4894887622027573,0.0,0.0,0.0,0.0,0.9999999961317637
2025-10-13,0.0020605643694580067,532969.1157516964,272973.8733623514,0.51217578147535,0.0,0.0,259995.24032878072,0.48782421465845166,0.0,0.0,0.0,0.0,0.9999999961338016
2025-10-14,0.0020605643694580067,535668.0082399837,273865.31392379344,0.5112594176075931,0.0,0.0,261802.69225562597,0.4887405785456879,0.0,0.0,0.0,0.0,0.999999996153281
2025-10-15,0.0020605643694580067,532919.5946596176,273562.6133926706,0.5133281195400563,0.0,0.0,259356.9792063827,0.48667187659338595,0.0,0.0,0.0,0.0,0.9999999961334424
2025-10-16,0.0020605643694580067,525746.3667500751,270202.3721260736,0.5139405409424733,0.0,0.0,255543.99256343726,0.4860594551382142,0.0,0.0,0.0,0.0,0.9999999960806875
2025-10-17,0.0020605643694580067,526394.7126420274,270308.74807207315,0.5135096185054114,0.0,0.0,256085.9625093899,0.48649037758010333,0.0,0.0,0.0,0.0,0.9999999960855147
2025-10-20,0.0020605643694580067,533681.9606219148,274732.85908395366,0.514787606393515,0.0,0.0,258949.09947739684,0.4852123897454508,0.0,0.0,0.0,0.0,0.9999999961389657
2025-10-21,0.0020605643694580067,534266.9152809231,275233.20824180526,0.5151604944451497,0.0,0.0,259033.7049785535,0.4848395016980433,0.0,0.0,0.0,0.0,0.999999996143193
2025-10-22,0.0020605643694580067,536284.739212287,275466.32355307543,0.5136568382641087,0.0,0.0,260818.41359864717,0.48634315789359583,0.0,0.0,0.0,0.0,0.9999999961577046
2025-10-23,0.0020605643694580067,537564.8511865626,277330.65845915757,0.5159017704505937,0.0,0.0,260234.19066684062,0.4840982257162606,0.0,0.0,0.0,0.0,0.9999999961668544
2025-10-24,0.0020605643694580067,541144.7150510756,279607.00313148863,0.5166954335035835,0.0,0.0,261537.70985902264,0.48330456268862865,0.0,0.0,0.0,0.0,0.999999996192212
2025-10-27,0.0020605643694580067,547271.1198655675,283753.09917966387,0.518487252258744,0.0,0.0,263518.01862533926,0.48151274397609395,0.0,0.0,0.0,0.0,0.9999999962348382
2025-10-28,0.0020605643694580067,543942.2309666806,282997.98351971223,0.5202721307679591,0.0,0.0,260944.24538640399,0.47972786544383655,0.0,0.0,0.0,0.0,0.9999999962117956
2025-10-29,0.0020605643694580067,536100.2795985092,280072.9714915935,0.5224264604027868,0.0,0.0,256027.30604635132,0.4775735357535958,0.0,0.0,0.0,0.0,0.9999999961563826
2025-10-30,0.0020605643694580067,537852.8552764138,279599.4297137228,0.519843721141967,0.0,0.0,258253.42350212668,0.4801562750269399,0.0,0.0,0.0,0.0,0.9999999961689069
2025-10-31,0.0020605643694580067,541261.0628248594,281183.1050181629,0.5194962732967692,0.0,0.0,260077.95574613207,0.4805037228962612,0.0,0.0,0.0,0.0,0.9999999961930305
2025-11-03,0.0020605643694580067,540694.3077786354,281320.27417919086,0.5202944993723989,0.0,0.0,259374.0315388802,0.4797054968166412,0.0,0.0,0.0,0.0,0.99999999618904
2025-11-04,0.0020605643694580067,538768.6976729907,279183.80911503517,0.5181886221691514,0.0,0.0,259584.8864973912,0.4818113740062679,0.0,0.0,0.0,0.0,0.9999999961754193
2025-11-05,0.0020605643694580067,537970.736843261,279112.9340206437,0.5188254953390966,0.0,0.0,258857.80076205306,0.4811745008306499,0.0,0.0,0.0,0.0,0.9999999961697464
2025-11-06,0.0020605643694580067,535177.2398549014,277154.1140044109,0.5178735068769995,0.0,0.0,258023.12378992615,0.4821264892727538,0.0,0.0,0.0,0.0,0.9999999961497534
2025-11-07,0.0020605643694580067,532987.1674063163,275045.0128932131,0.5160443434907991,0.0,0.0,257942.15245253887,0.48395565264313356,0.0,0.0,0.0,0.0,0.9999999961339325
2025-11-10,0.0020605643694580067,540996.6474174411,280473.1164008431,0.5184378086994424,0.0,0.0,260523.52895603373,0.4815621874917274,0.0,0.0,0.0,0.0,0.9999999961911699
2025-11-11,0.0020605643694580067,545572.9553818324,281948.2066965931,0.5167928577017987,0.0,0.0,263624.74662467494,0.4832071385213198,0.0,0.0,0.0,0.0,0.9999999962231186
2025-11-12,0.0020605643694580067,546750.8524842992,282521.0178437416,0.5167271647772229,0.0,0.0,264229.8325799933,0.48327283145403244,0.0,0.0,0.0,0.0,0.9999999962312554
2025-11-13,0.0020605643694580067,544728.2733475411,280666.93750171526,0.5152420963518585,0.0,0.0,264061.3337852615,0.4847578998654035,0.0,0.0,0.0,0.0,0.999999996217262
2025-11-14,0.0020605643694580067,543936.1843625887,279759.01976153924,0.5143232382846062,0.0,0.0,264177.1625404851,0.4856767579271472,0.0,0.0,0.0,0.0,0.9999999962117535
2025-11-17,0.0020605643694580067,539429.7540087363,276708.2921933217,0.5129644594814847,0.0,0.0,262721.4597548503,0.48703553669862154,0.0,0.0,0.0,0.0,0.9999999961801063
2025-11-18,0.0020605643694580067,539883.2117466333,276133.30742998136,0.5114685943588305,0.0,0.0,263749.9022560876,0.4885314018244842,0.0,0.0,0.0,0.0,0.9999999961833146
2025-11-19,0.0020605643694580067,540469.7934240008,277606.8378597809,0.5136398763399477,0.0,0.0,262862.9535036557,0.4863601198475094,0.0,0.0,0.0,0.0,0.9999999961874569
2025-11-20,0.0020605643694580067,540428.924910864,276691.68453064765,0.5119853356781079,0.0,0.0,263737.2383196519,0.48801466050906067,0.0,0.0,0.0,0.0,0.9999999961871686
2025-11-21,0.0020605643694580067,548618.0483287293,281193.6505995926,0.512549033806308,0.0,0.0,267424.3956685724,0.48745096243777414,0.0,0.0,0.0,0.0,0.9999999962440821
2025-11-24,0.0020605643694580067,548467.4182719014,282456.0251009235,0.514991439219634,0.0,0.0,266011.39111041365,0.4850085570234167,0.0,0.0,0.0,0.0,0.9999999962430506
2025-11-25,0.0020605643694580067,555708.7695960357,286282.6944102913,0.5151667745290403,0.0,0.0,269426.07312518003,0.4848332217629665,0.0,0.0,0.0,0.0,0.9999999962920068
2025-11-26,0.0020605643694580067,555897.9842080128,286952.41676468006,0.5161961815233074,0.0,0.0,268945.56538276846,0.4838038147699616,0.0,0.0,0.0,0.0,0.9999999962932689
2025-11-28,0.0020605643694580067,558328.645042457,288128.001961348,0.516054486044573,0.0,0.0,270200.6410205447,0.483945510264833,0.0,0.0,0.0,0.0,0.999999996309406
2025-12-01,0.0020605643694580067,554284.2549706922,286876.6364531364,0.5175623046848138,0.0,0.0,267407.6164569914,0.48243769159766337,0.0,0.0,0.0,0.0,0.9999999962824772
2025-12-02,0.0020605643694580067,553304.1363934777,287294.43033816415,0.5192341994961286,0.0,0.0,266009.7039947492,0.4807657967797634,0.0,0.0,0.0,0.0,0.999999996275892
2025-12-03,0.0020605643694580067,556041.6892232465,288756.7783632986,0.5193077856566344,0.0,0.0,267284.90879938356,0.4806922106375925,0.0,0.0,0.0,0.0,0.9999999962942269
2025-12-04,0.0020605643694580067,553549.4466974376,287690.4351002669,0.5197194881445062,0.0,0.0,265859.00953660626,0.480280508133036,0.0,0.0,0.0,0.0,0.9999999962775424
2025-12-05,0.0020605643694580067,554564.4372981283,288448.45703188825,0.5201351504565037,0.0,0.0,266115.97820567567,0.4798648458278517,0.0,0.0,0.0,0.0,0.9999999962843554
2025-12-08,0.0020605643694580067,551578.8553205687,287067.1678202281,0.5204462880532092,0.0,0.0,264511.6854397762,0.47955370821103416,0.0,0.0,0.0,0.0,0.9999999962642434
2025-12-09,0.0020605643694580067,552515.2786383898,287795.4634314331,0.5208823620962516,0.0,0.0,264719.8131463923,0.47911763417432324,0.0,0.0,0.0,0.0,0.9999999962705749
2025-12-10,0.0020605643694580067,557965.8654178426,290988.6889284264,0.5215170084114633,0.0,0.0,266977.1744288519,0.4784829878955433,0.0,0.0,0.0,0.0,0.9999999963070064
2025-12-11,0.0020605643694580067,558891.0325376986,291465.77063416364,0.5215073308847615,0.0,0.0,267425.2598429707,0.4784926654283582,0.0,0.0,0.0,0.0,0.9999999963131196
2025-12-12,0.0020605643694580067,555862.7122687033,288876.68623937987,0.5196907075496319,0.0,0.0,266986.023968759,0.4803092887434017,0.0,0.0,0.0,0.0,0.9999999962930337
2025-12-15,0.0020605643694580067,557666.6577475282,289733.9142821247,0.519546776298926,0.0,0.0,267932.74140483903,0.48045322000609897,0.0,0.0,0.0,0.0,0.999999996305025
2025-12-16,0.0020605643694580067,551340.225908781,286824.76814993174,0.5202318907116833,0.0,0.0,264515.4556982849,0.4797681055509431,0.0,0.0,0.0,0.0,0.9999999962626265
2025-12-17,0.0020605643694580067,548050.2413182675,283741.8858122371,0.5177296977914485,0.0,0.0,264308.3534454661,0.48227029844874225,0.0,0.0,0.0,0.0,0.9999999962401908
2025-12-18,0.0020605643694580067,552862.5012135545,287103.20311202924,0.5193030861775335,0.0,0.0,265759.29604096094,0.4806969100953836,0.0,0.0,0.0,0.0,0.9999999962729171
2025-12-19,0.0020605643694580067,555505.2958977335,288825.4502142807,0.5199328473503021,0.0,0.0,266679.8436228885,0.4800671489403465,0.0,0.0,0.0,0.0,0.9999999962906486
2025-12-22,0.0020605643694580067,566235.2343388685,294221.4801204229,0.5196099823493913,0.0,0.0,272013.7521578813,0.4803900140115481,0.0,0.0,0.0,0.0,0.9999999963609394
2025-12-23,0.0020605643694580067,563847.8371492017,293155.31747777923,0.5199192018895807,0.0,0.0,270692.5176108581,0.4800807944559504,0.0,0.0,0.0,0.0,0.9999999963455312
2025-12-24,0.0020605643694580067,563448.6042430261,293055.5600032758,0.5201105438835648,0.0,0.0,270393.04217918596,0.4798894524593769,0.0,0.0,0.0,0.0,0.9999999963429418
2025-12-26,0.0020605643694580067,563310.3273499071,292952.452146664,0.5200551772676679,0.0,0.0,270357.8731426787,0.479944819074376,0.0,0.0,0.0,0.0,0.9999999963420441
2025-12-29,0.0020605643694580067,563768.2647100653,292878.32274723833,0.5195012580175291,0.0,0.0,270889.93990226265,0.4804987383274862,0.0,0.0,0.0,0.0,0.9999999963450154
2025-12-30,0.0020605643694580067,561223.2809738676,291453.37074105255,0.5193180336982912,0.0,0.0,269769.9081722507,0.48068196263014984,0.0,0.0,0.0,0.0,0.999999996328441
2025-12-31,0.0020605643694580067,558250.6965059923,290039.3924018179,0.51955043534586,0.0,0.0,268211.30204361014,0.48044956096303076,0.0,0.0,0.0,0.0,0.9999999963088907
2026-01-02,0.005774064386059763,558657.183675185,279866.8314713011,0.5009634524524821,0.0,0.0,278790.3464298196,0.49903653721190516,0.0,0.0,0.0,0.0,0.9999999896643872
2026-01-05,0.005774064386059763,563420.981971036,283128.10170111194,0.5025160772512139,0.0,0.0,280292.87449585967,0.4974839125005622,0.0,0.0,0.0,0.0,0.9999999897517762
2026-01-06,0.005774064386059763,566183.5612456346,284902.5315346352,0.5031981693495908,0.0,0.0,281281.02393693494,0.49680182045218946,0.0,0.0,0.0,0.0,0.9999999898017803
2026-01-07,0.005774064386059763,563901.1127032413,283624.2401343506,0.5029680448309574,0.0,0.0,280276.8667948264,0.4970319449295447,0.0,0.0,0.0,0.0,0.999999989760502
2026-01-08,0.005774064386059763,565771.2589532455,284391.00519279245,0.5026607497152734,0.0,0.0,281380.2479863887,0.49733924007907504,0.0,0.0,0.0,0.0,0.9999999897943485
2026-01-09,0.005774064386059763,569001.2859646409,286995.9382312195,0.5043853947441765,0.0,0.0,282005.341959357,0.4956145951081058,0.0,0.0,0.0,0.0,0.9999999898522824
2026-01-12,0.005774064386059763,574491.5923742446,289544.25973531295,0.5040008654237943,0.0,0.0,284947.32686486724,0.4959991245254678,0.0,0.0,0.0,0.0,0.9999999899492622
2026-01-13,0.005774064386059763,571167.614413894,288254.4440046367,0.5046757496928992,0.0,0.0,282913.16463519295,0.49532424019787163,0.0,0.0,0.0,0.0,0.9999999898907708
2026-01-14,0.005774064386059763,575226.0727085605,289118.3327015995,0.5026168778133288,0.0,0.0,286107.73423289665,0.49738311214876685,0.0,0.0,0.0,0.0,0.9999999899620956
2026-01-15,0.005774064386059763,573517.4105270993,288956.664458913,0.503832419304138,0.0,0.0,284560.740294122,0.496167570628052,0.0,0.0,0.0,0.0,0.99999998993219
2026-01-16,0.005774064386059763,573481.9175402019,289054.65387358353,0.5040344691484023,0.0,0.0,284427.25789255404,0.4959655207831645,0.0,0.0,0.0,0.0,0.9999999899315669
2026-01-20,0.005774064386059763,564173.2657206777,282930.9930633194,0.5014966327798287,0.0,0.0,281242.2668832939,0.4985033569856127,0.0,0.0,0.0,0.0,0.9999999897654415
2026-01-21,0.005774064386059763,569772.3190744718,286363.72604522534,0.502593257795306,0.0,0.0,283408.5872551821,0.49740673207070857,0.0,0.0,0.0,0.0,0.9999999898660147
2026-01-22,0.005774064386059763,572972.8456201871,287833.5681243713,0.5023511503635387,0.0,0.0,285139.27172175143,0.49764883955908246,0.0,0.0,0.0,0.0,0.9999999899226213
2026-01-23,0.005774064386059763,573628.1190248474,287986.3574662906,0.5020436549656243,0.0,0.0,285641.7557844925,0.49795633496850866,0.0,0.0,0.0,0.0,0.999999989934133
2026-01-26,0.005774064386059763,564905.2133676857,283387.40728461824,0.5016547919520915,0.0,0.0,281517.8003090031,0.4983451978266108,0.0,0.0,0.0,0.0,0.9999999897787023
2026-01-27,0.005774064386059763,561893.779641146,282438.7960234427,0.5026551392041082,0.0,0.0,279454.97784363886,0.4973448505198137,0.0,0.0,0.0,0.0,0.9999999897239219
2026-01-28,0.005774064386059763,554723.7091364947,279170.5258193861,0.5032604902609161,0.0,0.0,275553.1775430442,0.49673949933018263,0.0,0.0,0.0,0.0,0.9999999895910987
2026-01-29,0.005774064386059763,556312.5928498053,280993.0188378777,0.5050991518966765,0.0,0.0,275319.5682378632,0.49490083772415105,0.0,0.0,0.0,0.0,0.9999999896208276
2026-01-30,0.005774064386059763,554268.8391971019,277928.7295601971,0.501433077065629,0.0,0.0,276340.10386284045,0.4985669125169275,0.0,0.0,0.0,0.0,0.9999999895825564
2026-02-02,0.005774064386059763,564623.549971514,283453.147631667,0.502021475452038,0.0,0.0,281170.39656578266,0.4979785143215653,0.0,0.0,0.0,0.0,0.9999999897736034
2026-02-03,0.005774064386059763,560735.4528015064,280604.6749286418,0.5004225674098273,0.0,0.0,280130.77209880017,0.49957742229286706,0.0,0.0,0.0,0.0,0.9999999897026943
2026-02-04,0.005774064386059763,563108.657741082,281596.4968342416,0.5000748842396949,0.0,0.0,281512.1551327761,0.4999251055063972,0.0,0.0,0.0,0.0,0.999999989746092
2026-02-05,0.005774064386059763,563205.5088765508,280269.3055102774,0.49763239366983836,0.0,0.0,282936.1975922091,0.502367596078017,0.0,0.0,0.0,0.0,0.9999999897478553
2026-02-06,0.005774064386059763,572188.0167639608,286215.92208928894,0.5002130658170684,0.0,0.0,285972.0889006076,0.49978692409173064,0.0,0.0,0.0,0.0,0.9999999899087989
2026-02-09,0.005774064386059763,574028.339828566,287605.4554221981,0.5010300632684647,0.0,0.0,286422.8786323035,0.49896992667268647,0.0,0.0,0.0,0.0,0.9999999899411511
2026-02-10,0.005774064386059763,569484.0072390646,284997.6795045073,0.5004489606059608,0.0,0.0,284486.3219604929,0.4995510292549233,0.0,0.0,0.0,0.0,0.9999999898608841
2026-02-11,0.005774064386059763,563994.5409718509,282221.26965632197,0.5003971654938548,0.0,0.0,281773.26554146456,0.4996028242683433,0.0,0.0,0.0,0.0,0.9999999897621982
2026-02-12,0.005774064386059763,552930.0089416213,275814.6064398335,0.49882372448508966,0.0,0.0,277115.3967277235,0.5011762650722427,0.0,0.0,0.0,0.0,0.9999999895573323
2026-02-13,0.005774064386059763,555600.1724756787,276392.0717067026,0.4974657773685295,0.0,0.0,279208.0949949118,0.5025342122389893,0.0,0.0,0.0,0.0,0.9999999896075188
2026-02-17,0.005774064386059763,558118.5631572552,278491.9835119601,0.4989835527715503,0.0,0.0,279626.5738712307,0.5010164368828622,0.0,0.0,0.0,0.0,0.9999999896544126
2026-02-18,0.005774064386059763,558716.0763288097,279374.1670998712,0.5000288678564117,0.0,0.0,279341.9034548742,0.499971121809065,0.0,0.0,0.0,0.0,0.9999999896654767
2026-02-19,0.005774064386059763,563769.7283035485,281552.80072440434,0.4994109945768654,0.0,0.0,282216.9218050798,0.5005889951812502,0.0,0.0,0.0,0.0,0.9999999897581157
2026-02-20,0.005774064386059763,567776.007444902,284294.482219101,0.5007159134787664,0.0,0.0,283481.5194517366,0.4992840763516168,0.0,0.0,0.0,0.0,0.9999999898303833
2026-02-23,0.005774064386059763,560681.364951474,279843.14705549245,0.4991126235838289,0.0,0.0,280838.21212191717,0.500887366117872,0.0,0.0,0.0,0.0,0.999999989701701
2026-02-24,0.005774064386059763,565860.0103757664,282750.29744551476,0.49968241660645163,0.0,0.0,283109.70715618733,0.5003175731894975,0.0,0.0,0.0,0.0,0.9999999897959491
2026-02-25,0.005774064386059763,572543.2996873603,287094.9411901598,0.5014379547309858,0.0,0.0,285448.3527231361,0.49856203518407494,0.0,0.0,0.0,0.0,0.9999999899150609
2026-02-26,0.005774064386059763,573965.5091285292,286774.11928530765,0.4996365020621644,0.0,0.0,287191.3840691573,0.5003634878778856,0.0,0.0,0.0,0.0,0.99999998994005
2026-02-27,0.005774064386059763,575786.2823690193,286231.8936853902,0.49711481924806467,0.0,0.0,289554.38290956477,0.5028851707237971,0.0,0.0,0.0,0.0,0.9999999899718619
2026-03-02,0.005774064386059763,577711.3200941875,287105.74083342834,0.4969709452579532,0.0,0.0,290605.57348669483,0.5030290447473242,0.0,0.0,0.0,0.0,0.9999999900052775
2026-03-03,0.005774064386059763,575535.6976593883,285176.2649807398,0.4954970927789642,0.0,0.0,290359.4269045841,0.5045028971885315,0.0,0.0,0.0,0.0,0.9999999899674957
2026-03-04,0.005774064386059763,579500.1979982,287738.5076007517,0.4965287476944839,0.0,0.0,291761.684623384,0.5034712423416466,0.0,0.0,0.0,0.0,0.9999999900361305
2026-03-05,0.005774064386059763,572481.773513241,283820.9296890165,0.49577286617746263,0.0,0.0,288660.83805016015,0.5042271237365143,0.0,0.0,0.0,0.0,0.999999989913977
2026-03-06,0.005774064386059763,569747.4760616638,280552.22708986036,0.49241504153586835,0.0,0.0,289195.2431977391,0.5075849483297044,0.0,0.0,0.0,0.0,0.9999999898655728
2026-03-09,0.005774064386059763,575858.5639846986,285054.05314942397,0.49500705724851957,0.0,0.0,290804.5050612103,0.5049929327246011,0.0,0.0,0.0,0.0,0.9999999899731207
2026-03-10,0.005774064386059763,570986.8402695023,283403.80087141413,0.49634033726179977,0.0,0.0,287583.0336240238,0.5036596526257704,0.0,0.0,0.0,0.0,0.9999999898875702
2026-03-11,0.005774064386059763,569370.1987183023,282804.14183669223,0.4966964243532712,0.0,0.0,286566.0511075458,0.5033035655055864,0.0,0.0,0.0,0.0,0.9999999898588575
2026-03-12,0.005774064386059763,566825.5967811946,279817.0611960893,0.4936563605897001,0.0,0.0,287008.52981104085,0.5063436292236315,0.0,0.0,0.0,0.0,0.9999999898133317
2026-03-13,0.005774064386059763,566007.1562957744,278520.35992598644,0.4920792198967216,0.0,0.0,287486.79059572355,0.5079207699018802,0.0,0.0,0.0,0.0,0.9999999897986018
2026-03-16,0.005774064386059763,571639.4475892232,281771.3859277632,0.492918022218513,0.0,0.0,289868.0558873956,0.5070819676806019,0.0,0.0,0.0,0.0,0.999999989899115
2026-03-17,0.005774064386059763,569958.7543730283,281411.21774305974,0.49373961814591394,0.0,0.0,288547.5308559043,0.5062603717234156,0.0,0.0,0.0,0.0,0.9999999898693295
2026-03-18,0.005774064386059763,560339.6963038585,277032.4220800747,0.4944008498906114,0.0,0.0,283307.2684497194,0.5055991398048101,0.0,0.0,0.0,0.0,0.9999999896954216
2026-03-19,0.005774064386059763,563081.4066156578,278798.70292204176,0.49513036595850735,0.0,0.0,284282.6979195518,0.5048696237870886,0.0,0.0,0.0,0.0,0.9999999897455958
2026-03-20,0.005774064386059763,550395.8284288694,272242.8266067113,0.4946309774618772,0.0,0.0,278152.9960480937,0.505369012047374,0.0,0.0,0.0,0.0,0.9999999895092513
2026-03-23,0.005774064386059763,559153.4310968089,277447.97026957996,0.4961929138579212,0.0,0.0,281705.4550531646,0.5038070758156389,0.0,0.0,0.0,0.0,0.9999999896735601
2026-03-24,0.005774064386059763,554216.6790297969,275207.04921219824,0.49656940980912273,0.0,0.0,279009.62404353434,0.5034305797724534,0.0,0.0,0.0,0.0,0.999999989581576
2026-03-25,0.005774064386059763,557190.3688932302,276791.3042683611,0.4967625424290138,0.0,0.0,280399.05885080475,0.5032374472081647,0.0,0.0,0.0,0.0,0.9999999896371785
2026-03-26,0.005774064386059763,552567.2161620444,272268.2669260484,0.49273329825308293,0.0,0.0,280298.9434619318,0.5072666912973933,0.0,0.0,0.0,0.0,0.9999999895504761
2026-03-27,0.005774064386059763,546267.5871920215,268725.9039479825,0.49193089659467776,0.0,0.0,277541.67746997473,0.508069092835293,0.0,0.0,0.0,0.0,0.9999999894299708
2026-03-30,0.005774064386059763,548656.3987038089,268451.72937322437,0.48928934394538526,0.0,0.0,280204.6635565202,0.5107106455306067,0.0,0.0,0.0,0.0,0.999999989475992
2026-03-31,0.005774064386059763,558150.9920517505,275432.6400554435,0.4934733503616276,0.0,0.0,282718.34622224275,0.5065266392933863,0.0,0.0,0.0,0.0,0.9999999896550138
2026-04-01,0.005774064386059763,554900.1171607511,274625.64126273495,0.49491004375329334,0.0,0.0,280274.4701239519,0.5050899458411146,0.0,0.0,0.0,0.0,0.9999999895944078
2026-04-02,0.005774064386059763,557925.8483983224,275370.418399573,0.4935609618914387,0.0,0.0,282555.424224685,0.5064390277594004,0.0,0.0,0.0,0.0,0.9999999896508391
2026-04-06,0.005774064386059763,563196.7989652107,278514.1465922263,0.4945236675775752,0.0,0.0,284682.64659892005,0.5054763221701216,0.0,0.0,0.0,0.0,0.9999999897476968
2026-04-07,0.005774064386059763,561297.23954272,277426.96365282574,0.49426033856649837,0.0,0.0,283870.27011582995,0.5057396511465023,0.0,0.0,0.0,0.0,0.9999999897130006
2026-04-08,0.005774064386059763,568666.1070496971,283760.2544322532,0.4989927321401884,0.0,0.0,284905.84684337955,0.5010072577061129,0.0,0.0,0.0,0.0,0.9999999898463012
2026-04-09,0.005774064386059763,569381.5560577988,285395.20688799524,0.5012371824334688,0.0,0.0,283986.3433957392,0.4987628074255909,0.0,0.0,0.0,0.0,0.9999999898590598
2026-04-10,0.005774064386059763,566585.0741852829,285125.7911958861,0.5032356201862196,0.0,0.0,281459.2772153325,0.49676436962278775,0.0,0.0,0.0,0.0,0.9999999898090073
2026-04-13,0.005774064386059763,573475.6261419483,288697.0586959111,0.503416440970853,0.0,0.0,284778.5616719728,0.4965835489606033,0.0,0.0,0.0,0.0,0.9999999899314564
2026-04-14,0.005774064386059763,575177.1895557987,290743.85690484924,0.5054857219379417,0.0,0.0,284433.3268768851,0.4945142680233008,0.0,0.0,0.0,0.0,0.9999999899612425
2026-04-15,0.005774064386059763,576039.5688936549,291542.40743017575,0.5061152448088139,0.0,0.0,284497.15568941477,0.49388474516745745,0.0,0.0,0.0,0.0,0.9999999899762714
2026-04-16,0.005774064386059763,577392.8850375239,291502.302705994,0.504859533707364,0.0,0.0,285890.5765574656,0.4951404562924013,0.0,0.0,0.0,0.0,0.9999999899997654
2026-04-17,0.005774064386059763,583941.7090613502,295929.24353110866,0.5067787399649811,0.0,0.0,288012.4597561772,0.49322125014693546,0.0,0.0,0.0,0.0,0.9999999901119165
2026-04-20,0.005774064386059763,582980.8088619435,295394.1524926273,0.5066961862248539,0.0,0.0,287586.6505952518,0.49330380387076445,0.0,0.0,0.0,0.0,0.9999999900956185
2026-04-21,0.005774064386059763,578238.0081644723,293193.3143413577,0.5070460782611901,0.0,0.0,285044.6880490502,0.49295391175319103,0.0,0.0,0.0,0.0,0.9999999900143812
2026-04-22,0.005774064386059763,582612.0557749852,296618.0618279541,0.5091176176115948,0.0,0.0,285993.98817296687,0.490882372477755,0.0,0.0,0.0,0.0,0.9999999900893497
2026-04-23,0.005774064386059763,581867.6891908356,294998.12327145407,0.5069848846250394,0.0,0.0,286869.5601453172,0.49301510545163196,0.0,0.0,0.0,0.0,0.9999999900766713
2026-04-24,0.005774064386059763,584278.8820475441,297644.1890335608,0.5094214392799855,0.0,0.0,286634.68723991903,0.49057855083763735,0.0,0.0,0.0,0.0,0.9999999901176228
2026-04-27,0.005774064386059763,581800.2453190702,297024.54522109113,0.5105266757978029,0.0,0.0,284775.6943239147,0.48947331427771806,0.0,0.0,0.0,0.0,0.999999990075521
2026-04-28,0.005774064386059763,579807.5468357805,294784.4418252267,0.5084177386685841,0.0,0.0,285023.0992364894,0.491582251372828,0.0,0.0,0.0,0.0,0.9999999900414123
2026-04-29,0.005774064386059763,580606.329031612,294930.1441353553,0.507969220086296,0.0,0.0,285676.1791221924,0.492030769968817,0.0,0.0,0.0,0.0,0.999999990055113
2026-04-30,0.005774064386059763,587372.2062316824,298242.579904076,0.5077573925696401,0.0,0.0,289129.62055354216,0.49224259760002703,0.0,0.0,0.0,0.0,0.9999999901696671
2026-05-01,0.005774064386059763,575309.7000307877,292146.4863066538,0.5078073362764779,0.0,0.0,283163.20795006957,0.4921926536870768,0.0,0.0,0.0,0.0,0.9999999899635547
2026-05-04,0.005774064386059763,572674.2171413138,290407.22675907315,0.5071072139561887,0.0,0.0,282266.98460817634,0.49289277596117753,0.0,0.0,0.0,0.0,0.9999999899173664
2026-05-05,0.005774064386059763,576221.6892775692,293028.6136244887,0.5085345086400161,0.0,0.0,283193.0698790162,0.4914654813394234,0.0,0.0,0.0,0.0,0.9999999899794394
2026-05-06,0.005774064386059763,580176.7721389516,297526.9567713548,0.512821214255881,0.0,0.0,282649.80959353247,0.48717877579186886,0.0,0.0,0.0,0.0,0.9999999900477499
2026-05-07,0.005774064386059763,575925.5661239402,294505.64567683224,0.5113606045637052,0.0,0.0,281419.91467304365,0.48863938541058205,0.0,0.0,0.0,0.0,0.9999999899742872
2026-05-08,0.005774064386059763,577725.6438733247,296476.3018134807,0.5131783658169892,0.0,0.0,281249.3362857798,0.4868216241885362,0.0,0.0,0.0,0.0,0.9999999900055253
2026-05-11,0.005774064386059763,578239.1933165784,296728.42747699673,0.5131586217375995,0.0,0.0,281510.76006551733,0.48684136827680213,0.0,0.0,0.0,0.0,0.9999999900144017
2026-05-12,0.005774064386059763,580529.4718684918,297179.7695981492,0.5119115979446256,0.0,0.0,283349.69649627834,0.4880883921091709,0.0,0.0,0.0,0.0,0.9999999900537964
2026-05-13,0.005774064386059763,582434.3238917856,298832.98100135545,0.5130758417611351,0.0,0.0,283601.3371163658,0.4869241483251904,0.0,0.0,0.0,0.0,0.9999999900863255
2026-05-14,0.005774064386059763,587703.705441965,301159.419497311,0.5124341002254411,0.0,0.0,286544.2801705897,0.4875658899497709,0.0,0.0,0.0,0.0,0.9999999901752119
2026-05-15,0.005774064386059763,585498.9132730138,299440.625879653,0.511428149722331,0.0,0.0,286058.2816192965,0.48857184041588425,0.0,0.0,0.0,0.0,0.9999999901382151
2026-05-18,0.005774064386059763,591815.7966542831,300984.76738144597,0.5085784615466595,0.0,0.0,290831.02349877276,0.49142152869681766,0.0,0.0,0.0,0.0,0.9999999902434772
2026-05-19,0.005774064386059763,589301.9382400836,299076.04395457305,0.5075090111662393,0.0,0.0,290225.88851144625,0.4924909790356183,0.0,0.0,0.0,0.0,0.9999999902018576
2026-05-20,0.005774064386059763,594095.789977738,303218.3443306454,0.5103862869353233,0.0,0.0,290877.43987302826,0.48961370334559684,0.0,0.0,0.0,0.0,0.9999999902809202
2026-05-21,0.005774064386059763,594698.8710891757,303666.0449453847,0.5106215257971285,0.0,0.0,291032.8203697266,0.48937846449364786,0.0,0.0,0.0,0.0,0.9999999902907764
2026-05-22,0.005774064386059763,600075.8732184294,306257.3734589428,0.5103644174466988,0.0,0.0,293818.4939854223,0.4896355729310775,0.0,0.0,0.0,0.0,0.9999999903777762
2026-05-26,0.005774064386059763,600665.4584958366,308147.54111942905,0.5130102568093067,0.0,0.0,292517.91160234314,0.4869897335779142,0.0,0.0,0.0,0.0,0.999999990387221
2026-05-27,0.005774064386059763,599604.074421023,307921.00780918286,0.5135405527497641,0.0,0.0,291683.0608377758,0.48645943762044086,0.0,0.0,0.0,0.0,0.9999999903702049
2026-05-28,0.005774064386059763,602627.7911420213,309466.87957666215,0.5135290541284215,0.0,0.0,293160.9057912948,0.48647093629010146,0.0,0.0,0.0,0.0,0.9999999904185229
2026-05-29,0.005774064386059763,601764.5224761259,308330.9227050715,0.512378033580908,0.0,0.0,293433.59399698995,0.4876219568238696,0.0,0.0,0.0,0.0,0.9999999904047777
2026-06-01,0.005774064386059763,603828.9644349982,309178.7408157712,0.5120303248537759,0.0,0.0,294650.2178451627,0.4879696655838073,0.0,0.0,0.0,0.0,0.999999990437583
2026-06-02,0.005774064386059763,604567.9865945728,309455.3616092941,0.5118619716409444,0.0,0.0,295112.6192112144,0.48813801880832774,0.0,0.0,0.0,0.0,0.9999999904492721
2026-06-03,0.005774064386059763,603565.6378562308,309883.3789472306,0.5134211749494008,0.0,0.0,293682.2531349359,0.4865788154840103,0.0,0.0,0.0,0.0,0.999999990433411
2026-06-04,0.005774064386059763,607122.805030965,312271.79433831497,0.514347001546727,0.0,0.0,294851.0049185857,0.48565298894273534,0.0,0.0,0.0,0.0,0.9999999904894623
2026-06-05,0.005774064386059763,598177.9342430824,306347.1193921446,0.5121337679895994,0.0,0.0,291830.8090768734,0.4878662223576467,0.0,0.0,0.0,0.0,0.9999999903472462
2026-06-08,0.005774064386059763,599178.0385286043,307986.20585938316,0.5140145099705288,0.0,0.0,291191.8268951568,0.4859854803928291,0.0,0.0,0.0,0.0,0.9999999903633578
2026-06-09,0.005774064386059763,600092.7058727514,308109.57903879066,0.5134366340792097,0.0,0.0,291983.1210598964,0.48656335629883646,0.0,0.0,0.0,0.0,0.9999999903780461
2026-06-10,0.005774064386059763,597199.2236107452,305934.45037996874,0.5122820631451072,0.0,0.0,291264.7674567121,0.48771792718631973,0.0,0.0,0.0,0.0,0.999999990331427
2026-06-11,0.005774064386059763,604165.9118219255,311355.6017887237,0.5153478468353143,0.0,0.0,292810.3042591375,0.48465214360760167,0.0,0.0,0.0,0.0,0.9999999904429161
2026-06-12,0.005774064386059763,605376.9040890144,312038.5678017242,0.5154451147608402,0.0,0.0,293338.3305132258,0.48455487570119365,0.0,0.0,0.0,0.0,0.999999990462034
2026-06-15,0.005774064386059763,610373.0616938659,315549.7803614353,0.5169785499473764,0.0,0.0,294823.2755583663,0.4830214405927299,0.0,0.0,0.0,0.0,0.9999999905401062
2026-06-16,0.005774064386059763,608023.9844174754,314013.8062007479,0.5164497030517514,0.0,0.0,294010.17244266317,0.48355028745180684,0.0,0.0,0.0,0.0,0.9999999905035583
2026-06-17,0.005774064386059763,600068.4655901924,309607.4337629747,0.5159535145018208,0.0,0.0,290461.0260531534,0.4840464758758367,0.0,0.0,0.0,0.0,0.9999999903776574
2026-06-18,0.005774064386059763,601597.8006160624,312038.079207411,0.5186822140770302,0.0,0.0,289559.715634587,0.4813177763250883,0.0,0.0,0.0,0.0,0.9999999904021186
2026-06-22,0.005774064386059763,604754.5154866498,313569.3759682549,0.5185068783090006,0.0,0.0,291185.1337443306,0.48149311214321744,0.0,0.0,0.0,0.0,0.9999999904522179
2026-06-23,0.005774064386059763,602001.857540599,309734.9685046425,0.5145083268846126,0.0,0.0,292266.8832618921,0.4854916635239479,0.0,0.0,0.0,0.0,0.9999999904085606
2026-06-24,0.005774064386059763,603330.0897048706,310052.34062085877,0.5139016699341588,0.0,0.0,293277.74330994755,0.48609832049551754,0.0,0.0,0.0,0.0,0.9999999904296761
2026-06-25,0.005774064386059763,604122.5763109109,310454.3483108547,0.5138929755061492,0.0,0.0,293668.22222599183,0.48610701493608127,0.0,0.0,0.0,0.0,0.9999999904422305
2026-06-26,0.005774064386059763,608281.6386129472,311131.987294204,0.5114933076126911,0.0,0.0,297149.64554467885,0.48850668289488963,0.0,0.0,0.0,0.0,0.9999999905075807
2026-06-29,0.005774064386059763,614025.6323433138,316382.80252136994,0.5152599270391275,0.0,0.0,297642.82404787943,0.48474006355725147,0.0,0.0,0.0,0.0,0.999999990596379
2026-06-30,0.005774064386059763,618589.690714629,319767.3034654872,0.516929571031283,0.0,0.0,298822.38147507753,0.48307041963447755,0.0,0.0,0.0,0.0,0.9999999906657605
2026-07-01,0.005102227254610625,621802.92004659,310028.8414195425,0.498596631544144,0.0,0.0,311774.07352482027,0.5014033602503183,0.0,0.0,0.0,0.0,0.9999999917944624
2026-07-02,0.005102227254610625,624055.746544744,309236.24471405864,0.4955266359235213,0.0,0.0,314819.49672845815,0.504473355900563,0.0,0.0,0.0,0.0,0.9999999918240843
2026-07-06,0.005102227254610625,619966.6670833796,307252.5710792651,0.4955953076069855,0.0,0.0,312714.0909018873,0.5044046841631733,0.0,0.0,0.0,0.0,0.9999999917701589
2026-07-07,0.005102227254610625,622825.3089390383,307404.07358004106,0.4935638760468701,0.0,0.0,315421.23025677004,0.5064361157610621,0.0,0.0,0.0,0.0,0.9999999918079321
2026-07-08,0.005102227254610625,620473.5993427101,306765.9897754007,0.49440619246390005,0.0,0.0,313707.6044650821,0.5055937993129825,0.0,0.0,0.0,0.0,0.9999999917768827
2026-07-09,0.005102227254610625,623222.1989621052,309335.35565472516,0.4963484230341644,0.0,0.0,313886.8382051528,0.5036515687789846,0.0,0.0,0.0,0.0,0.9999999918131491
2026-07-10,0.005102227254610625,624744.2951941638,310683.3008094058,0.4972967391608574,0.0,0.0,314060.9892825308,0.5027032526722377,0.0,0.0,0.0,0.0,0.9999999918330952
2026-07-13,0.005102227254610625,621603.8930347986,308288.87129676586,0.4959571115162036,0.0,0.0,313315.0166358054,0.5040428802756315,0.0,0.0,0.0,0.0,0.9999999917918352
2026-07-14,0.005102227254610625,621533.3622355415,310172.94188114745,0.4990447186382921,0.0,0.0,311360.41525216674,0.5009552731526116,0.0,0.0,0.0,0.0,0.9999999917909037
2026-07-15,0.005102227254610625,618863.2352940913,310501.8966666275,0.5017294273735186,0.0,0.0,308361.3335252366,0.4982705643819665,0.0,0.0,0.0,0.0,0.999999991755485
2026-07-16,0.005102227254610625,622973.5757289978,311495.7755607353,0.5000144270906288,0.0,0.0,311477.7950660353,0.499985564719253,0.0,0.0,0.0,0.0,0.9999999918098819
2026-07-17,0.005102227254610625,618493.3843925721,308134.1359921858,0.4982011833397492,0.0,0.0,310359.2432981591,0.5017988084108057,0.0,0.0,0.0,0.0,0.9999999917505549
2026-07-20,0.005102227254610625,617373.4192053338,307075.79880362283,0.49739070269478464,0.0,0.0,310297.6152994838,0.5026092890408053,0.0,0.0,0.0,0.0,0.9999999917355897
2026-07-21,0.005102227254610625,619123.4041021595,308712.7455670306,0.4986287766244594,0.0,0.0,310410.6534329017,0.5013712151344901,0.0,0.0,0.0,0.0,0.9999999917589496
2026-07-22,0.005102227254610625,619695.2684403465,308917.91643354914,0.49849971779038427,0.0,0.0,310777.34690457006,0.5015002739761701,0.0,0.0,0.0,0.0,0.9999999917665545
2026-07-23,0.005102227254610625,616941.355885983,306815.73752894107,0.49731750773673816,0.0,0.0,310125.61325481464,0.5026824839930637,0.0,0.0,0.0,0.0,0.9999999917298019
2026-07-24,0.005102227254610625,623661.2606627764,309384.513933477,0.4960778125046412,0.0,0.0,314276.7416270722,0.5039221793142715,0.0,0.0,0.0,0.0,0.9999999918189127
2026-07-27,0.005102227254610625,625403.5966058266,309608.4286872439,0.495053802644472,0.0,0.0,315795.1628163556,0.5049461891972328,0.0,0.0,0.0,0.0,0.9999999918417047
2026-07-28,0.005102227254610625,630999.7892996885,311622.97203566885,0.4938559050574673,0.0,0.0,319376.8121617925,0.5061440868565915,0.0,0.0,0.0,0.0,0.9999999919140588
2026-07-29,0.005102227254610625,627137.6192714402,308260.30806584033,0.49153534821265105,0.0,0.0,318877.3061033727,0.5084646436516113,0.0,0.0,0.0,0.0,0.9999999918642622
2026-07-30,0.005102227254610625,627512.9467128365,311381.0370733517,0.49621452227318963,0.0,0.0,316131.9045372576,0.5037854695959387,0.0,0.0,0.0,0.0,0.9999999918691284
2026-07-31,0.005102227254610625,616378.5888478371,305995.61520358373,0.49644101975632327,0.0,0.0,310382.9685420261,0.5035589719659278,0.0,0.0,0.0,0.0,0.9999999917222511
2026-08-03,0.005102227254610625,610751.699600617,304348.5214041704,0.49831792789637763,0.0,0.0,306403.17309421947,0.5016820637496101,0.0,0.0,0.0,0.0,0.9999999916459877
2026-08-04,0.005102227254610625,619243.2485789659,308485.9091503106,0.49816596282352926,0.0,0.0,310757.33432642807,0.5018340289370152,0.0,0.0,0.0,0.0,0.9999999917605444
2026-08-05,0.005102227254610625,619852.7917554476,308805.0977997015,0.4981910252031829,0.0,0.0,311047.68885351886,0.5018089665654639,0.0,0.0,0.0,0.0,0.9999999917686468
2026-08-06,0.005102227254610625,620650.0306257127,308817.12302088336,0.4975704628734928,0.0,0.0,311832.90250260214,0.5024295289057275,0.0,0.0,0.0,0.0,0.9999999917792203
2026-08-07,0.005102227254610625,626772.662507616,311395.76102796366,0.4968240953300669,0.0,0.0,315376.8963774252,0.5031758965294582,0.0,0.0,0.0,0.0,0.9999999918595249
2026-08-10,0.005102227254610625,625447.966314472,310446.27735891193,0.49635828091064754,0.0,0.0,315001.68385333294,0.503641710931636,0.0,0.0,0.0,0.0,0.9999999918422835
