date,cash_jpy,equity_jpy,QUAL_value_jpy,QUAL_weight,VLUE_value_jpy,VLUE_weight,USMV_value_jpy,USMV_weight,SPY_value_jpy,SPY_weight,QQQ_value_jpy,QQQ_weight,market_weight
2013-07-18,100000.0,100000.0,0.0,0.0,0.0,0.0,0.0,0.0,0.0,0.0,0.0,0.0,0.0
2013-07-19,100000.0,100000.0,0.0,0.0,0.0,0.0,0.0,0.0,0.0,0.0,0.0,0.0,0.0
2013-07-22,100000.0,100000.0,0.0,0.0,0.0,0.0,0.0,0.0,0.0,0.0,0.0,0.0,0.0
2013-07-23,100000.0,100000.0,0.0,0.0,0.0,0.0,0.0,0.0,0.0,0.0,0.0,0.0,0.0
2013-07-24,100000.0,100000.0,0.0,0.0,0.0,0.0,0.0,0.0,0.0,0.0,0.0,0.0,0.0
2013-07-25,100000.0,100000.0,0.0,0.0,0.0,0.0,0.0,0.0,0.0,0.0,0.0,0.0,0.0
2013-07-26,100000.0,100000.0,0.0,0.0,0.0,0.0,0.0,0.0,0.0,0.0,0.0,0.0,0.0
2013-07-29,100000.0,100000.0,0.0,0.0,0.0,0.0,0.0,0.0,0.0,0.0,0.0,0.0,0.0
2013-07-30,100000.0,100000.0,0.0,0.0,0.0,0.0,0.0,0.0,0.0,0.0,0.0,0.0,0.0
2013-07-31,100000.0,100000.0,0.0,0.0,0.0,0.0,0.0,0.0,0.0,0.0,0.0,0.0,0.0
2013-08-01,100000.0,100000.0,0.0,0.0,0.0,0.0,0.0,0.0,0.0,0.0,0.0,0.0,0.0
2013-08-02,100000.0,100000.0,0.0,0.0,0.0,0.0,0.0,0.0,0.0,0.0,0.0,0.0,0.0
2013-08-05,100000.0,100000.0,0.0,0.0,0.0,0.0,0.0,0.0,0.0,0.0,0.0,0.0,0.0
2013-08-06,100000.0,100000.0,0.0,0.0,0.0,0.0,0.0,0.0,0.0,0.0,0.0,0.0,0.0
2013-08-07,100000.0,100000.0,0.0,0.0,0.0,0.0,0.0,0.0,0.0,0.0,0.0,0.0,0.0
2013-08-08,100000.0,100000.0,0.0,0.0,0.0,0.0,0.0,0.0,0.0,0.0,0.0,0.0,0.0
2013-08-09,100000.0,100000.0,0.0,0.0,0.0,0.0,0.0,0.0,0.0,0.0,0.0,0.0,0.0
2013-08-12,100000.0,100000.0,0.0,0.0,0.0,0.0,0.0,0.0,0.0,0.0,0.0,0.0,0.0
2013-08-13,100000.0,100000.0,0.0,0.0,0.0,0.0,0.0,0.0,0.0,0.0,0.0,0.0,0.0
2013-08-14,100000.0,100000.0,0.0,0.0,0.0,0.0,0.0,0.0,0.0,0.0,0.0,0.0,0.0
2013-08-15,100000.0,100000.0,0.0,0.0,0.0,0.0,0.0,0.0,0.0,0.0,0.0,0.0,0.0
2013-08-16,100000.0,100000.0,0.0,0.0,0.0,0.0,0.0,0.0,0.0,0.0,0.0,0.0,0.0
2013-08-19,100000.0,100000.0,0.0,0.0,0.0,0.0,0.0,0.0,0.0,0.0,0.0,0.0,0.0
2013-08-20,100000.0,100000.0,0.0,0.0,0.0,0.0,0.0,0.0,0.0,0.0,0.0,0.0,0.0
2013-08-21,100000.0,100000.0,0.0,0.0,0.0,0.0,0.0,0.0,0.0,0.0,0.0,0.0,0.0
2013-08-22,100000.0,100000.0,0.0,0.0,0.0,0.0,0.0,0.0,0.0,0.0,0.0,0.0,0.0
2013-08-23,100000.0,100000.0,0.0,0.0,0.0,0.0,0.0,0.0,0.0,0.0,0.0,0.0,0.0
2013-08-26,100000.0,100000.0,0.0,0.0,0.0,0.0,0.0,0.0,0.0,0.0,0.0,0.0,0.0
2013-08-27,100000.0,100000.0,0.0,0.0,0.0,0.0,0.0,0.0,0.0,0.0,0.0,0.0,0.0
2013-08-28,100000.0,100000.0,0.0,0.0,0.0,0.0,0.0,0.0,0.0,0.0,0.0,0.0,0.0
2013-08-29,100000.0,100000.0,0.0,0.0,0.0,0.0,0.0,0.0,0.0,0.0,0.0,0.0,0.0
2013-08-30,100000.0,100000.0,0.0,0.0,0.0,0.0,0.0,0.0,0.0,0.0,0.0,0.0,0.0
2013-09-03,100000.0,100000.0,0.0,0.0,0.0,0.0,0.0,0.0,0.0,0.0,0.0,0.0,0.0
2013-09-04,100000.0,100000.0,0.0,0.0,0.0,0.0,0.0,0.0,0.0,0.0,0.0,0.0,0.0
2013-09-05,100000.0,100000.0,0.0,0.0,0.0,0.0,0.0,0.0,0.0,0.0,0.0,0.0,0.0
2013-09-06,100000.0,100000.0,0.0,0.0,0.0,0.0,0.0,0.0,0.0,0.0,0.0,0.0,0.0
2013-09-09,100000.0,100000.0,0.0,0.0,0.0,0.0,0.0,0.0,0.0,0.0,0.0,0.0,0.0
2013-09-10,100000.0,100000.0,0.0,0.0,0.0,0.0,0.0,0.0,0.0,0.0,0.0,0.0,0.0
2013-09-11,100000.0,100000.0,0.0,0.0,0.0,0.0,0.0,0.0,0.0,0.0,0.0,0.0,0.0
2013-09-12,100000.0,100000.0,0.0,0.0,0.0,0.0,0.0,0.0,0.0,0.0,0.0,0.0,0.0
2013-09-13,100000.0,100000.0,0.0,0.0,0.0,0.0,0.0,0.0,0.0,0.0,0.0,0.0,0.0
2013-09-16,100000.0,100000.0,0.0,0.0,0.0,0.0,0.0,0.0,0.0,0.0,0.0,0.0,0.0
2013-09-17,100000.0,100000.0,0.0,0.0,0.0,0.0,0.0,0.0,0.0,0.0,0.0,0.0,0.0
2013-09-18,100000.0,100000.0,0.0,0.0,0.0,0.0,0.0,0.0,0.0,0.0,0.0,0.0,0.0
2013-09-19,100000.0,100000.0,0.0,0.0,0.0,0.0,0.0,0.0,0.0,0.0,0.0,0.0,0.0
2013-09-20,100000.0,100000.0,0.0,0.0,0.0,0.0,0.0,0.0,0.0,0.0,0.0,0.0,0.0
2013-09-23,100000.0,100000.0,0.0,0.0,0.0,0.0,0.0,0.0,0.0,0.0,0.0,0.0,0.0
2013-09-24,100000.0,100000.0,0.0,0.0,0.0,0.0,0.0,0.0,0.0,0.0,0.0,0.0,0.0
2013-09-25,100000.0,100000.0,0.0,0.0,0.0,0.0,0.0,0.0,0.0,0.0,0.0,0.0,0.0
2013-09-26,100000.0,100000.0,0.0,0.0,0.0,0.0,0.0,0.0,0.0,0.0,0.0,0.0,0.0
2013-09-27,100000.0,100000.0,0.0,0.0,0.0,0.0,0.0,0.0,0.0,0.0,0.0,0.0,0.0
2013-09-30,100000.0,100000.0,0.0,0.0,0.0,0.0,0.0,0.0,0.0,0.0,0.0,0.0,0.0
2013-10-01,0.016526022118341643,100476.9110444873,33482.645926750105,0.3332372141886934,33528.5752830669,0.33369432772691177,33465.673308648176,0.3330682936085771,0.0,0.0,0.0,0.0,0.9999998355241823
2013-10-02,0.016526022118341643,99974.9938104492,33373.5904409034,0.333819379915933,33416.366942492576,0.3342472519263108,33185.01990103112,0.3319332028561994,0.0,0.0,0.0,0.0,0.9999998346984432
2013-10-03,0.016526022118341643,98712.5052308038,32920.20190427882,0.3334957595018659,33086.41821064908,0.33517960194899676,32705.86858985379,0.33132447113344804,0.0,0.0,0.0,0.0,0.9999998325843107
2013-10-04,0.016526022118341643,98968.34385525234,33055.482347689234,0.33400056078573,33072.47622482485,0.33417227101623026,32840.36875671614,0.33182700121512915,0.0,0.0,0.0,0.0,0.9999998330170894
2013-10-07,0.016526022118341643,98667.77548973411,32813.013368937296,0.33256058734547356,33211.57833539735,0.3366000517448866,32643.16725937734,0.33083919341805473,0.0,0.0,0.0,0.0,0.999999832508415
2013-10-08,0.016526022118341643,97542.51116077631,32307.001659258163,0.3312094519076665,32819.78017079012,0.33646642658906223,32415.712804705898,0.3323239520794793,0.0,0.0,0.0,0.0,0.999999830576208
2013-10-09,0.016526022118341643,97069.96752292651,32203.66378699841,0.3317572325280976,32560.479288252736,0.3354330913993808,32305.807921653246,0.33280950582396235,0.0,0.0,0.0,0.0,0.9999998297514409
2013-10-10,0.016526022118341643,99319.6699377262,32863.749887345635,0.33088863372130944,33392.63477137845,0.33621371066089684,33063.26875298001,0.33289748922555623,0.0,0.0,0.0,0.0,0.9999998336077625
2013-10-11,0.016526022118341643,100761.43927075769,33389.831596618234,0.3313750958528478,33869.261337266085,0.3361331634640058,33502.32981085125,0.33249157667177226,0.0,0.0,0.0,0.0,0.9999998359886259
2013-10-14,0.016526022118341643,101458.34324691602,33689.37887088533,0.3320513404096944,34142.653132810745,0.33651893023443946,33626.294717197816,0.33142956647106436,0.0,0.0,0.0,0.0,0.9999998371151982
2013-10-15,0.016526022118341643,101362.54613180098,33594.02900770269,0.33142447866316044,34277.96420824682,0.3381718940216383,33490.53638982935,0.3304034642764582,0.0,0.0,0.0,0.0,0.9999998369612569
2013-10-16,0.016526022118341643,102465.62138338381,33998.179126678915,0.33180083883424516,34451.96569704653,0.3362295102680496,34015.46003363624,0.3319694896141264,0.0,0.0,0.0,0.0,0.9999998387164212
2013-10-17,0.016526022118341643,103361.31794103925,34266.744966316284,0.3315238780707419,34590.41255188427,0.3346552969807893,34504.14389681658,0.3338206650625227,0.0,0.0,0.0,0.0,0.9999998401140539
2013-10-18,0.016526022118341643,102775.23435040817,34264.43179425313,0.33339191110408833,34258.2814678357,0.3333320686093833,34252.50456229722,0.3332758594888204,0.0,0.0,0.0,0.0,0.9999998392022921
2013-10-21,0.016526022118341643,103210.53074135922,34307.690685927184,0.33240494394802267,34692.240498258725,0.33613082162319136,34210.58303115121,0.3314640743092518,0.0,0.0,0.0,0.0,0.9999998398804658
2013-10-22,0.016526022118341643,104187.06563885137,34532.19043063049,0.3314441213876882,35021.6404644359,0.33614192174135216,34633.21821776286,0.33241379825220957,0.0,0.0,0.0,0.0,0.99999984138125
2013-10-23,0.016526022118341643,103794.77738106393,34471.486711661244,0.3321119576672471,34771.415895192215,0.3350015942279561,34551.858248188364,0.3328862888865536,0.0,0.0,0.0,0.0,0.9999998407817567
2013-10-24,0.016526022118341643,103198.41459759566,34318.46086289207,0.3325483341649284,34549.408369288045,0.3347862319785384,34330.528839393446,0.3326652737182,0.0,0.0,0.0,0.0,0.9999998398616667
2013-10-25,0.016526022118341643,103503.12759634852,34390.543882803744,0.3322657457939175,34665.69044363046,0.3349240863408791,34446.876743892215,0.33281000819831713,0.0,0.0,0.0,0.0,0.9999998403331136
2013-10-28,0.016526022118341643,104031.46174523179,34618.518385072166,0.33276970066854683,34811.36234057229,0.3346234086936479,34601.564493565216,0.33260673178180306,0.0,0.0,0.0,0.0,0.9999998411439979
2013-10-29,0.016526022118341643,104649.61256384553,34857.588734975056,0.3330885598234665,34964.34453422128,0.3341086859054536,34827.66276862708,0.33280259635341813,0.0,0.0,0.0,0.0,0.9999998420823383
2013-10-30,0.016526022118341643,104823.6024836103,34990.519414582704,0.3338038245733221,35040.163271411475,0.33427741883694734,34792.90327159402,0.3319185989341863,0.0,0.0,0.0,0.0,0.9999998423444556
2013-10-31,0.016526022118341643,104972.88368943337,34977.26026223771,0.33320281422123627,35151.85741891773,0.33486607382260697,34843.7494822558,0.3319309545248131,0.0,0.0,0.0,0.0,0.9999998425686564
2013-11-01,0.016526022118341643,104770.9016184929,34937.43949652585,0.3334651029705285,34955.55866581625,0.333638043825389,34877.8869301287,0.3328966954692358,0.0,0.0,0.0,0.0,0.9999998422651533
2013-11-04,0.016526022118341643,105650.46709075029,35227.2160716141,0.3334317115830172,35323.458273191776,0.3343426607177239,35099.776219922285,0.33222547127759244,0.0,0.0,0.0,0.0,0.9999998435783335
2013-11-05,0.016526022118341643,105494.09377200776,35197.4269290352,0.3336435782376912,35300.19285152205,0.3346177173464544,34996.45746542841,0.3317385477623252,0.0,0.0,0.0,0.0,0.9999998433464707
2013-11-06,0.016526022118341643,105678.59263282124,35313.66602603413,0.33416101734748643,35238.99004684086,0.33345438436409,35125.92003392414,0.33238444190838773,0.0,0.0,0.0,0.0,0.9999998436199641
2013-11-07,0.016526022118341643,104836.06933944052,34929.35911329935,0.3331807395430318,35072.52718839234,0.3345463771140994,34834.16651172671,0.3322727257060724,0.0,0.0,0.0,0.0,0.9999998423632037
2013-11-08,0.016526022118341643,104847.67874190921,35060.882465111856,0.33439827076588857,34902.229395534305,0.33288509401766425,34884.55035524095,0.3327164775971055,0.0,0.0,0.0,0.0,0.9999998423806582
2013-11-11,0.016526022118341643,106482.39914975292,35547.093971138216,0.33383070117669017,35735.86521674146,0.33560349411815804,35199.42343585113,0.330565649505586,0.0,0.0,0.0,0.0,0.9999998448004342
2013-11-12,0.016526022118341643,106426.66820584549,35545.05448703873,0.33398635028477214,35713.89139687282,0.33557276572631856,35167.705795911825,0.3304407287080724,0.0,0.0,0.0,0.0,0.999999844719163
2013-11-13,0.016526022118341643,107546.3882784427,36048.92299880863,0.33519417598177503,35886.44703574861,0.3336834235924028,35611.00171786335,0.331122246761693,0.0,0.0,0.0,0.0,0.9999998463358707
2013-11-14,0.016526022118341643,107760.89251059946,36122.86219397746,0.3352130940306047,35917.52360953062,0.3333075921396785,35720.49018106927,0.3314791604714648,0.0,0.0,0.0,0.0,0.999999846641748
2013-11-15,0.016526022118341643,109119.52037510657,36662.05032806633,0.33598067698646195,36287.49224665237,0.3325481281617751,36169.96127436576,0.3314710434029475,0.0,0.0,0.0,0.0,0.9999998485511845
2013-11-18,0.016526022118341643,109333.66263692541,36482.91930815096,0.3336842325433039,36751.85735925157,0.3361440243824715,36098.86944350078,0.33017159192203865,0.0,0.0,0.0,0.0,0.999999848847814
2013-11-19,0.016526022118341643,108529.22176855241,36351.03233884637,0.3349423477519075,36326.971296709504,0.33472064670453266,35851.20160697443,0.3303368532710029,0.0,0.0,0.0,0.0,0.999999847727443
2013-11-20,0.016526022118341643,108595.14992941276,36339.86252781316,0.33463614674720005,36442.64983446895,0.33558266513888335,35812.621041108534,0.3297810359338043,0.0,0.0,0.0,0.0,0.9999998478198877
2013-11-21,0.016526022118341643,109173.12861650652,36663.35182252936,0.33582761882108425,36565.61498208072,0.33493237251196767,35944.145285874336,0.3292398572924998,0.0,0.0,0.0,0.0,0.9999998486255517
2013-11-22,0.016526022118341643,110831.72170858277,37198.55410809195,0.3356309325041488,37156.25909141712,0.33524931778209266,36476.891983051595,0.329119600604624,0.0,0.0,0.0,0.0,0.9999998508908654
2013-11-25,0.016526022118341643,110766.8379349288,37147.382427791534,0.33536555814308044,37183.87433360165,0.3356950060761482,36435.56464751349,0.3289392865842931,0.0,0.0,0.0,0.0,0.9999998508035217
2013-11-26,0.016526022118341643,110980.50340491574,37297.80763094678,0.3360753149124274,37307.932547726414,0.3361665464032659,36374.746700220436,0.3277579897750695,0.0,0.0,0.0,0.0,0.9999998510907627
2013-11-27,0.016526022118341643,110906.00125735364,37369.877747957136,0.33695090729347993,37182.426132901994,0.33526072269634377,36353.680850472396,0.3277882210009078,0.0,0.0,0.0,0.0,0.9999998509907316
2013-11-29,0.016526022118341643,112182.03370929565,37814.989297304455,0.3370859668607614,37706.18816717022,0.3361161045170623,36660.839718798845,0.32679778130783743,0.0,0.0,0.0,0.0,0.9999998526856612
2013-12-02,0.016526022118341643,112065.28415534596,37703.50061527529,0.33644228807745974,37772.17025681212,0.33705505269992425,36589.59675723644,0.32650251175480527,0.0,0.0,0.0,0.0,0.9999998525321893
2013-12-03,0.016526022118341643,111927.28442982899,37784.269531276186,0.33757872107550707,37482.596217827224,0.3348834594600241,36660.402154703464,0.327537671814839,0.0,0.0,0.0,0.0,0.9999998523503701
2013-12-04,0.016526022118341643,111300.43737498962,37536.495482408216,0.33725380032372687,37425.2392719031,0.3362541976884715,36338.686094656194,0.32649185350660515,0.0,0.0,0.0,0.0,0.9999998515188036
2013-12-05,0.016526022118341643,110936.35589158104,37460.35436674472,0.33767428239084235,37264.20416117071,0.3359061496268122,36211.780837643484,0.32641941901384913,0.0,0.0,0.0,0.0,0.9999998510315037
2013-12-06,0.016526022118341643,111285.27088527617,37496.33484100341,0.33693888277145256,37356.20742312468,0.3356797096862454,36432.71209512598,0.32738125904086995,0.0,0.0,0.0,0.0,0.9999998514985677
2013-12-09,0.016526022118341643,113067.68958610937,38125.147064940225,0.33718869824349884,38054.37858630815,0.3365628034463987,36888.147408838864,0.32624835214967246,0.0,0.0,0.0,0.0,0.99999985383957
2013-12-10,0.016526022118341643,112764.76797616301,37996.014729079034,0.33694934518120845,38000.23465733166,0.33698676758120416,36768.50206373021,0.32606374068452465,0.0,0.0,0.0,0.0,0.9999998534469373
2013-12-11,0.016526022118341643,111152.91850785544,37467.37914746626,0.3370795805493704,37407.57738792103,0.3365415671499201,36277.94544644605,0.32637870362245325,0.0,0.0,0.0,0.0,0.9999998513217436
2013-12-12,0.016526022118341643,110432.86485544435,37279.678243570066,0.3375777518075696,37185.937340040604,0.3367289021136658,35967.232745811576,0.32569319643108385,0.0,0.0,0.0,0.0,0.9999998503523192
2013-12-13,0.016526022118341643,111430.32070377684,37565.22877807337,0.3371185557110231,37514.685906201805,0.33666497295587766,36350.38949347957,0.32621632302497267,0.0,0.0,0.0,0.0,0.9999998516918734
2013-12-16,0.016526022118341643,111763.0086291884,37715.14845340008,0.33745645286387055,37676.78422329868,0.3371131887501719,36371.05942646754,0.3254302105193037,0.0,0.0,0.0,0.0,0.9999998521333462
2013-12-17,0.016526022118341643,111161.29609389353,37482.15541661853,0.3371871031888549,37529.789596569986,0.3376156172636748,36149.33455468289,0.3251971308804189,0.0,0.0,0.0,0.0,0.9999998513329487
2013-12-18,0.016526022118341643,112247.72097171706,37869.288332571436,0.33737244734005173,37744.61769459735,0.3362617732266281,36633.79841852616,0.3263656322051896,0.0,0.0,0.0,0.0,0.9999998527718695
2013-12-19,0.016526022118341643,114005.89002510195,38518.18392338937,0.33786135010137097,38329.043167240205,0.3362023063790903,37158.64640845027,0.325936198561922,0.0,0.0,0.0,0.0,0.9999998550423833
2013-12-20,0.016526022118341643,114861.05516931336,38798.742151741106,0.3377884879652986,38732.793376696805,0.33721432664537093,37329.50311485332,0.3249970415109541,0.0,0.0,0.0,0.0,0.9999998561216237
2013-12-23,0.016526022118341643,115001.7084982215,38919.47780974452,0.33842521400755027,38749.3116619204,0.33694553035722646,37332.90250053446,0.324629111932818,0.0,0.0,0.0,0.0,0.9999998562975948
2013-12-24,0.016526022118341643,115346.2968449416,39050.762668220406,0.3385523743403379,38803.69543427756,0.336410413647183,37491.822216421526,0.32503706873937405,0.0,0.0,0.0,0.0,0.9999998567268948
2013-12-26,0.016526022118341643,116398.42130202541,39432.96065764532,0.3387757343832563,39230.83374359959,0.33703922531565256,37734.610374758384,0.3241848983230306,0.0,0.0,0.0,0.0,0.9999998580219395
2013-12-27,0.016526022118341643,116778.56049800961,39503.74574589713,0.33827909487350155,39390.59949526181,0.33731019912626165,37884.19873082855,0.3244105644843452,0.0,0.0,0.0,0.0,0.9999998584841083
2013-12-30,0.016526022118341643,117374.73296101269,39669.853612901585,0.33797609257248207,39542.91123478466,0.33689457890327446,38161.95158730432,0.32512918772714255,0.0,0.0,0.0,0.0,0.999999859202899
2013-12-31,0.016526022118341643,117282.82917609921,39678.89267925858,0.33831800407612134,39517.45292562974,0.33694150459394706,38086.46704518877,0.32474035042250093,0.0,0.0,0.0,0.0,0.9999998590925693
2014-01-02,0.0005465524204737449,116819.40721909207,38927.65135303677,0.3332293176255283,38953.77158864375,0.3334529126276669,38937.983730859145,0.3333177650681951,0.0,0.0,0.0,0.0,0.9999999953213903
2014-01-03,0.0005465524204737449,116141.98243733423,38670.20980466045,0.33295634354722176,38726.33577480767,0.3334395966222026,38745.436311313686,0.3336040551246767,0.0,0.0,0.0,0.0,0.9999999952941012
2014-01-06,0.0005465524204737449,115982.63402426473,38547.292146153326,0.3323539982553668,38748.98171998991,0.3340929618125696,38686.35961156908,0.3335530352196994,0.0,0.0,0.0,0.0,0.9999999952876357
2014-01-07,0.0005465524204737449,115949.49326086076,38598.30604873654,0.3328889584872861,38704.4861512168,0.3338047029161244,38646.700514355005,0.3333063338828783,0.0,0.0,0.0,0.0,0.9999999952862889
2014-01-08,0.0005465524204737449,116483.23593742609,38770.44543550808,0.33284141811045903,38890.93284248049,0.33387579362383446,38821.857112885096,0.33328278357359425,0.0,0.0,0.0,0.0,0.9999999953078877
2014-01-09,0.0005465524204737449,116579.38863062048,38798.612116030694,0.33280850561811864,38854.83465195856,0.3332907738525662,38925.94131607881,0.3339007158410729,0.0,0.0,0.0,0.0,0.9999999953117578
2014-01-10,0.0005465524204737449,116958.53203534393,38876.29946669345,0.3323938731972571,38974.05434432578,0.3332296812048576,39108.1776777723,0.334376440924841,0.0,0.0,0.0,0.0,0.9999999953269556
2014-01-13,0.0005465524204737449,114781.62184680361,38015.393085049625,0.33119755996990435,38380.301425193975,0.33437671299347277,38385.926790007594,0.334425722274951,0.0,0.0,0.0,0.0,0.9999999952383282
2014-01-14,0.0005465524204737449,114646.73594089203,38145.55126085776,0.33272252321709633,38195.11963736253,0.3331548807203254,38306.064496119325,0.33412259129530414,0.0,0.0,0.0,0.0,0.9999999952327259
2014-01-15,0.0005465524204737449,116344.75289278163,38730.96373246481,0.3328982422452486,38836.14694922857,0.33380230722582144,38777.64166453583,0.3332994458312328,0.0,0.0,0.0,0.0,0.9999999953023029
2014-01-16,0.0005465524204737449,116635.76978235939,38897.36563535892,0.33349431060420676,38792.84745734462,0.33259820319042344,38945.556143103444,0.33390748151939387,0.0,0.0,0.0,0.0,0.9999999953140241
2014-01-17,0.0005465524204737449,116085.34645102706,38691.636897313234,0.33330336756703466,38605.77585451109,0.33256373034815134,38787.933152650316,0.3341328973766193,0.0,0.0,0.0,0.0,0.9999999952918053
2014-01-21,0.0005465524204737449,116221.51661102631,38816.72581839075,0.33398915235552934,38631.94305093518,0.33239923361376994,38772.847195147966,0.3336116093280223,0.0,0.0,0.0,0.0,0.9999999952973216
2014-01-22,0.0005465524204737449,116181.73469060884,38719.84908729401,0.33326967608466773,38689.78147493564,0.3330108779832412,38772.10358182676,0.3337194412278024,0.0,0.0,0.0,0.0,0.9999999952957114
2014-01-23,0.0005465524204737449,115638.46671318544,38583.390872911645,0.333655330873669,38404.83002375431,0.332111200670004,38650.24526996707,0.3342334637299377,0.0,0.0,0.0,0.0,0.9999999952736107
2014-01-24,0.0005465524204737449,112111.97195241923,37326.93584575648,0.3329433529328891,37210.90290440606,0.3319083792424819,37574.132655704285,0.3351482629495706,0.0,0.0,0.0,0.0,0.9999999951249415
2014-01-27,0.0005465524204737449,110038.65176308794,36554.4484580313,0.33219644072641535,36550.86609757541,0.33216388525251145,36933.33666092881,0.33563966905416015,0.0,0.0,0.0,0.0,0.9999999950330869
2014-01-28,0.0005465524204737449,110970.27710894262,36840.95911578214,0.3319894306437961,36769.70569334867,0.3313473359830472,37359.61175325941,0.3366632284479423,0.0,0.0,0.0,0.0,0.9999999950747855
2014-01-29,0.0005465524204737449,110941.02724759773,36725.85112397938,0.33103940025735273,36973.86034203215,0.33327490522973113,37241.315235033784,0.33568568958640316,0.0,0.0,0.0,0.0,0.999999995073487
2014-01-30,0.0005465524204737449,110667.06705074469,36664.22662407447,0.3313020540000636,36774.60052449958,0.332299404913633,37228.23935561823,0.33639853614759474,0.0,0.0,0.0,0.0,0.9999999950612912
2014-01-31,0.0005465524204737449,110715.30352512003,36659.12365864507,0.33111162135167277,36855.80634877928,0.33288809383444556,37200.37297114327,0.33600027987732456,0.0,0.0,0.0,0.0,0.999999995063443
2014-02-03,0.0005465524204737449,108046.52277104497,35602.177415999446,0.3295078499790495,36244.261833395416,0.33545051616513843,36200.08297509769,0.3350416287973206,0.0,0.0,0.0,0.0,0.9999999949415085
2014-02-04,0.0005465524204737449,107205.52841274603,35509.56075500793,0.33122882075908017,35644.41957454898,0.33248676726181864,36051.54753663672,0.3362844068809275,0.0,0.0,0.0,0.0,0.9999999949018262
2014-02-05,0.0005465524204737449,107532.05961198258,35601.1020893559,0.33107430674924765,35716.52416469543,0.3321476803622521,36214.432811378836,0.3367780078058076,0.0,0.0,0.0,0.0,0.9999999949173073
2014-02-06,0.0005465524204737449,108511.25585478095,35957.54890751882,0.331371604026409,36119.87880132966,0.3328675768868473,36433.82759938005,0.33576081404991676,0.0,0.0,0.0,0.0,0.999999994963173
2014-02-07,0.0005465524204737449,110252.20603527516,36725.305809225276,0.33310268456193093,36425.8365077122,0.3303864640681908,37101.063171785274,0.33651084641258605,0.0,0.0,0.0,0.0,0.9999999950427076
2014-02-10,0.0005465524204737449,111255.34426361264,36980.9190495957,0.33239678771719683,36899.958759530055,0.3316690897301786,37374.46590793448,0.33593411764002995,0.0,0.0,0.0,0.0,0.9999999950874053
2014-02-11,0.0005465524204737449,112091.18892823963,37236.87827677853,0.3322016532505284,37224.93992088041,0.3320951475027326,37629.37018402828,0.33570319437077667,0.0,0.0,0.0,0.0,0.9999999951240377
2014-02-12,0.0005465524204737449,112577.7523909733,37459.024357301394,0.33273913861070237,37346.7753975874,0.33174205919376604,37771.9520895321,0.3355187973406433,0.0,0.0,0.0,0.0,0.9999999951451117
2014-02-13,0.0005465524204737449,113268.6923433973,37683.427966097326,0.33269058895685205,37584.21922656512,0.33181471816255137,38001.04460418245,0.3354946880553232,0.0,0.0,0.0,0.0,0.9999999951747265
2014-02-14,0.0005465524204737449,113470.69539832571,37741.676654074865,0.3326116626111005,37627.97223881664,0.33160960287348207,38101.04595888178,0.33577872969873396,0.0,0.0,0.0,0.0,0.9999999951833166
2014-02-18,0.0005465524204737449,113700.09856511604,37829.60451534237,0.3327139113575821,37709.0836280662,0.3316539220629629,38161.40987515506,0.3356321617724898,0.0,0.0,0.0,0.0,0.9999999951930348
2014-02-19,0.0005465524204737449,113501.44600460358,37653.260904393035,0.3317425656662192,37725.7435631272,0.33238117126364236,38122.44099053093,0.33587625825476,0.0,0.0,0.0,0.0,0.9999999951846216
2014-02-20,0.0005465524204737449,114123.80030934516,37928.64172413116,0.3323464660423276,37833.0327855318,0.33150870092812534,38362.12525312978,0.3361448282404284,0.0,0.0,0.0,0.0,0.9999999952108813
2014-02-21,0.0005465524204737449,113930.67703885969,37848.12839139475,0.33220313768946913,37763.09838145924,0.33145680656825144,38319.449719453296,0.3363400509450429,0.0,0.0,0.0,0.0,0.9999999952027634
2014-02-24,0.0005465524204737449,114417.7846502352,38131.85008227684,0.3332685578456395,37837.288458470386,0.330694118699602,38448.64556293557,0.336037318677945,0.0,0.0,0.0,0.0,0.9999999952231865
2014-02-25,0.0005465524204737449,114457.55019763968,38073.051801154186,0.3326390590695984,37947.47851929896,0.3315419424386868,38437.01933063411,0.3358189937165609,0.0,0.0,0.0,0.0,0.9999999952248461
2014-02-26,0.0005465524204737449,114225.34980249654,38077.57467387995,0.33335485283887234,37824.54385385188,0.33113966312428117,38323.23072821229,0.33550547925198554,0.0,0.0,0.0,0.0,0.999999995215139
2014-02-27,0.0005465524204737449,114632.96499467755,38234.221179518696,0.3335360049466916,37879.71698594539,0.33044348968644544,38519.02628266105,0.33602050059901617,0.0,0.0,0.0,0.0,0.9999999952321532
2014-02-28,0.0005465524204737449,114875.7474158738,38210.671486593674,0.332626096858053,38077.60951884511,0.33146778476222954,38587.4658638826,0.3359061136219471,0.0,0.0,0.0,0.0,0.9999999952422297
2014-03-03,0.0005465524204737449,113071.23219841678,37549.021476126676,0.33208288922009677,37505.32656797884,0.33169645221664074,38016.88360775886,0.3362206537295626,0.0,0.0,0.0,0.0,0.9999999951663
2014-03-04,0.0005465524204737449,114918.12410805312,38223.39115499381,0.33261412376566313,38115.04956575773,0.3316713517697139,38579.68284074916,0.33571451970860716,0.0,0.0,0.0,0.0,0.9999999952439842
2014-03-05,0.0005465524204737449,115580.04723004324,38411.14206835262,0.3323336768664016,38383.78881470261,0.33209701617707366,38785.11580043559,0.33556930222774645,0.0,0.0,0.0,0.0,0.9999999952712217
2014-03-06,0.0005465524204737449,115952.75841725603,38509.16364407554,0.33211080244853086,38608.25874632821,0.33296541861812706,38835.33548029986,0.33492377421976366,0.0,0.0,0.0,0.0,0.9999999952864216
2014-03-07,0.0005465524204737449,116746.387176807,38650.71723292625,0.3310656386684714,38910.55284605571,0.3332912802443084,39185.11655127262,0.3356430764056842,0.0,0.0,0.0,0.0,0.999999995318464
2014-03-10,0.0005465524204737449,116928.64736618934,38777.982046913916,0.3316379939423366,38937.99263650556,0.33300644036839105,39212.67213621744,0.3353555610150335,0.0,0.0,0.0,0.0,0.9999999953257612
2014-03-11,0.0005465524204737449,116577.71610199945,38700.05190490558,0.3319678339816251,38690.948681268455,0.3318897468141843,39186.714969273,0.33614241451588106,0.0,0.0,0.0,0.0,0.9999999953116905
2014-03-12,0.0005465524204737449,116176.51668434139,38565.14198668991,0.3319529891869088,38542.53378994452,0.3317583870642887,39068.84036115455,0.33628861904430263,0.0,0.0,0.0,0.0,0.9999999952955001
2014-03-13,0.0005465524204737449,115279.95895491427,38035.91593699153,0.3299438712661868,38521.171538656956,0.33415323780365414,38722.87093271336,0.33590288618907116,0.0,0.0,0.0,0.0,0.9999999952589121
2014-03-14,0.0005465524204737449,113668.25273192642,37550.74204441955,0.33035382476564223,37751.10339679501,0.3321165100146888,38366.40674415943,0.337529660411357,0.0,0.0,0.0,0.0,0.999999995191688
2014-03-17,0.0005465524204737449,114068.1683882471,37771.910462956585,0.33113453995679637,37843.70504659968,0.33176394064462655,38452.55233213842,0.33710151460712273,0.0,0.0,0.0,0.0,0.9999999952085457
2014-03-18,0.0005465524204737449,115533.30363669683,38304.63608654543,0.3315462717745633,38403.939846317815,0.33240579674828563,38824.727157281166,0.33604792674645956,0.0,0.0,0.0,0.0,0.9999999952693085
2014-03-19,0.0005465524204737449,114466.30414442759,37873.06335771533,0.3308664819817112,38226.94646015786,0.33395807391426824,38366.293780001986,0.33517543932923183,0.0,0.0,0.0,0.0,0.9999999952252113
2014-03-20,0.0005465524204737449,115748.99727940393,38304.13294069973,0.33092410164243785,38614.340933234365,0.33360410751571407,38830.52285891742,0.335471786119972,0.0,0.0,0.0,0.0,0.999999995278124
2014-03-21,0.0005465524204737449,115478.72333667576,38078.92799435935,0.3297484323873329,38700.093457942945,0.3351274792423332,38699.70133782104,0.33512408363740637,0.0,0.0,0.0,0.0,0.9999999952670726
2014-03-24,0.0005465524204737449,114832.62604333425,37943.105359119734,0.33042094974647,38413.851841874835,0.33452036381523353,38475.66829578726,0.3350586816787395,0.0,0.0,0.0,0.0,0.9999999952404431
2014-03-25,0.0005465524204737449,115308.77463773057,38060.91638552782,0.33007823129770536,38653.157642789985,0.3352143647717002,38594.70006286036,0.33470739919069137,0.0,0.0,0.0,0.0,0.999999995260097
2014-03-26,0.0005465524204737449,114741.70148291753,37772.09274877427,0.3291923708696065,38464.40014632619,0.33522598714515905,38505.20804126467,0.33558163722190604,0.0,0.0,0.0,0.0,0.9999999952366715
2014-03-27,0.0005465524204737449,114068.02076526979,37503.00085284887,0.32877751889833245,38192.83086965948,0.33482505099525695,38372.188496209026,0.33639742531495015,0.0,0.0,0.0,0.0,0.9999999952085395
2014-03-28,0.0005465524204737449,114789.33813695019,37687.365399564624,0.3283176470152782,38540.72417950767,0.335751776297607,38561.248011325486,0.3359305719257631,0.0,0.0,0.0,0.0,0.9999999952386482
2014-03-31,0.0005465524204737449,116631.16096695632,38321.68126403809,0.32857154937260125,39098.32527107459,0.33523052456068614,39211.15388529122,0.33619792138055143,0.0,0.0,0.0,0.0,0.9999999953138389
2014-04-01,0.00023650649336559582,117625.02684647191,39294.09906012308,0.3340624024801375,39200.029368831914,0.33326266033500757,39130.89818101042,0.3326749351741732,0.0,0.0,0.0,0.0,0.9999999979893183
2014-04-02,0.00023650649336559582,118304.56808180729,39557.65243005985,0.33437130172949736,39359.165354543235,0.3326935383198938,39387.75006069772,0.33293515795147655,0.0,0.0,0.0,0.0,0.9999999980008677
2014-04-03,0.00023650649336559582,118429.67762687284,39494.031298080714,0.3334808646740683,39448.03463134161,0.3330924766647382,39487.61146094403,0.33342665666417304,0.0,0.0,0.0,0.0,0.9999999980029796
2014-04-04,0.00023650649336559582,117854.23352765679,38900.06849447485,0.3300693350599594,39783.045398109534,0.3375614452473077,39171.11939856593,0.3323692176859617,0.0,0.0,0.0,0.0,0.9999999979932288
2014-04-07,0.00023650649336559582,115669.49426347742,38352.475922392696,0.3315694960594504,38634.48900565631,0.33400758991521873,38682.52909892192,0.33442291198065616,0.0,0.0,0.0,0.0,0.9999999979553253
2014-04-08,0.00023650649336559582,115565.20965398791,38279.997307820406,0.3312415338702191,38534.195786060794,0.33344114462679086,38751.016323600226,0.33531731945647025,0.0,0.0,0.0,0.0,0.9999999979534803
2014-04-09,0.00023650649336559582,115495.33594103086,38391.71117612148,0.33240919092805066,38492.90881976124,0.33328539638531196,38610.71570864166,0.33430541063887953,0.0,0.0,0.0,0.0,0.9999999979522421
2014-04-10,0.00023650649336559582,113755.6211542805,37738.18954426852,0.331747909785366,37907.05305406812,0.33323235080099356,38110.378319437375,0.33501973733456536,0.0,0.0,0.0,0.0,0.9999999979209249
2014-04-11,0.00023650649336559582,111872.1497245557,37008.092630587635,0.3308070214231741,37302.01135635027,0.3334342948463299,37562.045501111315,0.33575868161641775,0.0,0.0,0.0,0.0,0.9999999978859216
2014-04-14,0.00023650649336559582,112565.69613067221,37309.09664567068,0.33144286339561485,37394.42561544547,0.33220090045937306,37862.17363304958,0.3363562340439592,0.0,0.0,0.0,0.0,0.9999999978989471
2014-04-15,0.00023650649336559582,114030.56797039481,37799.57496954428,0.3314863342551972,37971.51988963181,0.33299421870362134,38259.472874712235,0.3355194449671193,0.0,0.0,0.0,0.0,0.9999999979259379
2014-04-16,0.00023650649336559582,115135.5099651597,38225.96379880773,0.3320084638559816,38285.53570618534,0.3325258707567339,38624.01022366014,0.3354656633331269,0.0,0.0,0.0,0.0,0.9999999979458424
2014-04-17,0.00023650649336559582,115783.26228256765,38422.78052022996,0.3318509062774516,38592.15971343791,0.33331380505805935,38768.3218123933,0.33483528662182344,0.0,0.0,0.0,0.0,0.9999999979573344
2014-04-21,0.00023650649336559582,116435.66302163563,38640.11602746622,0.33185808389553517,38772.50213057445,0.3329950731965162,39023.04462708847,0.3351468408767283,0.0,0.0,0.0,0.0,0.9999999979687797
2014-04-22,0.00023650649336559582,117077.62120324993,38894.58551041796,0.33221195571522505,39031.82150262646,0.3333841352555853,39151.21395369903,0.3344039070091069,0.0,0.0,0.0,0.0,0.9999999979799172
2014-04-23,0.00023650649336559582,116713.97921115883,38690.5659521386,0.33149898764174307,38955.586953872065,0.3337696753821892,39067.82606864168,0.33473133494969104,0.0,0.0,0.0,0.0,0.9999999979736233
2014-04-24,0.00023650649336559582,116523.30006079865,38671.707026424236,0.33187960696484226,38902.06289478725,0.3338565151732677,38949.52990308067,0.33426387583219735,0.0,0.0,0.0,0.0,0.9999999979703074
2014-04-25,0.00023650649336559582,115679.32344582336,38316.94924928667,0.33123420943269805,38566.492522573404,0.333391408021464,38795.88143745681,0.3353743805013371,0.0,0.0,0.0,0.0,0.9999999979554991
2014-04-28,0.00023650649336559582,116065.99956326355,38523.365578625926,0.3319091355227435,38606.86961582397,0.33262858857111466,38935.76413230717,0.33546227386845223,0.0,0.0,0.0,0.0,0.9999999979623103
2014-04-29,0.00023650649336559582,117053.3712707766,38884.265306128924,0.3321926133693231,38979.66842344933,0.33300765283623185,39189.437304691855,0.33479973177394373,0.0,0.0,0.0,0.0,0.9999999979794987
2014-04-30,0.00023650649336559582,117375.94651368418,38957.39359127834,0.33190270024136953,39049.10799466889,0.3326840733089755,39369.444691230456,0.3354132244347065,0.0,0.0,0.0,0.0,0.9999999979850515
2014-05-01,0.00023650649336559582,117000.75936931375,38881.472055038575,0.3323181171184447,38892.62721369762,0.3324134597360412,39226.65986407107,0.3352684211241043,0.0,0.0,0.0,0.0,0.9999999979785902
2014-05-02,0.00023650649336559582,116869.73447738061,38809.99675445342,0.33207910438065424,38922.87890994981,0.3330449845206338,39136.85857647089,0.33487590907503584,0.0,0.0,0.0,0.0,0.9999999979763239
2014-05-05,0.00023650649336559582,116850.04849540765,38962.789492187076,0.33344264716944777,38668.2754902216,0.33092220318369236,39218.9832764925,0.3356351476228429,0.0,0.0,0.0,0.0,0.9999999979759829
2014-05-06,0.00023650649336559582,116158.06269681198,38625.44044440194,0.3325248333834517,38626.45790139341,0.3325335926289819,38906.16411451014,0.33494157195149177,0.0,0.0,0.0,0.0,0.9999999979639254
2014-05-07,0.00023650649336559582,115857.58962936551,38429.18190372745,0.33169326262236604,38457.415679336,0.3319369564166084,38970.99180979557,0.33636977891967035,0.0,0.0,0.0,0.0,0.9999999979586448
2014-05-08,0.00023650649336559582,116180.84245100452,38510.46115985402,0.33146997686898816,38652.20454553897,0.3326900006069355,39018.17650910505,0.335840020488401,0.0,0.0,0.0,0.0,0.9999999979643246
2014-05-09,0.00023650649336559582,115933.5007321167,38568.18350773244,0.3326750530621044,38400.607283128724,0.33122960180301636,38964.70970474905,0.3360953430948607,0.0,0.0,0.0,0.0,0.9999999979599815
2014-05-12,0.00023650649336559582,117451.43948251473,39093.94504080327,0.3328519872812907,39082.31557987421,0.33275297222468253,39275.178625330765,0.33439503848037344,0.0,0.0,0.0,0.0,0.9999999979863466
2014-05-13,0.00023650649336559582,117997.64009940314,39271.68208731149,0.33281752121676655,39287.22916432643,0.3329492787417632,39438.72861125873,0.33423319803713786,0.0,0.0,0.0,0.0,0.9999999979956676
2014-05-14,0.00023650649336559582,117537.64277188186,39057.095708379005,0.33229435938392415,39120.3765337557,0.33283274711983873,39360.17029324066,0.3348728914840605,0.0,0.0,0.0,0.0,0.9999999979878235
2014-05-15,0.00023650649336559582,115858.91708187395,38495.72955197659,0.3322638474583086,38484.51994748361,0.33216709526369714,38878.667345907255,0.3355690552366625,0.0,0.0,0.0,0.0,0.9999999979586682
2014-05-16,0.00023650649336559582,115870.86582075528,38566.46986610785,0.33284009395224234,38365.07604601563,0.33110200544599294,38939.31967212532,0.33605789856064355,0.0,0.0,0.0,0.0,0.9999999979588787
2014-05-19,0.00023650649336559582,116391.54529047888,38718.72857695102,0.3326592879261163,38717.00046289437,0.3326444405069817,38955.81601412701,0.33469626953491177,0.0,0.0,0.0,0.0,0.9999999979680098
2014-05-20,0.00023650649336559582,115617.73722212733,38464.93995053429,0.33269064829243805,38447.73920737126,0.3325418757634447,38705.05782771529,0.33476747389852723,0.0,0.0,0.0,0.0,0.99999999795441
2014-05-21,0.00023650649336559582,116064.26114711148,38645.85317431583,0.3329694497889596,38591.29018299088,0.3324993396035702,38827.117553298274,0.33453120856974994,0.0,0.0,0.0,0.0,0.9999999979622798
2014-05-22,0.00023650649336559582,116611.07690064143,38801.17620608028,0.33274005555356334,38847.60752523322,0.33313822801184967,38962.29293282145,0.3341217144064222,0.0,0.0,0.0,0.0,0.9999999979718351
2014-05-23,0.00023650649336559582,117367.00294296627,39130.702530570365,0.33340463289827443,39055.92986730665,0.3327675486975298,39180.37030858277,0.33382781638909376,0.0,0.0,0.0,0.0,0.9999999979848979
2014-05-27,0.00023650649336559582,117904.00247284127,39330.33823526794,0.33357933072990914,39257.965650827995,0.33296550437183775,39315.69835023885,0.333455162892329,0.0,0.0,0.0,0.0,0.9999999979940758
2014-05-28,0.00023650649336559582,117950.009735294,39355.55227854907,0.33366298457178306,39321.73206345658,0.33337625110589875,39272.725156781875,0.3329607623171764,0.0,0.0,0.0,0.0,0.9999999979948583
2014-05-29,0.00023650649336559582,118097.37885077661,39410.02908441092,0.3337079067115278,39328.03080007208,0.3330135789869265,39359.31872978712,0.33327851229890604,0.0,0.0,0.0,0.0,0.9999999979973604
2014-05-30,0.00023650649336559582,118354.06987113779,39535.51593705552,0.3340444141895688,39324.164051730804,0.3322586548527346,39494.389645844974,0.33369692895940034,0.0,0.0,0.0,0.0,0.9999999980017038
2014-06-02,0.00023650649336559582,118757.48768984133,39623.42063361378,0.3336498725629678,39600.50881598844,0.3334569431058781,39533.55800373262,0.33289318233964604,0.0,0.0,0.0,0.0,0.999999998008492
2014-06-03,0.00023650649336559582,119259.45685144843,39745.8812430676,0.3332723650802446,39811.968101340906,0.33382650862590596,39701.607270533445,0.3329011243107239,0.0,0.0,0.0,0.0,0.9999999980168743
2014-06-04,0.00023650649336559582,119765.17201311696,39881.67586040618,0.332998944434683,39973.752638014135,0.3337677554008449,39909.74327819015,0.33323329818972036,0.0,0.0,0.0,0.0,0.9999999980252482
2014-06-05,0.00023650649336559582,120385.97016725386,40183.92967428314,0.33379246450774175,40086.35726848235,0.33298196802160446,40115.68298798189,0.33322556550608534,0.0,0.0,0.0,0.0,0.9999999980354315
2014-06-06,0.00023650649336559582,120693.40849255509,40240.6233142742,0.3334119387038143,40362.55716054426,0.3344222162972057,40090.22778123013,0.3321658430394157,0.0,0.0,0.0,0.0,0.9999999980404357
2014-06-09,0.00023650649336559582,120828.8446310772,40297.315292166175,0.33350741220115665,40429.75402350651,0.3346034975915674,40101.775078898034,0.33188908824990826,0.0,0.0,0.0,0.0,0.9999999980426322
2014-06-10,0.00023650649336559582,120668.80043886558,40215.014748069174,0.3332677096466481,40448.934640452644,0.33520623801133487,40004.850813837285,0.3315260503820533,0.0,0.0,0.0,0.0,0.9999999980400361
2014-06-11,0.00023650649336559582,120013.66285166601,40019.74363880035,0.33345989688077254,40236.6370543196,0.33526713624307186,39757.281922039576,0.3312729649054926,0.0,0.0,0.0,0.0,0.999999998029337
2014-06-12,0.00023650649336559582,118992.12463006443,39514.62532155648,0.33207765173034615,39992.28455234462,0.3360918605048608,39485.21451965684,0.3318304857772121,0.0,0.0,0.0,0.0,0.999999998012419
2014-06-13,0.00023650649336559582,118716.18863797796,39446.06054867002,0.3322719588729368,39804.86861596767,0.33529436105257404,39465.25923683378,0.3324336780822883,0.0,0.0,0.0,0.0,0.9999999980077992
2014-06-16,0.00023650649336559582,119206.57981723378,39617.875677792996,0.3323463833836579,39998.411984083,0.3355386258494131,39590.291918851304,0.3321149887829238,0.0,0.0,0.0,0.0,0.9999999980159947
2014-06-17,0.00023650649336559582,119338.07600129952,39655.178909139366,0.3322927621919055,40087.44543739921,0.3359149634435424,39595.45141825446,0.33179227238273296,0.0,0.0,0.0,0.0,0.9999999980181808
2014-06-18,0.00023650649336559582,120401.89247127331,39889.77765210017,0.33130523809347495,40519.34716887983,0.3365341386020767,39992.767413786816,0.3321606213401396,0.0,0.0,0.0,0.0,0.9999999980356913
2014-06-19,0.00023650649336559582,120355.98988312902,39888.009033995666,0.33141689975487454,40425.78597831004,0.3358851189505837,40042.19463431682,0.33269797932948375,0.0,0.0,0.0,0.0,0.9999999980349421
2014-06-20,0.00023650649336559582,120649.24607326646,39958.25258610358,0.3311935539310225,40568.81506945397,0.33625419461649864,40122.17818120243,0.3325522494921974,0.0,0.0,0.0,0.0,0.9999999980397185
2014-06-23,0.00023650649336559582,120764.9747871712,40011.56746637193,0.33131764848943884,40642.044459975936,0.3365383426080367,40111.36262431684,0.33214400694412144,0.0,0.0,0.0,0.0,0.999999998041597
2014-06-24,0.00023650649336559582,119845.456259227,39689.2664252406,0.3311703894671843,40271.72176099088,0.3360304430222429,39884.46783648903,0.33279916553714395,0.0,0.0,0.0,0.0,0.9999999980265711
2014-06-25,0.00023650649336559582,120307.12342185168,39883.546987885384,0.3315144261910034,40384.61025475736,0.33567929401113256,40038.965942702445,0.332806277832008,0.0,0.0,0.0,0.0,0.999999998034144
2014-06-26,0.00023650649336559582,119842.56903704209,39772.10215555987,0.33186957251614596,40117.712228968,0.3347534398780122,39952.75441600773,0.33337698563236534,0.0,0.0,0.0,0.0,0.9999999980265235
2014-06-27,0.00023650649336559582,119931.25958909161,39797.19637432734,0.3318333894822789,40180.877982619066,0.33503256882556526,39953.18499563873,0.3331340397201389,0.0,0.0,0.0,0.0,0.999999998027983
2014-06-30,0.00023650649336559582,119780.87229587887,39659.89674570339,0.33110375626366106,40244.05120298575,0.33598061553247155,39876.92411068325,0.3329156262293745,0.0,0.0,0.0,0.0,0.9999999980255071
2014-07-01,2.157441536354554e-05,120454.80464031278,40229.71971350489,0.33398186011453757,40151.11345994879,0.33332928130051,40073.971445284675,0.33268885840584445,0.0,0.0,0.0,0.0,0.9999999998208919
2014-07-02,2.157441536354554e-05,120732.7036794447,40363.306505356704,0.33431957767238124,40250.21286042524,0.3333828501620645,40119.184292088335,0.3322975719868585,0.0,0.0,0.0,0.0,0.9999999998213043
2014-07-03,2.157441536354554e-05,121655.63008338395,40705.52672330011,0.33459632485072943,40587.13512559724,0.33362315494793315,40362.96821291219,0.3317805200239974,0.0,0.0,0.0,0.0,0.9999999998226599
2014-07-07,2.157441536354554e-05,121644.18794270686,40693.32676781271,0.33452750563782657,40552.46830356758,0.3333695508959899,40398.392849752156,0.3321029432888267,0.0,0.0,0.0,0.0,0.9999999998226432
2014-07-08,2.157441536354554e-05,120772.78006350108,40356.666698208246,0.33415366175216904,40226.48056368796,0.33307571906962224,40189.63278003044,0.33277061899957217,0.0,0.0,0.0,0.0,0.9999999998213636
2014-07-09,2.157441536354554e-05,120803.32607907748,40352.06716816794,0.33403109399283926,40256.4119121187,0.33323926764869854,40194.846977216424,0.332729638179871,0.0,0.0,0.0,0.0,0.9999999998214087
2014-07-10,2.157441536354554e-05,120424.33656394242,40148.737679693026,0.33339388719301777,40115.435232746466,0.3331173446942441,40160.163629928495,0.33348876793358473,0.0,0.0,0.0,0.0,0.9999999998208466
2014-07-11,2.157441536354554e-05,120179.12311816165,40090.1364918433,0.333586528605523,40028.499176580095,0.33307364988196464,40060.487428163826,0.33333982133299345,0.0,0.0,0.0,0.0,0.9999999998204812
2014-07-14,2.157441536354554e-05,120664.26942434379,40377.872395585866,0.33462989987191444,40062.88504880355,0.3320194556344858,40223.51195837995,0.3333506443148027,0.0,0.0,0.0,0.0,0.9999999998212029
2014-07-15,2.157441536354554e-05,120856.90706827569,40252.49782138022,0.33305914240085904,40375.06031565487,0.33407325485208544,40229.34890966619,0.3328676025685435,0.0,0.0,0.0,0.0,0.9999999998214879
2014-07-16,2.157441536354554e-05,121315.66566928291,40369.81886096386,0.3327667423514413,40532.027932542216,0.3341038250001122,40413.81885420241,0.3331294324706094,0.0,0.0,0.0,0.0,0.9999999998221629
2014-07-17,2.157441536354554e-05,120167.65568829283,39877.45123496143,0.3318484579444653,40285.887192945374,0.3352473422419455,40004.31723881159,0.3329041996340531,0.0,0.0,0.0,0.0,0.999999999820464
2014-07-18,2.157441536354554e-05,120778.01201274178,40240.07894616216,0.33317388053975366,40316.46847336452,0.3338063592991681,40221.46457164068,0.3330197599824496,0.0,0.0,0.0,0.0,0.9999999998213712
2014-07-21,2.157441536354554e-05,120566.9974281763,40133.23606823856,0.3328708263813783,40297.161543231196,0.33423044782413913,40136.59979513211,0.3328987256155411,0.0,0.0,0.0,0.0,0.9999999998210587
2014-07-22,2.157441536354554e-05,121162.78424464476,40437.7573992716,0.3337473437191907,40478.89103586636,0.33408683440398473,40246.13578793238,0.33216582169876313,0.0,0.0,0.0,0.0,0.9999999998219385
2014-07-23,2.157441536354554e-05,121601.82332223006,40664.4168537457,0.3344063085796825,40620.58412307361,0.33404584744945803,40316.822323836335,0.33154784379344093,0.0,0.0,0.0,0.0,0.9999999998225815
2014-07-24,2.157441536354554e-05,121587.5250954218,40567.896191835884,0.33365179659671684,40672.21918025052,0.3345098039320316,40347.40970176099,0.33183839929381215,0.0,0.0,0.0,0.0,0.9999999998225606
2014-07-25,2.157441536354554e-05,121308.15452836356,40478.245536247625,0.3336811584812564,40559.23483077752,0.3343487912125,40270.67413976401,0.33197005012839553,0.0,0.0,0.0,0.0,0.9999999998221519
2014-07-28,2.157441536354554e-05,121455.6849649841,40618.17178224652,0.33442791742483535,40485.13486887578,0.33333256389396443,40352.37829228738,0.33223951850356814,0.0,0.0,0.0,0.0,0.999999999822368
2014-07-29,2.157441536354554e-05,121348.12424221901,40498.13278997822,0.3337351363515206,40591.830771249784,0.3345072783344039,40258.16065941659,0.33175758513628606,0.0,0.0,0.0,0.0,0.9999999998222106
2014-07-30,2.157441536354554e-05,121405.81784124598,40610.829582785605,0.3345048063173512,40507.18269798227,0.3336510837639653,40287.80553890368,0.33184410974097855,0.0,0.0,0.0,0.0,0.999999999822295
2014-07-31,2.157441536354554e-05,120217.3268452332,40109.1368037222,0.3336385682186926,40214.72990075029,0.33451691994883903,39893.46011918629,0.3318445116530066,0.0,0.0,0.0,0.0,0.9999999998205381
2014-08-01,2.157441536354554e-05,119678.02366935572,39916.428266937146,0.3335318134699277,39894.1233123005,0.33334543877929723,39867.472068543655,0.33312274757050453,0.0,0.0,0.0,0.0,0.9999999998197294
2014-08-04,2.157441536354554e-05,119852.43512060637,40091.15650520118,0.33450431328206076,39812.606482418334,0.33218020511936436,39948.672111412445,0.3333154814185667,0.0,0.0,0.0,0.0,0.9999999998199918
2014-08-05,2.157441536354554e-05,118833.25092980718,39785.17009496146,0.33479829747704115,39497.90989268632,0.33238095889522606,39550.17092058498,0.33282074344618073,0.0,0.0,0.0,0.0,0.9999999998184479
2014-08-06,2.157441536354554e-05,119236.22795625393,39907.328566049684,0.33469130355827015,39662.96672483652,0.3326419109751467,39665.9326437933,0.3326667852856446,0.0,0.0,0.0,0.0,0.9999999998190615
2014-08-07,2.157441536354554e-05,118022.29494424081,39466.99200379244,0.3344028517869312,39224.55711910328,0.3323487069763791,39330.74579977068,0.33324844105389023,0.0,0.0,0.0,0.0,0.9999999998172004
2014-08-08,2.157441536354554e-05,119380.10041795413,39928.39454117265,0.3344644073960557,39650.483194278575,0.3321364536925398,39801.222660928484,0.33339913873068405,0.0,0.0,0.0,0.0,0.9999999998192796
2014-08-11,2.157441536354554e-05,119856.08111493675,40035.151663446144,0.33402687031836276,39825.981247310745,0.3322816904810976,39994.94818260543,0.33369143902053683,0.0,0.0,0.0,0.0,0.9999999998199973
2014-08-12,2.157441536354554e-05,119794.99028728214,40020.22705548311,0.3340726265723634,39781.83626944698,0.3320826369620764,39992.92694077763,0.3338447362854657,0.0,0.0,0.0,0.0,0.9999999998199055
2014-08-13,2.157441536354554e-05,120433.54029255659,40305.967763285815,0.3346739427021306,39888.24001303777,0.3312054093580696,40239.332494658585,0.33412064776066025,0.0,0.0,0.0,0.0,0.9999999998208603
2014-08-14,2.157441536354554e-05,121281.62045741298,40549.27256938369,0.33433979869705177,40205.23509908915,0.33150311603238247,40527.11276736571,0.3341570850926787,0.0,0.0,0.0,0.0,0.999999999822113
2014-08-15,2.157441536354554e-05,121399.32736422114,40625.644574238795,0.3346447254386683,40233.4151642044,0.3314138227759408,40540.26760420352,0.33394145160767635,0.0,0.0,0.0,0.0,0.9999999998222855
2014-08-18,2.157441536354554e-05,122301.49684608802,40999.6223461077,0.33523401923448437,40524.92830037974,0.3313526763403304,40776.946178026155,0.3334133042487817,0.0,0.0,0.0,0.0,0.9999999998235964
2014-08-19,2.157441536354554e-05,123335.06557178787,41384.600341523255,0.33554610077565583,40866.074458900075,0.331341895911295,41084.390749790124,0.33311200313812395,0.0,0.0,0.0,0.0,0.9999999998250747
2014-08-20,2.157441536354554e-05,124041.14562754311,41679.35568483323,0.33601234069526686,41113.7443857724,0.3314524723048282,41248.04553536305,0.33253518682597527,0.0,0.0,0.0,0.0,0.9999999998260705
2014-08-21,2.157441536354554e-05,125342.518532542,42041.73416263992,0.33541478705587724,41604.12715300906,0.3319234976294784,41696.65719531859,0.3326617151425206,0.0,0.0,0.0,0.0,0.9999999998278762
2014-08-22,2.157441536354554e-05,125216.40174913724,42094.70708206463,0.3361756646417503,41508.271205367724,0.33149228555957705,41613.42344013046,0.3323320496263756,0.0,0.0,0.0,0.0,0.9999999998277029
2014-08-25,2.157441536354554e-05,126197.02539188237,42399.24499054772,0.3359765799461946,41889.07186568695,0.3319339083913262,41908.70851407328,0.33208951149152094,0.0,0.0,0.0,0.0,0.9999999998290418
2014-08-26,2.157441536354554e-05,126164.98995207985,42423.25383550916,0.3362521873272642,41907.70283623124,0.3321658635422448,41834.03325876503,0.33158194895948934,0.0,0.0,0.0,0.0,0.9999999998289983
2014-08-27,2.157441536354554e-05,126135.66671898309,42325.97976820316,0.3355591710828386,41967.6154247063,0.33271806869825094,41842.07150449921,0.33172276004786905,0.0,0.0,0.0,0.0,0.9999999998289586
2014-08-28,2.157441536354554e-05,125797.02611973377,42204.68276171982,0.33549825511414993,41791.57448118357,0.3322143278761319,41800.76885525596,0.33228741683821633,0.0,0.0,0.0,0.0,0.9999999998284982
2014-08-29,2.157441536354554e-05,125751.79169419532,42200.77802822653,0.33558788673843215,41724.8087453156,0.3318028966679256,41826.20489907877,0.33260921642207875,0.0,0.0,0.0,0.0,0.9999999998284365
2014-09-02,2.157441536354554e-05,126593.7850784205,42561.5145725141,0.33620540333910315,41990.4497343512,0.3316944011772739,42041.82074998078,0.33210019531320056,0.0,0.0,0.0,0.0,0.9999999998295775
2014-09-03,2.157441536354554e-05,127656.37042047393,42749.72542504145,0.33488125413743636,42436.621916875294,0.3324285484312123,42470.023056982776,0.3326901972623475,0.0,0.0,0.0,0.0,0.9999999998309961
2014-09-04,2.157441536354554e-05,126955.88160221533,42501.89212224287,0.3347768656785195,42164.93749884163,0.3321227576596646,42289.05195955641,0.33310037649187957,0.0,0.0,0.0,0.0,0.9999999998300636
2014-09-05,2.157441536354554e-05,128405.43467278387,42975.44430434456,0.33468555605811445,42608.62568830087,0.3318288341679666,42821.36465856403,0.333485609605901,0.0,0.0,0.0,0.0,0.9999999998319821
2014-09-08,2.157441536354554e-05,127723.07999369662,42790.51643257653,0.33502571684529,42374.34889449372,0.3317673586996569,42558.21464505195,0.33320692428613746,0.0,0.0,0.0,0.0,0.9999999998310843
2014-09-09,2.157441536354554e-05,128197.08137361372,42938.25930250982,0.3349394451295802,42550.98941403538,0.33191855039215795,42707.83263549411,0.3331420043099709,0.0,0.0,0.0,0.0,0.999999999831709
2014-09-10,2.157441536354554e-05,128481.67071250225,43188.48605497674,0.33614511560654986,42589.02100626707,0.33147935242503684,42704.16362968403,0.33237553180049506,0.0,0.0,0.0,0.0,0.9999999998320818
2014-09-11,2.157441536354554e-05,129259.37131597557,43344.71866770453,0.3353313436884048,42871.14534596284,0.33166759910323235,43043.50728073377,0.33300105704145483,0.0,0.0,0.0,0.0,0.999999999833092
2014-09-12,2.157441536354554e-05,128780.85416798778,43284.3244000959,0.336108381014726,42702.95919137668,0.3315940049261743,42793.57055494079,0.33229761389157153,0.0,0.0,0.0,0.0,0.9999999998324718
2014-09-15,2.157441536354554e-05,129070.3531191082,43259.27441781711,0.33516042508922833,42859.524070279185,0.3320632742883079,42951.55460943747,0.33277630045531126,0.0,0.0,0.0,0.0,0.9999999998328476
2014-09-16,2.157441536354554e-05,129475.15160697927,43536.427368219745,0.3362531484062224,42769.50081168298,0.3303297990452209,43169.22340550212,0.33341705238192676,0.0,0.0,0.0,0.0,0.9999999998333702
2014-09-17,2.157441536354554e-05,129936.1735096099,43534.06779163487,0.33504194109899005,43228.04670062435,0.3326867763843089,43174.05899577626,0.33227128235066244,0.0,0.0,0.0,0.0,0.9999999998339614
2014-09-18,2.157441536354554e-05,132236.22076123566,44396.865814674595,0.3357390702721088,43988.661112063535,0.3326521346332863,43850.69381292312,0.33160879493145434,0.0,0.0,0.0,0.0,0.9999999998368495
2014-09-19,2.157441536354554e-05,132454.17643288698,44513.059712350674,0.33606384419977076,43941.15578789988,0.3317460949233591,43999.96091106202,0.33219006071398816,0.0,0.0,0.0,0.0,0.999999999837118
2014-09-22,2.157441536354554e-05,131753.69155873763,44246.61112072692,0.33582824585223225,43692.386069747765,0.33162172196343426,43814.694346688535,0.3325500320205854,0.0,0.0,0.0,0.0,0.999999999836252
2014-09-23,2.157441536354554e-05,130815.1411940093,43934.434530749386,0.3358512946570238,43372.38600567333,0.3315547849415124,43508.32063601216,0.3325939202365409,0.0,0.0,0.0,0.0,0.999999999835077
2014-09-24,2.157441536354554e-05,131555.99018839197,44295.258411832714,0.33670270998987295,43511.68730203988,0.33074653035357715,43749.04445294495,0.3325507594925557,0.0,0.0,0.0,0.0,0.9999999998360058
2014-09-25,2.157441536354554e-05,130664.17440763889,43855.76011481297,0.3356372189518007,43235.033320181654,0.33088666817959894,43573.38095106984,0.3334761127034868,0.0,0.0,0.0,0.0,0.9999999998348865
2014-09-26,2.157441536354554e-05,130696.45440171461,44021.33349148984,0.3368211761597132,43152.44594077415,0.33017304209446124,43522.6749478762,0.33300578158075284,0.0,0.0,0.0,0.0,0.9999999998349273
2014-09-29,2.157441536354554e-05,131605.281720007,44279.303739778064,0.33645536988388663,43470.696718702355,0.33031118622721517,43855.281239952186,0.3332334437249655,0.0,0.0,0.0,0.0,0.9999999998360674
2014-09-30,2.157441536354554e-05,131277.36968279717,44174.44998383579,0.3364970679300904,43325.766854481466,0.3300322588666168,43777.15282290552,0.3334706730389507,0.0,0.0,0.0,0.0,0.9999999998356578
2014-10-01,0.00029282287857768097,129958.61643787734,43165.41744111554,0.3321474067996824,43336.89294823519,0.3334668691933254,43456.30575570374,0.3343857217537913,0.0,0.0,0.0,0.0,0.999999997746799
2014-10-02,0.00029282287857768097,128954.72960266755,42920.78424496912,0.3328360609743876,42773.504609038995,0.33169395756814635,43260.44045583656,0.33546997918672444,0.0,0.0,0.0,0.0,0.9999999977292583
2014-10-03,0.00029282287857768097,129989.18938860836,43168.5076841342,0.3320930601011755,43285.864104865126,0.3329958768760389,43534.81730678615,0.3349110607701146,0.0,0.0,0.0,0.0,0.999999997747329
2014-10-06,0.00029282287857768097,131541.68062454837,43589.01359850112,0.3313703564645389,43928.026073636756,0.3339475812158575,44024.64065958762,0.33468206009351925,0.0,0.0,0.0,0.0,0.9999999977739158
2014-10-07,0.00029282287857768097,128753.00755289024,42591.13746402322,0.3307972238747687,42996.33889597561,0.3339443459471284,43165.53090006854,0.3352584279038036,0.0,0.0,0.0,0.0,0.9999999977257007
2014-10-08,0.00029282287857768097,129882.21431614259,43054.256284947354,0.3314869284577349,43256.43442217718,0.333043555269915,43571.52331619517,0.3354695140178236,0.0,0.0,0.0,0.0,0.9999999977454737
2014-10-09,0.00029282287857768097,127560.0838275297,42308.48842113062,0.3316749813235832,42368.40348520436,0.3321446820502992,42883.19162837183,0.33618033433054934,0.0,0.0,0.0,0.0,0.9999999977044317
2014-10-10,0.00029282287857768097,125856.84570401658,41600.067784889136,0.3305348036667148,41685.66206300072,0.33121489601793164,42571.11556330385,0.3382502979887191,0.0,0.0,0.0,0.0,0.9999999976733656
2014-10-13,0.00029282287857768097,123468.70134501976,40705.699466277176,0.3296843574350844,40829.80188538852,0.330689490053792,41933.19970053118,0.33962615013948716,0.0,0.0,0.0,0.0,0.9999999976283634
2014-10-14,0.00029282287857768097,123504.25488176571,40658.77440590149,0.32920950330679166,40826.830159053294,0.33057023175548106,42018.65002398804,0.34022026256677346,0.0,0.0,0.0,0.0,0.9999999976290462
2014-10-15,0.00029282287857768097,122809.52915921072,40545.64328489095,0.330150628884241,40487.91681400723,0.3296805800917822,41775.96876748967,0.3401687886396108,0.0,0.0,0.0,0.0,0.9999999976156339
2014-10-16,0.00029282287857768097,121239.22966619163,40027.443555113874,0.3301525724414578,40044.98439885016,0.33029725204544885,41166.80141940473,0.3395501730978448,0.0,0.0,0.0,0.0,0.9999999975847514
2014-10-17,0.00029282287857768097,123125.56620391057,40629.82471070008,0.3299869065650611,40724.04870088872,0.3307521740321978,41771.69249949889,0.3392609170244952,0.0,0.0,0.0,0.0,0.9999999976217541
2014-10-20,0.00029282287857768097,124992.89131121944,41120.12003120297,0.3289796691622894,41447.586799100245,0.3315995522969384,42425.18418809334,0.33942077619805594,0.0,0.0,0.0,0.0,0.9999999976572838
2014-10-21,0.00029282287857768097,126873.56756355324,41832.29626272549,0.32971640244742817,42074.21438255691,0.33162316777670164,42967.05662544796,0.33866042746788055,0.0,0.0,0.0,0.0,0.9999999976920103
2014-10-22,0.00029282287857768097,126550.1363878309,41653.52215927163,0.32914640274759155,41975.66866338012,0.33169200651621356,42920.945272356264,0.33916158842230654,0.0,0.0,0.0,0.0,0.9999999976861117
2014-10-23,0.00029282287857768097,127963.75781846898,42291.4352295743,0.3304954148780897,42405.18705553572,0.3313843527140885,43267.135240536074,0.3381202301194951,0.0,0.0,0.0,0.0,0.9999999977116734
2014-10-24,0.00029282287857768097,130011.15790129964,42995.53793829044,0.33070652267347156,42984.05727208408,0.330618217435739,44031.56239810224,0.3386752576384991,0.0,0.0,0.0,0.0,0.9999999977477096
2014-10-27,0.00029282287857768097,130250.41897850101,43098.79085341096,0.33089176366123474,43034.58537000205,0.33039882487522204,44117.04246226512,0.33870940921539017,0.0,0.0,0.0,0.0,0.9999999977518469
2014-10-28,0.00029282287857768097,130646.19802212417,43381.96368757332,0.3320568401097048,43007.818251289325,0.3291930335699949,44256.41579043864,0.33875012407895766,0.0,0.0,0.0,0.0,0.9999999977586574
2014-10-29,0.00029282287857768097,130891.9288246217,43410.51592189049,0.33165158701309216,43217.70814565099,0.3301785567203089,44263.704464257346,0.33816985402946426,0.0,0.0,0.0,0.0,0.9999999977628653
2014-10-30,0.00029282287857768097,133089.06200164382,44200.97453966613,0.33211575673378924,43862.439132909705,0.3295720810803216,45025.64803624511,0.33831215998568676,0.0,0.0,0.0,0.0,0.9999999977997976
2014-10-31,0.00029282287857768097,134720.98618631138,44766.95001320948,0.33229381168053035,44487.18250110822,0.3302171677958548,45466.853379170825,0.3374890183500645,0.0,0.0,0.0,0.0,0.9999999978264495
2014-11-03,0.00029282287857768097,139473.76346603103,46186.076482151,0.3311452658506606,46250.64576164331,0.331608215138668,47037.04092941384,0.3372465169111878,0.0,0.0,0.0,0.0,0.9999999979005165
2014-11-04,0.00029282287857768097,140210.81337671264,46394.59198584787,0.33089168280620973,46358.4664529999,0.3306340312600989,47457.75464504202,0.33847428384524436,0.0,0.0,0.0,0.0,0.9999999979115529
2014-11-05,0.00029282287857768097,140637.7512742947,46432.4252266219,0.3301561977911735,46577.20714980553,0.3311856647861431,47628.118605044394,0.33865813534057626,0.0,0.0,0.0,0.0,0.9999999979178928
2014-11-06,0.00029282287857768097,142399.1732262999,47135.904103741,0.33101248438312847,47081.23235529479,0.33062855133627483,48182.03647444125,0.33835896222424444,0.0,0.0,0.0,0.0,0.9999999979436477
2014-11-07,0.00029282287857768097,143169.73247658316,47296.08780332828,0.3303497672670725,47448.23417958959,0.3314124665794862,48425.41020084243,0.33823776410815665,0.0,0.0,0.0,0.0,0.9999999979547153
2014-11-10,0.00029282287857768097,143059.51710226282,47285.18658260354,0.33052807349267654,47400.76732300254,0.3313359941591246,48373.562903833874,0.3381359303013384,0.0,0.0,0.0,0.0,0.9999999979531395
2014-11-11,0.00029282287857768097,143305.72476720752,47429.819260624296,0.33096946641644287,47433.729221250425,0.3309967504669055,48442.175992509925,0.3380337810733078,0.0,0.0,0.0,0.0,0.9999999979566562
2014-11-12,0.00029282287857768097,144593.57772376368,47891.914207962356,0.3312174369144987,47863.150627895404,0.3310185098216101,48838.51259508307,0.33776405123874703,0.0,0.0,0.0,0.0,0.9999999979748556
2014-11-13,0.00029282287857768097,144524.84432416508,47875.86461291616,0.33126390716278487,47800.695391212015,0.33074379436103335,48848.284027214046,0.33799229645007434,0.0,0.0,0.0,0.0,0.9999999979738925
2014-11-14,0.00029282287857768097,144753.13929555452,47919.03090034071,0.3310396661070019,47964.39613541426,0.3313530633520933,48869.71196697669,0.33760726851799283,0.0,0.0,0.0,0.0,0.9999999979770879
2014-11-17,0.00029282287857768097,146038.6140522768,48260.75877915488,0.33046574080660057,48319.55127341407,0.3308683226486752,49458.30370688499,0.3386659345396185,0.0,0.0,0.0,0.0,0.9999999979948943
2014-11-18,0.00029282287857768097,146187.74019506693,48384.11400187441,0.33097244637144424,48216.212515598505,0.3298239130809517,49587.413384771164,0.33920363854454383,0.0,0.0,0.0,0.0,0.9999999979969396
2014-11-19,0.00029282287857768097,146658.30536278084,48367.022813009404,0.32979395673069095,48633.81140720206,0.33161307357874614,49657.470849746496,0.3385929676939295,0.0,0.0,0.0,0.0,0.9999999980033667
2014-11-20,0.00029282287857768097,148478.04045144058,49038.78996647613,0.3302763817287456,49225.8487660184,0.33153622324452486,50213.40142612319,0.33818739305456674,0.0,0.0,0.0,0.0,0.9999999980278372
2014-11-21,0.00029282287857768097,149273.6970583007,49320.79960804386,0.3304051589797566,49576.761735828935,0.3321198758577415,50376.135421605024,0.33747496320085113,0.0,0.0,0.0,0.0,0.9999999980383493
2014-11-24,0.00029282287857768097,149039.64595137085,49281.190127241905,0.33065826084504746,49504.58199251866,0.3321571362875565,50253.87353878744,0.3371846009026648,0.0,0.0,0.0,0.0,0.9999999980352686
2014-11-25,0.00029282287857768097,150001.22284173573,49538.69258297757,0.33025525822042917,49893.06484600796,0.3326177207145135,50569.465119927314,0.3371270191129207,0.0,0.0,0.0,0.0,0.9999999980478634
2014-11-26,0.00029282287857768097,149315.6531233396,49376.051116112205,0.330682350331522,49424.185056765746,0.33100471399297804,50515.41665763878,0.3383129337144003,0.0,0.0,0.0,0.0,0.9999999980389004
2014-11-28,0.00029282287857768097,149431.9133893504,49408.18162569952,0.33064009223360924,49216.839758169415,0.3293596303617763,50806.8917126586,0.3400002754450407,0.0,0.0,0.0,0.0,0.9999999980404262
2014-12-01,0.00029282287857768097,150001.3596385703,49590.73811021756,0.33060192407393446,49351.173446754845,0.32900484079388986,51059.44778877503,0.34039323318004083,0.0,0.0,0.0,0.0,0.9999999980478652
2014-12-02,0.00029282287857768097,150155.52884949747,49612.32747003255,0.33040626509170723,49547.05573170551,0.32997157088612483,50996.14535493654,0.33962216207203755,0.0,0.0,0.0,0.0,0.9999999980498696
2014-12-03,0.00029282287857768097,151781.48174983254,50223.38690529816,0.3308927171239292,50091.605899041584,0.330024488636914,51466.48865266992,0.33908279230991695,0.0,0.0,0.0,0.0,0.9999999980707602
2014-12-04,0.00029282287857768097,152488.5335155787,50496.40068378703,0.33114883801166706,50288.47057547611,0.3297852593640327,51703.6619634927,0.339065900704006,0.0,0.0,0.0,0.0,0.9999999980797056
2014-12-05,0.00029282287857768097,152634.01314725686,50531.92901223075,0.33106597913716,50419.560244180924,0.3303297817082068,51682.523598022315,0.3386042372361691,0.0,0.0,0.0,0.0,0.999999998081536
2014-12-08,0.00029282287857768097,153958.48111152436,50886.91701399976,0.33052363628567055,50724.78367291647,0.32947053846401925,52346.780131785286,0.34000582334835033,0.0,0.0,0.0,0.0,0.9999999980980401
2014-12-09,0.00029282287857768097,152757.6579460953,50586.36603686655,0.33115437037347956,50344.644895189405,0.3295719872384721,51826.646721216486,0.3392736404711372,0.0,0.0,0.0,0.0,0.9999999980830888
2014-12-10,0.00029282287857768097,148811.76004201526,49198.66877496909,0.3306100859305637,48968.10871643195,0.32906074561987825,50644.982257791344,0.3403291664818179,0.0,0.0,0.0,0.0,0.9999999980322599
2014-12-11,0.00029282287857768097,147558.5659392633,48785.6204272544,0.3306186944601718,48521.5309008395,0.3288289676169087,50251.41431834652,0.3405523359384676,0.0,0.0,0.0,0.0,0.9999999980155482
2014-12-12,0.00029282287857768097,147436.79797316893,48622.14967157817,0.32978300085184026,48664.9887254195,0.3300735596162074,50149.65928334841,0.3401434375458617,0.0,0.0,0.0,0.0,0.9999999980139093
2014-12-15,0.00029282287857768097,145098.13398570652,48040.69920499011,0.33109108908128726,47513.067442195344,0.32745471038845897,49544.36704569819,0.34145419851215153,0.0,0.0,0.0,0.0,0.9999999979818978
2014-12-16,0.00029282287857768097,143457.0669075032,47300.534143329955,0.32971909410240424,47052.00180005021,0.3279866430727175,49104.53067130018,0.3422942607836901,0.0,0.0,0.0,0.0,0.9999999979588119
2014-12-17,0.00029282287857768097,143716.53076172486,47628.42360407951,0.33140532513302284,46601.22779862571,0.3242579510626256,49486.87906619677,0.3443367217668485,0.0,0.0,0.0,0.0,0.999999997962497
2014-12-18,0.00029282287857768097,150524.4358092898,49896.54125338948,0.3314846588537092,49270.30893671244,0.3273243222724085,51357.58532636503,0.3411910169285314,0.0,0.0,0.0,0.0,0.999999998054649
2014-12-19,0.00029282287857768097,151537.20877051872,50171.28031036782,0.33108225179431017,49833.48320787863,0.32885311543083956,51532.4449594494,0.34006463084250066,0.0,0.0,0.0,0.0,0.9999999980676504
2014-12-22,0.00029282287857768097,152815.57969760968,50407.08089495965,0.32985564033919057,50317.25200931225,0.3292678148974054,52091.24650051493,0.34087654284721947,0.0,0.0,0.0,0.0,0.9999999980838153
2014-12-23,0.00029282287857768097,154080.19052974085,50698.62612123343,0.32904052069852213,50941.96440152017,0.3306198170340869,52439.59971416438,0.34033966036693336,0.0,0.0,0.0,0.0,0.9999999980995424
2014-12-24,0.00029282287857768097,154620.31313075495,50829.48773670446,0.3287374518102315,51079.56184268695,0.33035479497115894,52711.26325854067,0.3409077513247906,0.0,0.0,0.0,0.0,0.9999999981061811
2014-12-26,0.00029282287857768097,154579.34975229163,50815.642310852396,0.32873499851230326,51089.60054665591,0.3305072807495007,52674.106601960455,0.3407577188438753,0.0,0.0,0.0,0.0,0.9999999981056793
2014-12-29,0.00029282287857768097,154808.05329195235,50854.560967043115,0.3285007458309456,51204.43309705077,0.33076078413365473,52749.05893503561,0.3407384681438776,0.0,0.0,0.0,0.0,0.9999999981084778
2014-12-30,0.00029282287857768097,154440.54220158048,50748.49994373765,0.3285957121122973,51070.37070650208,0.3306798200685121,52621.67125851789,0.3407244659231673,0.0,0.0,0.0,0.0,0.9999999981039767
2014-12-31,0.00029282287857768097,151486.03334545423,49806.5456481741,0.3287863874195811,50155.43741705741,0.3310895157092214,51524.04998739987,0.3401240949381952,0.0,0.0,0.0,0.0,0.9999999980669976
2015-01-02,0.00041369185919393203,151559.20507637394,50320.06567893298,0.3320158986950058,50684.44716777643,0.33442011748633443,50554.69181597268,0.33356398108908714,0.0,0.0,0.0,0.0,0.9999999972704273
2015-01-05,0.00041369185919393203,151032.26574840138,49793.26386909799,0.3296862668540416,50922.920450825724,0.3371658380312998,50316.081014785814,0.33314789237556275,0.0,0.0,0.0,0.0,0.9999999972609042
2015-01-06,0.00041369185919393203,148153.03625480068,48949.200829074216,0.33039620426603367,49446.065640837245,0.3337499310901569,49757.769371197355,0.33585386185148147,0.0,0.0,0.0,0.0,0.9999999972076721
2015-01-07,0.00041369185919393203,148793.88911674495,49193.2501939727,0.33061337724276607,49526.06808147022,0.33285014845341965,50074.57042761017,0.33653647152351285,0.0,0.0,0.0,0.0,0.9999999972196986
2015-01-08,0.00041369185919393203,152247.09205920453,50373.846219158295,0.33086902047081035,50793.624231471935,0.33362623577545736,51079.62119488245,0.3355047410364925,0.0,0.0,0.0,0.0,0.9999999972827602
2015-01-09,0.00041369185919393203,151673.22644100062,50149.96334587079,0.3306447981798464,50527.54639728937,0.33313424908874134,50995.71628414859,0.33622095000389157,0.0,0.0,0.0,0.0,0.9999999972724793
2015-01-12,0.00041369185919393203,148524.7724265935,49081.88490973021,0.33046261649037917,49341.323490584335,0.3322093862488203,50101.5636125871,0.33732799447546147,0.0,0.0,0.0,0.0,0.9999999972146609
2015-01-13,0.00041369185919393203,148347.83146265688,48994.37871682193,0.33026690200830555,49252.01864810126,0.3320036306732216,50101.433684041825,0.33772946452981145,0.0,0.0,0.0,0.0,0.9999999972113387
2015-01-14,0.00041369185919393203,146928.80683636118,48583.01407536556,0.3306568338874068,48641.697020213316,0.33105623102477766,49704.09532709046,0.3382869322722217,0.0,0.0,0.0,0.0,0.999999997184406
2015-01-15,0.00041369185919393203,145466.30918703592,47964.66988087039,0.3297304382638797,48041.78382674292,0.3302605537683116,49459.855065730764,0.3400090051239072,0.0,0.0,0.0,0.0,0.9999999971560984
2015-01-16,0.00041369185919393203,145717.48120172654,48092.10448193899,0.3300366166456161,48164.4179536524,0.3305328746862921,49460.95835244328,0.3394305058290923,0.0,0.0,0.0,0.0,0.9999999971610005
2015-01-20,0.00041369185919393203,147850.79406275388,48969.56468707641,0.3312093451881749,48660.71171492481,0.32912039481013017,50220.517247060794,0.3396702572036588,0.0,0.0,0.0,0.0,0.9999999972019639
2015-01-21,0.00041369185919393203,149578.45403995048,49455.383336361294,0.33063173204847,49416.310295969844,0.3303705110013464,50706.75999392748,0.33899775418446537,0.0,0.0,0.0,0.0,0.9999999972342818
2015-01-22,0.00041369185919393203,150465.18849654132,49913.4975532034,0.3317278770720494,49445.89086380937,0.32862013704217014,51105.7996658367,0.3396519831363614,0.0,0.0,0.0,0.0,0.999999997250581
2015-01-23,0.00041369185919393203,151379.78781525468,50178.69233932139,0.33147550979896956,49980.94119912972,0.33016918520276256,51220.15386311171,0.33835530226546007,0.0,0.0,0.0,0.0,0.9999999972671922
2015-01-26,0.00041369185919393203,149729.02593089995,49678.42699971599,0.3317888878983466,49320.02244737632,0.32939520003381006,50730.57607011579,0.3388159093049065,0.0,0.0,0.0,0.0,0.999999997237063
2015-01-27,0.00041369185919393203,149791.23695682516,49329.67715459298,0.32932285063385547,49600.172495214494,0.3311286661549562,50861.38689332582,0.33954848044939884,0.0,0.0,0.0,0.0,0.9999999972382105
2015-01-28,0.00041369185919393203,146807.40603788407,48558.86789657744,0.3307657917751553,48283.12556084651,0.32888753274740723,49965.41216676826,0.3403466726595152,0.0,0.0,0.0,0.0,0.9999999971820778
2015-01-29,0.00041369185919393203,147707.29970510464,48951.36128641622,0.3314078680210583,48611.10718943403,0.32910429807115393,50144.830815562535,0.33948783110703346,0.0,0.0,0.0,0.0,0.9999999971992457
2015-01-30,0.00041369185919393203,146766.18619836002,48785.786673605675,0.33240481297013363,48392.920489493736,0.3297279962299278,49587.47862156875,0.33786718798122484,0.0,0.0,0.0,0.0,0.9999999971812863
2015-02-02,0.00041369185919393203,146170.86344668324,48781.516501376056,0.333729413312041,47821.088365680334,0.3271588279501638,49568.25816593499,0.33911175590760145,0.0,0.0,0.0,0.0,0.9999999971698063
2015-02-03,0.00041369185919393203,149604.29688357905,49681.767951036265,0.33208784096420874,49638.04277820055,0.3317955687919078,50284.48574065037,0.336116587478643,0.0,0.0,0.0,0.0,0.9999999972347595
2015-02-04,0.00041369185919393203,149352.02823019325,49354.71844117368,0.3304589768617287,49804.947847858864,0.3334735285355182,50192.36152746884,0.3360674918328419,0.0,0.0,0.0,0.0,0.9999999972300888
2015-02-05,0.00041369185919393203,150229.8937111582,49805.74002345868,0.3315301555043263,49896.08511373572,0.3321315344179714,50528.06816027192,0.33633830732397696,0.0,0.0,0.0,0.0,0.9999999972462748
2015-02-06,0.00041369185919393203,149962.81331944355,49577.67676589743,0.330599804501463,50191.165843338254,0.33469074587460196,50193.970296516025,0.3347094468653055,0.0,0.0,0.0,0.0,0.9999999972413703
2015-02-09,0.00041369185919393203,150837.63774620922,50022.490662674245,0.33163135812852773,50280.83849530689,0.33334411256099455,50534.308174536214,0.3350245265678474,0.0,0.0,0.0,0.0,0.9999999972573698
2015-02-10,0.00041369185919393203,151847.8246498315,50379.14787941455,0.33177391902446624,50576.49235745008,0.33307353907823134,50892.18399927502,0.3351525391729179,0.0,0.0,0.0,0.0,0.9999999972756155
2015-02-11,0.00041369185919393203,152992.19435849646,50741.10294488178,0.3316581160080855,50992.812681526324,0.3333033616214318,51258.2783183965,0.3350385196664764,0.0,0.0,0.0,0.0,0.9999999972959936
2015-02-12,0.00041369185919393203,155209.75130720343,51507.75665009688,0.33185902442526727,51844.781092495934,0.33403043723638626,51857.21315091877,0.33411053567297366,0.0,0.0,0.0,0.0,0.9999999973346272
2015-02-13,0.00041369185919393203,154163.04203823794,51283.059680244565,0.33265469468048336,51526.763534654856,0.3342355136056175,51353.21840964666,0.3331097890304294,0.0,0.0,0.0,0.0,0.9999999973165302
2015-02-17,0.00041369185919393203,153800.25642955865,51132.17576835063,0.3324583258531135,51473.29777612244,0.33467628059318283,51194.78247139372,0.3328653908639041,0.0,0.0,0.0,0.0,0.9999999973102005
2015-02-18,0.00041369185919393203,154899.97005682814,51545.68113911236,0.33276753455925007,51676.40848721033,0.3336114814499435,51677.8800168136,0.33362098132010315,0.0,0.0,0.0,0.0,0.9999999973292967
2015-02-19,0.00041369185919393203,154099.2070052062,51417.32337760968,0.3336637765817482,51451.424334501666,0.33388506881001273,51230.458879403006,0.3324511519236578,0.0,0.0,0.0,0.0,0.9999999973154187
2015-02-20,0.00041369185919393203,155222.18434120173,51924.040774378394,0.33451430280250105,51604.13169366047,0.3324533275490237,51694.011459470996,0.33303236698331584,0.0,0.0,0.0,0.0,0.9999999973348407
2015-02-23,0.00041369185919393203,155500.70710951282,52002.6072905336,0.33442039111700167,51703.878727083786,0.3324993158434376,51794.22067820357,0.33308029037917497,0.0,0.0,0.0,0.0,0.9999999973396143
2015-02-24,0.00041369185919393203,155619.39231726874,52039.31640543763,0.3344012313024753,51836.35532147751,0.33309701669953984,51743.72017666173,0.33250174933962806,0.0,0.0,0.0,0.0,0.9999999973416432
2015-02-25,0.00041369185919393203,155636.07236352435,52114.69872689388,0.3348497423217405,51770.071026533675,0.3326354246823487,51751.30219640493,0.332514830337839,0.0,0.0,0.0,0.0,0.9999999973419282
2015-02-26,0.00041369185919393203,155232.38893339736,52051.95672525876,0.3353163414085685,51509.07763985575,0.33181913899396204,51671.354154591005,0.33286451693248537,0.0,0.0,0.0,0.0,0.9999999973350159
2015-02-27,0.00041369185919393203,155852.09729197482,52214.5703298238,0.33502642079948736,51749.669063558336,0.3320434563457302,51887.85748490084,0.33293012020039503,0.0,0.0,0.0,0.0,0.9999999973456125
2015-03-02,0.00041369185919393203,157295.98213857776,52815.05472570229,0.3357686191829886,52223.269104611645,0.3320063767337868,52257.657894571974,0.3322250014532029,0.0,0.0,0.0,0.0,0.9999999973699782
2015-03-03,0.00041369185919393203,156934.45040106654,52681.69010379299,0.3356923222986287,52030.45905735619,0.33154262129434,52222.300826225495,0.33276505377095067,0.0,0.0,0.0,0.0,0.9999999973639194
2015-03-04,0.00041369185919393203,155561.7502671995,52215.322233399835,0.3356565617429257,51607.10159002781,0.33174672759457413,51739.32603008,0.33259670800315844,0.0,0.0,0.0,0.0,0.9999999973406583
2015-03-05,0.00041369185919393203,156005.57870770624,52382.84008062041,0.3357754287669768,51690.51698741846,0.3313376189210924,51932.221225975525,0.3328869496601548,0.0,0.0,0.0,0.0,0.999999997348224
2015-03-06,0.00041369185919393203,153985.92465911247,51761.85890110981,0.33614669013221843,51045.674166599536,0.3314957148168074,51178.391177711266,0.33235759236441786,0.0,0.0,0.0,0.0,0.9999999973134437
2015-03-09,0.00041369185919393203,155736.0101547433,52354.266631164544,0.3361731598179766,51668.65871293776,0.3317707873830751,51713.08439694915,0.33205605014258227,0.0,0.0,0.0,0.0,0.9999999973436339
2015-03-10,0.00041369185919393203,154173.61960095796,51768.186729148074,0.3357784999997912,51075.70618545386,0.33128693688097405,51329.72627266417,0.33293456043594916,0.0,0.0,0.0,0.0,0.9999999973167144
2015-03-11,0.00041369185919393203,153344.74600958393,51349.17700815928,0.3348610131380047,50935.70266137325,0.33216464200338375,51059.865926359555,0.33297434216082206,0.0,0.0,0.0,0.0,0.9999999973022105
2015-03-12,0.00041369185919393203,155451.62797535965,52047.866844424185,0.33481712300030847,51516.61048600353,0.33139962029969433,51887.15023124007,0.3337832540387715,0.0,0.0,0.0,0.0,0.9999999973387743
2015-03-13,0.00041369185919393203,154579.04838377156,51656.154300226975,0.33417306446330847,51328.08526633616,0.33205072616894715,51594.808403516574,0.3337762066914965,0.0,0.0,0.0,0.0,0.9999999973237521
2015-03-16,0.00041369185919393203,156675.77768565295,52427.92775572776,0.3346268870030231,51934.9936026563,0.3314806817608799,52312.85591357702,0.3338924285956641,0.0,0.0,0.0,0.0,0.9999999973595672
2015-03-17,0.00041369185919393203,156155.9753891555,52209.093069778464,0.334339386883329,51851.10711599806,0.3320468972562861,52095.77478968714,0.3336137132111629,0.0,0.0,0.0,0.0,0.9999999973507779
2015-03-18,0.00041369185919393203,157885.8848322109,52809.70970415565,0.33448024666852133,52386.41018876099,0.33179919943086283,52689.76452560239,0.33372055128042044,0.0,0.0,0.0,0.0,0.9999999973798047
2015-03-19,0.00041369185919393203,155813.9441622736,52272.12261965374,0.3354778219670413,51542.85095317069,0.3307974214393225,51998.970175757335,0.3337247539385988,0.0,0.0,0.0,0.0,0.9999999973449626
2015-03-20,0.00041369185919393203,158295.58988349154,53080.99340672087,0.33532831486833875,52498.43625385609,0.33164812925297477,52716.159809222736,0.3330235532652729,0.0,0.0,0.0,0.0,0.9999999973865863
2015-03-23,0.00041369185919393203,157310.63336574187,52749.84592447361,0.33532282462961044,52078.00948094528,0.3310520615594095,52482.77754663113,0.3336251111812032,0.0,0.0,0.0,0.0,0.9999999973702232
2015-03-24,0.00041369185919393203,155900.7628052801,52264.640397368385,0.33524300623626113,51586.13756672799,0.33089086056082373,52049.98442749185,0.33386613054935615,0.0,0.0,0.0,0.0,0.9999999973464411
2015-03-25,0.00041369185919393203,153976.52830362596,51532.56647838839,0.33467806454741883,51028.6990747669,0.3314056995371627,51415.26233677882,0.33391623322869823,0.0,0.0,0.0,0.0,0.9999999973132797
2015-03-26,0.00041369185919393203,153172.60480545158,51334.2459012393,0.3351398637272,50702.74940304937,0.331017086687585,51135.60908747105,0.3338430468843935,0.0,0.0,0.0,0.0,0.9999999972991785
2015-03-27,0.00041369185919393203,152937.59554790563,51214.553552122525,0.33487222921639476,50506.452538635036,0.3302422295688216,51216.58904345621,0.33488553850981206,0.0,0.0,0.0,0.0,0.9999999972950284
2015-03-30,0.00041369185919393203,154847.84921937657,51832.53239140233,0.334732013732848,51208.847468236694,0.3307042863455463,51806.46894604567,0.33456369725000334,0.0,0.0,0.0,0.0,0.9999999973283977
2015-03-31,0.00041369185919393203,154979.2153478969,51668.69305179267,0.3333911127102233,51536.49841685375,0.33253812971736085,51774.02346555863,0.33407075490307814,0.0,0.0,0.0,0.0,0.9999999973306624
2015-04-01,0.00012500639246582068,154138.99097466565,51374.966061708175,0.3333028569659716,51376.37312905012,0.33331198552801194,51387.65165890097,0.3333851566950186,0.0,0.0,0.0,0.0,0.9999999991890022
2015-04-02,0.00012500639246582068,153807.1452469035,51280.33977785559,0.3334067458019346,51231.44611922791,0.33308885641812747,51295.35922481359,0.33350439696719025,0.0,0.0,0.0,0.0,0.9999999991872524
2015-04-06,0.00012500639246582068,153895.66876852818,51239.82487900021,0.3329517022085212,51398.35809266323,0.33398183655168756,51257.48567185835,0.3330664604275111,0.0,0.0,0.0,0.0,0.9999999991877199
2015-04-07,0.00012500639246582068,154414.68744797487,51618.8807205206,0.33428737624399846,51455.07178118882,0.33322653843097,51340.734821259044,0.33248608451548156,0.0,0.0,0.0,0.0,0.9999999991904501
2015-04-08,0.00012500639246582068,155720.0007399116,52035.289172013705,0.33415931752353806,51844.46842030114,0.3329339081297167,51840.243022590366,0.3329067735439814,0.0,0.0,0.0,0.0,0.9999999991972361
2015-04-09,0.00012500639246582068,156017.73195601875,52210.660071092185,0.3346456804397741,51963.84272084273,0.3330636977564274,51843.22903907744,0.33229062100256657,0.0,0.0,0.0,0.0,0.999999999198768
2015-04-10,0.00012500639246582068,157193.40906442702,52539.47437758794,0.3342345883983864,52475.9340674517,0.3338303710045757,52178.000494380976,0.3319350398017985,0.0,0.0,0.0,0.0,0.9999999992047606
2015-04-13,0.00012500639246582068,156313.54489974372,52219.95878033332,0.3340718733864434,52288.25132744166,0.3345087680084171,51805.33466696235,0.33141935780542386,0.0,0.0,0.0,0.0,0.9999999992002843
2015-04-14,0.00012500639246582068,156077.36430946414,52024.77458024392,0.3333268396119966,52199.49421260634,0.33444628209576377,51853.09539160748,0.3322268774913137,0.0,0.0,0.0,0.0,0.9999999991990741
2015-04-15,0.00012500639246582068,156213.82594654438,52087.38569284987,0.33343646362437807,52483.659349029,0.3359732023142987,51642.78077965911,0.330590333261097,0.0,0.0,0.0,0.0,0.9999999991997738
2015-04-16,0.00012500639246582068,155375.69359497374,51821.4176574176,0.33352332310421284,52096.798034918946,0.33529567482235995,51457.4777776308,0.33118100126888445,0.0,0.0,0.0,0.0,0.9999999991954572
2015-04-17,0.00012500639246582068,153542.09712220906,51125.57794994844,0.3329743367335667,51509.51367331516,0.33547486089314704,50907.00537393906,0.3315508015591356,0.0,0.0,0.0,0.0,0.9999999991858494
2015-04-20,0.00012500639246582068,154765.9607702534,51591.57455178766,0.33335220674508775,51931.43004160513,0.3355481385128101,51242.95605185424,0.3310996539343897,0.0,0.0,0.0,0.0,0.9999999991922875
2015-04-21,0.00012500639246582068,155226.1566464684,51803.68285463104,0.33373037105218856,52041.73721527517,0.3352639680038048,51380.73645155577,0.3310056601386887,0.0,0.0,0.0,0.0,0.9999999991946822
2015-04-22,0.00012500639246582068,155958.31835746492,52301.79353705129,0.33535751146772913,51912.74403769078,0.33286293789539306,51743.780657716445,0.3317795498353406,0.0,0.0,0.0,0.0,0.9999999991984628
2015-04-23,0.00012500639246582068,157394.5479951252,52692.1050970911,0.33477719379913384,52621.93834124313,0.33433139210687857,52080.504431784575,0.3308914132997644,0.0,0.0,0.0,0.0,0.9999999992057769
2015-04-24,0.00012500639246582068,157080.30898856392,52719.89794554073,0.335623849259037,52369.81764808309,0.333395178461839,51990.59326993372,0.33098097148331207,0.0,0.0,0.0,0.0,0.999999999204188
2015-04-27,0.00012500639246582068,155682.01963753067,52234.67824583722,0.3355215866768269,52095.519245049894,0.3346277197992561,51351.82202163716,0.32985069272095724,0.0,0.0,0.0,0.0,0.9999999991970403
2015-04-28,0.00012500639246582068,156310.72078026689,52378.52469847136,0.335092336834031,52283.79036554447,0.33448627262772446,51648.405591244664,0.33042138973851437,0.0,0.0,0.0,0.0,0.9999999992002698
2015-04-29,0.00012500639246582068,155057.08596172798,51947.67115476074,0.3350228777521509,51987.90296348374,0.3352823422485553,51121.511718477115,0.329694779193098,0.0,0.0,0.0,0.0,0.999999999193804
2015-04-30,0.00012500639246582068,153762.71719872075,51319.320314311335,0.33375659099459704,51679.420959172596,0.3360985153012277,50763.975800230444,0.33014489289119286,0.0,0.0,0.0,0.0,0.9999999991870175
2015-05-01,0.00012500639246582068,155873.26388220163,52263.10687774863,0.3352923110485806,52255.30565560374,0.3352422625543707,51354.85122384287,0.3294654255950742,0.0,0.0,0.0,0.0,0.9999999991980254
2015-05-04,0.00012500639246582068,157374.69958412068,52676.23484049071,0.33471857280549694,52899.607889677114,0.3361379435796855,51798.85672894645,0.3291434828204941,0.0,0.0,0.0,0.0,0.9999999992056767
2015-05-05,0.00012500639246582068,155609.06250822957,52115.698952101935,0.3349142917003676,52272.196629922124,0.33592000226309215,51221.16680119912,0.32916570523320404,0.0,0.0,0.0,0.0,0.9999999991966638
2015-05-06,0.00012500639246582068,154734.39014784782,51746.201679065576,0.3344195277444295,51967.69133259211,0.33585094614673106,51020.49701118374,0.32972952530096217,0.0,0.0,0.0,0.0,0.9999999991921228
2015-05-07,0.00012500639246582068,154737.59227305956,51794.49730898847,0.33472472040012546,51872.705121685765,0.3352301425897074,51070.389717378945,0.3300451362023067,0.0,0.0,0.0,0.0,0.9999999991921394
2015-05-08,0.00012500639246582068,157122.51854214643,52707.79836521938,0.33545667962979525,52625.63184430589,0.33493373408592375,51789.08820761475,0.32960958548868274,0.0,0.0,0.0,0.0,0.9999999992044017
2015-05-11,0.00012500639246582068,156529.17673321944,52576.89107113727,0.33589195425685214,52406.61366790061,0.3348041225388915,51545.67186917518,0.3293039224056424,0.0,0.0,0.0,0.0,0.9999999992013859
2015-05-12,0.00012500639246582068,156662.52788048357,52568.29099768075,0.3355511474817043,52497.45068219233,0.3350989633094786,51596.78607560411,0.32934988841088303,0.0,0.0,0.0,0.0,0.9999999992020657
2015-05-13,0.00012500639246582068,156093.07986035538,52422.56630576294,0.33584170645272315,52250.73803399041,0.3347408999856699,51419.77539559563,0.3294173927607617,0.0,0.0,0.0,0.0,0.9999999991991548
2015-05-14,0.00012500639246582068,156909.38236815145,52756.48210721701,0.33622261021610655,52415.399037918236,0.33404885193504663,51737.5010980098,0.32972853705216787,0.0,0.0,0.0,0.0,0.999999999203321
2015-05-15,0.00012500639246582068,157265.28056544473,52810.55065765034,0.3358055285169802,52530.19448145634,0.33402283258316706,51924.53530133165,0.33017163810497674,0.0,0.0,0.0,0.0,0.9999999992051241
2015-05-18,0.00012500639246582068,157816.57048542897,53017.55928769586,0.3359441858647595,52739.45132559898,0.33418196304340775,52059.559747127736,0.3298738502997335,0.0,0.0,0.0,0.0,0.9999999992079007
2015-05-19,0.00012500639246582068,158695.69738926107,53319.49839857074,0.3359857845911509,53030.53151908253,0.33416489792413934,52345.6673466014,0.32984931669699846,0.0,0.0,0.0,0.0,0.9999999992122887
2015-05-20,0.00012500639246582068,159679.59541963483,53596.749240289595,0.3356518351605188,53434.00258775324,0.3346326275898291,52648.843466585604,0.3297155364667945,0.0,0.0,0.0,0.0,0.9999999992171423
2015-05-21,0.00012500639246582068,160457.37258338885,53935.77165177821,0.33613769678141825,53666.19028768525,0.33445761589917106,52855.410518918994,0.32940468654034777,0.0,0.0,0.0,0.0,0.9999999992209371
2015-05-22,0.00012500639246582068,159981.28495977604,53694.89104129289,0.3356323275862758,53644.905918078846,0.3353198840199761,52641.48787539791,0.32904778761236675,0.0,0.0,0.0,0.0,0.9999999992186186
2015-05-26,0.00012500639246582068,158862.65780448014,53285.22215411708,0.335416912259505,53147.34948953838,0.334549038924864,52430.086035818276,0.3300340480287475,0.0,0.0,0.0,0.0,0.9999999992131166
2015-05-27,0.00012500639246582068,161845.42726591244,54333.82672393228,0.33571431483610387,54138.48856695667,0.33450737213605053,53373.11185001711,0.3297783122554643,0.0,0.0,0.0,0.0,0.9999999992276186
2015-05-28,0.00012500639246582068,162862.51388323237,54633.43985484553,0.3354574269559421,54567.33737284191,0.33505154790847136,53661.73653053855,0.3294910243680288,0.0,0.0,0.0,0.0,0.9999999992324422
2015-05-29,0.00012500639246582068,161878.20993704943,54224.508546224366,0.33497101658902073,54279.291365738485,0.33530943656250217,53374.40990008018,0.3297195460762521,0.0,0.0,0.0,0.0,0.999999999227775
2015-06-01,0.00012500639246582068,162650.8858391531,54530.77650696954,0.33526270838079236,54442.80481560388,0.33472184633192126,53677.30439157331,0.33001544451872994,0.0,0.0,0.0,0.0,0.9999999992314436
2015-06-02,0.00012500639246582068,163348.23089396616,54767.21140867637,0.3352788769670072,54802.85048089907,0.3354970554684067,53778.168879384335,0.32922406679931066,0.0,0.0,0.0,0.0,0.9999999992347245
2015-06-03,0.00012500639246582068,162504.56729910718,54512.22848019476,0.3354504392474036,54576.432261412796,0.3358455283349605,53415.90643249322,0.32870403164838735,0.0,0.0,0.0,0.0,0.9999999992307516
2015-06-04,0.00012500639246582068,161591.39471922084,54133.50924422331,0.3350024259539625,54288.596353465786,0.335962174519237,53169.288996525356,0.32903539875320487,0.0,0.0,0.0,0.0,0.9999999992264044
2015-06-05,0.00012500639246582068,161253.9684710706,54057.14960923593,0.33522988687831223,54305.55936466937,0.33677037458096376,52891.25937215891,0.32799973776550956,0.0,0.0,0.0,0.0,0.9999999992247857
2015-06-08,0.00012500639246582068,162084.2811375515,54251.28950513373,0.3347103687315232,54645.83043811938,0.337144540202172,53187.161069292,0.32814509029506167,0.0,0.0,0.0,0.0,0.9999999992287568
2015-06-09,0.00012500639246582068,160634.2406130911,53782.51931162152,0.33481354352814396,54206.56295055416,0.33745335206033605,52645.15822590902,0.32773310363331487,0.0,0.0,0.0,0.0,0.9999999992217948
2015-06-10,0.00012500639246582068,162074.20154675344,54418.10598723738,0.33576044470926747,54652.933781924396,0.3372093353559339,53003.16165258527,0.32703021916350755,0.0,0.0,0.0,0.0,0.9999999992287089
2015-06-11,0.00012500639246582068,160727.07387389895,53989.69929478601,0.33590917817084454,54093.70473693842,0.33655627165450996,52643.66971716811,0.3275345493968898,0.0,0.0,0.0,0.0,0.9999999992222444
2015-06-12,0.00012500639246582068,160494.5322601362,53868.861199464765,0.3356429682735352,53997.04073184448,0.3364416218511658,52628.63020382057,0.3279154090964164,0.0,0.0,0.0,0.0,0.9999999992211174
2015-06-15,0.00012500639246582068,159301.1749367453,53458.23856410271,0.33557968787945036,53620.3738412868,0.33659747872279144,52222.5624063494,0.32782283261304096,0.0,0.0,0.0,0.0,0.9999999992152827
2015-06-16,0.00012500639246582068,160448.68124831308,53865.51482873924,0.33571802778095794,53958.91378760706,0.33630013888427873,52624.252506960394,0.3279818325556582,0.0,0.0,0.0,0.0,0.9999999992208949
2015-06-17,0.00012500639246582068,160874.92032007253,54082.725033628216,0.33617872149385775,53967.22264804334,0.33546075759149757,52824.972513394576,0.32836052013760375,0.0,0.0,0.0,0.0,0.9999999992229591
2015-06-18,0.00012500639246582068,162715.96633649312,54682.88180867901,0.3360634056992046,54603.77151549907,0.3355772192790205,53429.312887308646,0.3283593742535258,0.0,0.0,0.0,0.0,0.9999999992317509
2015-06-19,0.00012500639246582068,161411.29421637914,54274.28267624724,0.3362483582065212,54153.58159340879,0.3355005723503676,52983.42982171672,0.3282510686686524,0.0,0.0,0.0,0.0,0.9999999992255412
2015-06-22,0.00012500639246582068,161666.64128782065,54354.65090075865,0.3362143882484031,54283.46858310817,0.3357740851835071,53028.52167894743,0.32801152579485426,0.0,0.0,0.0,0.0,0.9999999992267644
2015-06-23,0.00012500639246582068,162350.54694834244,54540.86813956988,0.33594508404658463,54561.18468290651,0.33607022402127834,53248.49400085966,0.32798469116215884,0.0,0.0,0.0,0.0,0.9999999992300217
2015-06-24,0.00012500639246582068,161960.30713416875,54453.59613784487,0.3362156882842611,54439.037468770075,0.3361257979319124,53067.673402547414,0.327658513011993,0.0,0.0,0.0,0.0,0.9999999992281665
2015-06-25,0.00012500639246582068,161646.11460779628,54247.47050270428,0.3355940267065837,54451.33325062074,0.336855193722018,52947.31072946485,0.32755077879806443,0.0,0.0,0.0,0.0,0.9999999992266663
2015-06-26,0.00012500639246582068,161011.98228499581,54086.220813738255,0.33591425958599835,53983.26193368356,0.3352748110269933,52942.4994125676,0.3288109286106289,0.0,0.0,0.0,0.0,0.9999999992236206
2015-06-29,0.00012500639246582068,156825.23436462184,52462.24343974618,0.3345267976311159,52739.966752046865,0.3362977072262833,51623.02404782239,0.3291754943454943,0.0,0.0,0.0,0.0,0.9999999992028936
2015-06-30,0.00012500639246582068,157313.40826209428,52729.00851672289,0.33518445184833173,52885.65878362176,0.3361802364329355,51698.740836743236,0.32863531092410003,0.0,0.0,0.0,0.0,0.9999999992053672
2015-07-01,0.00036180567610699654,157870.48789482808,52392.01393433902,0.3318670552867494,52559.51948111531,0.33292808669933294,52918.95411756807,0.3352048557221297,0.0,0.0,0.0,0.0,0.9999999977082121
2015-07-02,0.00036180567610699654,159310.37705297596,52874.95577012094,0.3318990058791856,53073.38907929942,0.3331445826761854,53362.03184174993,0.3349564091735549,0.0,0.0,0.0,0.0,0.9999999977289259
2015-07-06,0.00036180567610699654,157531.33129496308,52260.75421240266,0.3317483181459893,52264.72179292601,0.33177350412322154,53005.85492782874,0.33647817543406716,0.0,0.0,0.0,0.0,0.9999999977032781
2015-07-07,0.00036180567610699654,159040.61810485052,52711.441453384985,0.3314338316934481,52728.21290565468,0.33153928558610485,53600.96338400521,0.3370268804455209,0.0,0.0,0.0,0.0,0.9999999977250739
2015-07-08,0.00036180567610699654,156567.69232787943,51858.67322296519,0.3312220577050104,51732.115080077376,0.3304137291092054,52976.903663031204,0.33836421087492646,0.0,0.0,0.0,0.0,0.9999999976891423
2015-07-09,0.00036180567610699654,154949.42604424705,51324.1952477031,0.3312319158448968,51352.4357876619,0.3314141723441931,52272.794647076385,0.3373539094759181,0.0,0.0,0.0,0.0,0.999999997665008
2015-07-10,0.00036180567610699654,157620.46936733337,52221.38089692589,0.3313109084532945,52209.279827505714,0.33123413498936083,53189.80828109609,0.33745495426192157,0.0,0.0,0.0,0.0,0.9999999977045769
2015-07-13,0.00036180567610699654,160241.66116972663,53264.64374960303,0.3324019693803945,53062.82534930257,0.33114250664874767,53914.19170901536,0.3364555217129826,0.0,0.0,0.0,0.0,0.9999999977421249
2015-07-14,0.00036180567610699654,162280.14971591946,53964.84757108762,0.3325412730118633,53810.54138524366,0.3315904100374694,54504.76039778251,0.3358683147211545,0.0,0.0,0.0,0.0,0.9999999977704872
2015-07-15,0.00036180567610699654,161726.32427994823,53822.41665278726,0.33279935652046766,53548.64667678611,0.33110655865827643,54355.260588569196,0.3360940825841083,0.0,0.0,0.0,0.0,0.9999999977628523
2015-07-16,0.00036180567610699654,163558.27385626262,54446.490212230885,0.3328874102699277,54159.65012474585,0.3311336617084999,54952.13315748023,0.3359789258094822,0.0,0.0,0.0,0.0,0.9999999977879097
2015-07-17,0.00036180567610699654,164184.76767570077,54945.61085934056,0.334657177015773,54281.63693097566,0.3306131116754585,54957.51952357887,0.334729709105119,0.0,0.0,0.0,0.0,0.9999999977963506
2015-07-20,0.00036180567610699654,164254.06354104495,55059.66215815397,0.3352103501804403,54213.691881008315,0.33005997363018674,54980.709140077,0.3347296739866532,0.0,0.0,0.0,0.0,0.9999999977972803
2015-07-21,0.00036180567610699654,163696.65959917667,54967.910275079295,0.3357912764357701,53930.98475681884,0.32945684346200366,54797.76420547286,0.334751877892006,0.0,0.0,0.0,0.0,0.9999999977897798
2015-07-22,0.00036180567610699654,162978.43406944902,54550.59370354076,0.3347105033558946,53742.67361079766,0.32975328249807956,54685.16639330492,0.33553621192606536,0.0,0.0,0.0,0.0,0.9999999977800397
2015-07-23,0.00036180567610699654,162398.82119062915,54349.54533118064,0.3346671172408532,53614.13630664739,0.3301387036776168,54435.13919099547,0.33519417685364655,0.0,0.0,0.0,0.0,0.9999999977721165
2015-07-24,0.00036180567610699654,160817.12938754115,53455.638891224175,0.3324001559709814,53207.51612395888,0.33085726829346684,54153.97401055243,0.33674257348575615,0.0,0.0,0.0,0.0,0.9999999977502044
2015-07-27,0.00036180567610699654,159432.38721518053,53064.89776994363,0.3328363746967153,52407.18391717889,0.3287110281203196,53960.30516625235,0.33845259491362906,0.0,0.0,0.0,0.0,0.999999997730664
2015-07-28,0.00036180567610699654,160670.21462973778,53546.639507699474,0.33327047972828655,52829.687436074855,0.328808220974996,54293.88732415777,0.33792129704486457,0.0,0.0,0.0,0.0,0.9999999977481473
2015-07-29,0.00036180567610699654,162417.07348109217,54142.36374716638,0.33335389307743796,53466.10279579572,0.32919016240013704,54808.60657632439,0.33745594229479176,0.0,0.0,0.0,0.0,0.9999999977723668
2015-07-30,0.00036180567610699654,163024.30854625718,54477.25825626573,0.33416647334411564,53550.72098007733,0.32848304315845406,54996.32894810846,0.33735048127809464,0.0,0.0,0.0,0.0,0.9999999977806643
2015-07-31,0.00036180567610699654,162926.88613389223,54367.57490755402,0.3336930828155343,53412.824389531095,0.3278330891663687,55146.486475001446,0.33847382579743424,0.0,0.0,0.0,0.0,0.9999999977793372
2015-08-03,0.00036180567610699654,162608.01008799017,54136.65769874167,0.33292737343902884,53286.039200451814,0.327696275058146,55185.312826991016,0.33937634927780763,0.0,0.0,0.0,0.0,0.9999999977749825
2015-08-04,0.00036180567610699654,162234.07891416346,54111.89775660216,0.33354211469485556,53018.56155153014,0.3268028635314148,55103.61924422551,0.33965501954358385,0.0,0.0,0.0,0.0,0.9999999977698542
2015-08-05,0.00036180567610699654,163559.63574639725,54699.430614428704,0.334431110492575,53281.0415369053,0.32575911100412763,55579.1632332576,0.3398097762912256,0.0,0.0,0.0,0.0,0.9999999977879281
2015-08-06,0.00036180567610699654,162945.25365155574,54236.04913240311,0.33284829055765064,53256.58702689207,0.32683730169138064,55452.61713045491,0.34031440553055636,0.0,0.0,0.0,0.0,0.9999999977795876
2015-08-07,0.00036180567610699654,162819.56545340916,54120.09665217916,0.33239307881377217,53258.293988517245,0.3271000867752415,55441.1744509071,0.34050683218886,0.0,0.0,0.0,0.0,0.9999999977778735
2015-08-10,0.00036180567610699654,163756.35793320992,54551.69994189763,0.3331272179621094,53600.71037077342,0.32731987354430014,55603.9472587332,0.33955290628417595,0.0,0.0,0.0,0.0,0.9999999977905856
2015-08-11,0.00036180567610699654,163043.66650660886,54260.76115658967,0.33279895085277816,53157.78952526222,0.3260340659911957,55625.1154629513,0.3411669809369539,0.0,0.0,0.0,0.0,0.9999999977809279
2015-08-12,0.00036180567610699654,163901.0266427608,54535.62088012705,0.3327350779747894,53377.243505546416,0.32566753606667537,55988.161895281664,0.34159738375107096,0.0,0.0,0.0,0.0,0.9999999977925357
2015-08-13,0.00036180567610699654,163089.91036710498,54188.60951544312,0.3322621822126704,53264.7904986553,0.32659770539305377,55636.50999120091,0.3411401101758329,0.0,0.0,0.0,0.0,0.999999997781557
2015-08-14,0.00036180567610699654,163604.7412965829,54361.44723477739,0.3322730551936198,53294.84755440827,0.3257536861831852,55948.44614559159,0.341973256411733,0.0,0.0,0.0,0.0,0.999999997788538
2015-08-17,0.00036180567610699654,164304.71941363785,54640.69387850718,0.33255705662932905,53484.19362203934,0.3255183041175625,56179.831551285664,0.34192463705106785,0.0,0.0,0.0,0.0,0.9999999977979593
2015-08-18,0.00036180567610699654,164275.67729264832,54612.26439116333,0.3324427894086506,53457.01616993811,0.3254104140730907,56206.39636974122,0.34214679431582884,0.0,0.0,0.0,0.0,0.9999999977975701
2015-08-19,0.00036180567610699654,163349.46053271537,54373.33138447677,0.33286508083439287,52997.69443062007,0.32444364528529174,55978.43435581288,0.3426912716653975,0.0,0.0,0.0,0.0,0.999999997785082
2015-08-20,0.00036180567610699654,159746.64725376578,53038.85601733811,0.33201858648765975,51743.67958651744,0.3239108956341346,54964.11128810456,0.3440705156133339,0.0,0.0,0.0,0.0,0.9999999977351283
2015-08-21,0.00036180567610699654,154412.83215889634,50971.469152515725,0.33009866110132774,50101.488498332576,0.32446453962308225,53339.87414624238,0.3454367969324838,0.0,0.0,0.0,0.0,0.9999999976568938
2015-08-24,0.00036180567610699654,146467.27715317713,48354.587250833356,0.33013918324066055,47476.17631696133,0.32414186458392485,50636.51322357676,0.3457189497051995,0.0,0.0,0.0,0.0,0.999999997529785
2015-08-25,0.00036180567610699654,141861.0242778236,46670.46017050981,0.32898719298057094,46582.87847159863,0.328369816224996,48607.68527390949,0.34264298824400974,0.0,0.0,0.0,0.0,0.9999999974495767
2015-08-26,0.00036180567610699654,145495.0029710971,48676.45656181847,0.3345575832009032,46881.658091320016,0.32222177486489456,49936.887956152954,0.34322063944748005,0.0,0.0,0.0,0.0,0.9999999975132777
2015-08-27,0.00036180567610699654,150380.06747847726,50295.01439394449,0.33445266541819335,48579.871011258205,0.3230472749868334,51505.1817114689,0.34250005718903165,0.0,0.0,0.0,0.0,0.9999999975940583
2015-08-28,0.00036180567610699654,151678.91497887747,50707.202581182966,0.3343062058971371,49112.42146935565,0.32379201470550445,51859.290566533185,0.34190177701201924,0.0,0.0,0.0,0.0,0.9999999976146607
2015-08-31,0.00036180567610699654,150935.70387283497,50271.208462058516,0.33306372960245756,49196.801953124785,0.32594542371878854,51467.693095846,0.34099084428166915,0.0,0.0,0.0,0.0,0.9999999976029154
2015-09-01,0.00036180567610699654,146483.25390111137,48817.332128410584,0.333262204575046,47502.222627766,0.3242843216729336,50163.698783129126,0.3424534712820749,0.0,0.0,0.0,0.0,0.9999999975300544
2015-09-02,0.00036180567610699654,146777.26851557885,49102.467425445044,0.3345372748930352,47369.81967949711,0.3227326694287767,50304.981048831025,0.34273005321319006,0.0,0.0,0.0,0.0,0.999999997535002
2015-09-03,0.00036180567610699654,148712.2056955489,49562.90777688632,0.33328069841391494,48365.80606367226,0.32523091051913494,50783.49149318467,0.341488388634025,0.0,0.0,0.0,0.0,0.9999999975670748
2015-09-04,0.00036180567610699654,146031.91515220236,48643.59499255496,0.33310249298487915,47512.595615119295,0.32535761491314485,49875.72418272245,0.34153988962439663,0.0,0.0,0.0,0.0,0.9999999975224206
2015-09-08,0.00036180567610699654,148448.6494243865,49561.922745623684,0.33386577067424544,48244.641992199875,0.32499212474663614,50642.084324757285,0.34114210214187385,0.0,0.0,0.0,0.0,0.9999999975627554
2015-09-09,0.00036180567610699654,147478.47653272984,49037.356102698555,0.332505171300815,48208.06287929882,0.32688202382264253,50233.0571889268,0.3406128024232648,0.0,0.0,0.0,0.0,0.9999999975467222
2015-09-10,0.00036180567610699654,148133.60245742073,49430.66746128162,0.3336897681637756,48276.08796820083,0.32589559132660145,50426.846666132624,0.340414638067195,0.0,0.0,0.0,0.0,0.999999997557572
2015-09-11,0.00036180567610699654,149315.96605647533,49879.70305678788,0.3340547188230496,48546.88186883315,0.3251285388360372,50889.38076904862,0.3408167399178256,0.0,0.0,0.0,0.0,0.9999999975769124
2015-09-14,0.00036180567610699654,149032.93314309383,49749.379527114994,0.3338146708777997,48460.30953786178,0.3251651062341547,50823.243716311394,0.34102022046035624,0.0,0.0,0.0,0.0,0.9999999975723106
2015-09-15,0.00036180567610699654,150435.18136713683,50210.63653627272,0.33376924253997303,49087.27478773417,0.32630182874534347,51137.26968132429,0.3399289263096234,0.0,0.0,0.0,0.0,0.9999999975949398
2015-09-16,0.00036180567610699654,151722.40787755488,50582.39608869125,0.33338777571677447,49550.11074172487,0.3265839992581286,51589.90068533309,0.34002822264044136,0.0,0.0,0.0,0.0,0.9999999976153445
2015-09-17,0.00036180567610699654,151834.5441442095,50562.9083382784,0.3330132060742036,49515.88290218105,0.32611737454917916,51755.752541944385,0.340869416993723,0.0,0.0,0.0,0.0,0.9999999976171058
2015-09-18,0.00036180567610699654,148808.6662601097,49602.30198043535,0.33332939019648994,48151.61180480013,0.3235806960371089,51054.752113068556,0.3430899113350532,0.0,0.0,0.0,0.0,0.9999999975686519
2015-09-21,0.00036180567610699654,149555.67839251197,49802.07891783528,0.3330002541737579,48400.04823668627,0.3236256139312835,51353.55087618476,0.34337412947575485,0.0,0.0,0.0,0.0,0.9999999975807962
2015-09-22,0.00036180567610699654,148311.58217018424,49594.16676866601,0.3343917315355574,47687.51924328648,0.3215360428733483,51029.8957964261,0.34407222315159736,0.0,0.0,0.0,0.0,0.999999997560503
2015-09-23,0.00036180567610699654,147714.9955621418,49308.832022345465,0.3338106049064049,47451.49617151257,0.3212368249474735,50954.6670064781,0.34495256769677207,0.0,0.0,0.0,0.0,0.9999999975506504
2015-09-24,0.00036180567610699654,147537.51913785056,49220.39403218598,0.33361272657836466,47349.75755335846,0.32093367049989213,50967.36719050046,0.3454536004694473,0.0,0.0,0.0,0.0,0.999999997547704
2015-09-25,0.00036180567610699654,147660.90739300827,49279.904752888455,0.33373697631240384,47381.31952677102,0.3208792385425536,50999.68275154312,0.3453837826947957,0.0,0.0,0.0,0.0,0.9999999975497532
2015-09-28,0.00036180567610699654,144498.881591183,48248.9365516328,0.3339052594755643,46221.6210115661,0.3198752855564416,50028.32366617841,0.34621945246412916,0.0,0.0,0.0,0.0,0.9999999974961352
2015-09-29,0.00036180567610699654,144136.74274451786,48183.28582434655,0.33428871019897644,46042.50560078955,0.31943628476744346,49910.95095757611,0.3462750025234245,0.0,0.0,0.0,0.0,0.9999999974898444
2015-09-30,0.00036180567610699654,146803.51030601934,49034.91869060097,0.33401734460153715,47223.70387494078,0.3216796640386908,50544.887378671934,0.3443029888952148,0.0,0.0,0.0,0.0,0.9999999975354427
2015-10-01,0.0008534523735761468,146623.3255808451,48849.21095908003,0.3331612536106718,48706.16973300113,0.3321856842357975,49067.94403531157,0.33465305633281733,0.0,0.0,0.0,0.0,0.9999999941792865
2015-10-02,0.0008534523735761468,148497.18418980678,49475.559341073735,0.33317506733215124,49355.101940791414,0.3323638910062193,49666.52205448927,0.33446103591436654,0.0,0.0,0.0,0.0,0.999999994252737
2015-10-05,0.0008534523735761468,151663.62850750342,50336.81563954552,0.3318977406442254,50877.23351853254,0.3354610068294353,50449.578495973,0.33264124689906815,0.0,0.0,0.0,0.0,0.9999999943727288
2015-10-06,0.0008534523735761468,151671.85761479533,50353.591416491014,0.3319903389353564,51058.42077033183,0.3366374063935192,50259.8445745201,0.33137224904415846,0.0,0.0,0.0,0.0,0.9999999943730341
2015-10-07,0.0008534523735761468,152723.9647412158,50666.62218942819,0.3317529261061328,51529.58097511673,0.33740337387410935,50527.76072321853,0.330843694431556,0.0,0.0,0.0,0.0,0.999999994411798
2015-10-08,0.0008534523735761468,153767.9334500815,51022.91071232568,0.33181762652022323,51969.92216190028,0.33797633222905704,50775.09972240318,0.3302060357004575,0.0,0.0,0.0,0.0,0.9999999944497376
2015-10-09,0.0008534523735761468,153843.746325102,51069.300900731025,0.33195565059116267,51894.34852714893,0.3373185440861925,50880.09604376967,0.3307257997751176,0.0,0.0,0.0,0.0,0.9999999944524728
2015-10-12,0.0008534523735761468,154310.00716214668,51119.05315518435,0.3312750358534376,52043.43138226854,0.3372654330032016,51147.52177124141,0.3314595256125959,0.0,0.0,0.0,0.0,0.9999999944692352
2015-10-13,0.0008534523735761468,153261.98711958225,50675.32067898567,0.3306450714321379,51733.729871463765,0.3375509533952386,50852.93571568044,0.3318039696040387,0.0,0.0,0.0,0.0,0.9999999944314152
2015-10-14,0.0008534523735761468,152033.63325652445,50245.6813606553,0.3304905650440938,51404.52365720389,0.3381128409295441,50383.427385212904,0.33139658841278613,0.0,0.0,0.0,0.0,0.999999994386424
2015-10-15,0.0008534523735761468,152778.99456924963,50633.36570381635,0.33141575415242003,51596.77436730115,0.3377216515449318,50548.85364467976,0.33086258871645896,0.0,0.0,0.0,0.0,0.9999999944138108
2015-10-16,0.0008534523735761468,153805.21066012845,51016.125798016445,0.3316930914047476,51740.92191950202,0.336405520316452,51048.1620891576,0.3319013827298832,0.0,0.0,0.0,0.0,0.9999999944510829
2015-10-19,0.0008534523735761468,154362.012343114,51174.716680046906,0.33152403174361555,51933.95726773483,0.3364426031988794,51253.33754187992,0.3320333595286036,0.0,0.0,0.0,0.0,0.9999999944710984
2015-10-20,0.0008534523735761468,154528.2671562729,51290.82225579471,0.33191870458189254,51970.35311275306,0.33631615800231524,51267.090934272775,0.33176513189283924,0.0,0.0,0.0,0.0,0.9999999944770469
2015-10-21,0.0008534523735761468,154098.6082992391,51288.54746451986,0.3328294008011045,51609.68847113362,0.3349133976013231,51200.37151013325,0.3322571960592201,0.0,0.0,0.0,0.0,0.9999999944616478
2015-10-22,0.0008534523735761468,156786.4485107935,52462.630225659064,0.33461201987777295,52354.3733329447,0.33392154634678467,51969.44409873737,0.3314664283320359,0.0,0.0,0.0,0.0,0.9999999945565935
2015-10-23,0.0008534523735761468,159068.24282874996,53405.38183980161,0.3357388054968137,53226.97187199611,0.3346172116158932,52435.88826349988,0.329643977521971,0.0,0.0,0.0,0.0,0.9999999946346778
2015-10-26,0.0008534523735761468,159271.22535630158,53548.98165461437,0.3362125301341866,53072.1436236617,0.3332186558176806,52650.09922457316,0.33056880868964855,0.0,0.0,0.0,0.0,0.9999999946415157
2015-10-27,0.0008534523735761468,158305.3522944228,53281.60970704119,0.33657491003807544,52599.19998043912,0.3322641920698485,52424.541753490135,0.331160892500898,0.0,0.0,0.0,0.0,0.9999999946088218
2015-10-28,0.0008534523735761468,159350.8032937682,53601.740076052854,0.33637571300620533,53230.513860057705,0.3340460967863813,52518.54850420529,0.32957818485160506,0.0,0.0,0.0,0.0,0.9999999946441916
2015-10-29,0.0008534523735761468,159536.87813797034,53731.39585708992,0.336796084292323,53119.97346701434,0.33296360118740215,52685.50796041371,0.3302403091707132,0.0,0.0,0.0,0.0,0.9999999946504383
2015-10-30,0.0008534523735761468,159024.09184495907,53589.65321159067,0.33699078290500806,53000.287092769126,0.333284639313909,52434.15068714692,0.32972457241427117,0.0,0.0,0.0,0.0,0.9999999946331882
2015-11-02,0.0008534523735761468,160034.14259037614,53886.01032625928,0.3367157123726158,53459.952684908945,0.3340534202238656,52688.17872575556,0.3292308620705794,0.0,0.0,0.0,0.0,0.9999999946670607
2015-11-03,0.0008534523735761468,160699.81018493255,54277.673732441544,0.3377581695334865,53655.73638939377,0.33388798858970037,52766.399209644864,0.3283538365659645,0.0,0.0,0.0,0.0,0.9999999946891514
2015-11-04,0.0008534523735761468,160481.86770943427,54252.29660138111,0.33805873134284176,53454.11056273465,0.3330850477109211,52775.459691866155,0.32885621562817613,0.0,0.0,0.0,0.0,0.999999994681939
2015-11-05,0.0008534523735761468,160671.70647876486,54191.7053090875,0.3372821917233432,53620.209035076194,0.3337252725461212,52859.79128114879,0.3289925304187579,0.0,0.0,0.0,0.0,0.9999999946882224
2015-11-06,0.0008534523735761468,160656.27649314582,54288.391721148575,0.33791640704099546,53857.022910150736,0.3352313652834377,52510.86100839414,0.32685222236327904,0.0,0.0,0.0,0.0,0.9999999946877123
2015-11-09,0.0008534523735761468,161084.5221500432,54364.63137200205,0.33749134085870625,53930.38441974192,0.3347955700517777,52789.505504846864,0.3277130837913511,0.0,0.0,0.0,0.0,0.9999999947018351
2015-11-10,0.0008534523735761468,161453.2892861747,54426.52511033466,0.33710384812206623,54035.742512413446,0.3346834415781738,52991.020809974216,0.3282127050136962,0.0,0.0,0.0,0.0,0.9999999947139363
2015-11-11,0.0008534523735761468,160948.26828396643,54296.82922453671,0.33735578396369564,53670.118203087164,0.33346191776599404,52981.3200028902,0.3291822929676601,0.0,0.0,0.0,0.0,0.9999999946973498
2015-11-12,0.0008534523735761468,158502.70925860124,53399.31518777574,0.3368984381248234,52884.040170756896,0.33364754721305884,52219.35304661623,0.3294540092776522,0.0,0.0,0.0,0.0,0.9999999946155346
2015-11-13,0.0008534523735761468,156326.0444319135,52668.992736436856,0.33691758099448615,51989.82795285937,0.33257304079937305,51667.2228891649,0.33050937274670267,0.0,0.0,0.0,0.0,0.9999999945405619
2015-11-16,0.0008534523735761468,158242.75621405558,53385.13948029598,0.33736229548530927,52514.79478645706,0.33186223523192493,52342.82109385017,0.330775463889455,0.0,0.0,0.0,0.0,0.9999999946066892
2015-11-17,0.0008534523735761468,159286.6805562645,53795.294798342235,0.33772625941150325,52826.39206229944,0.3316434988651778,52664.99284217045,0.33063023636535455,0.0,0.0,0.0,0.0,0.9999999946420356
2015-11-18,0.0008534523735761468,161853.07318293204,54714.13710239791,0.3380481817639512,53785.52146261862,0.33231078289028426,53353.41376446316,0.32964103007275775,0.0,0.0,0.0,0.0,0.9999999947269932
2015-11-19,0.0008534523735761468,161777.15401925432,54766.260289247126,0.3385290130813463,53610.143442705834,0.3313826588661912,53400.749433848985,0.33008832277698097,0.0,0.0,0.0,0.0,0.9999999947245186
2015-11-20,0.0008534523735761468,161462.86198236552,54759.69566618538,0.33914731222939715,53427.77216710224,0.3308982109640634,53275.39329562554,0.32995447152078916,0.0,0.0,0.0,0.0,0.9999999947142497
2015-11-23,0.0008534523735761468,161493.4865869948,54822.61573060218,0.33947261211101426,53390.71144925601,0.3306059741331735,53280.158553684254,0.32992140847106427,0.0,0.0,0.0,0.0,0.9999999947152521
2015-11-24,0.0008534523735761468,161671.1032206491,54852.217330637846,0.3392827551611089,53529.496566660586,0.3311012017627133,53289.3884698983,0.3296160377972359,0.0,0.0,0.0,0.0,0.999999994721058
2015-11-25,0.0008534523735761468,161194.05964135486,54710.52451305107,0.33940782082651205,53359.28355988946,0.33102512387001115,53124.25071496196,0.3295670500089121,0.0,0.0,0.0,0.0,0.9999999947054353
2015-11-27,0.0008534523735761468,161573.05294008492,54834.299458376736,0.3393777518006705,53457.20295018111,0.3308546937588924,53281.549678074705,0.3297675491582916,0.0,0.0,0.0,0.0,0.9999999947178545
2015-11-30,0.0008534523735761468,161187.26801711135,54640.3325889784,0.3389866536057791,53433.93996470753,0.3315022372550857,53112.99460997306,0.32951110384434756,0.0,0.0,0.0,0.0,0.9999999947052123
2015-12-01,0.0008534523735761468,163102.19742526565,55174.94304856492,0.3382844861660824,54077.34961854792,0.3315550033795619,53849.90390470043,0.3301605052217323,0.0,0.0,0.0,0.0,0.9999999947673767
2015-12-02,0.0008534523735761468,161262.52050482162,54611.85329198208,0.3386518648041919,53437.45124012026,0.3313693167689421,53213.21511926691,0.329978813134549,0.0,0.0,0.0,0.0,0.9999999947076831
2015-12-03,0.0008534523735761468,159367.74496919432,53927.385970385265,0.33838331577578257,52792.45556286652,0.3312618596258061,52647.90258249017,0.3303548192431723,0.0,0.0,0.0,0.0,0.999999994644761
2015-12-04,0.0008534523735761468,161871.00265783194,54875.89069500387,0.33901001287427784,53540.6465493847,0.3307611966953749,53454.46455999099,0.3302287851579244,0.0,0.0,0.0,0.0,0.9999999947275772
2015-12-07,0.0008534523735761468,161788.87714926395,54833.711480354104,0.338921392165701,53355.708634062,0.329786012327886,53599.45618139547,0.3312925902313138,0.0,0.0,0.0,0.0,0.9999999947249009
2015-12-08,0.0008534523735761468,160855.5289062153,54557.86695050684,0.3391730910431813,52773.629478055,0.3280809173107377,53524.0316242011,0.3327459863403737,0.0,0.0,0.0,0.0,0.9999999946942926
2015-12-09,0.0008534523735761468,159086.33693782537,53906.02070934541,0.3388475826834402,52273.03124884679,0.3285827825005255,52907.284126180806,0.3325696294513224,0.0,0.0,0.0,0.0,0.9999999946352881
2015-12-10,0.0008534523735761468,158327.6751043446,53538.58071962999,0.3381504887528084,52428.678845135444,0.3311403316607961,52360.4146861268,0.3307091741959773,0.0,0.0,0.0,0.0,0.9999999946095819
2015-12-11,0.0008534523735761468,155286.4076897024,52476.058765632726,0.33793079218170746,51074.091522394905,0.3289025245818846,51736.256548222416,0.3331666777404191,0.0,0.0,0.0,0.0,0.9999999945040111
2015-12-14,0.0008534523735761468,154717.9740201468,52474.36279402739,0.3391613878500915,50492.58076054364,0.3263523910542461,51751.02961212339,0.3344862155794812,0.0,0.0,0.0,0.0,0.9999999944838189
2015-12-15,0.0008534523735761468,156788.09198160222,53041.6112755315,0.33830127406458577,51473.41985704973,0.3282992936931059,52273.05999556863,0.3333994267989589,0.0,0.0,0.0,0.0,0.9999999945566506
2015-12-16,0.0008534523735761468,159701.26381920505,53970.65638772337,0.3379475847406104,52451.03912769559,0.3284322106998131,53279.567450333736,0.33362019921552144,0.0,0.0,0.0,0.0,0.9999999946559448
2015-12-17,0.0008534523735761468,158539.86340424413,53560.44326093339,0.3378358105706528,51898.644292131175,0.3273539107309578,53080.7749977272,0.3348102733151858,0.0,0.0,0.0,0.0,0.9999999946167963
2015-12-18,0.0008534523735761468,156164.88666009286,52563.933305992236,0.33659252364715275,51284.593784760866,0.32840028819273864,52316.35871588738,0.3350071826950364,0.0,0.0,0.0,0.0,0.9999999945349279
2015-12-21,0.0008534523735761468,155730.0605732852,52528.32474617556,0.3373036943079861,51025.91982884431,0.3276561997150958,52175.815144812965,0.3350401004965864,0.0,0.0,0.0,0.0,0.9999999945196685
2015-12-22,0.0008534523735761468,156995.8814970497,52928.95543890421,0.3371359486261355,51530.9868634404,0.32823145659657815,52535.93834125272,0.3346325893411413,0.0,0.0,0.0,0.0,0.999999994563855
2015-12-23,0.0008534523735761468,158687.44447449077,53464.19817378656,0.3369151122877967,52263.623597521786,0.3293494565407992,52959.62184973004,0.3337354257932068,0.0,0.0,0.0,0.0,0.9999999946218028
2015-12-24,0.0008534523735761468,158470.69038812676,53364.91163719909,0.3367494109257531,52234.22253826494,0.3296144063633014,52871.55535921038,0.3336361773253922,0.0,0.0,0.0,0.0,0.9999999946144466
2015-12-28,0.0008534523735761468,156956.6546638786,52924.01274987469,0.3371887153380723,51443.89580042075,0.3277586153361094,52588.74526013079,0.3350526638883146,0.0,0.0,0.0,0.0,0.9999999945624964
2015-12-29,0.0008534523735761468,158752.56196569637,53538.66256769711,0.3372459751500947,52135.34946121258,0.3284063502073,53078.54908333431,0.3343476692666141,0.0,0.0,0.0,0.0,0.9999999946240089
2015-12-30,0.0008534523735761468,157949.44261663832,53259.195856640836,0.337191413748177,51758.21657442736,0.32768850409969835,52932.02933211777,0.3351200767487984,0.0,0.0,0.0,0.0,0.9999999945966738
2015-12-31,0.0008534523735761468,156426.77131294232,52661.542363296656,0.3366530033273121,51418.62840406131,0.3287073432027493,52346.599692132004,0.3346396480140161,0.0,0.0,0.0,0.0,0.9999999945440774
2016-01-04,0.00048731850824879075,153945.15726897295,51283.94530126365,0.33313126707623775,51463.42997275831,0.3342971671583109,51197.781507632506,0.3325715625999183,0.0,0.0,0.0,0.0,0.9999999968344668
2016-01-05,0.00048731850824879075,153429.5327568044,51060.27816857419,0.33279302394479676,51185.94592437421,0.3336120823981599,51183.30817653751,0.3335948904808719,0.0,0.0,0.0,0.0,0.9999999968238286
2016-01-06,0.00048731850824879075,151102.50729646764,50297.776101242205,0.33287188281102753,50096.897138615495,0.3315424610415225,50707.83356929144,0.33558565292236453,0.0,0.0,0.0,0.0,0.9999999967749146
2016-01-07,0.00048731850824879075,147389.38010404335,48897.95863928075,0.33176039280959924,48811.873747960235,0.33117632839966854,49679.547229483855,0.3370632754843983,0.0,0.0,0.0,0.0,0.9999999966936661
2016-01-08,0.00048731850824879075,144485.98911302682,47905.57324864872,0.33155860677379384,47845.57313345904,0.3311433407984698,48734.84224360056,0.3372980490549629,0.0,0.0,0.0,0.0,0.9999999966272266
2016-01-11,0.00048731850824879075,143768.78517363587,47788.68223232237,0.3323995690344457,47363.63325727719,0.32944309295007296,48616.46919671781,0.33815733462588254,0.0,0.0,0.0,0.0,0.9999999966104013
2016-01-12,0.00048731850824879075,145557.52107513207,48510.071777415025,0.3332708019421113,47939.71058742664,0.3293523428630096,49107.738222971915,0.3373768518469348,0.0,0.0,0.0,0.0,0.9999999966520555
2016-01-13,0.00048731850824879075,142653.59509327635,47486.92827921871,0.33288280080266197,46760.81436937574,0.32779275095591126,48405.8519573634,0.33932444482532986,0.0,0.0,0.0,0.0,0.9999999965839032
2016-01-14,0.00048731850824879075,143827.18894372013,48031.79746877304,0.3339549206344287,47059.85928628179,0.3271972401872945,48735.531701346816,0.33884783579005445,0.0,0.0,0.0,0.0,0.9999999966117776
2016-01-15,0.00048731850824879075,141965.02664165554,47399.655389463835,0.33388262243706557,46140.25287637741,0.3250114057516676,48425.117888495806,0.341105968378601,0.0,0.0,0.0,0.0,0.9999999965673342
2016-01-19,0.00048731850824879075,140969.06349402008,47126.2820032472,0.33430229892423385,45426.625223344345,0.3222453501315297,48416.15578011003,0.34345234748731834,0.0,0.0,0.0,0.0,0.999999996543082
2016-01-20,0.00048731850824879075,139359.313746211,46616.06510580295,0.33450268842953723,45003.483980379635,0.3229312973106056,47739.764172709925,0.34256601076300797,0.0,0.0,0.0,0.0,0.9999999965031509
2016-01-21,0.00048731850824879075,139393.8481234085,46649.210516798965,0.33465759891712993,45035.043669808336,0.32307769873701886,47709.593449482694,0.3422646988498683,0.0,0.0,0.0,0.0,0.9999999965040172
2016-01-22,0.00048731850824879075,142998.28800655174,47983.075556829244,0.3355500001135035,46072.57737446427,0.3221897130149794,48942.63458793972,0.3422602834636546,0.0,0.0,0.0,0.0,0.9999999965921376
2016-01-25,0.00048731850824879075,141767.64622556148,47507.88973785107,0.33511094387687684,45463.56376083199,0.32069068628321956,48796.192239559925,0.34419836640245854,0.0,0.0,0.0,0.0,0.9999999965625549
2016-01-26,0.00048731850824879075,143504.93450454017,48075.07091521782,0.3350063959904935,46141.75972486388,0.3215343074032347,49288.103377139996,0.343459293210441,0.0,0.0,0.0,0.0,0.999999996604169
2016-01-27,0.00048731850824879075,142632.24202350376,47534.07818142209,0.33326320547908905,46027.263604338026,0.322698871947574,49070.899750425146,0.3440379191567287,0.0,0.0,0.0,0.0,0.9999999965833918
2016-01-28,0.00048731850824879075,142865.38709163843,47735.690822041484,0.3341305531998614,45961.69728264101,0.32171331501842154,49167.99849963745,0.3441561283706845,0.0,0.0,0.0,0.0,0.9999999965889674
2016-01-29,0.00048731850824879075,146878.14588298614,49077.69068748926,0.33413882230368114,47263.8804420603,0.3217897404540643,50536.57426611809,0.34407143392441253,0.0,0.0,0.0,0.0,0.9999999966821579
2016-02-01,0.00048731850824879075,150430.50861282778,50112.84719211774,0.3331295470195893,48569.46847513973,0.322869801631436,51748.192458251804,0.3440006481094822,0.0,0.0,0.0,0.0,0.9999999967605075
2016-02-02,0.00048731850824879075,146971.19569920906,49072.418961658754,0.33389140455855215,46899.233022308006,0.3191049293651518,50999.543227923794,0.3470036627605545,0.0,0.0,0.0,0.0,0.9999999966842584
2016-02-03,0.00048731850824879075,146544.57193315096,49026.17928597945,0.33454790333922196,46810.632215201025,0.31942931490191645,50707.75994465199,0.3460227784334672,0.0,0.0,0.0,0.0,0.9999999966746056
2016-02-04,0.00048731850824879075,144610.42962726252,48411.03900297504,0.33476865484568347,46372.13210270737,0.32066934744771075,49827.2580342616,0.3445619943367347,0.0,0.0,0.0,0.0,0.999999996630129
2016-02-05,0.00048731850824879075,141121.46455766694,47027.944305816476,0.3332444462167503,45373.22075298491,0.3215189191467319,48720.29901154706,0.345236631183333,0.0,0.0,0.0,0.0,0.9999999965468153
2016-02-08,0.00048731850824879075,139538.96487980965,46575.92929888594,0.3337843973473904,44653.58274737014,0.32000798333162367,48309.45234623507,0.34620761582863885,0.0,0.0,0.0,0.0,0.9999999965076529
2016-02-09,0.00048731850824879075,138008.12889738855,46181.61099679543,0.3346296436721656,44034.70727430321,0.31907328666881485,47791.81013897142,0.34629706612793415,0.0,0.0,0.0,0.0,0.9999999964689146
2016-02-10,0.00048731850824879075,137571.43774876173,46045.19433909151,0.33470024804989695,43812.83915552501,0.318473368254955,47713.40376682673,0.346826380152854,0.0,0.0,0.0,0.0,0.9999999964577059
2016-02-11,0.00048731850824879075,133600.74356811776,44716.20523262897,0.33470027215701786,42394.36798540406,0.3173213475701117,46490.169862766226,0.3479783766252971,0.0,0.0,0.0,0.0,0.9999999963524268
2016-02-12,0.00048731850824879075,135248.37627491506,45201.976979242005,0.334214563044819,43228.635318519686,0.31962406136876803,46817.76348983486,0.34616137198327535,0.0,0.0,0.0,0.0,0.9999999963968625
2016-02-16,0.00048731850824879075,139770.0895641347,46670.602619083445,0.333909799762046,44945.03908059608,0.3215640715460275,48154.44737713666,0.34452612520535436,0.0,0.0,0.0,0.0,0.9999999965134279
2016-02-17,0.00048731850824879075,141422.3716348512,47259.72813360138,0.3341743430496607,45663.468104515465,0.32288716117996746,48499.174909415866,0.3429384923245343,0.0,0.0,0.0,0.0,0.9999999965541626
2016-02-18,0.00048731850824879075,141453.03822677574,47243.04847803087,0.33398397850098777,45519.79475819633,0.3218014637848893,48690.19450323005,0.3442145542690327,0.0,0.0,0.0,0.0,0.9999999965549097
2016-02-19,0.00048731850824879075,139937.9768241049,46771.716794053704,0.334231763639426,44879.90282870344,0.32071281754427,48286.35671402926,0.34505541533391476,0.0,0.0,0.0,0.0,0.9999999965176108
2016-02-22,0.00048731850824879075,140947.40002048627,47007.624867150225,0.3335118268255946,45514.25375214065,0.3229165897740951,48425.520913876906,0.343571579942861,0.0,0.0,0.0,0.0,0.9999999965425507
2016-02-23,0.00048731850824879075,140171.93141806897,46694.32798069465,0.3331218133923457,45077.38026486242,0.3215863533364404,48400.2226851934,0.345291829794637,0.0,0.0,0.0,0.0,0.9999999965234231
2016-02-24,0.00048731850824879075,139480.21111982068,46490.756521881594,0.33331435440647306,44837.613718219334,0.3214621870603674,48151.84039240127,0.34522345503934143,0.0,0.0,0.0,0.0,0.9999999965061819
2016-02-25,0.00048731850824879075,141389.1767597663,47078.3285110941,0.33296981841180584,45474.82308932159,0.32162874225222804,48836.024672032116,0.34540143588931976,0.0,0.0,0.0,0.0,0.9999999965533536
2016-02-26,0.00048731850824879075,142098.0712196253,47308.360335264435,0.3329275332818918,45895.28659650815,0.3229831777630034,48894.42380053422,0.34408928552565293,0.0,0.0,0.0,0.0,0.9999999965705482
2016-02-29,0.00048731850824879075,141973.5926992171,47184.74859455648,0.3323487678058645,45988.05501982925,0.32391978075288114,48800.78859751286,0.34373144800879557,0.0,0.0,0.0,0.0,0.9999999965675412
2016-03-01,0.00048731850824879075,143145.03990050196,47728.714829972894,0.33342905114384985,46402.22707947691,0.3241623119580701,49014.09750373367,0.34240863349371137,0.0,0.0,0.0,0.0,0.9999999965956313
2016-03-02,0.00048731850824879075,145649.89093328302,48449.47838490863,0.33264342372286154,47379.769861923356,0.32529904113437563,49820.642199132555,0.34205753179694176,0.0,0.0,0.0,0.0,0.9999999966541788
2016-03-03,0.00048731850824879075,145568.05565755532,48312.98139018176,0.3318927437200691,47543.80609075467,0.32660878704459795,49711.2676893004,0.34149846588763083,0.0,0.0,0.0,0.0,0.9999999966522979
2016-03-04,0.00048731850824879075,146184.82736115728,48506.45913950454,0.33181596212900255,47772.33600304855,0.3267940788753985,49906.0317312857,0.3413899556620211,0.0,0.0,0.0,0.0,0.9999999966664223
2016-03-07,0.00048731850824879075,146768.7218982287,48593.70449166075,0.3310903294869342,48234.030170488455,0.32863970978731116,49940.98674876097,0.34026995740543886,0.0,0.0,0.0,0.0,0.9999999966796843
2016-03-08,0.00048731850824879075,144873.33738414745,48124.58067688727,0.33218383413974717,47125.4708187165,0.3252873970436546,49623.28540122518,0.3425287654528426,0.0,0.0,0.0,0.0,0.9999999966362444
2016-03-09,0.00048731850824879075,144571.9353293139,47879.20126594417,0.33117908504774657,47253.33671831184,0.32684999762004696,49439.3968577394,0.3419709139614381,0.0,0.0,0.0,0.0,0.9999999966292317
2016-03-10,0.00048731850824879075,145575.49316551874,48169.1718308256,0.3308879179001472,47636.68061078323,0.3272300823093934,49769.64023659142,0.3418819964429283,0.0,0.0,0.0,0.0,0.9999999966524689
2016-03-11,0.00048731850824879075,147263.0986743548,48690.131472487796,0.33063362044389033,48394.591959439014,0.3286267394553114,50178.37475510951,0.34073963679162916,0.0,0.0,0.0,0.0,0.999999996690831
2016-03-14,0.00048731850824879075,148282.0818065085,49078.56069085588,0.3309810605093736,48605.26892751285,0.32778922669117416,50598.25170082128,0.3412297095130235,0.0,0.0,0.0,0.0,0.9999999967135713
2016-03-15,0.00048731850824879075,148093.2760924809,49154.372722299195,0.33191495265189086,48340.98631239861,0.3264225600776821,50597.9165704646,0.3416624839798084,0.0,0.0,0.0,0.0,0.9999999967093813
2016-03-16,0.00048731850824879075,147994.13345643878,49061.061708207,0.33150680072496147,48412.67291610362,0.3271256217081984,50520.39834480966,0.3413675742740171,0.0,0.0,0.0,0.0,0.999999996707177
2016-03-17,0.00048731850824879075,148499.63598228383,49293.21970404379,0.33194168711581573,48553.25441878111,0.3269587436872476,50653.16137214044,0.34109956591532264,0.0,0.0,0.0,0.0,0.9999999967183859
2016-03-18,0.00048731850824879075,147253.87699027354,48792.21028616624,0.33134754264832755,48346.56715105142,0.32832118338211785,50115.09906573737,0.3403312706601782,0.0,0.0,0.0,0.0,0.9999999966906237
2016-03-21,0.00048731850824879075,147484.86405419817,48938.366673331955,0.3318195869601096,48434.5689475379,0.32840365862722715,50111.92794600983,0.33977675110847005,0.0,0.0,0.0,0.0,0.9999999966958067
2016-03-22,0.00048731850824879075,148244.99615007255,49220.5852723753,0.33202189989973035,48681.31175242951,0.32838418170383343,50343.09863794923,0.33959391510918524,0.0,0.0,0.0,0.0,0.9999999967127491
2016-03-23,0.00048731850824879075,146849.12753264504,48796.345971434304,0.3322889743460459,47741.47327467268,0.32510559699484487,50311.30779921957,0.34260542534061156,0.0,0.0,0.0,0.0,0.9999999966815023
2016-03-24,0.00048731850824879075,146911.79507609984,48800.45402367767,0.3321751939549795,47733.698039823284,0.32491399356394346,50377.64252528038,0.3429108091639948,0.0,0.0,0.0,0.0,0.9999999966829178
2016-03-28,0.00048731850824879075,148509.6995391145,49324.73293984567,0.33213139002314473,48219.25813408846,0.32468760144106595,50965.70797786186,0.3431810052543976,0.0,0.0,0.0,0.0,0.9999999967186083
2016-03-29,0.00048731850824879075,149797.08632641906,49720.289097868015,0.33191759811351595,48539.3947271238,0.3240343047884979,51537.40201410874,0.3440480938447954,0.0,0.0,0.0,0.0,0.9999999967468093
2016-03-30,0.00048731850824879075,149440.56686782566,49669.429887170445,0.33236912123801776,48451.35254477937,0.32421820634307885,51319.78394855735,0.34341266915795154,0.0,0.0,0.0,0.0,0.9999999967390482
2016-03-31,0.00048731850824879075,148708.49375489447,49403.05160023411,0.3322140541727335,48198.47830229415,0.3241138221851419,51106.96336504772,0.3436721203651195,0.0,0.0,0.0,0.0,0.9999999967229949
2016-04-01,0.0007839693325877306,149720.76155819246,49950.527934790734,0.33362459163939195,49898.96306651586,0.33328018470652426,49871.26977291654,0.33309521841787393,0.0,0.0,0.0,0.0,0.9999999947637901
2016-04-04,0.0007839693325877306,148127.01015816268,49441.32059473093,0.3337765377289391,49239.955475171075,0.3324171292095553,49445.733304291345,0.33380632776895747,0.0,0.0,0.0,0.0,0.9999999947074519
2016-04-05,0.0007839693325877306,146239.42294654628,48888.749415048005,0.3343062248879217,48525.79624506125,0.33182431431501536,48824.87650246771,0.33386945543620117,0.0,0.0,0.0,0.0,0.9999999946391382
2016-04-06,0.0007839693325877306,146416.42602339355,48965.151657790615,0.3344238961956854,48655.591549281045,0.33230965179758687,48795.682032352546,0.33326644665234667,0.0,0.0,0.0,0.0,0.9999999946456191
2016-04-07,0.0007839693325877306,143992.90804082726,48140.832911257414,0.334327805211127,47674.986400545764,0.331092600664945,48177.08794505475,0.33457958867942844,0.0,0.0,0.0,0.0,0.9999999945555004
2016-04-08,0.0007839693325877306,142673.57280121505,47699.13190716368,0.3343235258685375,47247.45802870115,0.3311577407157969,47726.982081380884,0.33451872792081944,0.0,0.0,0.0,0.0,0.9999999945051539
2016-04-11,0.0007839693325877306,142142.59432551716,47524.43694420836,0.3343433906614498,47126.51463862642,0.3315439320792413,47491.64195871304,0.33411267174393644,0.0,0.0,0.0,0.0,0.9999999944846277
2016-04-12,0.0007839693325877306,142837.3697329714,47784.94204292854,0.33454089873161713,47436.19237199807,0.3320993130906715,47616.23453407546,0.33335978268916644,0.0,0.0,0.0,0.0,0.999999994511455
2016-04-13,0.0007839693325877306,144934.5410290123,48500.62190696979,0.334638117060454,48493.57340255882,0.33458948473056954,47940.34493551437,0.33077239279984955,0.0,0.0,0.0,0.0,0.9999999945908731
2016-04-14,0.0007839693325877306,145810.16025209377,48826.79201627884,0.3348654986172523,48786.43750187278,0.33458873796946004,48196.929949972815,0.3305457580366436,0.0,0.0,0.0,0.0,0.999999994623356
2016-04-15,0.0007839693325877306,145647.4608317482,48787.7224056673,0.3349713213471454,48566.37930205674,0.33345160310182526,48293.35834005484,0.33157707016837923,0.0,0.0,0.0,0.0,0.9999999946173499
2016-04-18,0.0007839693325877306,144939.3605586574,48505.41716463287,0.33466007423844385,48379.29889570407,0.3337899291761041,48054.643714351136,0.33154999117650497,0.0,0.0,0.0,0.0,0.9999999945910529
2016-04-19,0.0007839693325877306,147005.56592994797,49089.51827406231,0.33392965744885306,49293.37338932579,0.3353163744345257,48622.67348259056,0.33075396278369856,0.0,0.0,0.0,0.0,0.9999999946670772
2016-04-20,0.0007839693325877306,147251.9650438618,49127.98658365294,0.3336321289092423,49700.18340174107,0.3375179637632471,48423.79427449844,0.3288499020035114,0.0,0.0,0.0,0.0,0.9999999946760009
2016-04-21,0.0007839693325877306,146933.84921318994,49109.21171230477,0.3342266739439393,49718.413777685964,0.3383727714472946,48106.222939229876,0.32740054927324047,0.0,0.0,0.0,0.0,0.9999999946644743
2016-04-22,0.0007839693325877306,146775.36636022688,48885.81878070177,0.33306555447950714,49805.60837672289,0.33933220275183174,48083.9384188329,0.3276022374273743,0.0,0.0,0.0,0.0,0.9999999946587131
2016-04-25,0.0007839693325877306,149297.13078646673,49741.35527362727,0.3331702023448139,50481.99982713674,0.33813107834831047,49073.77490173341,0.3286987140558081,0.0,0.0,0.0,0.0,0.9999999947489324
2016-04-26,0.0007839693325877306,149193.2933612646,49682.09123649456,0.3330048564327332,50602.90717124635,0.33917682243741193,48908.29416955438,0.3278183158751327,0.0,0.0,0.0,0.0,0.9999999947452777
2016-04-27,0.0007839693325877306,149789.47749283738,49754.00184537366,0.33215952601044885,50918.82749974202,0.3399359444469446,49116.64736375236,0.32790452430879874,0.0,0.0,0.0,0.0,0.9999999947661923
2016-04-28,0.0007839693325877306,148936.72455968065,49419.33995897164,0.33181433326854687,50495.888985652215,0.3390425641153263,49021.49483108747,0.3291430973523524,0.0,0.0,0.0,0.0,0.9999999947362256
2016-04-29,0.0007839693325877306,143030.24392568,47443.09799989455,0.3316997629155025,48241.81971530246,0.33728404840286375,47345.32542651367,0.33101618320049003,0.0,0.0,0.0,0.0,0.9999999945188562
2016-05-02,0.0007839693325877306,141878.17237628016,47152.469466807706,0.3323447763462371,47686.50610617311,0.3361088270837182,47039.19601933001,0.33154639104439326,0.0,0.0,0.0,0.0,0.9999999944743485
2016-05-03,0.0007839693325877306,140717.69406935555,46755.66350367035,0.3322657027098943,47107.748604342814,0.3347677697242879,46854.281177373065,0.33296652199459714,0.0,0.0,0.0,0.0,0.9999999944287793
2016-05-04,0.0007839693325877306,140352.12261320578,46586.6690580041,0.3319270716438794,46732.73118772186,0.33296775508349,47032.72158351049,0.3351051676868987,0.0,0.0,0.0,0.0,0.9999999944142681
2016-05-05,0.0007839693325877306,140605.72274964364,46713.0353467794,0.3322271272695961,46722.04180466272,0.33229118197311164,47170.6448142322,0.33548168518163496,0.0,0.0,0.0,0.0,0.9999999944243426
2016-05-06,0.0007839693325877306,141540.12848322865,46976.19866810415,0.33189314699308364,47086.34082229342,0.33267131609162537,47477.58820886173,0.3354355313764424,0.0,0.0,0.0,0.0,0.9999999944611515
2016-05-09,0.0007839693325877306,141848.84710480066,47114.37632646054,0.33214493658627714,47015.109525950145,0.33144512969650347,47719.360468420644,0.33640992819042553,0.0,0.0,0.0,0.0,0.9999999944732062
2016-05-10,0.0007839693325877306,144689.38526305725,48078.901896422394,0.3322904566151206,48058.36122499479,0.3321484927012491,48552.12135767074,0.33556104526533836,0.0,0.0,0.0,0.0,0.9999999945817081
2016-05-11,0.0007839693325877306,144419.6269837356,47948.5553342513,0.3320085803825766,47936.534455158886,0.33192534461093337,48534.53641035607,0.3360660695780774,0.0,0.0,0.0,0.0,0.9999999945715874
2016-05-12,0.0007839693325877306,143463.66252847537,47701.145077267785,0.3324963564749355,47422.308233919175,0.3305527504186404,48340.20843331907,0.33695088764183945,0.0,0.0,0.0,0.0,0.9999999945354153
2016-05-13,0.0007839693325877306,143160.53222430559,47577.536647146706,0.3323369640216318,47264.95905633272,0.3301535578414687,48318.03573685684,0.33750947266074405,0.0,0.0,0.0,0.0,0.9999999945238446
2016-05-16,0.0007839693325877306,144007.38052934743,47838.58061761804,0.33219533916783495,47631.91005393337,0.3307602004761583,48536.88907382668,0.33704445491205426,0.0,0.0,0.0,0.0,0.9999999945560476
2016-05-17,0.0007839693325877306,143205.63650305028,47576.15042154888,0.3322226106689279,47571.386517752195,0.3321893444937059,48058.09877977988,0.3355880393629356,0.0,0.0,0.0,0.0,0.9999999945255693
2016-05-18,0.0007839693325877306,142717.61119383533,47446.26539321286,0.33244856746356677,47554.043493111756,0.3332037517677135,47717.30152354138,0.3343476752755691,0.0,0.0,0.0,0.0,0.9999999945068494
2016-05-19,0.0007839693325877306,144054.66165178453,47764.763501349764,0.3315738828140732,48073.45083079552,0.33371673140992025,48216.44653566992,0.33470938033384096,0.0,0.0,0.0,0.0,0.9999999945578344
2016-05-20,0.0007839693325877306,144483.7339147574,47873.85744353954,0.3313442707106683,48396.83036675576,0.33496386794176397,48213.04532049278,0.33369185592156375,0.0,0.0,0.0,0.0,0.9999999945739959
2016-05-23,0.0007839693325877306,144495.54674401224,47866.180833578,0.3312640556208804,48463.3177637331,0.3353966184825788,48166.0473627318,0.3333393204709802,0.0,0.0,0.0,0.0,0.9999999945744396
2016-05-24,0.0007839693325877306,145448.76546376097,48299.40594965139,0.3320716115784794,48797.52201365539,0.33549629560667155,48351.836716484875,0.33243208742484576,0.0,0.0,0.0,0.0,0.9999999946099967
2016-05-25,0.0007839693325877306,147295.94058747884,48858.091490347615,0.3317001900763916,49645.93279430663,0.337048886726257,48791.91551885525,0.3312509178749417,0.0,0.0,0.0,0.0,0.9999999946775904
2016-05-26,0.0007839693325877306,147305.7999802495,48817.13002424267,0.331399917931188,49579.59675115224,0.33657599875768496,48909.072420885255,0.33202407798907374,0.0,0.0,0.0,0.0,0.9999999946779466
2016-05-27,0.0007839693325877306,147285.4375839688,48810.15807344146,0.33139839806372123,49622.21835589689,0.3369119117944488,48853.060370661115,0.33168968481904076,0.0,0.0,0.0,0.0,0.9999999946772109
2016-05-31,0.0007839693325877306,148704.52827072612,49178.01265634002,0.33070958381851223,50204.45155110228,0.33761212341632163,49322.06327931448,0.3316782874931724,0.0,0.0,0.0,0.0,0.9999999947280064
2016-06-01,0.0007839693325877306,148622.05783639647,49176.45874716812,0.3308826392466029,50111.012462345214,0.337170761809176,49334.585842913795,0.33194659366930196,0.0,0.0,0.0,0.0,0.9999999947250809
2016-06-02,0.0007839693325877306,147451.59669988914,48683.111085900666,0.3301633361420037,49768.4807858716,0.33752419030881214,49000.00404414755,0.33231246823239313,0.0,0.0,0.0,0.0,0.999999994683209
2016-06-03,0.0007839693325877306,146370.2007633904,48313.67962876815,0.3300786592953297,49212.83969256365,0.3362217134081611,48843.68065808927,0.33369962194043723,0.0,0.0,0.0,0.0,0.9999999946439281
2016-06-06,0.0007839693325877306,144086.86884048473,47665.42249949437,0.3308103152152169,48569.538062530315,0.3370851102073745,47851.90749449071,0.33210456913645936,0.0,0.0,0.0,0.0,0.9999999945590509
2016-06-07,0.0007839693325877306,145292.83525552563,47949.57189986487,0.3300202092934332,49105.35391880514,0.3379750545334452,48237.908652886275,0.3320047307773336,0.0,0.0,0.0,0.0,0.9999999946042121
2016-06-08,0.0007839693325877306,145561.8786826556,48011.52675385578,0.32983585529647735,49137.41925666244,0.33757065861858376,48412.93188816805,0.33259348069912403,0.0,0.0,0.0,0.0,0.9999999946141851
2016-06-09,0.0007839693325877306,144872.01801111994,47741.96260927491,0.32954578299316833,48781.46345197348,0.33672108749274937,48348.59116590221,0.3337331241026208,0.0,0.0,0.0,0.0,0.9999999945885386
2016-06-10,0.0007839693325877306,144146.73537585686,47492.17505435618,0.32947104164740343,48358.520700617715,0.33548120652559216,48296.03883691364,0.33504774638831497,0.0,0.0,0.0,0.0,0.9999999945613105
2016-06-13,0.0007839693325877306,142193.52003142933,46860.32936028528,0.32955319869659067,47578.582840875715,0.33460443788408445,47754.607046299025,0.3358423579059279,0.0,0.0,0.0,0.0,0.999999994486603
2016-06-14,0.0007839693325877306,141515.08755994757,46673.79962072596,0.3298150071875152,47147.54922620745,0.333162703985433,47693.73792904484,0.33702228328722317,0.0,0.0,0.0,0.0,0.9999999944601714
2016-06-15,0.0007839693325877306,141145.61354089552,46484.47287694585,0.3293369996473709,47093.50856046165,0.33365194552657335,47567.631319518696,0.3370110492717257,0.0,0.0,0.0,0.0,0.9999999944456699
2016-06-16,0.0007839693325877306,141293.27745544648,46615.226438825826,0.3299182188871289,46973.02488808698,0.3324505293813346,47705.02534456436,0.3376312461830112,0.0,0.0,0.0,0.0,0.9999999944514747
2016-06-17,0.0007839693325877306,139536.4899450373,45944.81504173237,0.32926738417907603,46595.22519730155,0.33392860330409035,46996.44892203404,0.33680400689845147,0.0,0.0,0.0,0.0,0.9999999943816178
2016-06-20,0.0007839693325877306,140198.87059922641,46198.352084826234,0.3295201444017991,46847.6944298271,0.3341517248291271,47152.82330060377,0.33632812517723626,0.0,0.0,0.0,0.0,0.9999999944081623
2016-06-21,0.0007839693325877306,139416.3120676033,45922.932566295196,0.32939425728050425,46557.22786345306,0.33394390636927296,46936.15085388572,0.33666183072699746,0.0,0.0,0.0,0.0,0.9999999943767748
2016-06-22,0.0007839693325877306,140387.5191229141,46226.436428487126,0.329277393868712,46852.99699754617,0.3337404727305193,47308.08491291147,0.33698212781644515,0.0,0.0,0.0,0.0,0.9999999944156764
2016-06-23,0.0007839693325877306,142102.71824740103,46804.34171600506,0.32936978471107525,47588.67377088739,0.33488925727680624,47709.70197653925,0.3357409524951985,0.0,0.0,0.0,0.0,0.99999999448308
2016-06-24,0.0007839693325877306,137989.55836813845,45291.74772488461,0.3282259053547518,45720.31795686411,0.33133172174439585,46977.49190242039,0.34044236721948534,0.0,0.0,0.0,0.0,0.999999994318633
2016-06-27,0.0007839693325877306,132265.8107419358,43420.07169684058,0.3282788761001708,43334.3998988409,0.3276311516616397,45511.338362284994,0.3440899663109637,0.0,0.0,0.0,0.0,0.9999999940727742
2016-06-28,0.0007839693325877306,133973.55348486724,44001.40672191615,0.32843352719524793,44058.23834526967,0.3288577275084832,45913.90763371209,0.3427087394445966,0.0,0.0,0.0,0.0,0.9999999941483277
2016-06-29,0.0007839693325877306,137312.0566246052,45114.03489746411,0.32855115571388244,45263.19862973055,0.3296374676950236,46934.82231344121,0.34181137088169483,0.0,0.0,0.0,0.0,0.9999999942906009
2016-06-30,0.0007839693325877306,139599.40458321365,45821.2893692861,0.3282341318438256,45991.14261533934,0.32945085083027364,47786.97181461889,0.34231501171005074,0.0,0.0,0.0,0.0,0.9999999943841499
2016-07-01,0.0002933440799779419,140259.54182911996,46775.13525856138,0.33348986206976305,46810.265852730525,0.3337403305492049,46674.140424483965,0.3327698052895944,0.0,0.0,0.0,0.0,0.9999999979085623
2016-07-05,0.0002933440799779419,138711.94387695333,46248.868439051155,0.3334166269061658,45909.89257208135,0.3309728873297779,46553.182572476755,0.3356104836492848,0.0,0.0,0.0,0.0,0.9999999978852283
2016-07-06,0.0002933440799779419,137464.8322535093,45815.06991852496,0.33328575147157585,45613.03874730275,0.331816057965897,46036.723294337484,0.3348981884285697,0.0,0.0,0.0,0.0,0.9999999978660427
2016-07-07,0.0002933440799779419,137283.68762129388,45791.381768940024,0.33355297022074887,45669.16472701005,0.3326627184796453,45823.140831999706,0.3337843091628327,0.0,0.0,0.0,0.0,0.9999999978632269
2016-07-08,0.0002933440799779419,138782.21310855536,46257.92306213024,0.33331305234300684,46351.533642103226,0.3339875665900146,46172.756110977796,0.33269937895327767,0.0,0.0,0.0,0.0,0.9999999978862991
2016-07-11,0.0002933440799779419,139018.40300242743,46337.329513838544,0.3333179529693593,46513.79695874761,0.3345873348720272,46167.27623649717,0.3320947100485037,0.0,0.0,0.0,0.0,0.9999999978898902
2016-07-12,0.0002933440799779419,142308.8958429602,47433.71719982177,0.33331519381729674,47978.27367598678,0.337141774530606,46896.90467380757,0.32954302959077797,0.0,0.0,0.0,0.0,0.9999999979386807
2016-07-13,0.0002933440799779419,145589.4558894177,48459.18279349406,0.3328481619596214,49038.18903852608,0.33682514120921625,48092.08376405349,0.3303266948162906,0.0,0.0,0.0,0.0,0.9999999979851282
2016-07-14,0.0002933440799779419,145273.82840104,48366.05656350675,0.33293028135796343,49056.59190100912,0.3376836174894798,47851.179643180054,0.32938609913330746,0.0,0.0,0.0,0.0,0.9999999979807507
2016-07-15,0.0002933440799779419,146737.07816850292,48891.45444562856,0.33319086801963527,49574.42239242863,0.3378452331966207,48271.201037101644,0.32896389678463045,0.0,0.0,0.0,0.0,0.9999999980008865
2016-07-18,0.0002933440799779419,147321.92256727885,49102.837965049875,0.3333029946213581,49855.82894731654,0.33841418899857506,48363.25536156835,0.3282828143888895,0.0,0.0,0.0,0.0,0.9999999980088226
2016-07-19,0.0002933440799779419,148269.03422941227,49451.87782134292,0.3335280227483474,50086.938629494376,0.33781118822151596,48730.21748523089,0.32866078705167845,0.0,0.0,0.0,0.0,0.9999999980215418
2016-07-20,0.0002933440799779419,148810.0128115682,49673.507690370956,0.33380487476518406,50379.28461681865,0.3385476801256096,48757.22021103449,0.32764744313794053,0.0,0.0,0.0,0.0,0.9999999980287342
2016-07-21,0.0002933440799779419,149863.11850148783,49974.20554663238,0.3334656721836216,50704.42603282643,0.3383382552013492,49184.48662868494,0.32819607065761575,0.0,0.0,0.0,0.0,0.9999999980425865
2016-07-22,0.0002933440799779419,148670.9215556863,49564.506858914916,0.33338400233397353,50271.21933542179,0.3381375376528635,48835.19506800551,0.32847845804005293,0.0,0.0,0.0,0.0,0.99999999802689
2016-07-25,0.0002933440799779419,149084.6778861917,49732.776180207366,0.33358744094528875,50414.24419950562,0.3381584540699136,48937.657213134626,0.3282541030171636,0.0,0.0,0.0,0.0,0.9999999980323659
2016-07-26,0.0002933440799779419,147959.47480073207,49259.71361531593,0.3329270645334313,50199.333256468184,0.33927758478512665,48500.42763560387,0.3277953486988445,0.0,0.0,0.0,0.0,0.9999999980174025
2016-07-27,0.0002933440799779419,146601.2875216317,48890.79620489422,0.3334949987917409,49821.872704709334,0.3398460787553308,47888.618318684035,0.32665892045196293,0.0,0.0,0.0,0.0,0.9999999979990347
2016-07-28,0.0002933440799779419,146698.93063212006,48952.7605037715,0.3336954147711639,49708.27987794855,0.3388455502964983,48037.88995705594,0.3274590329327045,0.0,0.0,0.0,0.0,0.9999999980003665
2016-07-29,0.0002933440799779419,146557.08459379658,48892.61530925527,0.3336079961249774,49618.405380786106,0.33856026488457003,48046.06361041111,0.3278317369888838,0.0,0.0,0.0,0.0,0.9999999979984312
2016-08-01,0.0002933440799779419,142983.56023441098,47717.12691248063,0.333724568294788,48257.15402531954,0.3375014158705064,47009.27900326671,0.32877401378311233,0.0,0.0,0.0,0.0,0.9999999979484069
2016-08-02,0.0002933440799779419,142025.7023648565,47554.08936556383,0.3348273486682002,47660.18640586838,0.33557437571005205,46811.426300080195,0.32959827355631816,0.0,0.0,0.0,0.0,0.9999999979345704
2016-08-03,0.0002933440799779419,140321.9141788129,47023.687634561116,0.33511292879484667,47423.2467019403,0.337960374753074,45874.979548967414,0.32692669436157135,0.0,0.0,0.0,0.0,0.999999997909492
2016-08-04,0.0002933440799779419,140827.69504021973,47134.91153525697,0.33469916213423406,47556.92497203989,0.3376958272196236,46135.85823957878,0.32760500856314234,0.0,0.0,0.0,0.0,0.999999997917
2016-08-05,0.0002933440799779419,141780.62520262052,47466.63178344507,0.3347892683898797,48102.35771988568,0.33927313870383896,46211.63540594568,0.3259375908372814,0.0,0.0,0.0,0.0,0.9999999979310003
2016-08-08,0.0002933440799779419,142927.98631536053,47882.30935991321,0.3350100326346463,48521.977042112296,0.3394854870133829,46523.69961999092,0.32550447829957985,0.0,0.0,0.0,0.0,0.9999999979476092
2016-08-09,0.0002933440799779419,143238.171050109,47914.24824180635,0.33450754006796496,48635.031528932835,0.3395396015767253,46688.89098602573,0.3259528563073635,0.0,0.0,0.0,0.0,0.9999999979520536
2016-08-10,0.0002933440799779419,142421.9924932393,47655.58425726325,0.33460832433955334,48217.86074380708,0.33855628544233407,46548.54719882487,0.32683538815843,0.0,0.0,0.0,0.0,0.9999999979403175
2016-08-11,0.0002933440799779419,142007.74259028025,47539.790348075665,0.3347690025975354,48197.417226207064,0.33939992529327023,46270.53472265345,0.3258310700435037,0.0,0.0,0.0,0.0,0.9999999979343093
2016-08-12,0.0002933440799779419,142802.95786317947,47794.19482529087,0.3346863086063163,48489.157389463886,0.33955289242623177,46519.60535508063,0.3257607969132642,0.0,0.0,0.0,0.0,0.9999999979458123
2016-08-15,0.0002933440799779419,142456.99257445795,47679.81581748404,0.3346962122098938,48566.81115816642,0.34092262008677476,46210.3653054634,0.324381165644155,0.0,0.0,0.0,0.0,0.9999999979408235
2016-08-16,0.0002933440799779419,141517.49517560296,47367.74288053373,0.3347129824602756,48374.970093937394,0.34183031598963065,45774.781907787736,0.3234566994772468,0.0,0.0,0.0,0.0,0.9999999979271532
2016-08-17,0.0002933440799779419,140301.71498627847,47018.687887001826,0.33512553921098015,47870.65658522118,0.34119794323186237,45412.37022071139,0.32367651546634857,0.0,0.0,0.0,0.0,0.999999997909191
2016-08-18,0.0002933440799779419,140247.25336428388,46915.01263426732,0.33451644512715245,47906.51824127165,0.341586142274297,45425.722195400835,0.3238974105069297,0.0,0.0,0.0,0.0,0.9999999979083791
2016-08-19,0.0002933440799779419,140343.42497537157,47004.89169113591,0.33492763696898986,47975.841611304335,0.3418460224960554,45362.69137958723,0.3232263384447671,0.0,0.0,0.0,0.0,0.9999999979098124
2016-08-22,0.0002933440799779419,140913.116393525,47184.80365232811,0.3348503308986236,48106.31883160662,0.3413899292189462,45621.99361624618,0.32375973780069295,0.0,0.0,0.0,0.0,0.9999999979182628
2016-08-23,0.0002933440799779419,140827.6073248068,47145.83150351799,0.3347769119926903,48197.255587462816,0.3422429486876105,45484.519940481914,0.322980137236698,0.0,0.0,0.0,0.0,0.9999999979169988
2016-08-24,0.0002933440799779419,140235.27695625427,46981.27445846349,0.3350175182605378,47967.95200882404,0.34205339091523607,45286.050195622665,0.3229290887324267,0.0,0.0,0.0,0.0,0.9999999979082005
2016-08-25,0.0002933440799779419,140515.48341789126,47094.15061113204,0.3351527494736978,48016.65261169431,0.341717876519653,45404.67990172082,0.323129371919021,0.0,0.0,0.0,0.0,0.9999999979123718
2016-08-26,0.0002933440799779419,140098.66904964874,46957.51917204755,0.335174627215099,47951.52901724322,0.342269697082204,45189.620567013895,0.32255567360885784,0.0,0.0,0.0,0.0,0.9999999979061608
2016-08-29,0.0002933440799779419,142784.7094386979,47762.831468077835,0.334509427906102,48909.73634570621,0.3425418347523041,46112.14133156976,0.3229487352871436,0.0,0.0,0.0,0.0,0.9999999979455497
2016-08-30,0.0002933440799779419,142217.5368472039,47543.115369997875,0.33429854309090856,48871.44582033251,0.3436386742715081,45802.97536352943,0.3220627805749397,0.0,0.0,0.0,0.0,0.9999999979373565
2016-08-31,0.0002933440799779419,143504.25512988918,47910.57201728736,0.3338616821774542,49334.39286847293,0.3437834844954192,46259.2899507848,0.3223548312829776,0.0,0.0,0.0,0.0,0.9999999979558509
2016-09-01,0.0002933440799779419,143950.1503976842,48077.257694575324,0.33398546345213664,49398.22771021469,0.34316204306660725,46474.664699550085,0.32285249144343897,0.0,0.0,0.0,0.0,0.9999999979621829
2016-09-02,0.0002933440799779419,144679.40698317115,48283.57385263068,0.3337280326166041,49658.11750806473,0.34322864976797196,46737.715329131664,0.32304331558787847,0.0,0.0,0.0,0.0,0.9999999979724544
2016-09-06,0.0002933440799779419,145350.2608623631,48458.23693638966,0.3333894046621378,49878.24940613362,0.3431589947634491,47013.77422649575,0.3234515985562257,0.0,0.0,0.0,0.0,0.9999999979818125
2016-09-07,0.0002933440799779419,142644.6182362852,47535.92177098806,0.3332472150631486,49026.28302294283,0.3436952871347219,46082.41314901022,0.32305749574566156,0.0,0.0,0.0,0.0,0.999999997943532
2016-09-08,0.0002933440799779419,142580.11594177253,47475.589715399015,0.332974828936086,49143.11817352252,0.34467020768584444,45961.407759506896,0.3223549613206712,0.0,0.0,0.0,0.0,0.9999999979426017
2016-09-09,0.0002933440799779419,139812.29421395194,46616.659473803185,0.3334231780966747,48259.927479855825,0.3451765651309936,44935.706966948856,0.32140025467420374,0.0,0.0,0.0,0.0,0.999999997901872
2016-09-12,0.0002933440799779419,141990.92014601006,47295.502185417325,0.33308821533646726,49060.38239751553,0.34551774400128166,45635.035269733125,0.3213940385963156,0.0,0.0,0.0,0.0,0.9999999979340645
2016-09-13,0.0002933440799779419,139285.79387016437,46433.60112483643,0.3333692534941477,48170.20104902919,0.34583714326194076,44681.991402954656,0.32079360113785255,0.0,0.0,0.0,0.0,0.9999999978939411
2016-09-14,0.0002933440799779419,140052.89003962962,46777.22846329547,0.3339968811072681,48323.177185037996,0.34503520185384523,44952.48409795207,0.320967914944363,0.0,0.0,0.0,0.0,0.9999999979054764
2016-09-15,0.0002933440799779419,141590.05859676923,47254.77120107132,0.33374356695230273,48962.25276434213,0.3458028992260007,45373.03433801168,0.320453531749912,0.0,0.0,0.0,0.0,0.9999999979282155
2016-09-16,0.0002933440799779419,140439.73344152997,46795.918121896204,0.3332099611352438,48629.4295318007,0.3462654644815803,45014.385494488975,0.3205245722944216,0.0,0.0,0.0,0.0,0.9999999979112458
2016-09-19,0.0002933440799779419,141037.70630156586,46989.25250140984,0.3331680139560533,48802.05966445747,0.3460213650958648,45246.39384235448,0.32081061886818374,0.0,0.0,0.0,0.0,0.9999999979201017
2016-09-20,0.0002933440799779419,140448.01504914073,46833.44434723006,0.3334575026271729,48522.239032657,0.3454818426282477,45092.33137590959,0.32106065265594846,0.0,0.0,0.0,0.0,0.999999997911369
2016-09-21,0.0002933440799779419,141654.17943257332,47190.78340918657,0.3331407770545108,48887.557368667694,0.3451190608317909,45575.83836137498,0.3217401600428518,0.0,0.0,0.0,0.0,0.9999999979291533
2016-09-22,0.0002933440799779419,140820.84123257565,46902.539270573085,0.3330653251325931,48575.59192171405,0.3449460427628606,45342.70974694443,0.32198863002144484,0.0,0.0,0.0,0.0,0.9999999979168986
2016-09-23,0.0002933440799779419,140740.1962322354,46809.611490569216,0.3325958947316563,48587.322249125704,0.34522704635818297,45343.262199196404,0.3221770568258657,0.0,0.0,0.0,0.0,0.999999997915705
2016-09-26,0.0002933440799779419,139700.0920698016,46523.53458427028,0.3330243659469075,48051.295245218265,0.3439603691972463,45125.26194696898,0.3230152627560331,0.0,0.0,0.0,0.0,0.9999999979001869
2016-09-27,0.0002933440799779419,139686.4175910739,46542.056982378854,0.33318956692431445,48117.97340078937,0.34447138261969545,45026.38691456158,0.3223390483559714,0.0,0.0,0.0,0.0,0.9999999978999813
2016-09-28,0.0002933440799779419,140298.45559287805,46731.123869912204,0.33308366562150815,48452.52536125169,0.34535323397894396,45114.80606837008,0.32156309830869045,0.0,0.0,0.0,0.0,0.9999999979091424
2016-09-29,0.0002933440799779419,139568.37929579703,46537.79213560596,0.33344080063418347,48132.913560660156,0.34486976064004227,44897.673306186814,0.32168943662397936,0.0,0.0,0.0,0.0,0.9999999978982053
2016-09-30,0.0002933440799779419,141149.21506241694,47085.08459022595,0.33358375085121567,48849.97864717469,0.3460874977276563,45214.15153167221,0.3203287493428728,0.0,0.0,0.0,0.0,0.9999999979217449
2016-10-03,0.0009008604349673988,141063.14811042207,47057.294488713,0.3335902758378628,47149.6814821188,0.33424520942358915,46856.171238729825,0.3321645083523269,0.0,0.0,0.0,0.0,0.999999993613779
2016-10-04,0.0009008604349673988,140547.46493767627,46873.494487564465,0.33350650976415575,47158.74864207246,0.33553610278907786,46515.220907178904,0.3309573810371137,0.0,0.0,0.0,0.0,0.9999999935903473
2016-10-05,0.0009008604349673988,142504.6383397025,47539.9702519586,0.3336029676355715,48069.043351108114,0.33731564046723267,46895.62383577536,0.329081385575574,0.0,0.0,0.0,0.0,0.9999999936783781
2016-10-06,0.0009008604349673988,143367.7842690811,47850.75102920315,0.3337622274987109,48325.291872533206,0.33707218200313016,47191.74046648433,0.3291655842145965,0.0,0.0,0.0,0.0,0.9999999937164374
2016-10-07,0.0009008604349673988,143328.20103343617,47848.888983948484,0.33384141180133914,48201.513539813815,0.3363016712152075,47277.797608813424,0.3298569106981554,0.0,0.0,0.0,0.0,0.9999999937147022
2016-10-10,0.0009008604349673988,143085.34471052818,47738.54054560346,0.33363682802163924,48177.570004787245,0.3367051328859283,47169.233259277054,0.32965803279646677,0.0,0.0,0.0,0.0,0.9999999937040341
2016-10-11,0.0009008604349673988,142270.53461742218,47524.74953315771,0.33404492125481844,47859.54543373921,0.33639815554526226,46886.23874966482,0.3295569168678953,0.0,0.0,0.0,0.0,0.999999993667976
2016-10-12,0.0009008604349673988,142053.77845030613,47426.10408509642,0.3338602084539921,47658.873290099,0.33549880763482287,46968.80017425028,0.33064097756949923,0.0,0.0,0.0,0.0,0.9999999936583142
2016-10-13,0.0009008604349673988,143077.4087894061,47759.84431641425,0.3338042303150135,47879.523013068436,0.33464069148429804,47438.04055906296,0.3315550719043734,0.0,0.0,0.0,0.0,0.999999993703685
2016-10-14,0.0009008604349673988,142256.08277853965,47543.342689279336,0.3342095589915371,47560.607873614324,0.33433092592360614,47152.13131478555,0.33145950875218944,0.0,0.0,0.0,0.0,0.9999999936673327
2016-10-17,0.0009008604349673988,142386.99950061124,47609.8453371266,0.3343693279871539,47587.33113812174,0.33421120822141814,47189.82212450247,0.3314194574645833,0.0,0.0,0.0,0.0,0.9999999936731553
2016-10-18,0.0009008604349673988,142763.2575196659,47545.25896189548,0.3330356829056386,47901.01707345495,0.33552762738589437,47316.980583455035,0.3314366833982969,0.0,0.0,0.0,0.0,0.99999999368983
2016-10-19,0.0009008604349673988,142892.47147048052,47637.51182007421,0.3333801377346561,47974.09174192219,0.33573561467745294,47280.8670076237,0.33088424128342714,0.0,0.0,0.0,0.0,0.999999993695536
2016-10-20,0.0009008604349673988,141892.1737730146,47270.58670368063,0.3331444254233468,47725.683902450786,0.33635177073823486,46895.90226602274,0.33050379748950975,0.0,0.0,0.0,0.0,0.9999999936510914
2016-10-21,0.0009008604349673988,142522.50562706857,47519.97533776897,0.33342085257827336,47908.71389212305,0.33614841165846016,47093.81549631611,0.33043072944243707,0.0,0.0,0.0,0.0,0.9999999936791706
2016-10-24,0.0009008604349673988,142848.55330870076,47647.04383734323,0.33354936213022957,48035.13856657126,0.3362661885890131,47166.370003925826,0.33018444297435506,0.0,0.0,0.0,0.0,0.9999999936935977
2016-10-25,0.0009008604349673988,142913.91888762006,47616.74064092769,0.33318476612744047,48043.446085855576,0.3361705176081162,47253.73125997635,0.3306447099609254,0.0,0.0,0.0,0.0,0.9999999936964822
2016-10-26,0.0009008604349673988,142564.91940326866,47590.74229672111,0.33381804230606515,47966.536865611924,0.3364539963013662,47007.639340075184,0.3297279550736197,0.0,0.0,0.0,0.0,0.9999999936810511
2016-10-27,0.0009008604349673988,142419.7395810844,47590.40127292282,0.3341559352159044,47968.6117637589,0.3368115396422891,46860.72564354225,0.3290325188164162,0.0,0.0,0.0,0.0,0.9999999936746097
2016-10-28,0.0009008604349673988,143380.94857325123,47898.91405485508,0.3340674931466521,48234.96966914336,0.3364112885925065,47247.063948392344,0.3295212119778557,0.0,0.0,0.0,0.0,0.9999999937170144
2016-10-31,0.0009008604349673988,142918.7238093669,47605.71892633106,0.33309644571015246,48066.38429517269,0.3363197138485952,47246.619687002705,0.3305838341379463,0.0,0.0,0.0,0.0,0.9999999936966941
2016-11-01,0.0009008604349673988,142102.6404743063,47389.75660406289,0.33348962725735887,47854.91069470135,0.33676299423411515,46857.972274681626,0.3297473721690207,0.0,0.0,0.0,0.0,0.9999999936604947
2016-11-02,0.0009008604349673988,140641.4437995676,46824.07587895807,0.3329322752522968,47359.357178770726,0.33673827500138565,46458.00984097838,0.33032944334094794,0.0,0.0,0.0,0.0,0.9999999935946303
2016-11-03,0.0009008604349673988,139191.61179731952,46396.093155249204,0.3333253531312486,46761.8983105757,0.33595342209749607,46033.61943063418,0.33072121829916673,0.0,0.0,0.0,0.0,0.9999999935279115
2016-11-04,0.0009008604349673988,138559.00568044218,46171.71564023936,0.3332278217030867,46540.99846671418,0.3358929882482804,45846.2906726282,0.33087918354699536,0.0,0.0,0.0,0.0,0.9999999934983624
2016-11-07,0.0009008604349673988,142879.28829393306,47666.86930702311,0.33361636858774263,48111.66668644915,0.3367294676571542,47100.751399600354,0.32965415745005744,0.0,0.0,0.0,0.0,0.9999999936949543
2016-11-08,0.0009008604349673988,143886.36677543583,48008.19872865205,0.3336535615189915,48357.842332990826,0.33608355966387804,47520.32481293253,0.3302628725562147,0.0,0.0,0.0,0.0,0.9999999937390841
2016-11-09,0.0009008604349673988,146114.34779635142,48851.74551688417,0.33433914091018535,49612.527618959844,0.3395458992713562,47650.07375964697,0.3261149536530103,0.0,0.0,0.0,0.0,0.9999999938345518
2016-11-10,0.0009008604349673988,147649.21115930282,49300.14668475998,0.33390050849353126,50574.61871370642,0.3425322649312367,47774.444859975985,0.3235672204738758,0.0,0.0,0.0,0.0,0.9999999938986437
2016-11-11,0.0009008604349673988,148965.94609283312,49715.76397519797,0.33373912145139484,51099.544401458945,0.3430283614592999,48150.63681531577,0.3232325110418799,0.0,0.0,0.0,0.0,0.9999999939525747
2016-11-14,0.0009008604349673988,149314.3117792498,49590.24762444104,0.33211985531404764,51632.255597669166,0.3457957578373575,48091.807656279154,0.32208438081527874,0.0,0.0,0.0,0.0,0.9999999939666839
2016-11-15,0.0009008604349673988,152083.08233229478,50423.962093749324,0.3315553664514453,52691.70672205977,0.3464665886172055,48967.41261562526,0.3219780390078736,0.0,0.0,0.0,0.0,0.9999999940765243
2016-11-16,0.0009008604349673988,153147.82600467556,50896.16651336996,0.3323335880185208,52850.144401817335,0.34509235802148336,49401.51418862783,0.32257404807770246,0.0,0.0,0.0,0.0,0.9999999941177067
2016-11-17,0.0009008604349673988,153316.38089314767,51017.78748469138,0.3327614908954035,52867.0821301609,0.3448234417104203,49431.51037743495,0.32241506151834975,0.0,0.0,0.0,0.0,0.9999999941241736
2016-11-18,0.0009008604349673988,155053.11618988033,51616.552313694156,0.3328959364511176,53471.94917686811,0.3448621381551956,49964.61379845763,0.322241919583675,0.0,0.0,0.0,0.0,0.9999999941899882
2016-11-21,0.0009008604349673988,156918.30931534435,52288.47553838054,0.33322099738725314,54136.020217754674,0.3449949241357328,50493.81265834868,0.32178407273606224,0.0,0.0,0.0,0.0,0.9999999942590483
2016-11-22,0.0009008604349673988,156977.1633142392,52296.30569077317,0.3331459467520486,54175.57816994179,0.3451175765069236,50505.278552663796,0.3217364710022284,0.0,0.0,0.0,0.0,0.9999999942612007
2016-11-23,0.0009008604349673988,157386.4009690249,52311.662466994676,0.3323772711296073,54531.84545877609,0.34648384563739065,50542.89214239369,0.32113887750912484,0.0,0.0,0.0,0.0,0.9999999942761227
2016-11-25,0.0009008604349673988,161309.79906462412,53607.405870069844,0.3323257866597031,55840.55078608571,0.3461696134387645,51861.84150760812,0.321504594316872,0.0,0.0,0.0,0.0,0.9999999944153396
2016-11-28,0.0009008604349673988,159987.62519932262,53126.12283660783,0.3320639503862875,55211.97566954312,0.34510153895188195,51649.52579231124,0.32283450503101735,0.0,0.0,0.0,0.0,0.9999999943691867
2016-11-29,0.0009008604349673988,158885.65511937704,52687.84915765212,0.3316085968746874,54772.3247262479,0.34472794088991415,51425.48033461658,0.3236634565655319,0.0,0.0,0.0,0.0,0.9999999943301335
2016-11-30,0.0009008604349673988,159238.20482953097,52745.970745224964,0.33123942085186797,55363.25128672786,0.3476756808832139,51128.9818967177,0.32108489260760464,0.0,0.0,0.0,0.0,0.9999999943426865
2016-12-01,0.0009008604349673988,161853.05536185484,53607.30818132659,0.3312097387440524,56539.76024190209,0.3493277288803487,51705.98603776572,0.31946252680968334,0.0,0.0,0.0,0.0,0.9999999944340845
2016-12-02,0.0009008604349673988,160810.97336746726,53240.402038471766,0.33107443430998174,56055.37769222229,0.3485793072350281,51515.19273591275,0.32034625285300644,0.0,0.0,0.0,0.0,0.9999999943980163
2016-12-05,0.0009008604349673988,160918.31496272073,53286.08131388657,0.3311374552127962,56172.05942703667,0.3490718843287031,51460.17332093706,0.31979065486025393,0.0,0.0,0.0,0.0,0.9999999944017532
2016-12-06,0.0009008604349673988,161987.80920422,53548.24514772434,0.33056959909998795,56665.69323825633,0.3498145540496644,51773.86991737889,0.3196158412890624,0.0,0.0,0.0,0.0,0.9999999944387146
2016-12-07,0.0009008604349673988,164515.4953133103,54344.02247407169,0.330327683544803,57670.1094315637,0.3505451527330863,52501.36250681446,0.3191271582462712,0.0,0.0,0.0,0.0,0.9999999945241606
2016-12-08,0.0009008604349673988,164459.2318027585,54292.11548840582,0.3301250704704749,57798.545673399596,0.35144603948241315,52368.56974009263,0.31842888456939905,0.0,0.0,0.0,0.0,0.9999999945222872
2016-12-09,0.0009008604349673988,165928.85416625958,54755.63037464226,0.32999462721400763,58299.60926461089,0.3513530516289534,52873.61362614598,0.3186523157278419,0.0,0.0,0.0,0.0,0.999999994570803
2016-12-12,0.0009008604349673988,168006.6037780485,55492.76862065848,0.3303011153893052,58760.84678614618,0.34975319698608054,53752.98747038341,0.31994568226256054,0.0,0.0,0.0,0.0,0.9999999946379462
2016-12-13,0.0009008604349673988,168412.27768525787,55691.61851665827,0.33068621410571475,58888.116349603246,0.34966640888058054,53832.54191813591,0.31964737166456714,0.0,0.0,0.0,0.0,0.9999999946508624
2016-12-14,0.0009008604349673988,167204.58474213755,55346.816384232305,0.33101255249422745,58451.59285430655,0.3495812805877927,53406.174602738254,0.3194061615302063,0.0,0.0,0.0,0.0,0.9999999946122264
2016-12-15,0.0009008604349673988,170682.29670572866,56454.627126019135,0.3307585392019413,59768.66451641255,0.35017494883759975,54459.00416243653,0.31906650668246317,0.0,0.0,0.0,0.0,0.9999999947220042
2016-12-16,0.0009008604349673988,172161.06823619222,56926.30330771731,0.33065723796287466,60091.63199591518,0.3490430944205917,55143.1320316993,0.32029966238387303,0.0,0.0,0.0,0.0,0.9999999947673394
2016-12-19,0.0009008604349673988,171917.6885738549,56823.22091731542,0.33052573815232794,59980.474506768995,0.3488906522902774,55113.99224891004,0.3205836043173264,0.0,0.0,0.0,0.0,0.9999999947599316
2016-12-20,0.0009008604349673988,171268.41690072304,56644.86409860446,0.3307373602421926,59838.42288906642,0.3493838734070403,54785.12901219171,0.31987876109083385,0.0,0.0,0.0,0.0,0.9999999947400667
2016-12-21,0.0009008604349673988,172075.35598005677,56904.32790953586,0.33069423326447145,60174.45405842641,0.3496982686201766,54996.57311123405,0.3196074928800848,0.0,0.0,0.0,0.0,0.999999994764733
2016-12-22,0.0009008604349673988,171269.50056590556,56742.5425485696,0.33130558774961055,59666.52011880628,0.34837796526326786,54860.43699766923,0.32031644172722157,0.0,0.0,0.0,0.0,0.9999999947401
2016-12-23,0.0009008604349673988,171464.52725175276,56753.34974442911,0.33099178386384853,59794.92756504786,0.3487306005705423,54916.24904141534,0.3202776103116919,0.0,0.0,0.0,0.0,0.9999999947460827
2016-12-27,0.0009008604349673988,171205.58716922402,56633.01474568546,0.33078952434950576,59759.49368579982,0.3490510717195929,54813.077836878285,0.32015939866903775,0.0,0.0,0.0,0.0,0.9999999947381365
2016-12-28,0.0009008604349673988,170321.18369814186,56365.568590039984,0.3309369237941417,59334.4745465116,0.34836814339941036,54621.139660729845,0.32069492751726186,0.0,0.0,0.0,0.0,0.9999999947108139
2016-12-29,0.0009008604349673988,169989.2949356078,56241.85099262164,0.3308552518788089,59043.773282221824,0.34733818564626495,54703.66975990387,0.32180655717541334,0.0,0.0,0.0,0.0,0.9999999947004873
2016-12-30,0.0009008604349673988,168177.70635668942,55614.5535817717,0.3306892143232014,58422.18954226711,0.3473836741378731,54140.962331790164,0.321927106182327,0.0,0.0,0.0,0.0,0.9999999946434016
2017-01-03,0.0010422959899187845,171099.25491832057,57031.9768065913,0.3333268565886932,57110.81350266896,0.33378762245301735,56956.463566764316,0.3328855148665271,0.0,0.0,0.0,0.0,0.9999999939082376
2017-01-04,0.0010422959899187845,172527.07103070925,57431.604742167954,0.33288459833613776,57795.33220474352,0.3349928324839882,57300.13304150176,0.3321225631385264,0.0,0.0,0.0,0.0,0.9999999939586525
2017-01-05,0.0010422959899187845,171418.8357186602,57107.93573936089,0.3331485451989,57214.07400704952,0.33376772025771817,57096.8249299538,0.3330837284629765,0.0,0.0,0.0,0.0,0.9999999939195947
2017-01-06,0.0010422959899187845,168925.52315050407,56399.72458951216,0.33387331610784987,56255.98207096083,0.3330223936665841,56269.815447735076,0.3331042840554149,0.0,0.0,0.0,0.0,0.9999999938298489
2017-01-09,0.0010422959899187845,170917.76473229463,57036.103475779586,0.3337049461483082,56967.188731306785,0.3333017420426335,56914.47148291225,0.33299330571082736,0.0,0.0,0.0,0.0,0.9999999939017691
2017-01-10,0.0010422959899187845,169277.2469191179,56379.910357440924,0.3330625431566696,56623.248093858194,0.33450005316375014,56274.08742552278,0.3324373975222495,0.0,0.0,0.0,0.0,0.9999999938426692
2017-01-11,0.0010422959899187845,169334.01126976174,56357.31527131568,0.33281745851714495,56583.985270578174,0.33415605551583877,56392.70968557189,0.3330264798117496,0.0,0.0,0.0,0.0,0.9999999938447333
2017-01-12,0.0010422959899187845,167921.2376755927,55916.63892091211,0.3329932514488581,56000.89685261244,0.3334950219983529,56003.70085977217,0.3335117203457362,0.0,0.0,0.0,0.0,0.9999999937929471
2017-01-13,0.0010422959899187845,167356.2940407152,55705.79498285539,0.3328574841009746,55821.19742422612,0.33354704550667025,55829.30059133768,0.3335954641643491,0.0,0.0,0.0,0.0,0.999999993771994
2017-01-17,0.0010422959899187845,166569.17817998517,55488.89526527532,0.33312822859291036,55329.39347463582,0.33217065773627114,55750.888397778035,0.3347011074133823,0.0,0.0,0.0,0.0,0.9999999937425638
2017-01-18,0.0010422959899187845,164961.22721724393,54964.09393079114,0.3331940169092387,54820.19935773934,0.33232172361050916,55176.93288641744,0.3344842531618219,0.0,0.0,0.0,0.0,0.9999999936815698
2017-01-19,0.0010422959899187845,166891.66825052205,55601.33144270502,0.3331582218906311,55499.196096382744,0.3325462359994663,55791.13966913828,0.33429553586455785,0.0,0.0,0.0,0.0,0.9999999937546552
2017-01-20,0.0010422959899187845,167644.4634812532,55859.31427740354,0.33320106800693716,55691.329198992295,0.33219903623730446,56093.81896256135,0.3345998895384579,0.0,0.0,0.0,0.0,0.9999999937826995
2017-01-23,0.0010422959899187845,165655.4418345237,55211.55169964134,0.33329150608160035,54945.21254226465,0.3316837161145026,55498.67655032171,0.3350247715119457,0.0,0.0,0.0,0.0,0.9999999937080485
2017-01-24,0.0010422959899187845,165230.49651412727,55081.5259699137,0.3333617409132715,55019.940688283874,0.33298901745768006,55129.0288136337,0.3336492353209151,0.0,0.0,0.0,0.0,0.9999999936918667
2017-01-25,0.0010422959899187845,168082.08004843973,56067.6579398168,0.33357308479082726,56184.66814789769,0.33426923400582487,55829.75291842925,0.33215767500223475,0.0,0.0,0.0,0.0,0.9999999937988868
2017-01-26,0.0010422959899187845,166907.8291311122,55663.941765646865,0.33350108293554526,55767.175962762776,0.33411959314955575,55476.71036040657,0.33237931767015905,0.0,0.0,0.0,0.0,0.9999999937552599
2017-01-27,0.0010422959899187845,168321.19523559808,56155.04151352531,0.3336183624107794,56095.97652546334,0.3332674559905909,56070.17615431343,0.3331141754063258,0.0,0.0,0.0,0.0,0.999999993807696
2017-01-30,0.0010422959899187845,167861.2408479039,56011.64198661272,0.33367823151839965,55846.69987558442,0.3326956216544719,56002.89794341074,0.33362614061785695,0.0,0.0,0.0,0.0,0.9999999937907286
2017-01-31,0.0010422959899187845,166409.26492069673,55403.4035739908,0.3329346091420667,55366.491220446085,0.3327127924447674,55639.36908396383,0.3343525921497164,0.0,0.0,0.0,0.0,0.9999999937365507
2017-02-01,0.0010422959899187845,165007.547434283,54882.626753557975,0.33260676621725976,55303.258221027216,0.3351559312343131,54821.6614174018,0.33223729623177045,0.0,0.0,0.0,0.0,0.9999999936833435
2017-02-02,0.0010422959899187845,166080.8236246876,55174.9355404508,0.33221737667399887,55480.93071054147,0.3340598240042346,55424.956331399306,0.3337227930459305,0.0,0.0,0.0,0.0,0.999999993724164
2017-02-03,0.0010422959899187845,166578.33622328524,55321.929251860616,0.33210758677350394,55797.38069402196,0.3349618081142912,55459.02523510667,0.3329305988551127,0.0,0.0,0.0,0.0,0.9999999937429078
2017-02-06,0.0010422959899187845,166091.0802603322,55185.50978936995,0.3322605265910236,55676.84999794999,0.3352187842398384,55228.71943071627,0.3325206828936896,0.0,0.0,0.0,0.0,0.9999999937245516
2017-02-07,0.0010422959899187845,165000.37267084973,54873.468198018054,0.33256572279071245,55152.85419444509,0.33425896742952527,54974.049236090585,0.33317530346283114,0.0,0.0,0.0,0.0,0.9999999936830688
2017-02-08,0.0010422959899187845,165902.96013362022,55124.751877236384,0.3322710567239925,55336.60678334875,0.3335480375924576,55441.60043073909,0.3341808994009858,0.0,0.0,0.0,0.0,0.9999999937174358
2017-02-09,0.0010422959899187845,166149.4498277562,55184.65303549299,0.33213864441141283,55498.3942108341,0.3340269514486396,55466.40153913313,0.33383439786670394,0.0,0.0,0.0,0.0,0.9999999937267562
2017-02-10,0.0010422959899187845,169002.8546410995,56184.149043014084,0.33244497060318157,56411.88149769419,0.3337924771595869,56406.823058095215,0.33376254606990374,0.0,0.0,0.0,0.0,0.9999999938326722
2017-02-13,0.0010422959899187845,170632.1538975301,56731.74219081474,0.3324797870446147,57072.19732633847,0.33447504484185375,56828.21333808089,0.3330451620050931,0.0,0.0,0.0,0.0,0.9999999938915616
2017-02-14,0.0010422959899187845,171037.80832115564,56873.479642956954,0.33251992761837956,57403.90793274305,0.33562116175481166,56760.41970315963,0.3318589045328578,0.0,0.0,0.0,0.0,0.9999999939060491
2017-02-15,0.0010422959899187845,172896.86554644923,57530.296349089585,0.3327434315669182,58088.66443697606,0.33597291803633295,57277.90371808759,0.3312836443683227,0.0,0.0,0.0,0.0,0.9999999939715738
2017-02-16,0.0010422959899187845,172895.18040817828,57498.82336736801,0.3325646396366998,57969.15053251884,0.3352849419842867,57427.20546599543,0.3321504123505285,0.0,0.0,0.0,0.0,0.999999993971515
2017-02-17,0.0010422959899187845,171996.81449088862,57329.278213692545,0.3333159302013091,57598.0045402035,0.3348783215008596,57069.53069469657,0.3318057422378586,0.0,0.0,0.0,0.0,0.9999999939400273
2017-02-21,0.0010422959899187845,173066.02390641987,57569.4461555268,0.33264441428813146,58027.836386948926,0.3352930579737921,57468.74032164814,0.33206252171554246,0.0,0.0,0.0,0.0,0.9999999939774661
2017-02-22,0.0010422959899187845,173524.32779061917,57759.19775342923,0.3328593661121892,58086.901019709345,0.3347478809415077,57678.22797518458,0.3323927469396755,0.0,0.0,0.0,0.0,0.9999999939933725
2017-02-23,0.0010422959899187845,173492.2771818937,57797.273989411195,0.33314032721361464,57841.50360682965,0.33339526431016375,57853.49854335685,0.33346440246848436,0.0,0.0,0.0,0.0,0.9999999939922628
2017-02-24,0.0010422959899187845,172879.8607607749,57603.44383128522,0.3331992724762478,57520.72370854085,0.3327207891967012,57755.69217865282,0.3340799322980317,0.0,0.0,0.0,0.0,0.9999999939709808
2017-02-27,0.0010422959899187845,172213.78705945887,57343.08856251943,0.3329761777012722,57476.15508322613,0.3337488598597614,57394.54237141732,0.33327495638662874,0.0,0.0,0.0,0.0,0.9999999939476623
2017-02-28,0.0010422959899187845,172681.90259425202,57541.29675827706,0.33322135031996347,57436.99237199745,0.3326173241613874,57703.61242168153,0.3341613194827185,0.0,0.0,0.0,0.0,0.9999999939640692
2017-03-01,0.0010422959899187845,175089.43573716524,58467.79242492332,0.3339310117641363,58373.35194132728,0.33339162751631796,58248.29032861865,0.3326773547666109,0.0,0.0,0.0,0.0,0.9999999940470652
2017-03-02,0.0010422959899187845,176004.9343165197,58792.73604038435,0.3340402714770145,58560.32836816054,0.33271981035968096,58651.86886567883,0.33323991224133426,0.0,0.0,0.0,0.0,0.9999999940780296
2017-03-03,0.0010422959899187845,176337.1806975578,58882.633202315876,0.3339206908570665,58799.12914586627,0.3334471432131761,58655.417307079675,0.332632160018945,0.0,0.0,0.0,0.0,0.9999999940891875
2017-03-06,0.0010422959899187845,174915.47085938306,58476.892252381076,0.33431515214221075,58146.62870096507,0.3324270198358265,58291.9488637409,0.3332578220631073,0.0,0.0,0.0,0.0,0.9999999940411446
2017-03-07,0.0010422959899187845,174431.1202782783,58361.90044026392,0.3345842206778033,57838.852065738625,0.33158562516519724,58230.36672997977,0.33383014818159784,0.0,0.0,0.0,0.0,0.9999999940245984
2017-03-08,0.0010422959899187845,174060.94242434588,58271.1626605757,0.3347744867341665,57749.71627021231,0.33177871764834743,58040.06245126185,0.33344678962937635,0.0,0.0,0.0,0.0,0.9999999940118903
2017-03-09,0.0010422959899187845,174693.1278330438,58519.23201116726,0.33498302272711467,57862.26602219851,0.33122233679105073,58311.62875738204,0.333794634515395,0.0,0.0,0.0,0.0,0.9999999940335603
2017-03-10,0.0010422959899187845,176524.43275242107,59129.57158365184,0.33496536803255,58448.582258639246,0.33110760560049224,58946.27786783397,0.33392702046241535,0.0,0.0,0.0,0.0,0.9999999940954576
2017-03-13,0.0010422959899187845,175896.96039611814,58923.44395624534,0.33498841494219317,58142.56265633004,0.33054899030315016,58830.95274124676,0.33446258882905117,0.0,0.0,0.0,0.0,0.9999999940743944
2017-03-14,0.0010422959899187845,175572.64359477145,58833.109509011854,0.33509269043531054,57999.02322629121,0.33034202845492966,58740.509817172395,0.3345652751732086,0.0,0.0,0.0,0.0,0.9999999940634487
2017-03-15,0.0010422959899187845,176772.92187590653,59245.80099294653,0.33515201516291454,58341.320528530814,0.3300353917863396,59185.79931213318,0.33481258715450346,0.0,0.0,0.0,0.0,0.9999999941037575
2017-03-16,0.0010422959899187845,174413.43463104469,58469.77374720073,0.335236639716935,57600.69137538412,0.33025375308520816,58342.968466163846,0.33450960122184936,0.0,0.0,0.0,0.0,0.9999999940239924
2017-03-17,0.0010422959899187845,174223.45014550583,58429.890982469944,0.3353732860511669,57312.84843536778,0.3289617349874654,58480.70968537212,0.3356649729788436,0.0,0.0,0.0,0.0,0.9999999940174759
2017-03-20,0.0010422959899187845,172834.17896935935,58007.98543840913,0.33562797465363026,56821.6294603687,0.3287638463595921,58004.56302828552,0.33560817295616496,0.0,0.0,0.0,0.0,0.9999999939693872
2017-03-21,0.0010422959899187845,170841.68672734592,57382.84289860902,0.3358831442011512,55783.112602160014,0.3265193271662486,57675.73018428087,0.3375975225316536,0.0,0.0,0.0,0.0,0.9999999938990535
2017-03-22,0.0010422959899187845,169652.95555938757,56961.09834046778,0.33575069855195283,55465.99733157056,0.32693799615035,57225.85884505322,0.3373112991540022,0.0,0.0,0.0,0.0,0.9999999938563051
2017-03-23,0.0010422959899187845,169253.63088333968,56807.97265657286,0.33563813290202626,55339.144260639,0.3269598647415856,57106.512923831826,0.3374019961981983,0.0,0.0,0.0,0.0,0.99999999384181
2017-03-24,0.0010422959899187845,168551.71089556132,56549.453048395924,0.33550210050039375,55131.78176383555,0.32709120228388855,56870.475041033846,0.33740669103188253,0.0,0.0,0.0,0.0,0.9999999938161648
2017-03-27,0.0010422959899187845,167627.35115053004,56218.46877692827,0.33537765997652647,54876.80565280491,0.32737381624270445,56532.07567850085,0.33724851756283386,0.0,0.0,0.0,0.0,0.9999999937820648
2017-03-28,0.0010422959899187845,168966.08689833886,56617.045872595554,0.3350793458728798,55550.34347097799,0.3287662304945296,56798.69651246931,0.3361544174639207,0.0,0.0,0.0,0.0,0.9999999938313302
2017-03-29,0.0010422959899187845,169739.21933464461,56795.05600813765,0.3346018452940151,55924.119931023284,0.3294708208877033,57020.04235318769,0.33592732767770905,0.0,0.0,0.0,0.0,0.9999999938594274
2017-03-30,0.0010422959899187845,169964.01428739302,56820.59333630737,0.3343095511984622,56148.33941107632,0.3303542790895419,56995.080497713316,0.3353361635795448,0.0,0.0,0.0,0.0,0.9999999938675489
2017-03-31,0.0010422959899187845,170615.24619405903,57021.0396279281,0.33420834831531965,56316.19640176637,0.33007716284459077,57278.00912206855,0.33571448273104576,0.0,0.0,0.0,0.0,0.9999999938909563
2017-04-03,0.0002658483168715975,169394.40676753325,56467.78035654404,0.3333509142012997,56363.08256946128,0.3327328431027277,56563.543575679614,0.33391624112656826,0.0,0.0,0.0,0.0,0.9999999984305956
2017-04-04,0.0002658483168715975,168594.5586188737,56170.13766741556,0.33316696652348227,56119.92500525654,0.3328691356648213,56304.495680353284,0.3339638962348465,0.0,0.0,0.0,0.0,0.99999999842315
2017-04-05,0.0002658483168715975,168360.21156460184,56088.74223396331,0.33314725440601733,55869.574198628405,0.3318454739360468,56401.894866161776,0.33500727007889086,0.0,0.0,0.0,0.0,0.9999999984209551
2017-04-06,0.0002658483168715975,167979.78440408694,55980.573375729866,0.33325779988540016,55861.53114587949,0.3325491299089939,56137.67961662926,0.3341930686229851,0.0,0.0,0.0,0.0,0.9999999984173791
2017-04-07,0.0002658483168715975,168667.79045108726,56226.788428438456,0.333358184618799,56076.37117878851,0.33246638868522055,56364.63057801197,0.3341754251198151,0.0,0.0,0.0,0.0,0.9999999984238347
2017-04-10,0.0002658483168715975,169311.62160867927,56393.087984127866,0.3330727533545579,56304.12816498682,0.3325473327230867,56614.40519371625,0.3343799123521836,0.0,0.0,0.0,0.0,0.9999999984298282
2017-04-11,0.0002658483168715975,168520.37446083053,56143.23470439001,0.33315398736809404,55962.25812790314,0.33208007225803154,56414.881362689055,0.3347659387963303,0.0,0.0,0.0,0.0,0.9999999984224559
2017-04-12,0.0002658483168715975,166241.61828058388,55394.07911227586,0.3332142677941291,55078.58994070168,0.33131649288771725,55768.94896175801,0.33546923771898535,0.0,0.0,0.0,0.0,0.9999999984008316
2017-04-13,0.0002658483168715975,164310.36020412302,54766.23559653127,0.33330969227074353,54332.85388144255,0.3306721122998255,55211.27046030088,0.3360181938114665,0.0,0.0,0.0,0.0,0.9999999983820355
2017-04-17,0.0002658483168715975,164603.06057777262,54883.85781695788,0.33343157547806374,54443.301671081295,0.3307550994494273,55275.9008238851,0.3358133234574215,0.0,0.0,0.0,0.0,0.9999999983849126
2017-04-18,0.0002658483168715975,165418.1404202876,55108.24289473847,0.33314509977395296,54619.749263937454,0.33019201597335,55690.14799576333,0.33666288264556776,0.0,0.0,0.0,0.0,0.9999999983928708
2017-04-19,0.0002658483168715975,164304.44829459125,54627.18997770074,0.3324754170973898,54293.173355097584,0.33044250425741434,55384.084695944584,0.3370820770271731,0.0,0.0,0.0,0.0,0.9999999983819773
2017-04-20,0.0002658483168715975,165886.91521623707,55173.19987732666,0.33259524903098736,55002.90894194263,0.33156870070339894,55710.80613111945,0.3358360486630259,0.0,0.0,0.0,0.0,0.9999999983974123
2017-04-21,0.0002658483168715975,166333.7057674947,55348.07476400951,0.33275321143494746,55032.88625987558,0.33085829481128665,55952.744477761305,0.33638849215548294,0.0,0.0,0.0,0.0,0.999999998401717
2017-04-24,0.0002658483168715975,168807.35481910285,56122.055431209534,0.3324621459257565,56001.794778155694,0.3317497323393775,56683.504343889304,0.3357881201600038,0.0,0.0,0.0,0.0,0.9999999984251378
2017-04-25,0.0002658483168715975,169096.1807713729,56325.53381038879,0.3330976108002341,56097.09647885062,0.33174667945160097,56673.55021628517,0.3351557081759928,0.0,0.0,0.0,0.0,0.9999999984278277
2017-04-26,0.0002658483168715975,171196.70034832097,56946.43718054451,0.33263746944117445,56862.313454392686,0.33214608306526494,57387.94944753546,0.3352164459406784,0.0,0.0,0.0,0.0,0.9999999984471177
2017-04-27,0.0002658483168715975,171549.3554488921,57067.41002714392,0.33265884256933514,56959.76088232221,0.33203133135228613,57522.18427357766,0.3353098245286887,0.0,0.0,0.0,0.0,0.99999999845031
2017-04-28,0.0002658483168715975,171038.8918890975,56937.68524122379,0.3328932069914396,56691.41522961419,0.3314533589610321,57409.79115241116,0.3356534324932131,0.0,0.0,0.0,0.0,0.9999999984456849
2017-05-01,0.0002658483168715975,171072.92552707458,56914.37206351425,0.3326907042020907,56768.88352168222,0.33184025670209155,57389.66967602979,0.335469037541812,0.0,0.0,0.0,0.0,0.9999999984459942
2017-05-02,0.0002658483168715975,171957.82748171984,57276.73641233178,0.33308595049806994,57052.32896079922,0.3317809360371468,57628.76184274052,0.33513311191877443,0.0,0.0,0.0,0.0,0.9999999984539911
2017-05-03,0.0002658483168715975,171824.5627878191,57278.915451010886,0.3333569690018235,57038.99507504298,0.3319606588813422,57506.65199591691,0.3346823705696264,0.0,0.0,0.0,0.0,0.9999999984527921
2017-05-04,0.0002658483168715975,173302.6037743606,57758.38534452516,0.3332805398568989,57390.91600535576,0.3311601485230916,58153.30215863138,0.33555931008599715,0.0,0.0,0.0,0.0,0.9999999984659876
2017-05-05,0.0002658483168715975,173689.5242115999,57829.016610106824,0.3329447580249903,57617.97305104839,0.3317296959191069,58242.53428459635,0.3353255445253077,0.0,0.0,0.0,0.0,0.9999999984694049
2017-05-08,0.0002658483168715975,173775.16978151063,57880.92349955915,0.333079366703157,57755.93258951098,0.3323600987536259,58138.31342659217,0.33456053301337635,0.0,0.0,0.0,0.0,0.9999999984701593
2017-05-09,0.0002658483168715975,174503.6950868895,58153.47063998304,0.33325065472697907,58075.148349205796,0.3328018258884937,58275.07583185233,0.33394751786107335,0.0,0.0,0.0,0.0,0.9999999984765462
2017-05-10,0.0002658483168715975,175376.7541907956,58385.88170633532,0.3329168792964217,58402.16338301435,0.3330097175790901,58588.7088355976,0.33407340160861837,0.0,0.0,0.0,0.0,0.9999999984841302
2017-05-11,0.0002658483168715975,175952.42037006508,58573.58708570436,0.33289446637057757,58550.850327638116,0.3327652453117344,58827.982690874276,0.3343402868067777,0.0,0.0,0.0,0.0,0.9999999984890897
2017-05-12,0.0002658483168715975,174711.54204808493,58228.137579285714,0.3332815731387678,58031.74039658509,0.33215745059712953,58451.66380636578,0.33456097474246116,0.0,0.0,0.0,0.0,0.9999999984783585
2017-05-15,0.0002658483168715975,174811.1119994106,58285.32603519736,0.33341888492416816,58072.53925894165,0.3322016466501137,58453.24643942328,0.3343794669049434,0.0,0.0,0.0,0.0,0.9999999984792253
2017-05-16,0.0002658483168715975,174959.78935313117,58428.61520049382,0.3339545355908269,58104.66482782223,0.3321029651593048,58426.50905896679,0.3339424977303858,0.0,0.0,0.0,0.0,0.9999999984805176
2017-05-17,0.0002658483168715975,171053.51805530218,57176.52136512579,0.33426100798839126,56286.9563827443,0.32906050119674557,57590.04004158377,0.33667848926068106,0.0,0.0,0.0,0.0,0.9999999984458179
2017-05-18,0.0002658483168715975,169077.8107702305,56521.5012065785,0.3342928380081097,55589.28409140282,0.32877929894033386,56967.02520640086,0.3369278614792133,0.0,0.0,0.0,0.0,0.9999999984276569
2017-05-19,0.0002658483168715975,170424.3523293604,56957.21083068183,0.3342081695027181,56145.26042270421,0.329443883196918,57321.88081012604,0.3363479457404441,0.0,0.0,0.0,0.0,0.9999999984400801
2017-05-22,0.0002658483168715975,171203.30067012884,57262.88114420723,0.33447299742509184,56310.76323503077,0.32891166826000184,57629.6560250425,0.3366153327620838,0.0,0.0,0.0,0.0,0.9999999984471776
2017-05-23,0.0002658483168715975,170885.53474229967,57037.43193149511,0.3337756587619263,56351.00834779477,0.3297587969208378,57497.09419716145,0.3364655427615259,0.0,0.0,0.0,0.0,0.99999999844429
2017-05-24,0.0002658483168715975,172962.5569713588,57750.07365658926,0.33388771921400423,56923.836705212736,0.3291107491816212,58288.64634370849,0.3370015300673464,0.0,0.0,0.0,0.0,0.9999999984629718
2017-05-25,0.0002658483168715975,173250.94558973593,57861.83113158562,0.33397700044076173,56897.6314056246,0.3284116644324707,58491.48278667739,0.3376113335922979,0.0,0.0,0.0,0.0,0.9999999984655303
2017-05-26,0.0002658483168715975,173542.9167155017,57953.09555535998,0.33394100233065477,57026.042353560166,0.3285990775817491,58563.77854073321,0.33745991855570795,0.0,0.0,0.0,0.0,0.9999999984681119
2017-05-30,0.0002658483168715975,172692.58756943236,57633.6370934218,0.333735442294243,56703.598770186036,0.32834992843794136,58355.35143997621,0.3379146277283847,0.0,0.0,0.0,0.0,0.999999998460569
2017-05-31,0.0002658483168715975,172365.53658973952,57583.89636849595,0.334080103875729,56424.804766592795,0.32735549044757023,58356.83518880243,0.3385644041343487,0.0,0.0,0.0,0.0,0.999999998457648
2017-06-01,0.0002658483168715975,173650.26503591266,57956.45601819465,0.33375391627653817,56957.78227840534,0.3280028525532391,58736.02647346435,0.3382432296392818,0.0,0.0,0.0,0.0,0.9999999984690588
2017-06-02,0.0002658483168715975,175031.33528398175,58455.28374700595,0.33397039251380023,57333.80488775717,0.3275630891733485,59242.2463833703,0.33846651679399,0.0,0.0,0.0,0.0,0.9999999984811386
2017-06-05,0.0002658483168715975,173246.24236933546,57905.78934045224,0.33423979965467665,56686.708438356436,0.32720310503190436,58653.744324678446,0.3385570937789075,0.0,0.0,0.0,0.0,0.9999999984654886
2017-06-06,0.0002658483168715975,172451.73715208497,57654.507251527604,0.33432256585900416,56398.95342814412,0.3270419559671119,58398.27620656492,0.338635476632303,0.0,0.0,0.0,0.0,0.9999999984584189
2017-06-07,0.0002658483168715975,171443.05382678713,57244.97848652258,0.3339008330098839,56120.97687593761,0.32734471081364386,58077.09819847861,0.3387544546258214,0.0,0.0,0.0,0.0,0.9999999984493491
2017-06-08,0.0002658483168715975,171984.06043775636,57510.7933338965,0.33439606663264315,56481.85598872183,0.32841331833285486,57991.41084928971,0.337190613488729,0.0,0.0,0.0,0.0,0.9999999984542269
2017-06-09,0.0002658483168715975,172053.09546852103,57535.41147121211,0.3344049772225042,56583.06102624864,0.32886976472097895,57934.62270521196,0.3367252565113641,0.0,0.0,0.0,0.0,0.9999999984548472
2017-06-12,0.0002658483168715975,172743.7216577375,57729.25452601615,0.334190174739878,56865.384549962815,0.32918929848363443,58149.08231591022,0.33662052523751224,0.0,0.0,0.0,0.0,0.9999999984610246
2017-06-13,0.0002658483168715975,172854.87867193046,57836.7504168563,0.3345971537582543,56874.94547662726,0.32903292006338414,58143.18251259856,0.33636992464037585,0.0,0.0,0.0,0.0,0.9999999984620144
2017-06-14,0.0002658483168715975,172953.27599391682,57891.87061909797,0.3347254932663673,56729.936988519956,0.32800729944262685,58331.46812045056,0.3372672057538952,0.0,0.0,0.0,0.0,0.9999999984628893
2017-06-15,0.0002658483168715975,171758.0470805307,57540.92831730744,0.3350115426634347,56126.73179264128,0.32677788753807635,58090.38670473367,0.3382105682506819,0.0,0.0,0.0,0.0,0.9999999984521929
2017-06-16,0.0002658483168715975,173999.79899181894,58379.23119721942,0.33551321056390576,56659.83115470852,0.32563158970874745,58960.73637404269,0.3388551981994812,0.0,0.0,0.0,0.0,0.9999999984721343
2017-06-19,0.0002658483168715975,175214.06615724092,58806.77150408758,0.3356281421567667,57208.77971755447,0.3265079167001014,59198.51466975053,0.3378639396258546,0.0,0.0,0.0,0.0,0.9999999984827227
2017-06-20,0.0002658483168715975,175306.16164955372,58789.80069628893,0.3353550162932256,57136.75473755557,0.32592553621574905,59379.605949860874,0.33871944597454506,0.0,0.0,0.0,0.0,0.9999999984835197
2017-06-21,0.0002658483168715975,174550.73741784194,58556.89221920693,0.33547204145596154,56901.36880204144,0.3259875589401273,59092.47613074524,0.33854039808086783,0.0,0.0,0.0,0.0,0.9999999984769568
2017-06-22,0.0002658483168715975,174460.19086488892,58489.81462769629,0.33526166822202924,56997.49750067214,0.3267077561826926,58972.878470672156,0.3380305740714444,0.0,0.0,0.0,0.0,0.9999999984761663
2017-06-23,0.0002658483168715975,174588.24689746476,58580.39070725761,0.3355345605919379,57033.699647852794,0.3266754816625689,58974.15627650604,0.3377899562227772,0.0,0.0,0.0,0.0,0.9999999984772839
2017-06-26,0.0002658483168715975,174889.53947994733,58576.87720387393,0.33493642546065655,57270.60944627215,0.327467323755168,59042.052563952915,0.3375962492640826,0.0,0.0,0.0,0.0,0.9999999984799072
2017-06-27,0.0002658483168715975,174674.03638176434,58480.83168583489,0.3347997956491958,57280.76231312306,0.32792945934982165,58912.44211695805,0.3372707434790143,0.0,0.0,0.0,0.0,0.9999999984780318
2017-06-28,0.0002658483168715975,176452.05555855494,59102.5887223416,0.3349498453574469,58046.69610148824,0.3289658254064695,59302.77046887678,0.33608432772945157,0.0,0.0,0.0,0.0,0.999999998493368
2017-06-29,0.0002658483168715975,175113.65055022083,58503.37344219503,0.334088023739856,57810.06530769714,0.33012883419455524,58800.211534480346,0.3357831405474414,0.0,0.0,0.0,0.0,0.9999999984818526
2017-06-30,0.0002658483168715975,174979.51200830436,58520.45114897141,0.33444173250519804,57695.278720243674,0.3297259093824968,58763.781873240936,0.33583235659299393,0.0,0.0,0.0,0.0,0.9999999984806889
2017-07-03,0.0003065100438561785,176026.0517636126,58618.19701385427,0.33300864517812007,58882.323568768785,0.33450914213449795,58525.530874479504,0.33248221094610536,0.0,0.0,0.0,0.0,0.9999999982587234
2017-07-05,0.0003065100438561785,177164.0709103947,58959.99964920925,0.332798853324102,59265.47015502765,0.3345230771142231,58938.60079964774,0.33267806783158343,0.0,0.0,0.0,0.0,0.9999999982699085
2017-07-06,0.0003065100438561785,175938.83200352185,58594.40325780441,0.33303849179032574,58782.86705630225,0.33410968111420436,58561.56138290514,0.33285182535333013,0.0,0.0,0.0,0.0,0.9999999982578601
2017-07-07,0.0003065100438561785,176949.54252198452,58962.59641258424,0.33321700396743675,59083.3763465462,0.33389957105543566,58903.569456344034,0.3328834232449386,0.0,0.0,0.0,0.0,0.999999998267811
2017-07-10,0.0003065100438561785,178082.67437072145,59438.11221312298,0.3337669564046888,59415.069997886996,0.33363756585438736,59229.491853201434,0.33259547601975675,0.0,0.0,0.0,0.0,0.9999999982788329
2017-07-11,0.0003065100438561785,177753.62956388027,59262.69826081873,0.33339796439723995,59358.60862523582,0.3339375334887539,59132.32237131566,0.3326645003896529,0.0,0.0,0.0,0.0,0.9999999982756468
2017-07-12,0.0003065100438561785,178595.38556325706,59616.93544557558,0.3338100548205919,59581.26615307593,0.3336103335770269,59397.1836580955,0.33257960988615515,0.0,0.0,0.0,0.0,0.999999998283774
2017-07-13,0.0003065100438561785,178234.84721674366,59448.006357448736,0.33353750563242324,59653.62419000852,0.33469113992880606,59133.216362776366,0.3317713527190731,0.0,0.0,0.0,0.0,0.9999999982803024
2017-07-14,0.0003065100438561785,179357.60597332308,59856.519794984764,0.333727245466733,59986.191927565305,0.3344502264179831,59514.89394426298,0.33182252640635146,0.0,0.0,0.0,0.0,0.9999999982910674
2017-07-17,0.0003065100438561785,177827.36384849917,59254.77135738376,0.33321514796713814,59557.53425647627,0.33491771439190077,59015.0579281291,0.33186713591732286,0.0,0.0,0.0,0.0,0.9999999982763618
2017-07-18,0.0003065100438561785,177989.8875144175,59438.43785768845,0.3339427800518938,59487.76518221281,0.3342199155971386,59063.684168006206,0.33183730262890326,0.0,0.0,0.0,0.0,0.9999999982779356
2017-07-19,0.0003065100438561785,177799.43387779035,59309.26570330764,0.3335739850784542,59447.53590767574,0.33435166024508683,59042.63196029692,0.33207435295255,0.0,0.0,0.0,0.0,0.999999998276091
2017-07-20,0.0003065100438561785,177824.52548498858,59403.30661640658,0.3340557578005247,59321.57746266826,0.33359615216673816,59099.64109940369,0.33234808830907137,0.0,0.0,0.0,0.0,0.9999999982763342
2017-07-21,0.0003065100438561785,177881.43382846957,59391.876629743536,0.3338846295056004,59254.567499831865,0.3331127157259753,59234.98939238411,0.3330026530453099,0.0,0.0,0.0,0.0,0.9999999982768857
2017-07-24,0.0003065100438561785,176109.50213192136,58745.45450671454,0.33357345171931196,58756.73993536085,0.3336375336030814,58607.30738333592,0.3327890129371551,0.0,0.0,0.0,0.0,0.9999999982595486
2017-07-25,0.0003065100438561785,177076.08614741164,58975.20711792703,0.3330500938948445,59247.15922560418,0.3345858862968223,58853.71949737039,0.3323640180773821,0.0,0.0,0.0,0.0,0.999999998269049
2017-07-26,0.0003065100438561785,178188.81274531598,59376.16842348807,0.3332205176559204,59515.18418937246,0.3340006775534057,59297.4598259454,0.3327788030705319,0.0,0.0,0.0,0.0,0.9999999982798581
2017-07-27,0.0003065100438561785,176778.49648316554,58834.565734614,0.3328151721225707,58979.47035265815,0.3336348680750021,58964.46008938334,0.33354995806856225,0.0,0.0,0.0,0.0,0.9999999982661351
2017-07-28,0.0003065100438561785,176278.03996553685,58390.70012637213,0.33124205452810673,58963.018520417594,0.3344887345692358,58924.32101223709,0.3342692091638701,0.0,0.0,0.0,0.0,0.9999999982612126
2017-07-31,0.0003065100438561785,175527.121843026,58082.183934861125,0.3309014773614533,58667.1200331798,0.33423393158378023,58777.81756847501,0.3348645893085403,0.0,0.0,0.0,0.0,0.9999999982537738
2017-08-01,0.0003065100438561785,175699.09313311492,58203.5318652583,0.33126825430545365,58727.48683310095,0.33425036968521654,58768.07412824562,0.33448137426481284,0.0,0.0,0.0,0.0,0.999999998255483
2017-08-02,0.0003065100438561785,175842.35064045573,58234.32674138167,0.33117350017944885,58906.98166924393,0.3349988296601587,58701.041923320074,0.3338276684172967,0.0,0.0,0.0,0.0,0.9999999982569043
2017-08-03,0.0003065100438561785,176051.46433842197,58304.99774555411,0.3311815551472778,58884.45913409196,0.3344729869494238,58862.00715226584,0.33434545616227307,0.0,0.0,0.0,0.0,0.9999999982589748
2017-08-04,0.0003065100438561785,174875.0284470595,57923.0247722258,0.33122524860524055,58545.451594355196,0.33478451505772794,58406.551773968466,0.33399023458429383,0.0,0.0,0.0,0.0,0.9999999982472624
2017-08-07,0.0003065100438561785,176690.6780342273,58560.48470124407,0.33142939600865723,59205.57666390252,0.33508036373279193,58924.61636257068,0.33349023852382415,0.0,0.0,0.0,0.0,0.9999999982652732
2017-08-08,0.0003065100438561785,176289.269724575,58409.74534330184,0.3313289880578559,59162.843492896405,0.3356009335413851,58716.6805818667,0.3330700766620823,0.0,0.0,0.0,0.0,0.9999999982613232
2017-08-09,0.0003065100438561785,175204.0536213114,58021.785667595694,0.3311669134836619,58738.74488586126,0.33525905178438414,58443.52276134441,0.3335740329825079,0.0,0.0,0.0,0.0,0.9999999982505539
2017-08-10,0.0003065100438561785,173009.40172557958,57208.596846206674,0.33066756069678,57737.16873640604,0.3337227235083234,58063.635836456815,0.33560971402325857,0.0,0.0,0.0,0.0,0.9999999982283619
2017-08-11,0.0003065100438561785,171600.6061525735,56703.11758006356,0.33043658091538264,57273.27974270007,0.33375919250411773,57624.20852329982,0.3358042247943168,0.0,0.0,0.0,0.0,0.9999999982138172
2017-08-14,0.0003065100438561785,173426.13348450154,57310.119132910564,0.330458380068954,57902.579761091074,0.33387459316369766,58213.43428398985,0.33566702499996737,0.0,0.0,0.0,0.0,0.9999999982326191
2017-08-15,0.0003065100438561785,174618.728374049,57678.43795132583,0.3303107203241879,58282.465452568606,0.33376984241760327,58657.82466364453,0.33591943550289866,0.0,0.0,0.0,0.0,0.9999999982446898
2017-08-16,0.0003065100438561785,176021.09927339564,58142.8284547557,0.3303173806706454,58665.82450578585,0.33328859294683877,59212.44600634405,0.3363940246411903,0.0,0.0,0.0,0.0,0.9999999982586744
2017-08-17,0.0003065100438561785,172490.8043164823,56928.679877244074,0.33003892643918914,57337.35388287319,0.3324081774102687,58224.77024985498,0.3375528943735775,0.0,0.0,0.0,0.0,0.9999999982230354
2017-08-18,0.0003065100438561785,170971.83297580597,56436.074540412024,0.33008989585084597,56771.00192509586,0.3320488582065413,57764.75620378805,0.3378612441498611,0.0,0.0,0.0,0.0,0.9999999982072483
2017-08-21,0.0003065100438561785,171295.1589815044,56561.957653818004,0.33020172893458877,56751.37659749595,0.3313075333531386,57981.82442368041,0.33849073592290485,0.0,0.0,0.0,0.0,0.9999999982106321
2017-08-22,0.0003065100438561785,172254.9008630355,56885.68536783568,0.33024131727356204,57180.5460914932,0.331953086994947,58188.669097196565,0.3378055939520928,0.0,0.0,0.0,0.0,0.9999999982206019
2017-08-23,0.0003065100438561785,172983.79678151346,57135.3910762949,0.3302933115085891,57484.920284654705,0.3323139008057548,58363.48511405381,0.33739278591375577,0.0,0.0,0.0,0.0,0.9999999982280997
2017-08-24,0.0003065100438561785,171358.03886002622,56669.83787959765,0.3307101216645482,56923.83250755279,0.3321923668492204,57764.36816636573,0.3370975096975202,0.0,0.0,0.0,0.0,0.9999999982112888
2017-08-25,0.0003065100438561785,172873.32589543008,57106.68405864791,0.3303383200551794,57495.22156891911,0.33258584730242063,58271.41996135302,0.3370758308693674,0.0,0.0,0.0,0.0,0.9999999982269674
2017-08-28,0.0003065100438561785,172731.37363730083,57064.96461738609,0.3303682673027911,57484.37965987807,0.3327964020050176,58182.02905352662,0.3368353289177015,0.0,0.0,0.0,0.0,0.9999999982255103
2017-08-29,0.0003065100438561785,171785.0424198616,56731.956491894765,0.33024968700846263,57171.93318969459,0.3328108919399401,57881.15243176219,0.3369394192673322,0.0,0.0,0.0,0.0,0.9999999982157349
2017-08-30,0.0003065100438561785,174241.30446297172,57634.66028893541,0.3307749587078157,58036.28295092725,0.3330799383636423,58570.36091659902,0.33614510116942964,0.0,0.0,0.0,0.0,0.9999999982408876
2017-08-31,0.0003065100438561785,176290.45117148705,58326.356768834485,0.3308537494869609,58765.620900763104,0.33334545637754753,59198.47319537942,0.3358007923968266,0.0,0.0,0.0,0.0,0.9999999982613349
2017-09-01,0.0003065100438561785,176236.08692756016,58259.444288561375,0.3305761340043158,59002.500136580464,0.3347923865379102,58974.14219590827,0.3346314777185726,0.0,0.0,0.0,0.0,0.9999999982607987
2017-09-05,0.0003065100438561785,174505.50279669013,57691.21703125003,0.33059826828764205,58256.66855693725,0.3338385759949927,58557.61690199279,0.335563153960916,0.0,0.0,0.0,0.0,0.9999999982435508
2017-09-06,0.0003065100438561785,173149.4912663285,57185.720193692294,0.3302679076644386,57946.20649964209,0.334659987019613,58017.56426648407,0.33507210354574374,0.0,0.0,0.0,0.0,0.9999999982297952
2017-09-07,0.0003065100438561785,174162.22017430034,57641.45638519771,0.33096417998984246,58091.062568949914,0.33354571680823075,58429.70091364268,0.33549010144201563,0.0,0.0,0.0,0.0,0.9999999982400888
2017-09-08,0.0003065100438561785,172902.16273972086,57245.68633069646,0.3310871618006973,57493.26072992097,0.33251903746553324,58163.21537259338,0.3363937989610325,0.0,0.0,0.0,0.0,0.999999998227263
2017-09-11,0.0003065100438561785,174527.70563385,57777.80571051144,0.3310523420947632,58169.43690128467,0.3332962906377805,58580.46271554385,0.3356513655112306,0.0,0.0,0.0,0.0,0.9999999982437743
2017-09-12,0.0003065100438561785,177021.85102086395,58582.87048826503,0.3309358147054987,59228.50119627455,0.3345829955720767,59210.47902981434,0.33448118799094323,0.0,0.0,0.0,0.0,0.9999999982685186
2017-09-13,0.0003065100438561785,178214.75714456756,58943.07449834641,0.3307418276845159,59787.58199735044,0.3354805345825028,59484.10034236066,0.3337776360130898,0.0,0.0,0.0,0.0,0.9999999982801085
2017-09-14,0.0003065100438561785,178654.16973564684,59143.9791500407,0.3310528897117575,59858.33443079106,0.3350514265598332,59651.855848305015,0.33389568201274783,0.0,0.0,0.0,0.0,0.9999999982843387
2017-09-15,0.0003065100438561785,178170.28892198863,59063.413710593224,0.33149979195719875,59753.30383730979,0.33537187484425424,59353.57106757557,0.33312833147822624,0.0,0.0,0.0,0.0,0.9999999982796792
2017-09-18,0.0003065100438561785,180550.67100843467,59936.794811777094,0.3319666134554386,60510.97661567431,0.3351467833251501,60102.89927447322,0.3328866015217713,0.0,0.0,0.0,0.0,0.99999999830236
2017-09-19,0.0003065100438561785,180959.56754279687,60191.583262984655,0.33262448667572864,60657.90664625839,0.3352014346072794,60110.07732704379,0.33217407702318796,0.0,0.0,0.0,0.0,0.999999998306196
2017-09-20,0.0003065100438561785,180900.23325026906,60126.572615964105,0.33237421276721696,60678.81169906089,0.3354269400809114,60094.848628734006,0.332198845457512,0.0,0.0,0.0,0.0,0.9999999983056403
2017-09-21,0.0003065100438561785,181941.08693569503,60474.99428117702,0.3323877816699601,61101.70794165899,0.33583237833054547,60364.384406348974,0.33177983831482805,0.0,0.0,0.0,0.0,0.9999999983153336
2017-09-22,0.0003065100438561785,182133.14886125273,60621.15374848963,0.3328397610622229,61162.08599145557,0.3358097434424101,60349.908814797476,0.331350493812477,0.0,0.0,0.0,0.0,0.9999999983171101
2017-09-25,0.0003065100438561785,182290.43729333658,60679.754560928865,0.3328740413480096,61277.058067757986,0.3361506998260841,60333.62435813968,0.33097525714446846,0.0,0.0,0.0,0.0,0.9999999983185621
2017-09-26,0.0003065100438561785,181379.13968979145,60381.854292086595,0.3329040726257511,61079.14183895194,0.3367484372426409,59918.143252242866,0.330347488441722,0.0,0.0,0.0,0.0,0.9999999983101141
2017-09-27,0.0003065100438561785,182992.22431075116,60919.97887060984,0.3329102047918583,61799.814836232006,0.3377182558931338,60272.43029739926,0.32937153764001836,0.0,0.0,0.0,0.0,0.9999999983250105
2017-09-28,0.0003065100438561785,183735.52958433604,61118.36659417053,0.33264315689207363,62001.14712880999,0.3374477830666441,60616.01555484546,0.32990905837306894,0.0,0.0,0.0,0.0,0.9999999983317868
2017-09-29,0.0003065100438561785,183459.70832681653,60960.86254421759,0.3322847457907294,61913.369551035685,0.3374766596747376,60585.47592505319,0.33023859286381163,0.0,0.0,0.0,0.0,0.9999999983292787
2017-10-02,0.00029273043685407174,184831.6723201471,61584.22309211346,0.33319085586935215,61789.59639084627,0.33430199280900547,61457.85254445693,0.33250714973787465,0.0,0.0,0.0,0.0,0.9999999984162323
2017-10-03,0.00029273043685407174,185641.93756096606,61807.395897346556,0.33293875677767365,62195.02257234974,0.3350267907644763,61639.51879853933,0.332034450880995,0.0,0.0,0.0,0.0,0.9999999984231449
2017-10-04,0.00029273043685407174,185976.13735714674,61961.500587084294,0.3331690907640158,62198.35952198749,0.33444268929267185,61816.27695534451,0.3323882183692908,0.0,0.0,0.0,0.0,0.9999999984259785
2017-10-05,0.00029273043685407174,186849.097065447,62337.37596748156,0.3336241755861783,62501.92228769022,0.334504813078106,62009.79851754476,0.33187100976904804,0.0,0.0,0.0,0.0,0.9999999984333324
2017-10-06,0.00029273043685407174,186412.7971333299,62191.10635430474,0.3336203700104514,62324.08704250891,0.3343337367441154,61897.60344378582,0.33204589167509874,0.0,0.0,0.0,0.0,0.9999999984296656
2017-10-09,0.00029273043685407174,185870.98282118473,62131.57936679995,0.3342726143895898,62097.98698524323,0.33409188482628277,61641.41617641111,0.3316354992092155,0.0,0.0,0.0,0.0,0.999999998425088
2017-10-10,0.00029273043685407174,186753.07149647406,62452.629098331556,0.3344128618495609,62442.17221373113,0.3343568687431738,61858.26989168093,0.33123026783979204,0.0,0.0,0.0,0.0,0.9999999984325268
2017-10-11,0.00029273043685407174,186533.38734286118,62429.55348338448,0.33468299896701426,62308.185184682065,0.3340323470894534,61795.6483820642,0.33128465237421306,0.0,0.0,0.0,0.0,0.9999999984306808
2017-10-12,0.00029273043685407174,186493.73666785422,62486.9238969073,0.33506178284258764,62065.022664137534,0.33279950186571405,61941.78981407895,0.3321387137220454,0.0,0.0,0.0,0.0,0.9999999984303471
2017-10-13,0.00029273043685407174,186463.55657799676,62418.12592047129,0.3347470522711075,62162.564618198194,0.3333764825632075,61882.865746596835,0.331876463595778,0.0,0.0,0.0,0.0,0.999999998430093
2017-10-16,0.00029273043685407174,185833.6002748189,62203.8010805758,0.33472849360172807,62004.20503994469,0.3336544357330975,61625.59386156797,0.3316170690899457,0.0,0.0,0.0,0.0,0.9999999984247713
2017-10-17,0.00029273043685407174,186578.0097743806,62456.89294450212,0.33474948639460833,62177.66513150423,0.33325291231636867,61943.451405643806,0.33199759972007903,0.0,0.0,0.0,0.0,0.9999999984310561
2017-10-18,0.00029273043685407174,186821.7332744657,62546.00486035463,0.334789768642529,62298.08801039124,0.33346274503762985,61977.64011098939,0.3317474847529441,0.0,0.0,0.0,0.0,0.9999999984331029
2017-10-19,0.00029273043685407174,188486.68390306612,63095.46129182345,0.33474757996311205,62678.66737450128,0.3325363154393194,62712.55494401096,0.33271610304451227,0.0,0.0,0.0,0.0,0.9999999984469438
2017-10-20,0.00029273043685407174,188856.2082865825,63195.421966103866,0.3346218932353396,62913.884168532124,0.33313114109048814,62746.90185921608,0.3322469641241548,0.0,0.0,0.0,0.0,0.9999999984499824
2017-10-23,0.00029273043685407174,190955.14310329527,63858.161688511194,0.33441446326464097,63637.59519256692,0.33325939358513534,63459.38592948671,0.33232614161724355,0.0,0.0,0.0,0.0,0.9999999984670199
2017-10-24,0.00029273043685407174,189917.67175724692,63485.693600272694,0.3342800752181725,63513.483444245714,0.3344264009587731,62918.4944199981,0.3312935222817001,0.0,0.0,0.0,0.0,0.9999999984586456
2017-10-25,0.00029273043685407174,190237.67697144797,63648.485479375624,0.3345735003320524,63420.46552007988,0.3333748946566374,63168.72567926203,0.3320516034725486,0.0,0.0,0.0,0.0,0.9999999984612384
2017-10-26,0.00029273043685407174,189830.24463233698,63535.77854396242,0.33469787002075696,63316.29484295233,0.33354165963165283,62978.170952691806,0.331760468805526,0.0,0.0,0.0,0.0,0.9999999984579357
2017-10-27,0.00029273043685407174,191357.22356390092,64005.27468620039,0.33448057770772777,63776.2822289773,0.3332839024374753,63575.66635599279,0.33223551832503795,0.0,0.0,0.0,0.0,0.999999998470241
2017-10-30,0.00029273043685407174,189930.9751617232,63580.94945988796,0.33475818994637285,63345.20292450928,0.33351696778564865,63004.82248459555,0.33172484072673214,0.0,0.0,0.0,0.0,0.9999999984587536
2017-10-31,0.00029273043685407174,188910.34724427277,63221.34113713255,0.334663199022039,63034.71517140704,0.33367529143281527,62654.29064300274,0.3316615079955725,0.0,0.0,0.0,0.0,0.9999999984504268
2017-11-01,0.00029273043685407174,190158.14408517414,63619.29237164524,0.3345599142109285,63583.328061027234,0.3343707857842128,62955.52335977122,0.33106929846545347,0.0,0.0,0.0,0.0,0.9999999984605948
2017-11-02,0.00029273043685407174,191391.454358044,64020.978130431606,0.3345028039269971,63976.53662559276,0.33427060178930024,63393.939309289206,0.3312265927542173,0.0,0.0,0.0,0.0,0.9999999984705146
2017-11-03,0.00029273043685407174,191494.13151552674,64057.19423828581,0.33451257086221425,64044.61148116097,0.3344468625450702,63392.32550334953,0.3310405650640503,0.0,0.0,0.0,0.0,0.9999999984713347
2017-11-06,0.00029273043685407174,191843.74681573582,64228.68253200355,0.3347968521157722,64256.03312290099,0.3349394191337304,63359.030868100854,0.330263727224618,0.0,0.0,0.0,0.0,0.9999999984741206
2017-11-07,0.00029273043685407174,191134.127328602,63903.523770887055,0.3343386378143905,63827.004894686965,0.3339382965604786,63403.59837029754,0.33172306409358643,0.0,0.0,0.0,0.0,0.9999999984684554
2017-11-08,0.00029273043685407174,191678.15567923032,64122.391868557956,0.3345315570328501,63973.35874684304,0.3337540395260335,63582.40477109889,0.3317144019139187,0.0,0.0,0.0,0.0,0.9999999984728023
2017-11-09,0.00029273043685407174,191409.63273070808,63975.07026233786,0.33423119489677733,63882.484790752605,0.3337474915937387,63552.07738488717,0.3320213119801438,0.0,0.0,0.0,0.0,0.9999999984706599
2017-11-10,0.00029273043685407174,190580.58117095454,63745.00169393914,0.3344779478700331,63652.670270823844,0.33399347341545854,63182.908913461106,0.3315285771785153,0.0,0.0,0.0,0.0,0.999999998464007
2017-11-13,0.00029273043685407174,191416.25933298355,63975.952692898725,0.33422423422039377,63875.25760185578,0.33369818125397477,63565.048745498614,0.3320775829963443,0.0,0.0,0.0,0.0,0.9999999984707129
2017-11-14,0.00029273043685407174,191113.38265885113,63943.11964035148,0.3345821142964843,63538.963708494324,0.3324673700214662,63631.29901727488,0.33295051415033855,0.0,0.0,0.0,0.0,0.9999999984682892
2017-11-15,0.00029273043685407174,189761.832740812,63464.47810029273,0.33444279697159274,63197.41809451524,0.3330354538725078,63099.93625327363,0.3325217476132794,0.0,0.0,0.0,0.0,0.9999999984573799
2017-11-16,0.00029273043685407174,191562.6358243201,63944.00870901372,0.3338020926359357,64114.34336172281,0.3346912777944929,63504.28346085315,0.3315066280414527,0.0,0.0,0.0,0.0,0.9999999984718814
2017-11-17,0.00029273043685407174,190639.5294970316,63741.071174187105,0.33435390520715486,63823.438742259365,0.3347859644358446,63075.01928785469,0.3308601288214825,0.0,0.0,0.0,0.0,0.999999998464482
2017-11-20,0.00029273043685407174,189357.11310113326,63301.20513268867,0.3342953644359813,63484.9475282779,0.335265712962002,62570.96014743625,0.33043892105609934,0.0,0.0,0.0,0.0,0.9999999984540827
2017-11-21,0.00029273043685407174,191341.72697583132,63987.66382870388,0.3344156282063152,64131.77437605,0.3351687861798728,63222.288478347014,0.3304155840839292,0.0,0.0,0.0,0.0,0.9999999984701171
2017-11-22,0.00029273043685407174,190675.91626180508,63733.668985826414,0.3342512795287567,64020.00386561135,0.3357529630418008,62922.24311763688,0.3299957558942175,0.0,0.0,0.0,0.0,0.999999998464775
2017-11-24,0.00029273043685407174,189092.8006852784,63226.771818419256,0.3343690060609574,63408.375744411875,0.33532940183136467,62457.652829716855,0.3303015905595999,0.0,0.0,0.0,0.0,0.9999999984519219
2017-11-27,0.00029273043685407174,189675.1617778156,63448.006701304075,0.33450877862240447,63402.66017619388,0.33426970396083483,62824.49460758722,0.3312215158734356,0.0,0.0,0.0,0.0,0.999999998456675
2017-11-28,0.00029273043685407174,190732.43495650447,63844.97338746228,0.3347357957340701,63876.390482788716,0.3349005138919104,63011.07079352303,0.3303636888392495,0.0,0.0,0.0,0.0,0.9999999984652299
2017-11-29,0.00029273043685407174,192152.325219602,64237.52674408397,0.33430522722360956,64512.166560675905,0.33573450899929486,63402.631622111694,0.3299602622536665,0.0,0.0,0.0,0.0,0.999999998476571
2017-11-30,0.00029273043685407174,194016.7202155275,64922.676200334005,0.3346241299626821,65078.93431003083,0.33542951472294014,64015.109412432204,0.32994635380558796,0.0,0.0,0.0,0.0,0.9999999984912102
2017-12-01,0.00029273043685407174,194773.2095624277,65267.61907276181,0.3350954642036772,65234.657958577205,0.3349262360318015,64270.93223835826,0.32997829826159164,0.0,0.0,0.0,0.0,0.9999999984970703
2017-12-04,0.00029273043685407174,195492.69604704593,65493.93907027212,0.33501987744089834,65722.669951593,0.33618990008596855,64276.08673245039,0.3287902209757348,0.0,0.0,0.0,0.0,0.9999999985026017
2017-12-05,0.00029273043685407174,194099.72911237637,65115.63216537729,0.33547513158906994,65122.50906640711,0.3355105613192466,63861.587587861526,0.32901430558353895,0.0,0.0,0.0,0.0,0.9999999984918555
2017-12-06,0.00029273043685407174,193882.29648416466,65055.75044512076,0.3355424998817991,64936.210446902245,0.3349259402454309,63890.335299411236,0.3295315583629343,0.0,0.0,0.0,0.0,0.9999999984901642
2017-12-07,0.00029273043685407174,194150.62474673573,65208.919577080494,0.335867678314936,65089.00019842519,0.33525001675030425,63852.70467849962,0.32888230342701064,0.0,0.0,0.0,0.0,0.9999999984922509
2017-12-08,0.00029273043685407174,196741.01175107408,66024.19530980769,0.3355893858741795,66093.57077387754,0.33594200917042255,64623.245374658436,0.3284686034675006,0.0,0.0,0.0,0.0,0.9999999985121026
2017-12-11,0.00029273043685407174,197905.16122304698,66360.06285152289,0.33531244178484293,66636.96329532209,0.3367115990482915,64908.13478347156,0.32797595768772053,0.0,0.0,0.0,0.0,0.999999998520855
2017-12-12,0.00029273043685407174,197964.48323667108,66390.33834383941,0.3353648960579875,66643.1904614297,0.3366421560667336,64930.95413867154,0.3279929463965771,0.0,0.0,0.0,0.0,0.9999999985212983
2017-12-13,0.00029273043685407174,198063.99307011705,66425.25513289763,0.3353726949722875,66582.26422495961,0.3361654139800599,65056.47341952938,0.32846188956969374,0.0,0.0,0.0,0.0,0.9999999985220411
2017-12-14,0.00029273043685407174,195730.51794696678,65708.64232705897,0.33570974529818975,65682.83021936471,0.33557786955410546,64339.045107812664,0.32871238365212596,0.0,0.0,0.0,0.0,0.9999999985044211
2017-12-15,0.00029273043685407174,196766.86573731885,65974.87148285673,0.3352946200349215,66090.26271001705,0.33588105630673953,64701.731251714635,0.3288243221706371,0.0,0.0,0.0,0.0,0.9999999985122981
2017-12-18,0.00029273043685407174,198634.32043918085,66559.88916011341,0.335087556938546,67078.85755196937,0.33770023933254784,64995.573434367645,0.3272122022551909,0.0,0.0,0.0,0.0,0.9999999985262847
2017-12-19,0.00029273043685407174,197683.80100241074,66345.55276645678,0.3356145138348878,66792.90047536703,0.33787745954233495,64545.3474678565,0.32650802514197597,0.0,0.0,0.0,0.0,0.9999999985191987
2017-12-20,0.00029273043685407174,198428.64748913154,66566.26439151586,0.33546700657303963,67237.7519395147,0.33885103179568604,64624.630865370564,0.3256819601560315,0.0,0.0,0.0,0.0,0.9999999985247572
2017-12-21,0.00029273043685407174,198911.1666262213,66676.60204563706,0.33520793817941175,67504.14684757299,0.33936831195818,64730.41744028082,0.3254237483907441,0.0,0.0,0.0,0.0,0.9999999985283359
2017-12-22,0.00029273043685407174,198975.55725870444,66676.73433877969,0.3351001261531224,67496.93673714604,0.3392222525573216,64801.88589004829,0.3256776198183681,0.0,0.0,0.0,0.0,0.9999999985288122
2017-12-26,0.00029273043685407174,198808.6273712753,66681.00442177427,0.33540297170930833,67324.88139386369,0.33864164892670584,64802.74126290692,0.3259553778915627,0.0,0.0,0.0,0.0,0.9999999985275768
2017-12-27,0.00029273043685407174,198769.0253286181,66694.29151534321,0.33553664312173287,67169.44613248858,0.33792712934744035,64905.287388055884,0.3265362260581103,0.0,0.0,0.0,0.0,0.9999999985272835
2017-12-28,0.00029273043685407174,199116.12428057438,66782.68468772597,0.3353956638570492,67321.8024356767,0.33810321830498064,65011.63686444128,0.32650111636782075,0.0,0.0,0.0,0.0,0.9999999985298507
2017-12-29,0.00029273043685407174,197625.07342632225,66245.31452326523,0.3352070330689214,66711.5454827778,0.3375662021329946,64668.2131275488,0.32722676331684264,0.0,0.0,0.0,0.0,0.9999999985187586
2018-01-02,0.00059790584032271,198584.37340315199,66049.98924225447,0.33260416270601734,66759.31427606296,0.3361760703121031,65775.06928692874,0.33121976397103936,0.0,0.0,0.0,0.0,0.9999999969891598
2018-01-03,0.00059790584032271,198338.76797962122,66207.64507317416,0.3338109122467516,66526.36128809511,0.3354178407265821,65604.76102044611,0.3307712440120976,0.0,0.0,0.0,0.0,0.9999999969854313
2018-01-04,0.00059790584032271,199912.36416271445,66722.706329672,0.33375977823645,67111.2913781795,0.33570355520159667,66078.3658569571,0.3305366635711136,0.0,0.0,0.0,0.0,0.9999999970091603
2018-01-05,0.00059790584032271,201305.02449034544,67263.2363795086,0.33413590420707323,67523.49972430969,0.3354287847273683,66518.28778862132,0.3304353080954099,0.0,0.0,0.0,0.0,0.9999999970298514
2018-01-08,0.00059790584032271,202421.1300952105,67691.4236928656,0.3344088814296529,67880.02342863286,0.33534060103658603,66849.68237580622,0.3302505145799893,0.0,0.0,0.0,0.0,0.9999999970462282
2018-01-09,0.00059790584032271,202634.3740400945,67890.52558912212,0.3350395307347453,67864.32691267942,0.3349102403487148,66879.52094038711,0.3300502259658764,0.0,0.0,0.0,0.0,0.9999999970493366
2018-01-10,0.00059790584032271,201499.9681529408,67532.03798331569,0.3351466434578198,67640.66582419084,0.33568573952751596,66327.26374752844,0.32916761404738926,0.0,0.0,0.0,0.0,0.9999999970327249
2018-01-11,0.00059790584032271,200532.29945829997,67099.53044355527,0.33460709633715835,67679.56283217258,0.337499559996051,65753.20558466628,0.32789334068519693,0.0,0.0,0.0,0.0,0.9999999970184064
2018-01-12,0.00059790584032271,201457.7807816622,67494.5390510778,0.33503068875869163,68101.67766293317,0.33804441505657723,65861.56346974542,0.32692489321683477,0.0,0.0,0.0,0.0,0.9999999970321035
2018-01-16,0.00059790584032271,199629.9801941287,66828.82663326491,0.33476347875343027,67410.43506659208,0.3376769110583455,65390.71789636589,0.3275596071931539,0.0,0.0,0.0,0.0,0.9999999970049297
2018-01-17,0.00059790584032271,201471.2078377154,67643.79211451761,0.3357491764729208,67940.6300691513,0.337222528212951,65886.78505614064,0.32702829234642944,0.0,0.0,0.0,0.0,0.9999999970323014
2018-01-18,0.00059790584032271,202877.6370348339,68053.39807431301,0.3354406087775377,68470.8888343738,0.3374984539208598,66353.34952824126,0.3270609343544772,0.0,0.0,0.0,0.0,0.9999999970528746
2018-01-19,0.00059790584032271,203107.02576431312,68269.0062528552,0.33612331230764536,68410.8972986884,0.3368219146592837,66427.1216148637,0.32705477008927414,0.0,0.0,0.0,0.0,0.9999999970562031
2018-01-22,0.00059790584032271,203750.41006154765,68416.78489656182,0.3357872255368463,68695.07355109189,0.33715305667527695,66638.55101598811,0.32705971485337554,0.0,0.0,0.0,0.0,0.9999999970654988
2018-01-23,0.00059790584032271,204411.04334482615,68606.71511433517,0.33563115765032697,68885.60416782429,0.33699551179150056,66918.72346476086,0.3273733276331552,0.0,0.0,0.0,0.0,0.9999999970749828
2018-01-24,0.00059790584032271,202487.03875636976,67897.49889916502,0.3353177532555976,68152.30715879095,0.33657614619368836,66437.23210050796,0.32810609759790366,0.0,0.0,0.0,0.0,0.9999999970471896
2018-01-25,0.00059790584032271,201056.38907805848,67431.26260278828,0.3353848286642045,67332.83627277613,0.33489528276882913,66292.28960458822,0.3297198855931447,0.0,0.0,0.0,0.0,0.9999999970261784
2018-01-26,0.00059790584032271,203962.03612795894,68366.5470871121,0.3351925112388132,68516.07546471036,0.33592562991342995,67079.41297823064,0.32888185591630037,0.0,0.0,0.0,0.0,0.9999999970685435
2018-01-29,0.00059790584032271,200532.40214123332,67106.87282730345,0.3346435394517472,67501.77655349892,0.33661281584787467,65923.75216252514,0.32874364171878606,0.0,0.0,0.0,0.0,0.9999999970184079
2018-01-30,0.00059790584032271,198929.30793517074,66564.04879320046,0.3346115737500735,66652.68205801221,0.3350571253167669,65712.57648605223,0.33033129792754,0.0,0.0,0.0,0.0,0.9999999969943804
2018-01-31,0.00059790584032271,198246.70777328822,66292.58785352421,0.3343943947323219,66298.46073239883,0.33442401882515344,65655.65858945934,0.3311815834265561,0.0,0.0,0.0,0.0,0.9999999969840314
2018-02-01,0.00059790584032271,198844.74985307088,66632.25858097718,0.33509689660004943,66454.7178388111,0.3342040354996318,65757.77283537675,0.33069906489342094,0.0,0.0,0.0,0.0,0.9999999969931023
2018-02-02,0.00059790584032271,195004.89971085463,65380.03303121528,0.3352737963413132,64844.292359610976,0.33252647731292634,64780.57372212254,0.33219972327965375,0.0,0.0,0.0,0.0,0.9999999969338933
2018-02-05,0.00059790584032271,188756.91830719815,63240.83079669474,0.33503847892754607,62710.82966217437,0.33223062881389986,62805.25725042322,0.3327308890909572,0.0,0.0,0.0,0.0,0.999999996832403
2018-02-06,0.00059790584032271,189980.2831413576,63674.98976980255,0.33516630629729216,63638.56671378488,0.33497458610709446,62666.726059864326,0.32985910444841393,0.0,0.0,0.0,0.0,0.9999999968528006
2018-02-07,0.00059790584032271,190381.966188711,63754.22456861936,0.33487533428152905,63849.32947337595,0.3353748821465948,62778.41154880985,0.32974978043131686,0.0,0.0,0.0,0.0,0.9999999968594409
2018-02-08,0.00059790584032271,183181.13966157808,61299.496489430654,0.3346386893469476,61233.217438738364,0.33427686688632346,60648.425135503225,0.33108444050271474,0.0,0.0,0.0,0.0,0.9999999967359858
2018-02-09,0.00059790584032271,184801.00759156863,61924.94783752816,0.33508988205513135,61602.2803398415,0.3333438553321613,61273.778816293125,0.3315662593773038,0.0,0.0,0.0,0.0,0.9999999967645965
2018-02-12,0.00059790584032271,187533.49400925622,62821.80460929974,0.33498978377803273,62683.49839134233,0.33425228235894977,62028.19041070831,0.33075793067475584,0.0,0.0,0.0,0.0,0.9999999968117385
2018-02-13,0.00059790584032271,188008.49489734322,62987.62615745032,0.33502542633428856,62863.15194146187,0.3343633593566425,62157.716200525196,0.33061121112886244,0.0,0.0,0.0,0.0,0.9999999968197936
2018-02-14,0.00059790584032271,188678.71524925178,63269.53654846713,0.33532948570741355,63268.737135881376,0.3353252488088069,62140.44096699744,0.32934526231486977,0.0,0.0,0.0,0.0,0.9999999968310902
2018-02-15,0.00059790584032271,188774.0823577349,63350.59829226186,0.33558949142292627,63195.82925269923,0.33476962760672013,62227.65421486798,0.32964087780304463,0.0,0.0,0.0,0.0,0.9999999968326911
2018-02-16,0.00059790584032271,188152.93928148807,63104.99022873888,0.3353919979657083,62898.76615543941,0.3342959530456183,62149.18229940393,0.3303120458109083,0.0,0.0,0.0,0.0,0.999999996822235
2018-02-20,0.00059790584032271,187716.58128206138,63107.90295965049,0.33618715261399884,62746.281036709726,0.33426072757221,61862.39668779532,0.3295521166286392,0.0,0.0,0.0,0.0,0.9999999968148481
2018-02-21,0.00059790584032271,187673.34507498093,63089.95711330485,0.3361689806727673,62758.78456097354,0.33440435846603356,61824.6028027967,0.3294266576753134,0.0,0.0,0.0,0.0,0.9999999968141142
2018-02-22,0.00059790584032271,188142.28350782458,63214.892722060584,0.33599513912262874,62943.13755481631,0.33455072608491326,61984.25263304185,0.3294541316145129,0.0,0.0,0.0,0.0,0.999999996822055
2018-02-23,0.00059790584032271,189771.43587184342,63801.03791555198,0.3361993738543357,63539.38158847996,0.3348205766403613,62431.015769905636,0.32898004635463995,0.0,0.0,0.0,0.0,0.999999996849337
2018-02-26,0.00059790584032271,192335.54521254895,64679.25952179221,0.33628344386533193,64516.94761150364,0.3354395441581342,63139.33748134726,0.32827700886787375,0.0,0.0,0.0,0.0,0.9999999968913399
2018-02-27,0.00059790584032271,190144.21079420534,63953.35024331947,0.33634129577858524,63788.314294193886,0.3354733442988307,62402.545658786155,0.328185356778098,0.0,0.0,0.0,0.0,0.9999999968555139
2018-02-28,0.00059790584032271,189044.6862917188,63592.38155217023,0.33638809320479657,63340.5018095034,0.3350557111759352,62111.802332139334,0.32855619245649315,0.0,0.0,0.0,0.0,0.9999999968372248
2018-03-01,0.00059790584032271,185318.4307537233,62324.61820811167,0.33631095382486387,62020.233740125186,0.3346684595152126,60973.578207580635,0.32902058343355356,0.0,0.0,0.0,0.0,0.9999999967736299
2018-03-02,0.00059790584032271,185494.39051159978,62426.61852671609,0.3365418132297229,62061.777429685004,0.33457495538553234,61005.99395729285,0.3288832281614353,0.0,0.0,0.0,0.0,0.9999999967766905
2018-03-05,0.00059790584032271,186365.21155808898,62671.00840631519,0.3362806174090114,62348.532397754796,0.3345502729640135,61345.67015611316,0.329169106418727,0.0,0.0,0.0,0.0,0.9999999967917519
2018-03-06,0.00059790584032271,188201.77854283087,63381.965484109896,0.3367766552200008,62988.59109204523,0.33468648160362796,61831.22136876992,0.3285368599994309,0.0,0.0,0.0,0.0,0.9999999968230596
2018-03-07,0.00059790584032271,186722.60965591075,62874.98752477415,0.3367293743411101,62396.30956391168,0.334165796412628,61451.311969319104,0.3291048260441547,0.0,0.0,0.0,0.0,0.9999999967978926
2018-03-08,0.00059790584032271,188752.34704536703,63657.42253215035,0.3372536740793488,62913.55175382572,0.3333126858481093,62181.372161485124,0.32943363690486827,0.0,0.0,0.0,0.0,0.9999999968323263
2018-03-09,0.00059790584032271,191991.14724633357,64859.471477012,0.33782532375721613,64092.150965373636,0.33382867848141157,63039.5242060421,0.32834599464713576,0.0,0.0,0.0,0.0,0.9999999968857636
2018-03-12,0.00059790584032271,192700.7612024004,65147.587848628784,0.3380764426778884,64391.75273562696,0.33415411715989035,63161.42002023884,0.3277694370594529,0.0,0.0,0.0,0.0,0.9999999968972316
2018-03-13,0.00059790584032271,191008.11269060086,64456.57928357731,0.3374546681584436,63833.450822143546,0.3341923540469842,62718.08198697415,0.328352974664308,0.0,0.0,0.0,0.0,0.999999996869736
2018-03-14,0.00059790584032271,190294.68792082564,64165.07597513852,0.33718795136223223,63535.95630065946,0.3338819227948935,62593.65504712182,0.3289301227008746,0.0,0.0,0.0,0.0,0.9999999968580005
2018-03-15,0.00059790584032271,189457.04041610475,63967.34873901745,0.33763511030535404,63162.186314430925,0.33338526863772244,62327.50476475054,0.32897961790103214,0.0,0.0,0.0,0.0,0.9999999968441087
2018-03-16,0.00059790584032271,190354.8666270188,64217.15298599941,0.33735493147031775,63543.50140687564,0.33381600656096033,62594.21163623793,0.3288290588277156,0.0,0.0,0.0,0.0,0.9999999968589937
2018-03-19,0.00059790584032271,187634.66336716537,63199.402358994725,0.33682157243688765,62533.253831283095,0.3332713300895656,61902.0065789817,0.3299070942870041,0.0,0.0,0.0,0.0,0.9999999968134575
2018-03-20,0.00059790584032271,188109.98515376166,63476.42755021873,0.3374431585773233,62645.478708660026,0.33302580220530786,61988.07829697708,0.32953103603887823,0.0,0.0,0.0,0.0,0.9999999968215093
2018-03-21,0.00059790584032271,188450.53557620005,63654.87508770123,0.33778028220016576,62813.43736455145,0.3333152499274952,61982.22252604155,0.3289044646995923,0.0,0.0,0.0,0.0,0.9999999968272532
2018-03-22,0.00059790584032271,183236.2096409574,61690.956739581736,0.33667448622988994,61024.30021180385,0.3330362504844324,60520.95209166596,0.3302892600226444,0.0,0.0,0.0,0.0,0.9999999967369668
2018-03-23,0.00059790584032271,177845.60317597358,59766.90399886033,0.3360606218626757,58981.032652485614,0.3316417814058941,59097.66592672181,0.3322975933694926,0.0,0.0,0.0,0.0,0.9999999966380623
2018-03-26,0.00059790584032271,182264.48031716354,61393.75391893207,0.33683882790601366,60658.36649823022,0.3328041009014861,60212.359302095414,0.33035706791207037,0.0,0.0,0.0,0.0,0.9999999967195702
2018-03-27,0.00059790584032271,180957.61112395287,60852.34873818096,0.3362795759748295,60028.58369526832,0.3317273217878068,60076.67809259775,0.33199309893324275,0.0,0.0,0.0,0.0,0.999999996695879
2018-03-28,0.00059790584032271,180916.2747965398,60743.94815825192,0.33575723481242997,59935.64236712316,0.33128939026921356,60236.68367325888,0.33295337161348054,0.0,0.0,0.0,0.0,0.9999999966951241
2018-03-29,0.00059790584032271,185551.7056599487,62408.92802276477,0.3363425186569747,61547.9937458553,0.3317026568252152,61594.78329342278,0.3319548212954962,0.0,0.0,0.0,0.0,0.9999999967776861
2018-04-02,0.00011009164833808427,180786.96314898305,59956.11479445223,0.3316395925354615,60335.05232990176,0.3337356371221348,60495.79591453742,0.3346247697334459,0.0,0.0,0.0,0.0,0.9999999993910421
2018-04-03,0.00011009164833808427,182296.8943875204,60509.349270102524,0.33192748276596445,60935.16753973568,0.334263333143799,60852.37746759056,0.3338091834863225,0.0,0.0,0.0,0.0,0.9999999993960861
2018-04-04,0.00011009164833808427,185512.42914725645,61632.07551046516,0.33222612519155104,62032.92893212262,0.33438691529871556,61847.42459457702,0.33338695891628717,0.0,0.0,0.0,0.0,0.9999999994065538
2018-04-05,0.00011009164833808427,187045.28937470738,62111.22169790719,0.33206514799461173,62592.73975631285,0.33463948739666444,62341.3278103957,0.3332953640201409,0.0,0.0,0.0,0.0,0.9999999994114172
2018-04-06,0.00011009164833808427,183733.95169041667,60867.00112185374,0.33127791876164436,61437.05857469919,0.33438054322272365,61429.8918837721,0.3343415374164415,0.0,0.0,0.0,0.0,0.9999999994008095
2018-04-09,0.00011009164833808427,184150.73315049423,60968.70722732943,0.3310804479800997,61585.76157250133,0.33443125921291533,61596.264240571814,0.3344882922091505,0.0,0.0,0.0,0.0,0.9999999994021657
2018-04-10,0.00011009164833808427,186504.07384805018,61880.44190191057,0.33179136854847585,62570.53208711761,0.3354915031941634,62053.09974893036,0.33271712766707,0.0,0.0,0.0,0.0,0.9999999994097092
2018-04-11,0.00011009164833808427,186160.9234252006,61717.30530994111,0.3315266392881807,62465.41285270238,0.3355452460344126,61978.20515246546,0.33292811408602774,0.0,0.0,0.0,0.0,0.999999999408621
2018-04-12,0.00011009164833808427,186857.89301516453,61971.59396113032,0.3316509298116777,62965.284057336714,0.3369688218213332,61921.01488660586,0.331380247777816,0.0,0.0,0.0,0.0,0.999999999410827
2018-04-13,0.00011009164833808427,187106.05823491045,61967.35480185908,0.3311883932911433,62954.038384699066,0.3364617852494155,62184.664938260656,0.3323498208710496,0.0,0.0,0.0,0.0,0.9999999994116083
2018-04-16,0.00011009164833808427,189311.944364557,62615.01149330407,0.33075045372058864,63717.25719275045,0.33657283171763563,62979.67556841085,0.33267671398024007,0.0,0.0,0.0,0.0,0.9999999994184644
2018-04-17,0.00011009164833808427,190038.45281873283,62875.17278521675,0.33085500251462213,63911.57156050548,0.33630862918815274,63251.70836291894,0.3328363677179126,0.0,0.0,0.0,0.0,0.9999999994206875
2018-04-18,0.00011009164833808427,189873.4800029908,62633.28472138032,0.3298685246638643,64030.047319616926,0.33722480526826787,63210.147851901915,0.33290666948805203,0.0,0.0,0.0,0.0,0.9999999994201842
2018-04-19,0.00011009164833808427,188653.73596024877,62106.54088777166,0.32920917559172075,63596.75886069345,0.33710839881853133,62950.43610169201,0.3336824250061833,0.0,0.0,0.0,0.0,0.9999999994164354
2018-04-20,0.00011009164833808427,187170.71750072154,61615.920429944854,0.3291963681749915,63008.88197707238,0.33663856621605076,62545.914983612674,0.3341650650207694,0.0,0.0,0.0,0.0,0.9999999994118116
2018-04-23,0.00011009164833808427,188017.1405253482,61798.732197212885,0.3286866932692303,63333.918097760055,0.33685183127876295,62884.490120283626,0.3344614748664664,0.0,0.0,0.0,0.0,0.9999999994144595
2018-04-24,0.00011009164833808427,187796.60100076447,61580.36992763337,0.3279099280789576,63357.17470409015,0.33737125361407494,62859.056258949306,0.3347188177207394,0.0,0.0,0.0,0.0,0.9999999994137719
2018-04-25,0.00011009164833808427,188329.8357911967,61710.56999700999,0.32767282856567215,63735.935385604775,0.33842718079077755,62883.3302984903,0.333899990058982,0.0,0.0,0.0,0.0,0.9999999994154317
2018-04-26,0.00011009164833808427,190762.08841669644,62670.526572257855,0.3285271570070137,64335.5329625124,0.33725533986595546,63756.02877183455,0.33421750254991606,0.0,0.0,0.0,0.0,0.9999999994228851
2018-04-27,0.00011009164833808427,190779.8845897328,62717.828047220624,0.3287444490392354,64282.422817272934,0.33694549588134315,63779.633615147584,0.33431005450236034,0.0,0.0,0.0,0.0,0.9999999994229389
2018-04-30,0.00011009164833808427,189078.0035545482,62213.22549479231,0.3290347069739609,63592.10498010118,0.33632735582462997,63272.67296956306,0.3346379366191539,0.0,0.0,0.0,0.0,0.9999999994177449
2018-05-01,0.00011009164833808427,189431.99887382597,62372.07457223603,0.32925838793360296,63754.224729439535,0.33655467454526516,63305.69946205877,0.3341869369399649,0.0,0.0,0.0,0.0,0.9999999994188329
2018-05-02,0.00011009164833808427,189193.81196394796,62478.09039941572,0.3302332658285954,63716.59142144034,0.336779468419305,62999.13003300025,0.33298726517020083,0.0,0.0,0.0,0.0,0.9999999994181012
2018-05-03,0.00011009164833808427,188782.91362330283,62467.7986528476,0.33089752379548376,63317.314579286845,0.3353974857366071,62997.80028107675,0.3337049898847439,0.0,0.0,0.0,0.0,0.9999999994168347
2018-05-04,0.00011009164833808427,189768.12003147928,62814.13585230257,0.3310046800373149,63706.773736662195,0.3357085148237456,63247.21033242288,0.33328680455880183,0.0,0.0,0.0,0.0,0.9999999994198623
2018-05-07,0.00011009164833808427,190071.83199048435,62987.81526722512,0.33138953103992025,63759.17248826024,0.3354477716164289,63324.84412490735,0.33316269676444016,0.0,0.0,0.0,0.0,0.9999999994207893
2018-05-08,0.00011009164833808427,189771.22633523325,62939.15019272854,0.3316580253401838,63709.98834079923,0.33571995908512886,63122.087691613844,0.33262201499455923,0.0,0.0,0.0,0.0,0.9999999994198718
2018-05-09,0.00011009164833808427,191229.84299589734,63519.09399043814,0.332160990122242,64274.43966337255,0.33611092628858924,63436.30923199503,0.3317280830134656,0.0,0.0,0.0,0.0,0.9999999994242967
2018-05-10,0.00011009164833808427,194449.5570968825,64512.73018492171,0.33177103176830025,65397.301125225335,0.3363201341345396,64539.525676643796,0.33190883353098943,0.0,0.0,0.0,0.0,0.9999999994338293
2018-05-11,0.00011009164833808427,194225.63087638112,64447.18574851417,0.3318160711215962,65346.264084850474,0.3364451117496508,64432.18093292485,0.3317388165619296,0.0,0.0,0.0,0.0,0.9999999994331765
2018-05-14,0.00011009164833808427,194026.9486736061,64320.72484290298,0.3315040785963392,65465.75757091724,0.33740548938407694,64240.466149694235,0.33109043145218003,0.0,0.0,0.0,0.0,0.9999999994325961
2018-05-15,0.00011009164833808427,193656.07880545672,64130.30370148533,0.3311556450851689,65506.89293332032,0.3382640676057854,64018.88206055942,0.3305802867405551,0.0,0.0,0.0,0.0,0.9999999994315095
2018-05-16,0.00011009164833808427,195654.53289375236,64800.113535931414,0.3311965870533665,66406.98355929388,0.3394093792621473,64447.435688435435,0.3293940331218024,0.0,0.0,0.0,0.0,0.9999999994373162
2018-05-17,0.00011009164833808427,195686.33309031447,64905.93193410306,0.3316835208115798,66444.31462588503,0.33954499313561776,64336.086420234744,0.3287714854902101,0.0,0.0,0.0,0.0,0.9999999994374076
2018-05-18,0.00011009164833808427,195929.96713894597,65057.88558203361,0.3320466314165054,66287.29706391405,0.33832138101113274,64584.78438290667,0.3296319870104691,0.0,0.0,0.0,0.0,0.9999999994381071
2018-05-21,0.00011009164833808427,197328.97959482158,65429.23044305613,0.3315743616442091,66852.1754257975,0.3387853905851337,65047.573615876325,0.32964024721274815,0.0,0.0,0.0,0.0,0.9999999994420908
2018-05-22,0.00011009164833808427,196890.67632549498,65269.98461830125,0.3315036843613583,66824.80921546122,0.3394005773284462,64795.88238164086,0.3290957377510444,0.0,0.0,0.0,0.0,0.9999999994408488
2018-05-23,0.00011009164833808427,197009.5232842242,65392.51056064377,0.3319256321751638,66610.40055304296,0.3381075160358853,65006.61206044583,0.329966851230137,0.0,0.0,0.0,0.0,0.9999999994411862
2018-05-24,0.00011009164833808427,195374.94915597636,64863.36829547798,0.3319942939240113,66032.6079775149,0.3379788875839869,64478.97277289183,0.3300268179285127,0.0,0.0,0.0,0.0,0.999999999436511
2018-05-25,0.00011009164833808427,193921.64442242633,64335.96957447295,0.331762706355396,65457.96628764767,0.3375485314318926,64127.70845021406,0.33068876164499933,0.0,0.0,0.0,0.0,0.999999999432288
2018-05-29,0.00011009164833808427,192251.77585815993,63747.041524194174,0.3315810282617397,64721.94866675104,0.33665201987263715,63782.78555712307,0.33176695129298006,0.0,0.0,0.0,0.0,0.999999999427357
2018-05-30,0.00011009164833808427,192807.47086746525,63992.56887744062,0.33189880345159833,64839.17704385089,0.33628975450033766,63975.724836082096,0.3318114414770714,0.0,0.0,0.0,0.0,0.9999999994290074
2018-05-31,0.00011009164833808427,191964.19448805356,63663.87838552835,0.33164454733505166,64621.525683782624,0.3366332240036784,63678.79030865095,0.33172222808776897,0.0,0.0,0.0,0.0,0.9999999994264991
2018-06-01,0.00011009164833808427,193766.07807754638,64384.48357629059,0.33227943825401435,65390.25131196046,0.3374700667977131,63991.34307920367,0.33025049438010473,0.0,0.0,0.0,0.0,0.9999999994318323
2018-06-04,0.00011009164833808427,196317.14432938385,65277.58910830863,0.3325108936934459,66218.85422584772,0.3373055086556513,64820.70088513586,0.3301835970901182,0.0,0.0,0.0,0.0,0.9999999994392154
2018-06-05,0.00011009164833808427,197178.67174075378,65594.84262592699,0.33266702755848593,66571.7338629021,0.3376213729161801,65012.095141833044,0.3297115989669995,0.0,0.0,0.0,0.0,0.9999999994416656
2018-06-06,0.00011009164833808427,198478.2177421024,66116.07751858779,0.3331150303077457,67068.72472633445,0.33791478727142676,65293.415387088535,0.32897018186614896,0.0,0.0,0.0,0.0,0.9999999994453213
2018-06-07,0.00011009164833808427,199078.93570507184,66206.91920712197,0.3325661701607904,67371.4208835934,0.3384156171268752,65500.59550426482,0.32901821215932936,0.0,0.0,0.0,0.0,0.999999999446995
2018-06-08,0.00011009164833808427,198930.09190273695,66147.0751853975,0.3325141739628755,67208.70403181422,0.3378508670506955,65574.31257543359,0.3296349584330102,0.0,0.0,0.0,0.0,0.9999999994465812
2018-06-11,0.00011009164833808427,198525.87281864125,65903.92234192694,0.3319664152900209,67209.88191575903,0.3385446992954771,65412.06845086364,0.3294888848599564,0.0,0.0,0.0,0.0,0.9999999994454545
2018-06-12,0.00011009164833808427,200412.8305077977,66572.04247723184,0.33217455343829216,67742.07567061517,0.3380126686448822,66098.71224985906,0.3298127773675013,0.0,0.0,0.0,0.0,0.9999999994506756
2018-06-13,0.00011009164833808427,199593.2991920791,66233.76903811499,0.3318436505945761,67516.73494799485,0.3382715513060383,65842.79509587763,0.32988479754780575,0.0,0.0,0.0,0.0,0.9999999994484201
2018-06-14,0.00011009164833808427,199520.8418314749,66192.54679992156,0.33175755571355814,67364.96741722808,0.3376337369011696,65963.32750423363,0.3306087068334921,0.0,0.0,0.0,0.0,0.9999999994482198
2018-06-15,0.00011009164833808427,200486.27888427005,66550.47941398203,0.33194530710202885,67509.38679622131,0.3367282148779411,66426.41256397507,0.33132647747090693,0.0,0.0,0.0,0.0,0.9999999994508769
2018-06-18,0.00011009164833808427,199788.9614577773,66332.70909227741,0.33201388409186927,67280.87264941318,0.3367597096380727,66175.37960599507,0.33122640571901835,0.0,0.0,0.0,0.0,0.9999999994489603
2018-06-19,0.00011009164833808427,198197.52254250634,65791.56837726975,0.33194949933423007,66615.33005617012,0.33610576561007965,65790.62399897483,0.331944734500226,0.0,0.0,0.0,0.0,0.9999999994445358
2018-06-20,0.00011009164833808427,198080.01974346262,65682.3417638933,0.33159498796981046,66683.86587479318,0.33665114715334127,65713.81199468451,0.3317538643210546,0.0,0.0,0.0,0.0,0.9999999994442063
2018-06-21,0.00011009164833808427,197423.57926900816,65348.91502652878,0.33100866304062265,66377.56650464525,0.3362190410609443,65697.09762774248,0.33277229534079117,0.0,0.0,0.0,0.0,0.9999999994423582
2018-06-22,0.00011009164833808427,196971.33392851093,65158.14280104064,0.33080012965079086,66121.41127728645,0.3356905289644058,65691.7797400922,0.3335093408258812,0.0,0.0,0.0,0.0,0.9999999994410779
2018-06-25,0.00011009164833808427,194916.06428608234,64319.824842489244,0.32998729518817754,65170.721186085175,0.33435274524337183,65425.51814741628,0.335659959003635,0.0,0.0,0.0,0.0,0.9999999994351844
2018-06-26,0.00011009164833808427,194502.12662816935,64222.46005331339,0.33018898644788486,65089.305135555696,0.33464572477393645,65190.361329208616,0.335165288212161,0.0,0.0,0.0,0.0,0.9999999994339823
2018-06-27,0.00011009164833808427,193703.4369464842,63862.58436330928,0.32969257216098363,64849.35849360317,0.33478682420859446,64991.493979480096,0.3355206030620703,0.0,0.0,0.0,0.0,0.9999999994316485
2018-06-28,0.00011009164833808427,194911.7792410026,64387.34626662259,0.3303409702448489,64981.64012170321,0.3333900104690715,65542.79274258515,0.33626901872125153,0.0,0.0,0.0,0.0,0.9999999994351719
2018-06-29,0.00011009164833808427,195492.36224089054,64700.71486418208,0.3309628781530414,64976.237461720484,0.3323722559639192,65815.40980489634,0.3366648653198888,0.0,0.0,0.0,0.0,0.9999999994368494
2018-07-02,0.0001222511292269246,196141.69172796994,65387.92326013138,0.33337085391727056,65496.721625780556,0.33392554662278706,65257.04671980688,0.33270359883666273,0.0,0.0,0.0,0.0,0.9999999993767203
2018-07-03,0.0001222511292269246,196005.22976448745,65381.02660703534,0.3335677659498919,65235.43195111109,0.3328249558927358,65388.77108408988,0.3336072775336586,0.0,0.0,0.0,0.0,0.9999999993762864
2018-07-05,0.0001222511292269246,196974.80978340076,65695.10210176917,0.33352032259358144,65594.72293428509,0.33301071850971686,65684.98462509539,0.33346895827605827,0.0,0.0,0.0,0.0,0.9999999993793565
2018-07-06,0.0001222511292269246,198492.3508532865,66304.23559560628,0.3340392479134591,66114.56502441554,0.33308369184101916,66073.55011101355,0.3328770596296233,0.0,0.0,0.0,0.0,0.9999999993841016
2018-07-09,0.0001222511292269246,199711.13783552343,66741.40014061096,0.3341896744666155,66904.43065841193,0.3350060060922219,66065.30691424939,0.33080431882902267,0.0,0.0,0.0,0.0,0.9999999993878602
2018-07-10,0.0001222511292269246,201449.85466336415,67313.58656158551,0.334145619881786,67384.73703014347,0.3344988118395407,66751.53094938403,0.33135556767181684,0.0,0.0,0.0,0.0,0.9999999993931435
2018-07-11,0.0001222511292269246,199704.28099527513,66753.35699787401,0.3342610216726068,66407.76396612705,0.33253049776984106,66543.15990902293,0.3332084799453913,0.0,0.0,0.0,0.0,0.9999999993878392
2018-07-12,0.0001222511292269246,203243.50820894804,67978.75939967259,0.3344695237684337,67611.0854288745,0.3326604919620151,67653.66325814983,0.33286998366805054,0.0,0.0,0.0,0.0,0.9999999993984992
2018-07-13,0.0001222511292269246,204615.47925579394,68487.73199915177,0.33471432488024955,68021.91941210329,0.3324377982521436,68105.82772228774,0.33284787627013923,0.0,0.0,0.0,0.0,0.9999999994025324
2018-07-16,0.0001222511292269246,203566.92958630892,68015.90524940727,0.3341206029271551,67805.11279913392,0.33308510835688415,67745.91141551662,0.3327942881154156,0.0,0.0,0.0,0.0,0.9999999993994548
2018-07-17,0.0001222511292269246,204367.48838033178,68446.04144566871,0.33491648788230605,67966.6745632817,0.33257087564140553,67954.77224913023,0.33251263587809576,0.0,0.0,0.0,0.0,0.9999999994018073
2018-07-18,0.0001222511292269246,205881.68391451705,68978.55716124934,0.3350397949430486,68562.54291603078,0.33301914775720526,68340.5837149858,0.33194105670595303,0.0,0.0,0.0,0.0,0.9999999994062069
2018-07-19,0.0001222511292269246,205210.76658660444,68715.98798070506,0.3348556663166358,68275.32960631976,0.33270832102030934,68219.4488773285,0.3324360120673204,0.0,0.0,0.0,0.0,0.9999999994042655
2018-07-20,0.0001222511292269246,203990.2249945439,68320.08416242371,0.33491842152853674,67759.30660282187,0.3321693801976748,67910.83410704721,0.3329121976744896,0.0,0.0,0.0,0.0,0.9999999994007011
2018-07-23,0.0001222511292269246,201660.06394799036,67515.70136188662,0.3347995633845451,67135.95612336423,0.33291646748995923,67008.40634048838,0.33228396851927183,0.0,0.0,0.0,0.0,0.9999999993937762
2018-07-24,0.0001222511292269246,202856.9914326065,68054.93730991594,0.33548233575437436,67461.68786121128,0.33255786445804364,67340.36613922815,0.33195979918493507,0.0,0.0,0.0,0.0,0.9999999993973531
2018-07-25,0.0001222511292269246,203974.84077263068,68606.01835049267,0.3363454928589321,67631.17623802942,0.33156626563281605,67737.64606185743,0.33208824090890754,0.0,0.0,0.0,0.0,0.9999999994006559
2018-07-26,0.0001222511292269246,203509.4602061025,68306.91024318764,0.3356448893039684,67620.1321396595,0.33227021520855976,67582.41770100422,0.3320848948867571,0.0,0.0,0.0,0.0,0.9999999993992853
2018-07-27,0.0001222511292269246,202976.77121031744,68067.72266973006,0.335347351639566,67438.42478827803,0.33224700731100254,67470.62363005821,0.33240564044714016,0.0,0.0,0.0,0.0,0.9999999993977088
2018-07-30,0.0001222511292269246,201883.9414327593,67482.57423636006,0.33426420029963705,67452.47437132297,0.3341151054047015,66948.89270282515,0.3316206936901098,0.0,0.0,0.0,0.0,0.9999999993944484
2018-07-31,0.0001222511292269246,203209.89621467143,67974.63499603161,0.3345045505275149,67758.61712826007,0.3334415222410217,67476.64396812861,0.33205392662986316,0.0,0.0,0.0,0.0,0.9999999993983997
2018-08-01,0.0001222511292269246,204273.0273051346,68291.1729417585,0.33431321718137547,68183.64811538986,0.33378683918724106,67798.20612573512,0.33189994303291426,0.0,0.0,0.0,0.0,0.9999999994015307
2018-08-02,0.0001222511292269246,204856.71526838685,68413.28917103718,0.33395678087197467,68499.71285258466,0.33437865467500943,67943.71312251387,0.33166456385625176,0.0,0.0,0.0,0.0,0.9999999994032359
2018-08-03,0.0001222511292269246,206191.07259716818,68772.32961088934,0.3335368924786022,69061.45399552397,0.33493910830197826,68357.28886850375,0.33152399862651744,0.0,0.0,0.0,0.0,0.9999999994070978
2018-08-06,0.0001222511292269246,205913.37696106613,68704.046490389,0.33365509081704525,68946.3951494234,0.33483203552365476,68262.93519900258,0.3315128730655981,0.0,0.0,0.0,0.0,0.9999999994062982
2018-08-07,0.0001222511292269246,206695.03212576706,69060.99853446468,0.33412026319260235,69195.09398773956,0.3347690231163207,68438.9394813117,0.3311107130996205,0.0,0.0,0.0,0.0,0.9999999994085434
2018-08-08,0.0001222511292269246,206641.56023485653,68977.45583359242,0.33380243429829287,69222.08837518301,0.33498628396199337,68442.01590382995,0.33121128114810405,0.0,0.0,0.0,0.0,0.9999999994083903
2018-08-09,0.0001222511292269246,205521.4217899804,68539.85457531548,0.3334925088507583,68805.73384424429,0.33478619038825036,68175.83324816953,0.33172130016615736,0.0,0.0,0.0,0.0,0.9999999994051659
2018-08-10,0.0001222511292269246,204652.77029398867,68222.6735160695,0.33335817256744665,68365.60404470724,0.3340565776192445,68064.4926109608,0.33258524921595006,0.0,0.0,0.0,0.0,0.9999999994026412
2018-08-13,0.0001222511292269246,203031.91000972936,67680.63246420286,0.33334973039932286,67741.33090716388,0.3336486905133173,67609.9465161115,0.3330015784852322,0.0,0.0,0.0,0.0,0.9999999993978723
2018-08-14,0.0001222511292269246,204422.7201540195,68162.20185129491,0.3334375053807083,68251.21752837955,0.3338729544199226,68009.30065209392,0.33268953960133807,0.0,0.0,0.0,0.0,0.9999999994019689
2018-08-15,0.0001222511292269246,204587.08266020476,68215.54020500564,0.3334303384065732,68039.65306886985,0.33257062070666393,68331.88926407813,0.33399904028921223,0.0,0.0,0.0,0.0,0.9999999994024494
2018-08-16,0.0001222511292269246,205258.75456867056,68344.54090017975,0.33296772673009023,68467.45278055081,0.33356654104438993,68446.76076568884,0.33346573162992454,0.0,0.0,0.0,0.0,0.9999999994044048
2018-08-17,0.0001222511292269246,207205.0520201876,68907.57795360373,0.33255742213703454,69192.52981281506,0.3339326388918054,69104.94413151768,0.33350993838115933,0.0,0.0,0.0,0.0,0.9999999994099993
2018-08-20,0.0001222511292269246,206952.7377673765,68876.23599951583,0.33281142710436423,69178.54783347019,0.33427220427124654,68897.95381213933,0.3329163680336691,0.0,0.0,0.0,0.0,0.99999999940928
2018-08-21,0.0001222511292269246,206258.9157122954,68672.14124101035,0.3329414440285294,69139.23720803959,0.335206053853594,68447.53714099432,0.33185250152516954,0.0,0.0,0.0,0.0,0.9999999994072929
2018-08-22,0.0001222511292269246,206196.77341926543,68788.31740651827,0.33360520761713924,69027.98970035999,0.3347675550674284,68380.46619013602,0.3316272367225465,0.0,0.0,0.0,0.0,0.9999999994071143
2018-08-23,0.0001222511292269246,206845.42203746867,69095.37931468156,0.33404355114112894,69075.4553968932,0.33394722840121954,68674.58720364276,0.3320092198666249,0.0,0.0,0.0,0.0,0.9999999994089734
2018-08-24,0.0001222511292269246,209345.8336183043,69960.3234594416,0.33418541105049515,69832.62714967495,0.33357543325652833,69552.88288693663,0.33223915510900914,0.0,0.0,0.0,0.0,0.9999999994160327
2018-08-27,0.0001222511292269246,210365.14237899406,70363.6279795721,0.33448330452392594,70415.47890221614,0.33472978510553586,69586.03537495466,0.33078690978940034,0.0,0.0,0.0,0.0,0.9999999994188622
2018-08-28,0.0001222511292269246,210210.3103088095,70256.21833523127,0.3342187080739349,70458.72470433346,0.3351820593425035,69495.36714699364,0.33059923200199576,0.0,0.0,0.0,0.0,0.9999999994184342
2018-08-29,0.0001222511292269246,211136.77296287345,70681.06289499019,0.3347643421045316,70649.3290349409,0.33461404208997725,69806.38091069122,0.3306216152264772,0.0,0.0,0.0,0.0,0.999999999420986
2018-08-30,0.0001222511292269246,211285.46947194185,70706.6605161575,0.33464989662030287,70711.51616178297,0.3346728780663891,69867.29267175026,0.3306772247347016,0.0,0.0,0.0,0.0,0.9999999994213935
2018-08-31,0.0001222511292269246,210263.52526915984,70514.57174570319,0.33536283411702994,70204.68651132428,0.3338890395823753,69544.26688988123,0.33074812571917606,0.0,0.0,0.0,0.0,0.9999999994185813
2018-09-04,0.0001222511292269246,210181.6222035924,70492.48907316026,0.33538845277765406,70126.01757707832,0.33364485839371233,69563.11543110266,0.33096668824698844,0.0,0.0,0.0,0.0,0.9999999994183548
2018-09-05,0.0001222511292269246,210998.4060801737,70729.18229363779,0.33521192698850344,70361.48029314664,0.33346925031467384,69907.74337113813,0.331318822117429,0.0,0.0,0.0,0.0,0.9999999994206064
2018-09-06,0.0001222511292269246,210676.97230768178,70634.82541340258,0.3352754913823444,69796.42437622251,0.3312959343002556,70245.72239580555,0.33342857373712237,0.0,0.0,0.0,0.0,0.9999999994197224
2018-09-07,0.0001222511292269246,208138.2438315691,69787.83733801871,0.335295599949872,68938.41077152373,0.33121453079670693,69411.99559977552,0.3334898686660656,0.0,0.0,0.0,0.0,0.9999999994126445
2018-09-10,0.0001222511292269246,209242.9660755777,70228.92079609435,0.335633364950141,69187.71075407448,0.3306572835001974,69826.33440315774,0.33370935096540716,0.0,0.0,0.0,0.0,0.9999999994157456
2018-09-11,0.0001222511292269246,210023.2819391582,70538.44452644156,0.335860119293231,69441.13522014783,0.3306354161262192,70043.70207031765,0.333504463998466,0.0,0.0,0.0,0.0,0.9999999994179163
2018-09-12,0.0001222511292269246,211077.63167430818,70861.324673583,0.3357121458654686,69759.7887286582,0.3304935164153122,70456.51814981583,0.333794337140043,0.0,0.0,0.0,0.0,0.9999999994208238
2018-09-13,0.0001222511292269246,211577.35867542992,71024.8435785063,0.33569207982911775,69970.91788939176,0.3307108016067569,70581.59708528074,0.33359711798631714,0.0,0.0,0.0,0.0,0.9999999994221918
2018-09-14,0.0001222511292269246,213335.43920440561,71641.56388001211,0.33581651575184057,70597.2483831539,0.33092133518197003,71096.62681898847,0.33326214849314284,0.0,0.0,0.0,0.0,0.9999999994269535
2018-09-17,0.0001222511292269246,212462.52106850364,71263.21636384507,0.3354154700106749,70264.0701160795,0.3307127758943634,70935.23446632795,0.33387175351956083,0.0,0.0,0.0,0.0,0.999999999424599
2018-09-18,0.0001222511292269246,212905.3916811866,71427.73429453012,0.33549049054374813,70474.11615474841,0.3310114206045063,71003.54110965692,0.3334980882775415,0.0,0.0,0.0,0.0,0.999999999425796
2018-09-19,0.0001222511292269246,213831.64171019447,71795.19188101517,0.33575569689690277,71045.082938537,0.3322477551513365,70991.36676839116,0.33199654738004397,0.0,0.0,0.0,0.0,0.9999999994282832
2018-09-20,0.0001222511292269246,215488.98208086277,72369.14240816358,0.33583685675867586,71680.37831361828,0.3326405722531096,71439.4612368298,0.33152257042089495,0.0,0.0,0.0,0.0,0.9999999994326804
2018-09-21,0.0001222511292269246,216087.2294753067,72643.02463696623,0.33617453846465045,71729.63492747124,0.3319475894139692,71714.56978861809,0.3318778715556314,0.0,0.0,0.0,0.0,0.999999999434251
2018-09-24,0.0001222511292269246,214943.953907089,72327.33566703109,0.33649392947472756,71394.34322566685,0.33215329823386214,71222.2748921399,0.33135277172265204,0.0,0.0,0.0,0.0,0.9999999994312418
2018-09-25,0.0001222511292269246,214855.5360839333,72312.19103287323,0.3365619166760706,71230.14202124187,0.3315257466459502,71313.20290756703,0.3319123361089869,0.0,0.0,0.0,0.0,0.9999999994310077
2018-09-26,0.0001222511292269246,214564.457071409,72299.50207260597,0.3369593597160598,71083.5396803308,0.3312922403391049,71181.4151962211,0.33174839937507117,0.0,0.0,0.0,0.0,0.9999999994302359
2018-09-27,0.0001222511292269246,214489.0801340442,72258.02030772396,0.3368843778087284,71078.76442411901,0.33138640148812515,71152.29527995008,0.33172922013318207,0.0,0.0,0.0,0.0,0.9999999994300356
2018-09-28,0.0001222511292269246,216242.02915974244,72781.3848676644,0.3365737232048414,71555.71716259686,0.3309056867466647,71904.92700723003,0.33252058948314983,0.0,0.0,0.0,0.0,0.999999999434656
2018-10-01,0.00013825207633999526,217571.44681594122,72668.8514372377,0.3339999457682208,72455.11776885575,0.33301758493222944,72447.4774715957,0.3329824686641168,0.0,0.0,0.0,0.0,0.9999999993645671
2018-10-02,0.00013825207633999526,218022.17336717373,72820.80406462612,0.3340064129256603,72632.94055241418,0.33314474133826827,72568.42861188135,0.33284884510195206,0.0,0.0,0.0,0.0,0.9999999993658807
2018-10-03,0.00013825207633999526,217460.94705231005,72553.02341281953,0.3336370249292024,72840.7748083261,0.33496025744247454,72067.14869291235,0.33140271699256724,0.0,0.0,0.0,0.0,0.9999999993642441
2018-10-04,0.00013825207633999526,217744.77646730983,72480.8097274969,0.3328704867387645,72952.32628666166,0.335035941941937,72311.6403148992,0.33209357068437134,0.0,0.0,0.0,0.0,0.9999999993650729
2018-10-05,0.00013825207633999526,215600.8252325965,71592.87081617715,0.3320621372341254,72032.08005525927,0.334099278041023,71975.874222908,0.3338385840836106,0.0,0.0,0.0,0.0,0.999999999358759
2018-10-08,0.00013825207633999526,215491.66152838262,71464.34494391494,0.33163392233857875,72050.31168018283,0.334353130739089,71977.00476603278,0.3340129462807665,0.0,0.0,0.0,0.0,0.9999999993584342
2018-10-09,0.00013825207633999526,213885.13311911866,70940.62452060655,0.3316762763548307,71282.92247240424,0.333276658517003,71661.5859878558,0.3350470644817816,0.0,0.0,0.0,0.0,0.9999999993536153
2018-10-10,0.00013825207633999526,207590.34938409968,68452.24208350212,0.32974674538866205,69343.0723910095,0.3340380349893125,69795.03477133598,0.3362152189560403,0.0,0.0,0.0,0.0,0.999999999334015
2018-10-11,0.00013825207633999526,201225.94060348172,66325.20144890623,0.3296056226647283,67191.93672887748,0.3339128967536052,67708.80228744594,0.3364814798946176,0.0,0.0,0.0,0.0,0.999999999312951
2018-10-12,0.00013825207633999526,203541.8493324749,67280.70976333467,0.3305497615551049,67921.49439126189,0.33369793295095646,68339.64503962628,0.335752304814707,0.0,0.0,0.0,0.0,0.9999999993207683
2018-10-15,0.00013825207633999526,203045.5780393264,67000.41673406749,0.32997722669483925,67624.68097127651,0.3330517296869119,68420.48019573034,0.336971042937357,0.0,0.0,0.0,0.0,0.9999999993191082
2018-10-16,0.00013825207633999526,206179.58622873778,68026.95505680853,0.32994030253479467,68697.706579787,0.3331935417872701,69454.92445389018,0.33686615500739325,0.0,0.0,0.0,0.0,0.999999999329458
2018-10-17,0.00013825207633999526,206970.66438798423,68292.13452086155,0.3299604546509166,68899.9377157403,0.3328971181470504,69778.5920131303,0.3371424265340539,0.0,0.0,0.0,0.0,0.9999999993320209
2018-10-18,0.00013825207633999526,205144.3275421162,67577.94548781094,0.3294165931735898,68050.19278028663,0.3317186177927143,69516.18913576657,0.3388647883597702,0.0,0.0,0.0,0.0,0.9999999993260741
2018-10-19,0.00013825207633999526,204090.0135648667,66996.2341145123,0.3282680663511183,67725.79407018771,0.3318427633337491,69367.98524191463,0.3398891696377253,0.0,0.0,0.0,0.0,0.9999999993225926
2018-10-22,0.00013825207633999526,204001.23400576695,67053.62842411004,0.32869226870566126,67635.77189750172,0.33154589592134387,69311.83354590314,0.3397618346952928,0.0,0.0,0.0,0.0,0.9999999993222979
2018-10-23,0.00013825207633999526,203572.41613971724,66782.19480521363,0.3280512953158605,67509.09037638911,0.3316219930801224,69281.13081986242,0.3403267109248873,0.0,0.0,0.0,0.0,0.9999999993208704
2018-10-24,0.00013825207633999526,197535.461964262,64538.64751266049,0.3267192982510491,64949.847864018964,0.3288009515768346,68046.96644933047,0.3444797494722314,0.0,0.0,0.0,0.0,0.9999999993001152
2018-10-25,0.00013825207633999526,199489.79435592756,65260.62869599317,0.32713768093597734,66043.50689233674,0.3310620831785641,68185.65862934559,0.3418002351924303,0.0,0.0,0.0,0.0,0.9999999993069717
2018-10-26,0.00013825207633999526,197447.21367500737,64563.79012514553,0.32699266261318705,65382.493716592944,0.3311391054837103,67500.9296950168,0.341868231202905,0.0,0.0,0.0,0.0,0.9999999992998023
2018-10-29,0.00013825207633999526,196634.77882312232,64183.74285740338,0.32641093931373244,65165.70606623934,0.331404782288577,67285.32976122753,0.34218427769459997,0.0,0.0,0.0,0.0,0.9999999992969094
2018-10-30,0.00013825207633999526,200393.18633764237,65458.202740591696,0.32664884438885666,66446.56453473557,0.33158095716278396,68488.41892406304,0.3417701977584554,0.0,0.0,0.0,0.0,0.999999999310096
2018-10-31,0.00013825207633999526,203056.5419881754,66479.35009218665,0.327393293716476,67506.04616267813,0.33244950151179675,69071.14559505854,0.3401572040908722,0.0,0.0,0.0,0.0,0.999999999319145
2018-11-01,0.00013825207633999526,204650.6410322064,67123.85453056038,0.3279923981278755,68364.28915976197,0.33405362824640905,69162.49720363197,0.33795397295016383,0.0,0.0,0.0,0.0,0.9999999993244484
2018-11-02,0.00013825207633999526,203068.03164398557,66614.47562994533,0.328040189736671,67500.23127067578,0.3324020562183599,68953.32460511237,0.3395577533641525,0.0,0.0,0.0,0.0,0.9999999993191835
2018-11-05,0.00013825207633999526,205301.5104361408,67263.29905494479,0.32763177880207117,68244.53482514386,0.3324112651688034,69793.67641780009,0.3399569553557156,0.0,0.0,0.0,0.0,0.9999999993265901
2018-11-06,0.00013825207633999526,206761.14412243283,67765.39842406492,0.3277472598233346,68693.56567718192,0.33223633951505555,70302.17988293394,0.340016399992954,0.0,0.0,0.0,0.0,0.9999999993313441
2018-11-07,0.00013825207633999526,210726.95291405363,69224.03416373425,0.3285010920836867,69976.51423040834,0.33207196926037613,71526.40438165897,0.33942693799986506,0.0,0.0,0.0,0.0,0.9999999993439279
2018-11-08,0.00013825207633999526,210822.02979576823,69256.44525679195,0.3285066808430004,69885.04790238573,0.331488355225904,71680.53649833848,0.3400049632753194,0.0,0.0,0.0,0.0,0.9999999993442238
2018-11-09,0.00013825207633999526,210006.6788851559,68870.35046661305,0.32794361985161163,69237.66079041237,0.3296926610047275,71898.66748987841,0.3423637184853386,0.0,0.0,0.0,0.0,0.9999999993416777
2018-11-12,0.00013825207633999526,206373.03498849826,67531.33536612125,0.32722945306243595,67823.90315070056,0.328647117848902,71017.79633342438,0.3441234284187486,0.0,0.0,0.0,0.0,0.9999999993300865
2018-11-13,0.00013825207633999526,205612.7520386063,67274.29124535133,0.32718929433287175,67553.86033772356,0.3285489818503061,70784.60031727936,0.34426172314443165,0.0,0.0,0.0,0.0,0.9999999993276094
2018-11-14,0.00013825207633999526,204086.48448197628,66800.60580091424,0.3273151868457692,66811.75510493333,0.3273698171366843,70474.12343787664,0.3453149953401275,0.0,0.0,0.0,0.0,0.999999999322581
2018-11-15,0.00013825207633999526,205379.46587915454,67388.06244451582,0.32811489773844776,67212.90910573564,0.32726206983751616,70778.49419065099,0.34462303175088166,0.0,0.0,0.0,0.0,0.9999999993268457
2018-11-16,0.00013825207633999526,205794.7925484746,67302.7894296151,0.3270383501747842,67338.81326649305,0.3272133975432421,71153.18971411436,0.3457482516101779,0.0,0.0,0.0,0.0,0.9999999993282043
2018-11-19,0.00013825207633999526,201680.38515072878,65655.146069059,0.3255405627076261,66043.38686533833,0.32746559272970366,69981.85207807936,0.34699384387716936,0.0,0.0,0.0,0.0,0.9999999993144991
2018-11-20,0.00013825207633999526,197542.37259712355,64371.84662431646,0.3258634883139689,64283.18299100559,0.3254146548199433,68887.34284354943,0.3487218561662274,0.0,0.0,0.0,0.0,0.9999999993001396
2018-11-21,0.00013825207633999526,198258.838833222,64496.89305465679,0.3253166085014371,64765.63898417889,0.32667213913555004,68996.30665613423,0.3480112516656816,0.0,0.0,0.0,0.0,0.9999999993026688
2018-11-23,0.00013825207633999526,197668.45219308438,64192.959111690754,0.324750653933317,64474.79401363521,0.3261764500015189,69000.69892950632,0.34907289536575015,0.0,0.0,0.0,0.0,0.999999999300586
2018-11-26,0.00013825207633999526,199999.67250258758,64986.194516298754,0.3249315046526287,65468.9514924816,0.3273452934860909,69544.52635555516,0.3477232011700189,0.0,0.0,0.0,0.0,0.9999999993087385
2018-11-27,0.00013825207633999526,201518.163664957,65458.66806339872,0.3248276327697683,65939.27665153169,0.3272125720694933,70120.21881177454,0.3479597944746858,0.0,0.0,0.0,0.0,0.9999999993139473
2018-11-28,0.00013825207633999526,206124.91438823668,67180.1464573334,0.3259195845233898,67480.97272767988,0.3273790212500918,71463.79506497135,0.34670139355579865,0.0,0.0,0.0,0.0,0.9999999993292802
2018-11-29,0.00013825207633999526,205038.2858365025,66743.17149945242,0.3255156529774806,67002.50665407724,0.3267804662954753,71292.60754472077,0.3477038800527697,0.0,0.0,0.0,0.0,0.9999999993257256
2018-11-30,0.00013825207633999526,206155.5971464747,67305.24553307092,0.3264778956510706,67318.98195138732,0.3265445269650225,71531.36952376438,0.34697757671328683,0.0,0.0,0.0,0.0,0.99999999932938
2018-12-03,0.00013825207633999526,209016.4127191469,68291.000112541,0.3267255390336398,68349.729131961,0.3270065170614223,72375.68333639285,0.34626794324349675,0.0,0.0,0.0,0.0,0.9999999993385588
2018-12-04,0.00013825207633999526,202847.27251808022,66098.29599023535,0.3258525252507098,65765.96874245931,0.324214212624414,70983.00764713349,0.3499332614433187,0.0,0.0,0.0,0.0,0.9999999993184425
2018-12-06,0.00013825207633999526,201534.12635946638,65770.44979618599,0.3263489463758337,65153.474394916855,0.3232875521970202,70610.20203011145,0.3503635007411477,0.0,0.0,0.0,0.0,0.9999999993140016
2018-12-07,0.00013825207633999526,196631.54764837364,64052.540007130956,0.3257490508169773,63251.610987239605,0.32167580301177967,69327.39651575101,0.3525751454681409,0.0,0.0,0.0,0.0,0.9999999992968978
2018-12-10,0.00013825207633999526,196342.9115238137,64144.25450085722,0.32669503575675257,62772.7998586799,0.3197100387862305,69425.8570260245,0.3535949247528811,0.0,0.0,0.0,0.0,0.9999999992958643
2018-12-11,0.00013825207633999526,197496.4078122866,64571.24165432023,0.3269489423609817,63004.488141837195,0.319015868894794,69920.67787787711,0.3540351880442011,0.0,0.0,0.0,0.0,0.9999999992999767
2018-12-12,0.00013825207633999526,198745.08816709786,65022.31449187915,0.32716438474801796,63600.728316189925,0.3200115731298812,70122.0452207767,0.35282404142647567,0.0,0.0,0.0,0.0,0.9999999993043749
2018-12-13,0.00013825207633999526,198443.28103917846,65005.38488560705,0.3275766483258917,63250.623817021115,0.31873401551213826,70187.27219829822,0.353689335465287,0.0,0.0,0.0,0.0,0.999999999303317
2018-12-14,0.00013825207633999526,195809.04484348692,63716.1973583321,0.3253996637860187,62698.657328207955,0.32020307018158395,69394.19001869479,0.3543972653263418,0.0,0.0,0.0,0.0,0.9999999992939445
2018-12-17,0.00013825207633999526,191498.4092134891,62234.26902868069,0.32498582773760676,61451.512577179274,0.32089829273031184,67812.62746937705,0.35411587881013246,0.0,0.0,0.0,0.0,0.999999999278051
2018-12-18,0.00013825207633999526,190340.69213879554,62014.19448603127,0.32580628865639943,61090.01389830527,0.3209508866015824,67236.48361620691,0.3532428240156781,0.0,0.0,0.0,0.0,0.9999999992736599
2018-12-19,0.00013825207633999526,187121.19253182405,60811.39279020793,0.32498399549193563,59836.05020231314,0.31977163779638007,66473.74940105091,0.3552443659728472,0.0,0.0,0.0,0.0,0.9999999992611629
2018-12-20,0.00013825207633999526,183831.4136767925,59850.91170617776,0.3255749956392439,58507.80032312936,0.31826878308185247,65472.70150923332,0.35615622052684465,0.0,0.0,0.0,0.0,0.999999999247941
2018-12-21,0.00013825207633999526,178790.67944062033,57956.108624206536,0.3241562077258889,56957.017555388076,0.3185681587742081,63877.553122773636,0.3572756327266408,0.0,0.0,0.0,0.0,0.9999999992267378
2018-12-24,0.00013825207633999526,174011.1050766428,56511.97079331771,0.32476071437180487,55458.89476069824,0.3187089395028639,62040.23938437476,0.3565303453308298,0.0,0.0,0.0,0.0,0.9999999992054985
2018-12-26,0.00013825207633999526,180130.6633357795,58813.03583945991,0.3265020777158146,57534.94132305584,0.3194067032096896,63782.68603501169,0.3540912183069859,0.0,0.0,0.0,0.0,0.9999999992324901
2018-12-27,0.00013825207633999526,183295.16551086082,59933.86968745856,0.3269800898480723,58415.12331407213,0.3186942937161692,64946.17237107805,0.3543256156814992,0.0,0.0,0.0,0.0,0.9999999992457408
2018-12-28,0.00013825207633999526,182399.79853964178,59595.638497552034,0.32673083509245127,58133.93732149609,0.3187171136532893,64670.222582341594,0.3545520504962977,0.0,0.0,0.0,0.0,0.9999999992420382
2018-12-31,0.00013825207633999526,183116.14635607894,59930.20363106091,0.3272797337844992,58251.95444926547,0.31811479003053883,64933.988137500484,0.35460547542996534,0.0,0.0,0.0,0.0,0.9999999992450034
2019-01-02,0.0014360208801917906,182085.3222130871,60711.04636801592,0.3334208690196799,61453.609040686344,0.33749897187632544,59920.665368363945,0.3290801512174672,0.0,0.0,0.0,0.0,0.9999999921134726
2019-01-03,0.0014360208801917906,174891.1861500876,57981.947400490506,0.33153155786096467,59064.317246985636,0.3377203765791719,57844.92006659056,0.33074805734892426,0.0,0.0,0.0,0.0,0.9999999917890608
2019-01-04,0.0014360208801917906,180888.74994045895,60233.6827283405,0.332987445311922,61342.392080506535,0.3391166786253866,59312.67369559102,0.3278958681239949,0.0,0.0,0.0,0.0,0.9999999920613035
2019-01-07,0.0014360208801917906,183362.16585449176,61000.64948010651,0.33267849556551365,62461.94004985885,0.3406479180630203,59899.574888505515,0.3266735785398565,0.0,0.0,0.0,0.0,0.9999999921683904
2019-01-08,0.0014360208801917906,185116.86039695903,61711.826450148226,0.3333668598193338,62939.40936484078,0.3399982542372175,60465.62314594914,0.3266348781860738,0.0,0.0,0.0,0.0,0.9999999922426251
2019-01-09,0.0014360208801917906,186162.02439824276,62148.08397420889,0.3338386772226974,63447.80708918406,0.34082035417414036,60566.13189882894,0.3253409608893394,0.0,0.0,0.0,0.0,0.9999999922861771
2019-01-10,0.0014360208801917906,186092.124924883,62093.75459447338,0.33367212405972485,63303.840632196996,0.3401747422560191,60694.52826219175,0.32615312596753565,0.0,0.0,0.0,0.0,0.9999999922832796
2019-01-11,0.0014360208801917906,186525.12252848045,61976.58573447699,0.3322693741965713,63781.46554694474,0.34194571048844086,60767.06981103784,0.325784907616181,0.0,0.0,0.0,0.0,0.9999999923011932
2019-01-14,0.0014360208801917906,185645.7332412401,61739.43350801398,0.3325658631097423,63494.40320329634,0.3420191894245563,60411.8950939089,0.32541493973042607,0.0,0.0,0.0,0.0,0.9999999922647245
2019-01-15,0.0014360208801917906,186670.7402364554,62183.44558431623,0.33311833180469846,63587.735368691814,0.34064114862428563,60899.55784742647,0.32624051187821473,0.0,0.0,0.0,0.0,0.9999999923071988
2019-01-16,0.0014360208801917906,187559.68304485912,62464.64939431353,0.33303878733562214,63985.24059920983,0.34114602648324116,61109.79161531488,0.32581517852479575,0.0,0.0,0.0,0.0,0.999999992343659
2019-01-17,0.0014360208801917906,189717.55267510258,63257.07837696958,0.3334276532931002,64716.700267256834,0.34112131088938447,61743.77259485527,0.32545102824825844,0.0,0.0,0.0,0.0,0.9999999924307431
2019-01-18,0.0014360208801917906,192451.6515038042,64174.997668240074,0.333460363508346,65778.27022305972,0.34179114447224934,62498.38217648351,0.32474848455768174,0.0,0.0,0.0,0.0,0.9999999925382771
2019-01-22,0.0014360208801917906,190967.49228384972,63560.98573641285,0.3328366779930128,65050.48872904295,0.3406364504821239,62356.01638237304,0.3265268640051495,0.0,0.0,0.0,0.0,0.9999999924802861
2019-01-23,0.0014360208801917906,190756.57186148813,63417.8964588655,0.3324545825079851,64805.152802019824,0.33972697333372104,62533.52116458193,0.3278184366302655,0.0,0.0,0.0,0.0,0.9999999924719716
2019-01-24,0.0014360208801917906,191378.1025472882,63552.63250074177,0.3320789142270775,65363.33631416605,0.3415403091793912,62462.13229635949,0.3263807690899513,0.0,0.0,0.0,0.0,0.9999999924964201
2019-01-25,0.0014360208801917906,193129.93229040582,64309.51763523746,0.3329857618265845,66079.33454458091,0.3421496282886832,62741.07867456657,0.3248646024492154,0.0,0.0,0.0,0.0,0.999999992564483
2019-01-28,0.0014360208801917906,191884.93115214593,63751.87500923909,0.33224013280485326,65642.8516452266,0.34209487556465945,62490.20306165935,0.3256649841467267,0.0,0.0,0.0,0.0,0.9999999925162394
2019-01-29,0.0014360208801917906,191772.14070132113,63698.29633073347,0.33215615207602806,65563.60190309386,0.3418828285658397,62510.2410314729,0.32596101186997,0.0,0.0,0.0,0.0,0.9999999925118378
2019-01-30,0.0014360208801917906,194066.37880391176,64598.67018235759,0.3328689419594379,66196.59991534571,0.3411028758476087,63271.107270187575,0.32602817479331575,0.0,0.0,0.0,0.0,0.9999999926003623
2019-01-31,0.0014360208801917906,195196.95702637327,65339.94558957804,0.33473854605607345,66390.93086057335,0.34012277584636325,63466.079140200985,0.32513867074078423,0.0,0.0,0.0,0.0,0.9999999926432209
2019-02-01,0.0014360208801917906,195615.61025512035,65548.39510835991,0.33508775206064695,66532.05748737013,0.34011629951515393,63535.15622336943,0.32479594108316495,0.0,0.0,0.0,0.0,0.9999999926589658
2019-02-04,0.0014360208801917906,197750.48784262012,66340.42696928978,0.335475414968821,67079.17864255683,0.33921119171115194,64330.88079475262,0.3253133860582453,0.0,0.0,0.0,0.0,0.9999999927382183
2019-02-05,0.0014360208801917906,199384.18098997342,67093.85465475658,0.3365054054018988,67466.95687587625,0.33837667833472207,64823.36802331971,0.3251179090610981,0.0,0.0,0.0,0.0,0.999999992797719
2019-02-06,0.0014360208801917906,199346.48200549145,66962.67972855634,0.3359110181172482,67664.74449241503,0.33943284983855926,64719.05634849918,0.32465612484054945,0.0,0.0,0.0,0.0,0.999999992796357
2019-02-07,0.0014360208801917906,197651.17020612844,66316.1972684606,0.3355213996421073,66735.30491882534,0.3376418406692343,64599.66658282161,0.3268367524232275,0.0,0.0,0.0,0.0,0.9999999927345693
2019-02-08,0.0014360208801917906,197447.46848220067,66358.96165222947,0.33608413499721085,66351.34620854903,0.33604556552990406,64737.15918540128,0.3278702921999588,0.0,0.0,0.0,0.0,0.9999999927270737
2019-02-11,0.0014360208801917906,197728.21548273024,66462.93675532784,0.3361327901183267,66484.70709979863,0.33624289248493955,64780.57019158287,0.3276243101341339,0.0,0.0,0.0,0.0,0.9999999927374003
2019-02-12,0.0014360208801917906,200914.24264016643,67584.77106177431,0.336386162442537,67736.30870277874,0.3371404028538344,65593.16143959247,0.32647342755619657,0.0,0.0,0.0,0.0,0.999999992852568
2019-02-13,0.0014360208801917906,202071.32649119967,68037.96179944933,0.33670270285681736,68220.73569109716,0.3376072047216863,65812.62756463229,0.32569008531499133,0.0,0.0,0.0,0.0,0.9999999928934951
2019-02-14,0.0014360208801917906,202341.5263187412,68161.0613757364,0.3368614570415209,68311.55462301495,0.3376052156264071,65868.90888396895,0.32553332023505677,0.0,0.0,0.0,0.0,0.9999999929029848
2019-02-15,0.0014360208801917906,203852.363574682,68618.42915847183,0.33660845503679054,68919.23040088167,0.33808403882269866,66314.70257930762,0.32530749909609463,0.0,0.0,0.0,0.0,0.9999999929555838
2019-02-19,0.0014360208801917906,204360.17785197461,68651.33072179188,0.3359330151470043,69222.75313154218,0.33872916856474206,66486.09256261967,0.3253378092613421,0.0,0.0,0.0,0.0,0.9999999929730885
2019-02-20,0.0014360208801917906,204814.57485778665,68918.75657474757,0.33649341909676805,69362.97497694801,0.3386622999125444,66532.84187007017,0.3248442739793658,0.0,0.0,0.0,0.0,0.9999999929886783
2019-02-21,0.0014360208801917906,204416.56361326677,68663.42920739579,0.33589953765830494,69069.20897264968,0.3378846006986052,66683.92399720041,0.3262158546181166,0.0,0.0,0.0,0.0,0.9999999929750267
2019-02-22,0.0014360208801917906,205698.78770425468,69299.11781558648,0.33689609252934405,69389.0334275918,0.33733321524167914,67010.6350250555,0.32577068524779373,0.0,0.0,0.0,0.0,0.9999999930188169
2019-02-25,0.0014360208801917906,205881.92904309198,69395.1175785591,0.3370626936569766,69623.88003354662,0.33817382786895317,66862.92999496537,0.32476347149909723,0.0,0.0,0.0,0.0,0.9999999930250271
2019-02-26,0.0014360208801917906,206221.30773185057,69550.75274705599,0.3372626888657538,69677.2825286183,0.3378762519497725,66993.27102015539,0.3248610522209795,0.0,0.0,0.0,0.0,0.9999999930365058
2019-02-27,0.0014360208801917906,205074.33959044563,69339.58031448664,0.33811924228533347,69048.74750890535,0.3367010599512486,66686.01033103275,0.3251796907609773,0.0,0.0,0.0,0.0,0.9999999929975594
2019-02-28,0.0014360208801917906,205213.63173216453,69363.52133991719,0.33800640217920463,68816.2218968142,0.33533942806796574,67033.88705941227,0.32665416275514214,0.0,0.0,0.0,0.0,0.9999999930023123
2019-03-01,0.0014360208801917906,207225.8239591637,70179.42536630876,0.338661581966437,69361.78641409175,0.33471593978441755,67684.61074274231,0.3266224713194064,0.0,0.0,0.0,0.0,0.9999999930702609
2019-03-04,0.0014360208801917906,207268.56976075342,70359.83262425794,0.33946214182629375,69236.03560949581,0.3340402053693611,67672.70009097877,0.32649764587603525,0.0,0.0,0.0,0.0,0.9999999930716901
2019-03-05,0.0014360208801917906,206570.54630845232,70177.99652274797,0.3397289583480008,68828.92486990774,0.3331981548188966,67563.62347977572,0.32707287988138123,0.0,0.0,0.0,0.0,0.9999999930482786
2019-03-06,0.0014360208801917906,205379.9119205348,69975.55165585475,0.3407127357369282,68045.84454062796,0.3313169428515294,67358.51428803119,0.32797031441952035,0.0,0.0,0.0,0.0,0.9999999930079779
2019-03-07,0.0014360208801917906,203476.04612785997,69259.7204436372,0.3403826728582876,67309.409085101,0.33079770501735234,66906.91516310089,0.32881961506691565,0.0,0.0,0.0,0.0,0.9999999929425556
2019-03-08,0.0014360208801917906,203240.2634147483,69137.69164158728,0.3401771404935615,67247.78416654239,0.3308782572738119,66854.78617059776,0.32894459516699476,0.0,0.0,0.0,0.0,0.9999999929343681
2019-03-11,0.0014360208801917906,205008.53203074101,69852.58372855991,0.340730129798137,67873.40388278547,0.3310759957668877,67282.54298337475,0.32819386743028695,0.0,0.0,0.0,0.0,0.9999999929953116
2019-03-12,0.0014360208801917906,206127.15458470886,70306.57284108717,0.3410835073269998,68203.65619006101,0.33088147133003004,67616.92411753978,0.3280350143762951,0.0,0.0,0.0,0.0,0.999999993033325
2019-03-13,0.0014360208801917906,207180.57534701593,70661.3239412783,0.3410615296483491,68572.92597592055,0.33098144389774337,67946.32399379618,0.3279570195226549,0.0,0.0,0.0,0.0,0.9999999930687474
2019-03-14,0.0014360208801917906,206697.77183930634,70567.39786755027,0.3414037666666852,68309.68079092496,0.330480973176775,67820.69174481023,0.32811525320909735,0.0,0.0,0.0,0.0,0.9999999930525575
2019-03-15,0.0014360208801917906,208692.7017061595,71235.37977753692,0.3413410205299691,69061.80577333459,0.33092583118011476,68395.51471926711,0.3277331414088854,0.0,0.0,0.0,0.0,0.9999999931189693
2019-03-18,0.0014360208801917906,208802.19444902323,71201.5491581355,0.3410000040757167,69275.68245370603,0.3317766014696696,68324.96140116082,0.32722338757719144,0.0,0.0,0.0,0.0,0.9999999931225776
2019-03-19,0.0014360208801917906,208308.9336465255,71041.3855777478,0.3410385927004756,69210.0217069578,0.33224701646449145,68057.52492579899,0.32671438394132535,0.0,0.0,0.0,0.0,0.9999999931062924
2019-03-20,0.0014360208801917906,207120.960794607,70917.19325486304,0.34239505737513737,68380.931891209,0.3301497425894014,67822.83421251409,0.3274551931022138,0.0,0.0,0.0,0.0,0.9999999930667525
2019-03-21,0.0014360208801917906,208285.40022478034,71142.95082977529,0.34156475083226306,68905.82001292582,0.33082405170291856,68236.62794605835,0.32761119057033183,0.0,0.0,0.0,0.0,0.9999999931055135
2019-03-22,0.0014360208801917906,205180.47850810463,69936.346267589,0.34085282759893026,67444.1307950745,0.3287063724847023,67800.00000942024,0.33044079291754913,0.0,0.0,0.0,0.0,0.9999999930011817
2019-03-25,0.0014360208801917906,203590.36345134856,69454.8505267004,0.34114999034960625,66697.74415757801,0.3276075695670959,67437.76733104927,0.3312424330298162,0.0,0.0,0.0,0.0,0.9999999929465184
2019-03-26,0.0014360208801917906,205280.87536338676,70076.58331510486,0.34136927364059505,67274.58054969707,0.32771966911485584,67929.71006256396,0.3309110502491538,0.0,0.0,0.0,0.0,0.9999999930046046
2019-03-27,0.0014360208801917906,205355.62276678762,70081.65896368462,0.3412697350063453,67231.14748937382,0.3273888807306969,68042.8148777083,0.3313413772701087,0.0,0.0,0.0,0.0,0.9999999930071509
2019-03-28,0.0014360208801917906,205942.9740865735,70369.27584655528,0.34169301554795317,67336.84948858086,0.3269684231144203,68236.84731541647,0.33133855436472104,0.0,0.0,0.0,0.0,0.9999999930270945
2019-03-29,0.0014360208801917906,207711.8451141646,70975.88628088922,0.34170360502011216,68022.68426362652,0.32748582164988826,68713.27313362798,0.3308105664164753,0.0,0.0,0.0,0.0,0.9999999930864757
2019-04-01,0.00033791901319091266,210533.41271818656,70152.14753837208,0.33321146811159874,70522.1255417781,0.3349688043872486,69859.13930011736,0.33181972589609143,0.0,0.0,0.0,0.0,0.9999999983949388
2019-04-02,0.00033791901319091266,211108.67580375556,70503.34578902708,0.33396706942809995,70506.74659635859,0.33398317870129096,70098.58308045086,0.3320497502699215,0.0,0.0,0.0,0.0,0.9999999983993125
2019-04-03,0.00033791901319091266,211299.4006642966,70481.74220356747,0.33356337964983546,70858.38270920714,0.33534587645037334,69959.27541360297,0.33109074230054847,0.0,0.0,0.0,0.0,0.9999999984007574
2019-04-04,0.00033791901319091266,212092.54412431412,70703.98490606825,0.33336383981808626,71325.1975894107,0.3362928097444329,70063.36129091617,0.33034334884421884,0.0,0.0,0.0,0.0,0.9999999984067379
2019-04-05,0.00033791901319091266,213658.7568893854,71233.72426439426,0.33339950723982315,71886.60885769599,0.33645524248235165,70538.42342937614,0.3301452486962424,0.0,0.0,0.0,0.0,0.9999999984184172
2019-04-08,0.00033791901319091266,213887.5278593209,71354.38212438612,0.3336070262653073,71973.15529552162,0.33650001014954056,70559.99010149414,0.32989296200526097,0.0,0.0,0.0,0.0,0.9999999984201088
2019-04-09,0.00033791901319091266,212071.1899121375,70797.80930517585,0.33383982677943125,71076.56263551884,0.33515425959068906,70196.8176335238,0.33100591203645724,0.0,0.0,0.0,0.0,0.9999999984065775
2019-04-10,0.00033791901319091266,212309.85363713597,70880.93443242011,0.33385607506265097,71287.25328002083,0.33576987623880916,70141.66558677601,0.33037404710690854,0.0,0.0,0.0,0.0,0.9999999984083686
2019-04-11,0.00033791901319091266,212147.3639851398,70851.45173752449,0.3339728121367909,71253.66747675101,0.33586873830655795,70042.24443294526,0.33015844796380067,0.0,0.0,0.0,0.0,0.9999999984071496
2019-04-12,0.00033791901319091266,214557.4853713703,71880.37505354574,0.3350168600696006,71923.93498731937,0.33521988227457394,70753.17499258618,0.32976325608086754,0.0,0.0,0.0,0.0,0.9999999984250421
2019-04-15,0.00033791901319091266,215251.3163241686,72142.46861440045,0.33515459903508255,72002.119376007,0.33450257404034534,71106.72799584214,0.33034282535469084,0.0,0.0,0.0,0.0,0.9999999984301187
2019-04-16,0.00033791901319091266,215287.83866880214,72206.33805774116,0.33539441198452025,72446.5959584168,0.33651039652949616,70634.90431472515,0.32809518991636855,0.0,0.0,0.0,0.0,0.999999998430385
2019-04-17,0.00033791901319091266,214767.51979289585,72017.09567096223,0.3353258245958681,72513.98896392559,0.33763945793038036,70236.43482008901,0.3270347159003338,0.0,0.0,0.0,0.0,0.9999999984265823
2019-04-18,0.00033791901319091266,215029.6943648441,71973.5071541788,0.33471426989083786,72673.29179181032,0.33796863268802524,70382.89508093594,0.32731709584963753,0.0,0.0,0.0,0.0,0.9999999984285007
2019-04-22,0.00033791901319091266,214476.72379786943,71892.56333153935,0.3351998392109602,72363.9874837672,0.33739785932186106,70220.17264464387,0.3274022998916278,0.0,0.0,0.0,0.0,0.999999998424449
2019-04-23,0.00033791901319091266,216407.62906016296,72703.34961269528,0.33595557572733814,72875.28356279155,0.3367500668958933,70828.99554675713,0.3272943558152755,0.0,0.0,0.0,0.0,0.999999998438507
2019-04-24,0.00033791901319091266,215966.94471592965,72622.17193316278,0.33626521886803445,72465.14106098721,0.3355381128176983,70879.63138386064,0.3281966667495879,0.0,0.0,0.0,0.0,0.9999999984353206
2019-04-25,0.00033791901319091266,215512.93678847534,72540.86091744981,0.3365963175966937,71979.99055763117,0.3339938271468088,70992.08497547536,0.32940985368852205,0.0,0.0,0.0,0.0,0.9999999984320245
2019-04-26,0.00033791901319091266,215054.3060753848,72402.76930179783,0.3366720277454843,71652.95347526229,0.33318539294974714,70998.58296040569,0.3301425777334491,0.0,0.0,0.0,0.0,0.9999999984286806
2019-04-29,0.00033791901319091266,215198.97855092064,72429.94379322621,0.3365719683287797,71914.5968401736,0.33417722205013667,70854.43757960181,0.3292508080508205,0.0,0.0,0.0,0.0,0.9999999984297369
2019-04-30,0.00033791901319091266,216214.447243299,72508.13165238076,0.33535285258153796,72143.421315504,0.3336660534729365,71562.8939374952,0.3309810923826373,0.0,0.0,0.0,0.0,0.9999999984371117
2019-05-01,0.00033791901319091266,213933.93858601365,71695.47738860096,0.33512904900675816,71569.15693783246,0.33453858425112654,70669.30392166121,0.3303323651625668,0.0,0.0,0.0,0.0,0.9999999984204516
2019-05-02,0.00033791901319091266,213814.32855791645,71621.95077464441,0.33497264312313846,71475.01960628152,0.3342854526558116,70717.3578390715,0.3307419026406179,0.0,0.0,0.0,0.0,0.999999998419568
2019-05-03,0.00033791901319091266,215466.1195319378,72200.91424649418,0.33509172766158296,72235.16272917396,0.3352506783251684,71030.04221835065,0.3296575924449324,0.0,0.0,0.0,0.0,0.9999999984316837
2019-05-06,0.00033791901319091266,213151.92287199016,71362.73828088373,0.33479753463796386,71350.05787046676,0.3347380446261164,70439.12638272064,0.33046441915057617,0.0,0.0,0.0,0.0,0.9999999984146565
2019-05-07,0.00033791901319091266,210342.53288742955,70259.07745485872,0.3340222088723242,70332.08181984388,0.33436928259052573,69751.37327480793,0.3316085069306323,0.0,0.0,0.0,0.0,0.9999999983934822
2019-05-08,0.00033791901319091266,208877.5703938153,69872.64284163892,0.3345148199009682,69622.0432742237,0.33331507611352973,69382.88394003364,0.33217010236771705,0.0,0.0,0.0,0.0,0.9999999983822149
2019-05-09,0.00033791901319091266,207839.63328701406,69502.09862557481,0.3344025272099888,69098.7587022675,0.3324618967492416,69238.77562125275,0.3331355744149055,0.0,0.0,0.0,0.0,0.9999999983741358
2019-05-10,0.00033791901319091266,208464.81337110273,69680.5679964239,0.3342557761648757,69157.51571920369,0.33174670871717604,69626.72931755614,0.33399751349696,0.0,0.0,0.0,0.0,0.9999999983790118
2019-05-13,0.00033791901319091266,203761.4015873019,67887.06012571102,0.3331693814278398,67139.91946249802,0.3295026385737331,68734.42166117384,0.3373279783400217,0.0,0.0,0.0,0.0,0.9999999983415946
2019-05-14,0.00033791901319091266,204474.18817222628,68117.25094657847,0.33313373954664677,67644.86314882732,0.33082348316674,68712.07373890148,0.336042775633989,0.0,0.0,0.0,0.0,0.9999999983473756
2019-05-15,0.00033791901319091266,206541.6815457524,68997.71261460234,0.3340619292833549,68214.01057290989,0.33026752790234915,69329.95802032115,0.33567054117821454,0.0,0.0,0.0,0.0,0.9999999983639185
2019-05-16,0.00033791901319091266,207567.91575584796,69408.00299530326,0.334386953506555,68323.34114289237,0.32916137782709054,69836.57127973331,0.3364516670383619,0.0,0.0,0.0,0.0,0.9999999983720075
2019-05-17,0.00033791901319091266,207320.45856754473,69278.77187068916,0.334162736998376,68046.24501720777,0.3282177045495893,69995.44134172879,0.337619556822099,0.0,0.0,0.0,0.0,0.9999999983700643
2019-05-20,0.00033791901319091266,206821.6893297514,68970.72119067571,0.33347915015194807,67777.15446641341,0.3277081561709478,70073.81333474323,0.33881269204323766,0.0,0.0,0.0,0.0,0.9999999983661335
2019-05-21,0.00033791901319091266,208498.19349164228,69520.87723797328,0.3334363529665788,68479.42667173083,0.3284413429437021,70497.88924401916,0.3381223024689904,0.0,0.0,0.0,0.0,0.9999999983792712
2019-05-22,0.00033791901319091266,207712.97667017527,69310.928179067,0.33368607628749614,67704.56867110943,0.3259525223530768,70697.47948207981,0.34036139973257146,0.0,0.0,0.0,0.0,0.9999999983731445
2019-05-23,0.00033791901319091266,205921.51236128664,68495.02739085906,0.3326268664474716,66961.1919797276,0.32517822548935565,70465.29265278096,0.34219490642216394,0.0,0.0,0.0,0.0,0.9999999983589912
2019-05-24,0.00033791901319091266,204922.53184850235,68121.71743379351,0.3324266825092488,66712.63833300525,0.32555052746627877,70088.17574378457,0.34202278837546385,0.0,0.0,0.0,0.0,0.9999999983509914
2019-05-28,0.00033791901319091266,202607.70476986215,67503.32580818827,0.33317255079151054,65783.4072524607,0.3246836408673732,69320.97137129417,0.3421438066732675,0.0,0.0,0.0,0.0,0.9999999983321513
2019-05-29,0.00033791901319091266,201036.0030066721,66885.29152604433,0.33270305082530166,65317.77320731643,0.32490584885508605,68832.93793539234,0.3423910986387243,0.0,0.0,0.0,0.0,0.9999999983191119
2019-05-30,0.00033791901319091266,201783.10539382556,67175.44660698074,0.33290917233071915,65289.16406425715,0.3235611025850282,69318.49438466867,0.34352972340958815,0.0,0.0,0.0,0.0,0.9999999983253355
2019-05-31,0.00033791901319091266,199134.597366844,66328.0928416624,0.3330817131664638,63861.66962164153,0.32069600393946673,68944.83456562107,0.3462222811971317,0.0,0.0,0.0,0.0,0.9999999983030623
2019-06-03,0.00033791901319091266,197788.09330835982,65427.22979287095,0.3307945827197353,63768.55277832611,0.3224084509420307,68592.31039924374,0.34679696462974385,0.0,0.0,0.0,0.0,0.9999999982915098
2019-06-04,0.00033791901319091266,201564.7250947994,66856.88072014875,0.3316893900393772,65518.45971222421,0.3250492350852052,69189.3843245074,0.34326137319893857,0.0,0.0,0.0,0.0,0.999999998323521
2019-06-05,0.00033791901319091266,203479.0871695107,67609.13473296737,0.33226576585064377,65588.39093381794,0.3223348003285406,70281.56116480635,0.34539943216010915,0.0,0.0,0.0,0.0,0.9999999983392936
2019-06-06,0.00033791901319091266,204833.9919669992,68083.92261975867,0.33238586020784905,65946.74098231805,0.3219521347459885,70803.32802700346,0.3456620033964411,0.0,0.0,0.0,0.0,0.9999999983502786
2019-06-07,0.00033791901319091266,206719.47423917646,68975.1945076188,0.33366568273975883,66430.60660104381,0.32135630590944203,71313.67279259485,0.3449780097161249,0.0,0.0,0.0,0.0,0.9999999983653257
2019-06-10,0.00033791901319091266,207400.6867733144,69240.14267966452,0.3338472198760985,66919.55163334361,0.3226582933473388,71240.99212238725,0.3434944851472575,0.0,0.0,0.0,0.0,0.9999999983706948
2019-06-11,0.00033791901319091266,207172.7435659845,69236.2629530087,0.33419581051672925,66974.20251114333,0.3232770940730051,70962.27776391346,0.3425270937791678,0.0,0.0,0.0,0.0,0.9999999983689022
2019-06-12,0.00033791901319091266,207154.29908656282,69194.82335272894,0.33402552424854454,66621.06790340588,0.3216011842243601,71338.40749250898,0.34437328989585225,0.0,0.0,0.0,0.0,0.999999998368757
2019-06-13,0.00033791901319091266,208099.42275672598,69487.30708888918,0.3339139828855834,67206.65848608704,0.32295456467773814,71405.45684383075,0.34313145081284396,0.0,0.0,0.0,0.0,0.9999999983761655
2019-06-14,0.00033791901319091266,207416.30517189435,69150.78615048957,0.33339127361844334,66738.91136142254,0.32176309044804013,71526.60732206322,0.344845634304334,0.0,0.0,0.0,0.0,0.9999999983708175
2019-06-17,0.00033791901319091266,207646.5401664069,69302.01327873734,0.3337499060817438,66795.04290504123,0.32167664749680885,71549.4836447093,0.3445734447940712,0.0,0.0,0.0,0.0,0.9999999983726239
2019-06-18,0.00033791901319091266,209480.29139828734,69971.94856103057,0.33402640455560606,67738.87133276949,0.3233663218654626,71769.47116656827,0.342607271965801,0.0,0.0,0.0,0.0,0.9999999983868696
2019-06-19,0.00033791901319091266,210327.5476878078,70248.24828730423,0.33399451978385025,67879.89320009627,0.32273420170738343,72199.40586248827,0.34327127690213405,0.0,0.0,0.0,0.0,0.9999999983933677
2019-06-20,0.00033791901319091266,211190.59125786414,70788.60220517905,0.33518823818598065,67985.50009556067,0.32191538311737683,72416.48861920541,0.3428963770965759,0.0,0.0,0.0,0.0,0.9999999983999334
2019-06-21,0.00033791901319091266,209004.1512060265,70041.87970346406,0.33512195475208556,67348.63137323748,0.3222358550517418,71613.63979140593,0.34264218857936735,0.0,0.0,0.0,0.0,0.9999999983831948
2019-06-24,0.00033791901319091266,208648.95286602876,69851.39334458973,0.3347795058882493,67091.51437124673,0.32155212594968285,71706.04481227329,0.34366836654251015,0.0,0.0,0.0,0.0,0.9999999983804423
2019-06-25,0.00033791901319091266,207497.2444997398,69266.8054852237,0.3338203630232331,66940.16116724048,0.32260747042028515,71290.27750935663,0.34357216492793485,0.0,0.0,0.0,0.0,0.999999998371453
2019-06-26,0.00033791901319091266,206696.2296008861,69018.34275490142,0.3339119580854006,67287.39696665641,0.32553761186927793,70390.48954140925,0.3405504284104633,0.0,0.0,0.0,0.0,0.9999999983651419
2019-06-27,0.00033791901319091266,208838.0542118563,69616.21985222194,0.33335026087534597,68189.93326939747,0.3265206311500203,71031.90075231787,0.3401291063565426,0.0,0.0,0.0,0.0,0.9999999983819088
2019-06-28,0.00033791901319091266,210231.92458763122,69973.92336104276,0.3328415677033649,68942.90240969458,0.32793736034584525,71315.09847897488,0.3392210703434269,0.0,0.0,0.0,0.0,0.999999998392637
2019-07-01,0.00046480120579417417,212756.03207052898,70953.27958710349,0.33349597140250464,70687.24612930548,0.33224555581988174,71115.5058893188,0.33425847059294606,0.0,0.0,0.0,0.0,0.9999999978153324
2019-07-02,0.00046480120579417417,213273.3857971771,71119.71989881477,0.333467392722173,70521.03176663154,0.3306602532849411,71632.63366692959,0.3358723518135178,0.0,0.0,0.0,0.0,0.9999999978206319
2019-07-03,0.00046480120579417417,214028.11767954292,71432.57298452743,0.33375321784346584,70569.20778698706,0.3297193310490538,72026.3364432272,0.33652744893579734,0.0,0.0,0.0,0.0,0.999999997828317
2019-07-05,0.00046480120579417417,213767.09029442223,71281.52143965021,0.33345414086646313,70605.58430906203,0.33029211471146797,71879.98408090878,0.3362537422477342,0.0,0.0,0.0,0.0,0.9999999978256653
2019-07-08,0.00046480120579417417,214162.61014954426,71298.38011208698,0.33291703001892414,70677.96124880396,0.33002007773182884,72186.26832385213,0.3370628900789279,0.0,0.0,0.0,0.0,0.9999999978296809
2019-07-09,0.00046480120579417417,214823.13609774958,71576.49435288823,0.3331880152811811,70769.42485406468,0.3294311131453873,72477.21642599547,0.33738086940978573,0.0,0.0,0.0,0.0,0.9999999978363541
2019-07-10,0.00046480120579417417,216077.61360098392,72011.66559513044,0.33326759026554953,71119.02543191337,0.3291364813165889,72946.92210913889,0.337595926266777,0.0,0.0,0.0,0.0,0.9999999978489155
2019-07-11,0.00046480120579417417,215322.38600490484,71783.09274746018,0.3333749643003911,70976.03679977315,0.32962683591178665,72563.2559928703,0.336998197629193,0.0,0.0,0.0,0.0,0.9999999978413707
2019-07-12,0.00046480120579417417,217005.60700354853,72205.76118832208,0.33273684576795914,71905.56052530918,0.3313534683190622,72894.28482511606,0.3359096837710929,0.0,0.0,0.0,0.0,0.9999999978581143
2019-07-15,0.00046480120579417417,215679.67138276118,71779.56414908971,0.3328063497542351,71387.74650911389,0.33098968507988813,72512.36025975637,0.33620396301082334,0.0,0.0,0.0,0.0,0.9999999978449466
2019-07-16,0.00046480120579417417,215189.80895676784,71580.12258341516,0.33263713988331006,71253.14880128909,0.33111767302885625,72356.5371072624,0.33624518492787453,0.0,0.0,0.0,0.0,0.9999999978400408
2019-07-17,0.00046480120579417417,214475.02483284616,71295.60202212032,0.33241913401192263,70819.78031892444,0.33020059269893426,72359.64202700018,0.3373802711219854,0.0,0.0,0.0,0.0,0.9999999978328422
2019-07-18,0.00046480120579417417,214995.59191461504,71420.44605357797,0.33219493208001405,71060.73153119082,0.33052180697459327,72514.41386504505,0.33728325878348225,0.0,0.0,0.0,0.0,0.9999999978380896
2019-07-19,0.00046480120579417417,212682.49762780213,70539.74145767669,0.33166688488453994,70647.80889736574,0.3321750011653548,71494.94680795848,0.33615811176468224,0.0,0.0,0.0,0.0,0.999999997814577
2019-07-22,0.00046480120579417417,213743.01406688715,71030.29196714549,0.33231632049933474,70934.09141930101,0.3318662447470841,71778.63021563945,0.33581743257900154,0.0,0.0,0.0,0.0,0.9999999978254204
2019-07-23,0.00046480120579417417,215336.3962005353,71590.07409052264,0.33245691556876106,71676.6808855778,0.3328591085866776,72069.64075963365,0.33468397368607256,0.0,0.0,0.0,0.0,0.9999999978415112
2019-07-24,0.00046480120579417417,217209.7840082577,72176.45457726101,0.3322891503566758,72767.52629671717,0.33501035245240496,72265.8026694783,0.3327004950510469,0.0,0.0,0.0,0.0,0.9999999978601276
2019-07-25,0.00046480120579417417,216327.47144008218,71809.88895204257,0.331949929770858,72246.13391713877,0.3339665250843988,72271.44810609965,0.33408354299614323,0.0,0.0,0.0,0.0,0.9999999978513999
2019-07-26,0.00046480120579417417,218485.17472708883,72581.55974825149,0.33220359156594287,72772.92336849296,0.3330794570359022,73130.69114554315,0.33471694927077383,0.0,0.0,0.0,0.0,0.999999997872619
2019-07-29,0.00046480120579417417,218429.82408356678,72536.40653549554,0.33208105550524364,72681.44720371845,0.33274507045297996,73211.96987955159,0.33517387191385634,0.0,0.0,0.0,0.0,0.9999999978720799
2019-07-30,0.00046480120579417417,218060.832381055,72406.06390846522,0.3320452514000209,72619.94843331947,0.333026099370373,73034.81957446909,0.33492864709808523,0.0,0.0,0.0,0.0,0.9999999978684792
2019-07-31,0.00046480120579417417,215090.36954594663,71456.41076824316,0.33221576084083565,71515.54066007017,0.33249066804357014,72118.41765283208,0.3352935689546364,0.0,0.0,0.0,0.0,0.9999999978390423
2019-08-01,0.00046480120579417417,213859.30332703644,70969.65434710293,0.3318520786471244,70703.51106871704,0.3306076002716436,72186.13744641528,0.33754031890783487,0.0,0.0,0.0,0.0,0.9999999978266028
2019-08-02,0.00046480120579417417,209712.6627691927,69415.61356121296,0.3310034436862354,69123.2731107695,0.32960943892475275,71173.77563240906,0.3393871151726402,0.0,0.0,0.0,0.0,0.9999999977836282
2019-08-05,0.00046480120579417417,202269.0212928427,66677.54742399433,0.3296478471978137,66641.7870889444,0.32947105129094983,68949.68631510276,0.34088109921330084,0.0,0.0,0.0,0.0,0.9999999977020643
2019-08-06,0.00046480120579417417,203088.8098490112,67043.78715476356,0.33012053792923435,66658.93748114195,0.3282255557590807,69386.08474830445,0.34165390402302503,0.0,0.0,0.0,0.0,0.9999999977113401
2019-08-07,0.00046480120579417417,204814.06568858036,67569.00094387343,0.32990410456775976,67043.67762894588,0.327339225475294,70201.38665095984,0.34275666768756496,0.0,0.0,0.0,0.0,0.9999999977306187
2019-08-08,0.00046480120579417417,208033.13623621874,68870.46326790283,0.3310552564554013,67924.46254742627,0.326507900502442,71238.20995608842,0.34243684080789144,0.0,0.0,0.0,0.0,0.9999999977657348
2019-08-09,0.00046480120579417417,205831.03637137797,68124.01422260128,0.33097056412661746,66836.3265413368,0.32471452177282434,70870.69514263867,0.3443149118423895,0.0,0.0,0.0,0.0,0.9999999977418312
2019-08-12,0.00046480120579417417,202694.52855817127,67051.94962376961,0.33080295803113596,65658.94038389613,0.323930501977278,69983.63808570431,0.34526653769847426,0.0,0.0,0.0,0.0,0.9999999977068882
2019-08-13,0.00046480120579417417,205285.615922398,68143.48220130535,0.33194474875952795,66561.07981544507,0.32423645230266146,70581.05344084637,0.34381879667364224,0.0,0.0,0.0,0.0,0.9999999977358316
2019-08-14,0.00046480120579417417,201668.00232275052,66814.28140644841,0.33130829202898776,65015.59020551981,0.3223892211788191,69838.13024598107,0.34630248448740897,0.0,0.0,0.0,0.0,0.9999999976952159
2019-08-15,0.00046480120579417417,200990.07156850054,66617.35770888624,0.33144601217867625,64426.861723349975,0.3205474838660988,69945.85167146311,0.34800650164266683,0.0,0.0,0.0,0.0,0.999999997687442
2019-08-16,0.00046480120579417417,204107.99375457625,67708.79026729589,0.3317302229167485,65680.56986135752,0.32179322648349196,70718.63316112162,0.34647654832252767,0.0,0.0,0.0,0.0,0.9999999977227683
2019-08-19,0.00046480120579417417,207092.31968102924,68746.16281680093,0.33195901674521855,66787.85625292004,0.32250281592185076,71558.30014650704,0.34553816508851515,0.0,0.0,0.0,0.0,0.9999999977555845
2019-08-20,0.00046480120579417417,205662.78710948324,68309.65908225774,0.3321439918340382,66171.80192336233,0.3217490283652346,71181.32563906195,0.346106977540711,0.0,0.0,0.0,0.0,0.9999999977399839
2019-08-21,0.00046480120579417417,206803.8304000106,68683.13322812971,0.3321173166632323,66656.02321145343,0.3223152254120435,71464.67349562625,0.3455674556771778,0.0,0.0,0.0,0.0,0.9999999977524535
2019-08-22,0.00046480120579417417,207685.9702067093,68899.43736955541,0.33174815468266816,66969.26546437798,0.32245445081207774,71817.26690797467,0.345797392267254,0.0,0.0,0.0,0.0,0.999999997762
2019-08-23,0.00046480120579417417,202281.70792116696,66888.97905126623,0.3306724060157438,64992.177379548884,0.32129537587688145,70400.55102555062,0.34803221580958305,0.0,0.0,0.0,0.0,0.9999999977022084
2019-08-26,0.00046480120579417417,201189.82444512538,66625.3970285564,0.331156892314544,64533.23412481508,0.3207579424197795,70031.1928269527,0.3480851629554145,0.0,0.0,0.0,0.0,0.999999997689738
2019-08-27,0.00046480120579417417,202556.24843686988,67310.79767437883,0.3323066960107004,64540.71697076738,0.3186310838042728,70704.73332692246,0.34906221789034964,0.0,0.0,0.0,0.0,0.9999999977053228
2019-08-28,0.00046480120579417417,203603.27352843917,67593.66887981677,0.33198714199639495,65129.20961403913,0.319882919784892,70880.39456978206,0.3481299359358362,0.0,0.0,0.0,0.0,0.9999999977171231
2019-08-29,0.00046480120579417417,206664.4506868684,68619.0569330614,0.33203125503684655,66358.62827376039,0.3210935797289343,71686.7650152454,0.3468751629851569,0.0,0.0,0.0,0.0,0.9999999977509377
2019-08-30,0.00046480120579417417,207591.76246935403,68811.80891417281,0.3314765870073059,66945.87410723924,0.32248810507171355,71834.07898314077,0.34603530568196494,0.0,0.0,0.0,0.0,0.9999999977609844
2019-09-03,0.00046480120579417417,206351.09614507822,68148.37444281057,0.3302544823648421,66444.0576551008,0.3219951766497344,71758.66358236564,0.3477503387329459,0.0,0.0,0.0,0.0,0.9999999977475225
2019-09-04,0.00046480120579417417,208083.45458489392,68701.7269461373,0.33016429433657046,67242.35065166859,0.3231508761031024,72139.37652228681,0.34668482732660216,0.0,0.0,0.0,0.0,0.999999997766275
2019-09-05,0.00046480120579417417,211595.57744389802,70112.28460218133,0.33135042541600734,68870.16365397522,0.3254801659180958,72613.12872294025,0.3431694064692479,0.0,0.0,0.0,0.0,0.999999997803351
2019-09-06,0.00046480120579417417,213596.94894561247,70696.08249563111,0.3309788966771816,69584.88131797731,0.325776569662966,73315.98466720285,0.3432445314837857,0.0,0.0,0.0,0.0,0.9999999978239333
2019-09-09,0.00046480120579417417,213837.77630008565,70468.00297833177,0.3295395425335965,70740.72659546055,0.3308149187643428,72629.04626149211,0.33964553652844465,0.0,0.0,0.0,0.0,0.999999997826384
2019-09-10,0.00046480120579417417,214953.70414405788,70657.70210820703,0.3287112561728808,72002.891897377,0.3349693004086221,72293.10967367263,0.3363194412561654,0.0,0.0,0.0,0.0,0.9999999978376682
2019-09-11,0.00046480120579417417,216806.1019443894,71212.7256949885,0.3284627372399994,72883.95017014578,0.3361711202613682,72709.42561445392,0.3353661403547758,0.0,0.0,0.0,0.0,0.9999999978561434
2019-09-12,0.00046480120579417417,218006.12852153118,71721.37627793968,0.3289878902228025,72970.70552074618,0.33471859720466207,73314.0462580441,0.33629351044047967,0.0,0.0,0.0,0.0,0.9999999978679442
2019-09-13,0.00046480120579417417,217923.54651007158,71709.11840104822,0.3290563114882774,73127.239439046,0.3355637360447708,73087.18820517615,0.33537995033408813,0.0,0.0,0.0,0.0,0.9999999978671363
2019-09-16,0.00046480120579417417,216275.97997206543,71115.39718229022,0.3288178242978051,72487.97044705621,0.33516422145639513,72672.61187791778,0.3360179520966882,0.0,0.0,0.0,0.0,0.9999999978508884
2019-09-17,0.00046480120579417417,217766.6447084553,71653.1046049779,0.32903617861636547,72555.64400701507,0.3331807040704151,73557.89563166114,0.33778311517881915,0.0,0.0,0.0,0.0,0.9999999978655996
2019-09-18,0.00046480120579417417,217388.03546399157,71642.43722719753,0.32956016679705663,72169.3797137313,0.3319841386840515,73576.21805826153,0.338455692380774,0.0,0.0,0.0,0.0,0.9999999978618823
2019-09-19,0.00046480120579417417,217962.3114009527,71758.73708455634,0.32922543637625734,72282.51220662796,0.3316284899991752,73921.06164496718,0.3391460714920831,0.0,0.0,0.0,0.0,0.9999999978675157
2019-09-20,0.00046480120579417417,216444.64673526306,71105.79012466902,0.32851720380795396,71862.5717164556,0.3320136247322017,73476.28442933725,0.3394691693124075,0.0,0.0,0.0,0.0,0.9999999978525631
2019-09-23,0.00046480120579417417,215869.17448392813,71002.6300134053,0.3289150949094475,71552.25407249547,0.33146119284308784,73314.28993322614,0.33962371009430314,0.0,0.0,0.0,0.0,0.9999999978468385
2019-09-24,0.00046480120579417417,214358.4520576583,70484.4528957848,0.32881583263544856,70703.44217363228,0.3298374358227518,73170.55652343998,0.3413467293734633,0.0,0.0,0.0,0.0,0.9999999978316637
2019-09-25,0.00046480120579417417,214571.52067943613,70609.07851094192,0.329070131429184,71018.77431619348,0.3309794985434882,72943.66738749952,0.33995036786114463,0.0,0.0,0.0,0.0,0.9999999978338169
2019-09-26,0.00046480120579417417,215236.67881485762,70781.13668969387,0.32885257791297934,71014.39575738987,0.32993631080172475,73441.14590297268,0.34121110912580715,0.0,0.0,0.0,0.0,0.9999999978405112
2019-09-27,0.00046480120579417417,214339.7210836274,70508.35807086727,0.3289560969586105,70736.10287312848,0.3300186382417185,73095.25967483045,0.34102526263114524,0.0,0.0,0.0,0.0,0.9999999978314742
2019-09-30,0.00046480120579417417,215833.8770263209,71077.50949103733,0.3293158167305193,71189.27450502683,0.3298336456067335,73567.09256545553,0.3408505355092335,0.0,0.0,0.0,0.0,0.9999999978464863
2019-10-01,0.0003281717068830403,213333.49618470232,71091.60083280518,0.33324162451851763,70707.77145516906,0.3314424256842951,71534.12356855637,0.33531594825888356,0.0,0.0,0.0,0.0,0.9999999984616963
2019-10-02,0.0003281717068830403,209011.40712451364,69653.5175449569,0.3332522301209257,69030.89950964833,0.33027335904458455,70326.98974173669,0.3364744092643759,0.0,0.0,0.0,0.0,0.9999999984298862
2019-10-03,0.0003281717068830403,209358.57302399166,69900.60172138871,0.33387981543692685,69036.93980133785,0.32975453932534443,70421.03117309339,0.3363656436702185,0.0,0.0,0.0,0.0,0.9999999984324898
2019-10-04,0.0003281717068830403,211486.37320066025,70712.98157618585,0.33436188112740817,69539.17464293924,0.3288116089491961,71234.21665336346,0.3368265083716565,0.0,0.0,0.0,0.0,0.9999999984482607
2019-10-07,0.0003281717068830403,210377.7968959575,70317.7928362825,0.33424531425746523,69256.27708720508,0.3291995548439735,70803.7266442982,0.33655512933864523,0.0,0.0,0.0,0.0,0.9999999984400839
2019-10-08,0.0003281717068830403,208159.99163430242,69478.5139081024,0.3337745806127959,68336.64551182579,0.32828904812736687,70344.83188620252,0.33793636968330126,0.0,0.0,0.0,0.0,0.9999999984234641
2019-10-09,0.0003281717068830403,209332.36848284234,69930.79444682907,0.33406584444469634,68767.9789526656,0.32851096775462163,70633.59475517596,0.3374231862329755,0.0,0.0,0.0,0.0,0.9999999984322936
2019-10-10,0.0003281717068830403,211256.48902644851,70544.09885483304,0.3339263053169514,69611.78574360654,0.32951312437504066,71100.60409983722,0.33656056875458007,0.0,0.0,0.0,0.0,0.9999999984465722
2019-10-11,0.0003281717068830403,214932.96972010517,72056.31293002878,0.33525016205686625,71231.7200470032,0.3314136502173871,71644.93641490147,0.3333361861988905,0.0,0.0,0.0,0.0,0.9999999984731439
2019-10-14,0.0003281717068830403,215931.12652701332,72450.86416787966,0.33552765334559553,71552.44585158533,0.3313669826227393,71927.81617937663,0.3331053625118672,0.0,0.0,0.0,0.0,0.9999999984802019
2019-10-15,0.0003281717068830403,217580.4669547648,73028.68491718828,0.33563989423908636,72490.44543944277,0.33316614516924264,72061.33626996202,0.3311939590833935,0.0,0.0,0.0,0.0,0.9999999984917226
2019-10-16,0.0003281717068830403,218038.16560605896,73145.10986828603,0.33546929577659884,72512.50268968235,0.3325679359305128,72380.55271991888,0.33196276678777714,0.0,0.0,0.0,0.0,0.9999999984948887
2019-10-17,0.0003281717068830403,218217.91574681207,73286.09529534129,0.3358390398172975,72463.3071832713,0.3320685514536169,72468.51294002775,0.332092407225214,0.0,0.0,0.0,0.0,0.9999999984961285
2019-10-18,0.0003281717068830403,217646.1609763874,72829.89852010022,0.3346252384759573,72355.23907416817,0.33244436175475683,72461.0230539473,0.33293039826146376,0.0,0.0,0.0,0.0,0.9999999984921778
2019-10-21,0.0003281717068830403,218531.35249951764,73198.49737033714,0.3349565018159063,72829.21318581192,0.3332666564902749,72503.64161519687,0.3317768401921043,0.0,0.0,0.0,0.0,0.9999999984982855
2019-10-22,0.0003281717068830403,218511.7887471709,73101.71585720014,0.33454357898183007,73399.40386521528,0.33590592199188885,72010.66869658379,0.32955049752443216,0.0,0.0,0.0,0.0,0.999999998498151
2019-10-23,0.0003281717068830403,218450.35259896022,73061.4018797006,0.33445311948674034,73354.8347267083,0.3357963667899223,72034.11566437963,0.3297505122210661,0.0,0.0,0.0,0.0,0.9999999984977287
2019-10-24,0.0003281717068830403,218948.29357276604,73528.84375265354,0.3358274346550991,73268.45526023635,0.33463816531589485,72150.99423170443,0.3295343985301512,0.0,0.0,0.0,0.0,0.9999999985011452
2019-10-25,0.0003281717068830403,220032.50146669717,73880.38035925952,0.3357703060538155,74319.1020098449,0.337764200808731,71833.01876942105,0.32646549164598426,0.0,0.0,0.0,0.0,0.9999999985085307
2019-10-28,0.0003281717068830403,221381.1986035455,74335.96260943296,0.33578263681982995,75138.865104073,0.3394094240072907,71906.3705618678,0.3248079376904964,0.0,0.0,0.0,0.0,0.9999999985176171
2019-10-29,0.0003281717068830403,221943.35804805558,74375.34326628274,0.33510956993891594,75271.25146156258,0.3391462223675318,72296.76299203855,0.3257442062149241,0.0,0.0,0.0,0.0,0.9999999985213718
2019-10-30,0.0003281717068830403,222044.99854184123,74431.67314416228,0.3352098612125987,74979.4387207057,0.33767677368592874,72633.88634880153,0.32711336362352117,0.0,0.0,0.0,0.0,0.9999999985220487
2019-10-31,0.0003281717068830403,220997.87146747787,74083.33111148397,0.33522192145812635,74461.97977845826,0.33693528034461684,72452.56024936392,0.32784279671230254,0.0,0.0,0.0,0.0,0.9999999985150458
2019-11-01,0.0003281717068830403,221377.32988695317,74290.88063738807,0.3355848617169828,75128.27909799802,0.3393675365782144,71958.1698233954,0.32504760022239404,0.0,0.0,0.0,0.0,0.9999999985175911
2019-11-04,0.0003281717068830403,222608.5656675552,74725.87758157792,0.33568284920883923,76293.70549668602,0.34272583028374315,71588.98226111956,0.3215913190332079,0.0,0.0,0.0,0.0,0.9999999985257902
2019-11-05,0.0003281717068830403,223400.22645882587,74982.63939060729,0.33564262928098276,76865.95538426652,0.34407286242582846,71551.63135578034,0.3202845068242031,0.0,0.0,0.0,0.0,0.9999999985310144
2019-11-06,0.0003281717068830403,224645.46765285492,75310.21567760089,0.33524030760316925,77088.22706364859,0.3431550516869238,72247.02458343374,0.32160463924906424,0.0,0.0,0.0,0.0,0.9999999985391572
2019-11-07,0.0003281717068830403,224787.09896407527,75400.74852201475,0.33543183247391367,77338.93853332616,0.3440541689880798,72047.41158056264,0.32051399707808415,0.0,0.0,0.0,0.0,0.9999999985400777
2019-11-08,0.0003281717068830403,225888.65316667655,75808.25797799368,0.3356001149914202,77816.91883465293,0.34449237597266175,72263.47602585824,0.3199075075831151,0.0,0.0,0.0,0.0,0.999999998547197
2019-11-11,0.0003281717068830403,225357.5324138286,75656.79644590088,0.3357189601586992,77605.52327650088,0.3443662275019603,72095.21236325512,0.31991481088311363,0.0,0.0,0.0,0.0,0.9999999985437731
2019-11-12,0.0003281717068830403,225216.94306310627,75678.7413377299,0.33602596815517805,77519.01179333769,0.34419706945234885,72019.18960386697,0.3197769609353371,0.0,0.0,0.0,0.0,0.999999998542864
2019-11-13,0.0003281717068830403,225288.13796775416,75856.9556980797,0.3367108289959644,77024.37628719327,0.3418927289381649,72406.80565430947,0.3213964406091952,0.0,0.0,0.0,0.0,0.9999999985433246
2019-11-14,0.0003281717068830403,225220.74359626893,75878.12191517875,0.3369055651960638,76895.394332246,0.34142234460467286,72447.22702067248,0.321672088742152,0.0,0.0,0.0,0.0,0.9999999985428887
2019-11-15,0.0003281717068830403,226273.42756211292,76243.63670593363,0.33695355891934975,77436.05978214368,0.34222339148014713,72593.7307458639,0.3208230481501706,0.0,0.0,0.0,0.0,0.9999999985496675
2019-11-18,0.0003281717068830403,226884.2776667529,76404.76577451016,0.33675654637794383,77566.16919892655,0.34187547059940204,72913.34236514448,0.32136798157622637,0.0,0.0,0.0,0.0,0.9999999985535722
2019-11-19,0.0003281717068830403,226393.1293444198,76464.94089928205,0.3377529217459301,76949.1303644644,0.33989163269791195,72979.05775250164,0.3223554441065923,0.0,0.0,0.0,0.0,0.9999999985504343
2019-11-20,0.0003281717068830403,224949.5255561059,75960.35351703494,0.3376773226316019,76223.60328323858,0.33884758411827476,72765.56842766066,0.3234750917912552,0.0,0.0,0.0,0.0,0.9999999985411319
2019-11-21,0.0003281717068830403,224618.86005641025,75881.78803386516,0.337824651121497,76299.59211669776,0.33968470901123826,72437.47957767561,0.3224906384062488,0.0,0.0,0.0,0.0,0.9999999985389841
2019-11-22,0.0003281717068830403,225454.88639774383,76144.55360129182,0.3377374286177982,76744.85367527658,0.3404000458871606,72565.47879300374,0.3218625240394431,0.0,0.0,0.0,0.0,0.9999999985444019
2019-11-25,0.0003281717068830403,227350.85194640126,76912.67868127412,0.3382994962315186,77605.93676128,0.3413487835953914,72832.23617567544,0.32035171872963064,0.0,0.0,0.0,0.0,0.9999999985565406
2019-11-26,0.0003281717068830403,228445.07545295314,77357.32775296434,0.3386254993660198,77501.12464876012,0.33925495874705774,73586.62272305698,0.32211954045037705,0.0,0.0,0.0,0.0,0.9999999985634547
2019-11-27,0.0003281717068830403,229574.3482404992,77833.08981357754,0.3390321715387843,77867.88035428531,0.33918371521504614,73873.37774446464,0.3217841118166905,0.0,0.0,0.0,0.0,0.999999998570521
2019-11-29,0.0003281717068830403,229577.97387978729,77900.14105313456,0.3393188803640414,77728.7323714603,0.33857225524675544,73949.10012702072,0.3221088629597467,0.0,0.0,0.0,0.0,0.9999999985705436
2019-12-02,0.0003281717068830403,227992.30462706758,77284.62559404601,0.3389790972132253,77256.359503314,0.33885511894659803,73451.31920153588,0.3221657824007786,0.0,0.0,0.0,0.0,0.9999999985606018
2019-12-03,0.0003281717068830403,225306.66486950108,76403.84827826446,0.33911046671663264,75965.81150405298,0.3371662864392086,72937.00475901192,0.32372324538760294,0.0,0.0,0.0,0.0,0.9999999985434443
2019-12-04,0.0003281717068830403,225997.6495493111,76701.50281491569,0.3393907103364805,76255.2291059759,0.33741602737039766,73040.91730024782,0.3231932608410195,0.0,0.0,0.0,0.0,0.9999999985478977
2019-12-05,0.0003281717068830403,226890.93436613405,77047.60134239218,0.33957990237750274,76557.41935919062,0.3374194723692656,73285.91333637956,0.32300062380684647,0.0,0.0,0.0,0.0,0.9999999985536148
2019-12-06,0.0003281717068830403,228390.97014682466,77623.98338167285,0.3398732591387964,77249.94004729234,0.33823552655182043,73517.04638968778,0.32189121287249756,0.0,0.0,0.0,0.0,0.9999999985631144
2019-12-09,0.0003281717068830403,227599.40527545015,77411.57990887934,0.3401220658515899,76915.51768380379,0.3379425248968356,73272.30735459532,0.32193540780969165,0.0,0.0,0.0,0.0,0.999999998558117
2019-12-10,0.0003281717068830403,227253.72969617555,77277.73673999969,0.3400504662489603,76813.19116031301,0.3380062948274054,73162.80146769114,0.32194323747955805,0.0,0.0,0.0,0.0,0.9999999985559238
2019-12-11,0.0003281717068830403,228170.38708695286,77689.61730178422,0.3404894837303216,77206.65682799007,0.3383728178476008,73274.11262900685,0.32113769698380273,0.0,0.0,0.0,0.0,0.9999999985617253
2019-12-12,0.0003281717068830403,229659.45510343224,78115.23726212225,0.34013508055630154,78234.08364449433,0.34065257016855616,73310.13386864397,0.31921234784619307,0.0,0.0,0.0,0.0,0.9999999985710507
2019-12-13,0.0003281717068830403,231154.9173222882,78666.00300013732,0.34031723794331875,78412.94823576338,0.33922249694751666,74075.9657582158,0.32046026368945996,0.0,0.0,0.0,0.0,0.9999999985802953
2019-12-16,0.0003281717068830403,232744.11868300935,79179.6136920074,0.3402002771973272,79148.94244121289,0.34006849620553214,74415.56222161735,0.31973122518712993,0.0,0.0,0.0,0.0,0.9999999985899892
2019-12-17,0.0003281717068830403,233027.0089462581,79243.49439129865,0.34006141498204695,79294.14022069356,0.3402787538631661,74489.3740060942,0.31965982974648793,0.0,0.0,0.0,0.0,0.999999998591701
2019-12-18,0.0003281717068830403,233078.50942152174,79279.42243427243,0.3401404214873189,79384.92399066982,0.3405930653482189,74414.1626684078,0.31926651175647436,0.0,0.0,0.0,0.0,0.9999999985920122
2019-12-19,0.0003281717068830403,234054.1261406567,79630.08166226652,0.3402207983909336,79687.70039940956,0.340466975367572,74736.34375080893,0.3193122248393755,0.0,0.0,0.0,0.0,0.9999999985978811
2019-12-20,0.0003281717068830403,235298.18469651748,79959.52686868685,0.3398221153801799,80235.6293222156,0.340995530525243,75103.02817744334,0.31918235269987144,0.0,0.0,0.0,0.0,0.9999999986052943
2019-12-23,0.0003281717068830403,235306.00098881638,80052.26711310666,0.34020495345085305,80392.27070491372,0.34164989574037513,74861.46284262429,0.3181451494141125,0.0,0.0,0.0,0.0,0.9999999986053407
2019-12-24,0.0003281717068830403,235081.70596371626,79942.96142201335,0.34006457922485966,80288.51242092816,0.3415344979388584,74850.23179260305,0.31840092144029203,0.0,0.0,0.0,0.0,0.99999999860401
2019-12-26,0.0003281717068830403,235787.85533733934,80226.52076579389,0.3402487403391265,80502.30238680942,0.34141835792023967,75059.03185656434,0.3183329003488247,0.0,0.0,0.0,0.0,0.9999999986081908
2019-12-27,0.0003281717068830403,236190.321113839,80369.31809122436,0.3402735459785753,80459.64726323275,0.3406559882885837,75361.35543121019,0.3190704643434035,0.0,0.0,0.0,0.0,0.9999999986105624
2019-12-30,0.0003281717068830403,234868.4732857875,79897.31915858826,0.34017898631022037,79928.95965694204,0.34031370212759304,75042.19414208549,0.31950731016492917,0.0,0.0,0.0,0.0,0.9999999986027426
2019-12-31,0.0003281717068830403,234262.45387575403,79641.88986386765,0.3399686486085704,79799.2841257594,0.3406405200898417,74821.27955795528,0.319390829900716,0.0,0.0,0.0,0.0,0.999999998599128
2020-01-02,0.0016516046785000071,235109.14622596043,78622.05280051891,0.33440661098295277,78464.84980065456,0.333737972597812,78022.24197318226,0.3318554093943928,0.0,0.0,0.0,0.0,0.9999999929751576
2020-01-03,0.0016516046785000071,233438.9895100856,77990.58174673756,0.3340940684776568,77500.69460942135,0.3319955024311522,77947.71150232201,0.3339104220160888,0.0,0.0,0.0,0.0,0.9999999929248978
2020-01-06,0.0016516046785000071,232363.1853573106,77758.4938485998,0.3346420549753983,76966.4842949289,0.331233556540274,77638.20556217722,0.33412438137646905,0.0,0.0,0.0,0.0,0.9999999928921413
2020-01-07,0.0016516046785000071,232999.25118678113,77969.08858067023,0.3346323569004401,77394.22660605049,0.332165130196098,77635.93434845572,0.333202505815007,0.0,0.0,0.0,0.0,0.9999999929115451
2020-01-08,0.0016516046785000071,232813.41019071933,78002.95025758767,0.335044919421472,77288.44530036351,0.33197591683850725,77522.01298116347,0.3329791566459076,0.0,0.0,0.0,0.0,0.9999999929058868
2020-01-09,0.0016516046785000071,236271.83804083132,79378.3296382348,0.3359618746628493,78154.12399286663,0.3307805307688021,78739.3827581252,0.33325758757807544,0.0,0.0,0.0,0.0,0.9999999930097269
2020-01-10,0.0016516046785000071,236826.0030762035,79616.05695337875,0.336179540756598,78162.73964100465,0.3300428948921383,79047.20483021541,0.3337775573773476,0.0,0.0,0.0,0.0,0.9999999930260839
2020-01-13,0.0016516046785000071,238339.24506465226,80320.06072983204,0.3369988887396379,78450.0381063614,0.32915283458702294,79569.14457685412,0.33384826974370113,0.0,0.0,0.0,0.0,0.999999993070362
2020-01-14,0.0016516046785000071,239381.98976703038,80515.227515561,0.3363462205068955,79036.36397564241,0.33016838089014805,79830.39662422227,0.33348539170350383,0.0,0.0,0.0,0.0,0.9999999931005474
2020-01-15,0.0016516046785000071,239568.79605170232,80655.95432086338,0.3366713681002792,78629.91381018027,0.32821433803595534,80282.92626905398,0.3351142869696928,0.0,0.0,0.0,0.0,0.9999999931059274
2020-01-16,0.0016516046785000071,241541.2169745998,81332.45268538316,0.33672287365321996,79291.73547400367,0.32827414081606576,80917.02716360829,0.3350029786929385,0.0,0.0,0.0,0.0,0.9999999931622242
2020-01-17,0.0016516046785000071,242829.8076874671,81775.38870904819,0.3367600933666957,79572.90754527877,0.3276900323855327,81481.50978153547,0.3355498674462809,0.0,0.0,0.0,0.0,0.9999999931985093
2020-01-21,0.0016516046785000071,242432.61316071436,81554.92695575589,0.33640245795515633,79192.83079469498,0.3266591477203447,81684.85375865882,0.33693838751186495,0.0,0.0,0.0,0.0,0.9999999931873659
2020-01-22,0.0016516046785000071,242462.17107688464,81405.56555193552,0.33574542861831363,79423.9836268926,0.32757268185026395,81632.62024645184,0.33668188271961885,0.0,0.0,0.0,0.0,0.9999999931881964
2020-01-23,0.0016516046785000071,242231.82949991763,81194.3547581441,0.33519275697899853,79346.52423602676,0.32756440142418913,81690.94885414209,0.3372428347785313,0.0,0.0,0.0,0.0,0.999999993181719
2020-01-24,0.0016516046785000071,240085.93800360645,80224.24136907601,0.33414802231303914,78685.17807765979,0.32773755402733257,81176.51690526596,0.3381144167804054,0.0,0.0,0.0,0.0,0.999999993120777
2020-01-27,0.0016516046785000071,234932.99965613728,78354.32182556904,0.3335177345892376,76529.11152674953,0.325748667231774,80049.56465221402,0.340733591148879,0.0,0.0,0.0,0.0,0.9999999929698906
2020-01-28,0.0016516046785000071,237142.65373363768,79142.89779189686,0.3337353974320933,77386.86484380004,0.3263304328656209,80612.88944633608,0.3399341627376816,0.0,0.0,0.0,0.0,0.999999993035396
2020-01-29,0.0016516046785000071,236609.57141127676,79405.37989397532,0.33559665156551177,76708.89773670907,0.3242003156473033,80495.29212898768,0.34020302580688966,0.0,0.0,0.0,0.0,0.9999999930197047
2020-01-30,0.0016516046785000071,237078.82903897407,79408.21003596003,0.3349443320512853,76650.53279288812,0.32331243200246834,81020.08455852124,0.3417432289797674,0.0,0.0,0.0,0.0,0.9999999930335209
2020-01-31,0.0016516046785000071,232605.9510965489,77527.24536406598,0.33329863229460693,75128.73806129569,0.3229871708231215,79949.96601958254,0.34371418978183116,0.0,0.0,0.0,0.0,0.9999999928995597
2020-02-03,0.0016516046785000071,233069.4810023423,77936.95524895504,0.33439365340231647,75126.71270403573,0.32233612217672,80005.81139774685,0.3432702173346445,0.0,0.0,0.0,0.0,0.999999992913681
2020-02-04,0.0016516046785000071,236634.98461313636,79258.32642370446,0.33493917458266054,76647.23185186165,0.32390490348317974,80729.42468596557,0.3411559149546141,0.0,0.0,0.0,0.0,0.9999999930204543
2020-02-05,0.0016516046785000071,241712.95016062676,80838.81724831767,0.33444139916623183,78889.65281458157,0.3263774355579898,81984.47844612281,0.3391811584428606,0.0,0.0,0.0,0.0,0.9999999931670823
2020-02-06,0.0016516046785000071,243004.56012378001,81398.31029280141,0.3349661843849321,79250.76077509626,0.32612869789245125,82355.48740427766,0.3389051109260171,0.0,0.0,0.0,0.0,0.9999999932034004
2020-02-07,0.0016516046785000071,241957.41496837567,80973.83970911776,0.33466153421957,78729.07677822733,0.3253840217648109,82254.49682942589,0.3399544371896051,0.0,0.0,0.0,0.0,0.999999993173986
2020-02-10,0.0016516046785000071,242413.53167039037,81125.1464274637,0.3346560147383585,78795.79260486284,0.32504700567624034,82492.59098645912,0.34029697277223075,0.0,0.0,0.0,0.0,0.9999999931868296
2020-02-11,0.0016516046785000071,243596.0025493326,81362.7277930981,0.33400682663756226,79505.59811499667,0.32638301648195295,82727.67498963312,0.3396101501003871,0.0,0.0,0.0,0.0,0.9999999932199023
2020-02-12,0.0016516046785000071,245062.98709283822,81911.05192622836,0.3342448931106747,80246.0999514928,0.3274509174292111,82905.83356351237,0.3383041827206032,0.0,0.0,0.0,0.0,0.999999993260489
2020-02-13,0.0016516046785000071,244946.3641682083,81718.33090067787,0.33361724383286084,79923.4514034018,0.3262896008879609,83304.58021252393,0.34009314853645856,0.0,0.0,0.0,0.0,0.9999999932572803
2020-02-14,0.0016516046785000071,244758.27829948073,81808.68899541472,0.3342427866538408,79315.59194394462,0.3240568306617022,83633.99570851671,0.3417003759365558,0.0,0.0,0.0,0.0,0.9999999932520988
2020-02-18,0.0016516046785000071,244149.89154154074,81636.27754449543,0.3343695015756559,78884.85010108683,0.3231000825067539,83628.76224435378,0.3425304091528741,0.0,0.0,0.0,0.0,0.999999993235284
2020-02-19,0.0016516046785000071,245006.44798770343,81975.52124278694,0.33458515853795484,79370.43351163575,0.3239524272259939,83660.49158167605,0.341462407494985,0.0,0.0,0.0,0.0,0.9999999932589337
2020-02-20,0.0016516046785000071,247318.88871224623,82685.68068355786,0.33432820725537893,80160.4276938964,0.3241176931987693,84472.77868318727,0.34155409286781463,0.0,0.0,0.0,0.0,0.999999993321963
2020-02-21,0.0016516046785000071,247111.75862059064,82436.21100997645,0.3335989006356715,79882.50660245538,0.32326469225248416,84793.03935655412,0.3431364004282098,0.0,0.0,0.0,0.0,0.9999999933163655
2020-02-24,0.0016516046785000071,238839.29055677346,79308.87360229495,0.3320595762004358,76746.21526980554,0.32132994153054784,82784.20003306828,0.34661047535388656,0.0,0.0,0.0,0.0,0.9999999930848702
2020-02-25,0.0016516046785000071,230124.89555084702,76403.21350562641,0.3320075966693695,73518.12089850438,0.31947052370203144,80203.55949511155,0.3485218724516064,0.0,0.0,0.0,0.0,0.9999999928230073
2020-02-26,0.0016516046785000071,227730.9307231535,75845.28180945145,0.3330477839290727,72372.61599854128,0.3177987977685946,79513.03126355607,0.34915341104989367,0.0,0.0,0.0,0.0,0.999999992747561
2020-02-27,0.0016516046785000071,218082.60677303156,72670.52700668792,0.33322477240158555,69380.17428301097,0.3181371284470112,76031.90383172799,0.34863809157810477,0.0,0.0,0.0,0.0,0.9999999924267015
2020-02-28,0.0016516046785000071,213439.0677341442,71577.06860046512,0.33535129889913223,68377.31043347488,0.32035986269694733,73484.6870485995,0.34428883066585864,0.0,0.0,0.0,0.0,0.9999999922619383
2020-03-02,0.0016516046785000071,219399.74074445915,73407.30045700933,0.3345824393772134,69830.13653476958,0.3182781178219469,76162.30210107555,0.34713943527300634,0.0,0.0,0.0,0.0,0.9999999924721666
2020-03-03,0.0016516046785000071,215190.6812050315,71727.8651125404,0.3333223572269787,68070.74292895704,0.316327559110703,75392.07151192937,0.35035007598724305,0.0,0.0,0.0,0.0,0.9999999923249246
2020-03-04,0.0016516046785000071,221064.0981852746,73527.29853714889,0.33260624018435325,69804.26614385287,0.31576482439654074,77732.53185266815,0.3516289279479486,0.0,0.0,0.0,0.0,0.9999999925288425
2020-03-05,0.0016516046785000071,215670.63920618943,71635.64274131936,0.3321529671585613,67769.05969397463,0.3142247824896777,76265.93511929075,0.3536222426937659,0.0,0.0,0.0,0.0,0.999999992342005
2020-03-06,0.0016516046785000071,209852.91623484596,69651.69032485578,0.3319071832526202,65621.43371962877,0.3127020338673395,74579.79053875672,0.3553907750097436,0.0,0.0,0.0,0.0,0.9999999921297035
2020-03-09,0.0016516046785000071,190019.96413438945,63341.540705825355,0.33334150437491805,58130.79752715245,0.3059194216352978,68547.62424980695,0.3607390652980411,0.0,0.0,0.0,0.0,0.999999991308257
2020-03-10,0.0016516046785000071,196980.16986591552,66088.04287603465,0.3355060710985314,60701.428695750474,0.3081600992479089,70190.6966425257,0.3563338212689355,0.0,0.0,0.0,0.0,0.9999999916153759
2020-03-11,0.0016516046785000071,190822.38468196176,64004.58436229539,0.33541444557969446,58437.10859265037,0.3062382261391704,68380.6900754113,0.3583473196259414,0.0,0.0,0.0,0.0,0.9999999913448063
2020-03-12,0.0016516046785000071,171005.93386560213,57747.530897179066,0.33769314076881274,51579.62469897362,0.30162476548627454,61678.77661784475,0.36068208408674085,0.0,0.0,0.0,0.0,0.9999999903418282
2020-03-13,0.0016516046785000071,185571.69605945869,63015.912429852,0.33957717565754847,56734.19857861823,0.3057265724425999,65821.58339938376,0.35469624299976216,0.0,0.0,0.0,0.0,0.9999999910999106
2020-03-16,0.0016516046785000071,168605.43828538034,57724.2857275783,0.3423631308373019,50519.81422255165,0.2996333613927813,60361.3366836457,0.3580034979742382,0.0,0.0,0.0,0.0,0.9999999902043214
2020-03-17,0.0016516046785000071,176167.82728537483,59949.00295721735,0.3402948420321139,53000.76654038235,0.30085383555605894,63218.05613617043,0.3588513130366494,0.0,0.0,0.0,0.0,0.9999999906248223
2020-03-18,0.0016516046785000071,170058.928630277,58020.8566710181,0.3411808902851583,51052.04006711369,0.3002020563007621,60986.03024054051,0.3586170437021245,0.0,0.0,0.0,0.0,0.9999999902880449
2020-03-19,0.0016516046785000071,170313.3642714591,58567.38094175727,0.3438801246883238,51268.2720193394,0.30102318886510815,60477.709658757754,0.3550966767491219,0.0,0.0,0.0,0.0,0.9999999903025538
2020-03-20,0.0016516046785000071,166051.06164780943,56928.308413314764,0.34283616044598636,50271.29240614624,0.3027459861278726,58851.45917674373,0.3544178434797746,0.0,0.0,0.0,0.0,0.9999999900536337
2020-03-23,0.0016516046785000071,159481.58235571915,54324.38151390614,0.3406310666816507,48846.26938916045,0.306281569743961,56310.92980104788,0.3530873532183042,0.0,0.0,0.0,0.0,0.9999999896439158
2020-03-24,0.0016516046785000071,175469.99785489295,60152.51684967682,0.3428079876049276,53923.498623393825,0.3073089376110127,61393.980730217605,0.34988306537159763,0.0,0.0,0.0,0.0,0.999999990587538
2020-03-25,0.0016516046785000071,179074.6109964325,61596.30188085692,0.34397004431903544,54842.20300006187,0.3062533694469644,62636.104463909,0.3497765770110026,0.0,0.0,0.0,0.0,0.9999999907770025
2020-03-26,0.0016516046785000071,190019.19707420006,64911.147266548855,0.34160310256022125,58253.381074924095,0.3065657679427879,66854.66708112242,0.3518311208052128,0.0,0.0,0.0,0.0,0.9999999913082219
2020-03-27,0.0016516046785000071,181466.50882603833,61891.00221326915,0.3410601912918298,55155.14032593951,0.30394115521786785,64420.364635224985,0.3549986443888726,0.0,0.0,0.0,0.0,0.9999999908985702
2020-03-30,0.0016516046785000071,184492.72735274042,63205.751942379444,0.3425921056580911,55834.783090574856,0.30263948011252323,65452.190668181436,0.35476840527724585,0.0,0.0,0.0,0.0,0.9999999910478602
2020-03-31,0.0016516046785000071,181721.568564491,62484.590817252785,0.34384796098145987,55022.71834978704,0.3027858431139399,64214.25774584648,0.353366186815945,0.0,0.0,0.0,0.0,0.9999999909113447
2020-04-01,0.0028051231529389042,172669.16857110005,57480.225366435385,0.33289223456686035,57227.62059716858,0.3314292937804003,57961.31980237292,0.33567845540708774,0.0,0.0,0.0,0.0,0.9999999837543484
2020-04-02,0.0028051231529389042,175695.6257698933,58697.30700809699,0.3340851927922909,57880.86607311508,0.3294382874899859,59117.449883558045,0.3364765037519121,0.0,0.0,0.0,0.0,0.999999984034189
2020-04-03,0.0028051231529389042,174134.81247439887,58189.921928280266,0.33416593213855666,57258.15484155094,0.3288150946265783,58686.73289944451,0.3370189571259485,0.0,0.0,0.0,0.0,0.9999999838910835
2020-04-06,0.0028051231529389042,187183.20737378043,62483.90862994399,0.3338115074883388,61913.36594277675,0.33076346330119155,62785.929995936545,0.3354250142244931,0.0,0.0,0.0,0.0,0.9999999850140234
2020-04-07,0.0028051231529389042,188747.4644956602,62914.299941925536,0.3333252719978768,62905.40799033184,0.33327816168772,62927.75375827967,0.33339655145262387,0.0,0.0,0.0,0.0,0.9999999851382206
2020-04-08,0.0028051231529389042,194886.72565335242,64741.237774833266,0.3321993201835068,65184.63390264663,0.33447446809995357,64960.85117074935,0.33332619732293145,0.0,0.0,0.0,0.0,0.9999999856063918
2020-04-09,0.0028051231529389042,198953.8072716657,65570.1182859456,0.3295745840963551,66497.06123781076,0.33423367036656376,66886.62494278616,0.3361917314377121,0.0,0.0,0.0,0.0,0.9999999859006309
2020-04-13,0.0028051231529389042,194477.2032078966,64173.15822695236,0.3299777926071422,65160.4317733893,0.3350543441522688,65143.61040243176,0.3349678488166713,0.0,0.0,0.0,0.0,0.9999999855760824
2020-04-14,0.0028051231529389042,198523.12765079073,65758.75247891918,0.33123975658186877,66195.07587272003,0.3334376032457011,66569.29649402836,0.33532262604247365,0.0,0.0,0.0,0.0,0.9999999858700435
2020-04-15,0.0028051231529389042,192121.80039355013,63930.04222784202,0.33275787597703704,63566.61579840604,0.3308662300071808,64625.13956217891,0.33637587941502806,0.0,0.0,0.0,0.0,0.999999985399246
2020-04-16,0.0028051231529389042,193313.20548795437,64364.817734274555,0.33295613495108706,63683.424786572345,0.329431321703165,65264.96016198432,0.33761252883497955,0.0,0.0,0.0,0.0,0.9999999854892315
2020-04-17,0.0028051231529389042,199927.39305537054,66431.13443143149,0.33227629999173336,66122.73314788198,0.3307337335688115,67373.52267093389,0.3369899524087456,0.0,0.0,0.0,0.0,0.9999999859692905
2020-04-20,0.0028051231529389042,195214.12870164047,65053.61705783487,0.3332423605325253,64422.703881813155,0.33001045728752,65737.8049568693,0.3367471678104868,0.0,0.0,0.0,0.0,0.999999985630532
2020-04-21,0.0028051231529389042,189445.98020805282,63125.750095631825,0.33321240190109097,62225.88836026485,0.32846243711229617,64094.338947032986,0.33832514617963116,0.0,0.0,0.0,0.0,0.9999999851930182
2020-04-22,0.0028051231529389042,193300.741822051,64609.80644191382,0.3342449999565567,63402.782169454775,0.32800071832017164,65288.150405559245,0.33775426721156754,0.0,0.0,0.0,0.0,0.9999999854882959
2020-04-23,0.0028051231529389042,193109.14881732297,64598.167980667306,0.33451635189887224,63659.46703416549,0.3296553654968774,64851.510997367004,0.3358282680781485,0.0,0.0,0.0,0.0,0.9999999854738981
2020-04-24,0.0028051231529389042,195397.22591505048,65533.610771311534,0.3353865975548827,64507.598553909214,0.3301356928268474,65356.013784706585,0.33447769526226695,0.0,0.0,0.0,0.0,0.999999985643997
2020-04-27,0.0028051231529389042,198844.0891228721,66553.84293970924,0.33470365266217944,66000.94980459104,0.3319231167279353,66289.29357344865,0.3333732165027364,0.0,0.0,0.0,0.0,0.9999999858928511
2020-04-28,0.0028051231529389042,199187.18568488795,66429.94326050917,0.33350510491975444,66609.82550831368,0.3344081863463332,66147.41411094194,0.33208669465106283,0.0,0.0,0.0,0.0,0.9999999859171504
2020-04-29,0.0028051231529389042,203048.67686012527,67828.63927531338,0.3340511266765786,68775.26637922002,0.33871319647454506,66444.7684004687,0.3272356630338483,0.0,0.0,0.0,0.0,0.999999986184972
2020-04-30,0.0028051231529389042,198896.34115094002,66783.89030272637,0.33577234209675527,66745.16536227809,0.3355776429875399,65367.28268081239,0.32865000081226203,0.0,0.0,0.0,0.0,0.9999999858965573
2020-05-01,0.0028051231529389042,194539.32417509,65596.55344950772,0.3371891710206069,64509.08479901227,0.3315992027450068,64433.68312144685,0.33121161181507447,0.0,0.0,0.0,0.0,0.9999999855806883
2020-05-04,0.0028051231529389042,193846.03238607798,65467.845795797075,0.33773116214938315,64084.6773565167,0.3305957649361683,64293.506428641034,0.33167305844356604,0.0,0.0,0.0,0.0,0.9999999855291175
2020-05-05,0.0028051231529389042,195327.7429372736,66067.09126641814,0.33823710996156103,64327.32324135642,0.32933019280325226,64933.32562437589,0.3324326828740769,0.0,0.0,0.0,0.0,0.9999999856388901
2020-05-06,0.0028051231529389042,192962.56654084942,65578.27292468189,0.33984971334219494,63417.74825427464,0.32865311335320235,63966.542556769724,0.3314971587674662,0.0,0.0,0.0,0.0,0.9999999854628635
2020-05-07,0.0028051231529389042,194727.916653747,66155.8821662865,0.3397349661164441,64012.77385763192,0.3287293109156785,64559.25782470542,0.3315357085625306,0.0,0.0,0.0,0.0,0.9999999855946532
2020-05-08,0.0028051231529389042,199024.59719155903,67366.22008363678,0.3384818813063469,66102.74446205846,0.3321335422597805,65555.62984074061,0.3293845623395184,0.0,0.0,0.0,0.0,0.9999999859056459
2020-05-11,0.0028051231529389042,199370.98486794182,67831.33232633726,0.34022670034592534,65838.61794922443,0.3302316934073141,65701.03178725696,0.3295415921768938,0.0,0.0,0.0,0.0,0.9999999859301334
2020-05-12,0.0028051231529389042,196233.47115598683,66738.47922970967,0.3400973281294044,64524.08583532978,0.3288128444919537,64970.90328582422,0.33108981308381674,0.0,0.0,0.0,0.0,0.9999999857051748
2020-05-13,0.0028051231529389042,191436.19229330812,65440.282091128494,0.3418386111172983,62206.55458211123,0.3249466772030324,63789.352814945225,0.33321469702662415,0.0,0.0,0.0,0.0,0.9999999853469549
2020-05-14,0.0028051231529389042,193826.58677241646,66102.80888840048,0.34104097889324025,63445.99478279888,0.3273338082215453,64277.78029609393,0.33162519841288013,0.0,0.0,0.0,0.0,0.9999999855276657
2020-05-15,0.0028051231529389042,195093.10119647905,66872.49489148248,0.3427722173739753,63404.54851631979,0.32499636392813713,64816.05498355361,0.3322314043195054,0.0,0.0,0.0,0.0,0.9999999856216178
2020-05-18,0.0028051231529389042,201992.7088824566,68841.33986099262,0.3408110136344214,66649.58055652758,0.32996032839636924,66501.78565981322,0.3292286440819598,0.0,0.0,0.0,0.0,0.9999999861127504
2020-05-19,0.0028051231529389042,199869.5430580164,68146.60629998973,0.34095543151468916,65882.9196398106,0.32962961055395357,65840.0143130929,0.32941494389658676,0.0,0.0,0.0,0.0,0.9999999859652295
2020-05-20,0.0028051231529389042,203768.54138308292,69509.96181749755,0.34112214449638467,67573.61518871438,0.3316194675098382,66684.96157174783,0.32725837422755427,0.0,0.0,0.0,0.0,0.9999999862337771
2020-05-21,0.0028051231529389042,201982.93630692572,68953.94766964467,0.3413850146473008,66926.19421221057,0.33134578314334445,66102.79161994734,0.3272691883214333,0.0,0.0,0.0,0.0,0.9999999861120785
2020-05-22,0.0028051231529389042,202281.57836616307,69112.958091089,0.3416670892590285,66806.63746818845,0.3302655536296904,66361.98000176247,0.3280673432438634,0.0,0.0,0.0,0.0,0.9999999861325822
2020-05-26,0.0028051231529389042,206540.75238690875,70260.99849975244,0.3401798322499276,69134.32655432585,0.3347248702997744,67145.42452770728,0.32509528386884673,0.0,0.0,0.0,0.0,0.9999999864185487
2020-05-27,0.0028051231529389042,210128.0647576328,70932.33943658936,0.3375671856037154,71335.6892421926,0.3394867283647858,67860.03327372765,0.3229460726819104,0.0,0.0,0.0,0.0,0.9999999866504117
2020-05-28,0.0028051231529389042,209467.42607520998,70927.15070267882,0.3386070666529897,69871.02415630384,0.3335651058757767,68669.24841110417,0.32782781407954215,0.0,0.0,0.0,0.0,0.9999999866083085
2020-05-29,0.0028051231529389042,209790.16299062438,71217.9214431287,0.33947216794102714,69722.39324150818,0.3323434819230495,68849.84550086434,0.3281843367648333,0.0,0.0,0.0,0.0,0.99999998662891
2020-06-01,0.0028051231529389042,210678.00223886815,71498.22140985311,0.33937203053970455,70053.57607551296,0.3325149058328631,69126.20194837892,0.3281130503126907,0.0,0.0,0.0,0.0,0.9999999866852584
2020-06-02,0.0028051231529389042,211850.99843358708,71947.32231731883,0.33961285455009793,70690.3713712058,0.33367967058869646,69213.30193993931,0.3267074616201863,0.0,0.0,0.0,0.0,0.9999999867589807
2020-06-03,0.0028051231529389042,217744.32066959175,73877.11304449997,0.3392837655527288,73232.4860309436,0.3363232887348993,70634.718789025,0.32439293282972514,0.0,0.0,0.0,0.0,0.9999999871173533
2020-06-04,0.0028051231529389042,218175.38129714085,73585.90101084409,0.33727866349239843,74374.49268151075,0.34089314861889697,70214.98479966287,0.32182817503151084,0.0,0.0,0.0,0.0,0.9999999871428061
2020-06-05,0.0028051231529389042,224305.584155647,75536.4190641653,0.33675674793611077,77006.70992626206,0.343311604194511,71762.45236009647,0.31993163536356756,0.0,0.0,0.0,0.0,0.9999999874941894
2020-06-08,0.0028051231529389042,228407.1042650913,76558.20273434192,0.3351831064128714,79005.76488750495,0.3458988946149861,72843.13383812127,0.31891798669089944,0.0,0.0,0.0,0.0,0.999999987718757
2020-06-09,0.0028051231529389042,222669.34240914683,74948.97235837126,0.33659313647522815,76445.1006962575,0.34331219497559934,71275.26654939489,0.32009465595146536,0.0,0.0,0.0,0.0,0.9999999874022929
2020-06-10,0.0028051231529389042,218876.17763664163,74080.57111311001,0.3384588122517922,74258.36115028626,0.33927109817114615,70537.2425681222,0.3222700767610339,0.0,0.0,0.0,0.0,0.9999999871839723
2020-06-11,0.0028051231529389042,203952.06075774535,69159.58610628928,0.339097265550247,68298.24561206035,0.33487401577758574,66494.22623427254,0.32602870491833136,0.0,0.0,0.0,0.0,0.9999999862461642
2020-06-12,0.0028051231529389042,206152.5617183937,69787.17145748223,0.3385219706986331,69560.52116152883,0.33742254077128153,66804.86629425947,0.3240554749230598,0.0,0.0,0.0,0.0,0.9999999863929745
2020-06-15,0.0028051231529389042,208889.45213964256,70738.30972738158,0.33863993132641773,70544.89688896357,0.3377140212987122,67606.24271817424,0.3236460339461251,0.0,0.0,0.0,0.0,0.9999999865712551
2020-06-16,0.0028051231529389042,212820.05239286256,72161.04311578635,0.33907069519266053,71969.81130776874,0.3381721341507499,68689.1951641843,0.3227571574758618,0.0,0.0,0.0,0.0,0.9999999868192723
2020-06-17,0.0028051231529389042,211306.46415112703,71805.6151114305,0.33981740880428013,71025.44015280038,0.3361252597649013,68475.406081773,0.32405731815567734,0.0,0.0,0.0,0.0,0.9999999867248587
2020-06-18,0.0028051231529389042,210090.3458316272,71408.93144747212,0.33989630111181507,70501.5282879384,0.3355771918450764,68179.88329109352,0.32452649369112346,0.0,0.0,0.0,0.0,0.9999999866480149
2020-06-19,0.0028051231529389042,209058.27485522814,71069.66848163395,0.3399514730084201,70161.48942471656,0.33560732993373765,67827.11414375447,0.3244411836399417,0.0,0.0,0.0,0.0,0.9999999865820993
2020-06-22,0.0028051231529389042,209321.9516206166,71433.32095249245,0.34126053383049393,70027.5352873206,0.3345446320615302,67861.09257568039,0.32419482070697736,0.0,0.0,0.0,0.0,0.9999999865990015
2020-06-23,0.0028051231529389042,209819.53365075975,71872.98687574103,0.3425466906020872,70084.3348870804,0.33402197434932024,67862.20908281516,0.3234313216793742,0.0,0.0,0.0,0.0,0.9999999866307816
2020-06-24,0.0028051231529389042,203383.15285669186,69629.3274948489,0.3423554336573355,67611.82728944706,0.33243573196590087,66141.99526727272,0.32520882058445516,0.0,0.0,0.0,0.0,0.9999999862076916
2020-06-25,0.0028051231529389042,206451.20271750583,70665.87523262571,0.3422885132295413,68626.48086636286,0.3324101771413112,67158.8438133941,0.32530129604180513,0.0,0.0,0.0,0.0,0.9999999864126576
2020-06-26,0.0028051231529389042,202301.9514439741,68917.53583849214,0.34066668831703434,67184.34411049372,0.33209933780149364,66200.06868986506,0.32723396001545063,0.0,0.0,0.0,0.0,0.9999999861339787
2020-06-29,0.0028051231529389042,205611.38499169762,69987.95558252365,0.3403894953839725,68612.66547723947,0.3337007115632725,67010.76112681135,0.3259097794099154,0.0,0.0,0.0,0.0,0.9999999863571604
2020-06-30,0.0028051231529389042,209321.69728506968,71316.27505724962,0.34070178095358106,69954.03704136125,0.3341939127604756,68051.38238133564,0.32510429288492854,0.0,0.0,0.0,0.0,0.9999999865989851
2020-07-01,0.0009231818039552309,210058.28353261214,70347.90687203845,0.33489708517549005,69253.4636712759,0.32968689692508174,70456.912066116,0.33541601350454414,0.0,0.0,0.0,0.0,0.999999995605116
2020-07-02,0.0009231818039552309,209925.9379843791,70369.96734839948,0.33521330438754937,69286.95630652452,0.33005428948794435,70269.0134062733,0.3347324017268515,0.0,0.0,0.0,0.0,0.9999999956023452
2020-07-06,0.0009231818039552309,212733.42494556695,71527.0532144934,0.3362285603815919,70417.5584981669,0.33101313776236596,70788.81230972485,0.3327582975164241,0.0,0.0,0.0,0.0,0.999999995660382
2020-07-07,0.0009231818039552309,209586.2700023194,70510.4497080032,0.3364268551905757,68926.41780222273,0.3288689559743582,70149.40156891165,0.3347041844302842,0.0,0.0,0.0,0.0,0.9999999955952181
2020-07-08,0.0009231818039552309,210756.70067938752,71046.73861882108,0.33710310699397666,69279.14732940239,0.32871622636944253,70430.81380798225,0.3341806622562608,0.0,0.0,0.0,0.0,0.99999999561968
2020-07-09,0.0009231818039552309,207856.18436496824,70366.30920662788,0.33853363286547133,67666.02878744596,0.3255425331422099,69823.84544771259,0.3359238295508738,0.0,0.0,0.0,0.0,0.9999999955585551
2020-07-10,0.0009231818039552309,210579.4350902084,71052.7046683261,0.33741521168906363,69193.43060134347,0.3285858876566093,70333.29889735705,0.33399889627031976,0.0,0.0,0.0,0.0,0.9999999956159926
2020-07-13,0.0009231818039552309,208674.7658717803,70237.23733583553,0.3365871146058581,68810.63320578061,0.3297506189515082,69626.89440698239,0.3336622620186116,0.0,0.0,0.0,0.0,0.9999999955759779
2020-07-14,0.0009231818039552309,212463.8792596071,71477.77999447004,0.33642320870519443,70017.32219621482,0.32954929769808766,70968.77614574046,0.33402748925159437,0.0,0.0,0.0,0.0,0.9999999956548765
2020-07-15,0.0009231818039552309,215257.56475946316,72391.71780516302,0.3363027816748565,71400.47566693586,0.33169786969726905,71465.3703641825,0.3319993443391435,0.0,0.0,0.0,0.0,0.999999995711269
2020-07-16,0.0009231818039552309,214491.92758590056,71823.63110829017,0.3348547048677436,71364.20634066236,0.3327127838509547,71304.08921376624,0.3324325069772619,0.0,0.0,0.0,0.0,0.9999999956959602
2020-07-17,0.0009231818039552309,216326.4897328146,72385.00318770306,0.3346099836275528,71672.4617196287,0.3313161592376021,72269.02390230105,0.33407385286730584,0.0,0.0,0.0,0.0,0.9999999957324607
2020-07-20,0.0009231818039552309,215942.1038432846,72590.9489207977,0.3361593113563395,71162.89640030825,0.32954618452709533,72188.25759899685,0.33429449984142945,0.0,0.0,0.0,0.0,0.9999999957248643
2020-07-21,0.0009231818039552309,217201.8041931557,72959.71715273049,0.335907509717774,71867.490626791,0.33087888424204737,72374.59549045243,0.33321360178983744,0.0,0.0,0.0,0.0,0.9999999957496587
2020-07-22,0.0009231818039552309,218340.7802860911,73296.54850570184,0.33569793242316737,72217.11558784716,0.3307541334844611,72827.11526936029,0.3335479298642022,0.0,0.0,0.0,0.0,0.9999999957718306
2020-07-23,0.0009231818039552309,217824.9612326764,72720.97434902679,0.33385050977398156,72410.5437454917,0.332425371893647,72693.44221497612,0.33372411409418956,0.0,0.0,0.0,0.0,0.9999999957618182
2020-07-24,0.0009231818039552309,214036.84802869943,71748.89740133706,0.33521750138890344,70258.10821945053,0.3282523961015809,72029.84148473004,0.3365300981963247,0.0,0.0,0.0,0.0,0.9999999956868091
2020-07-27,0.0009231818039552309,213263.74350421384,71689.8020763322,0.33615560197139505,69863.93598905047,0.3275940618929914,71710.00451564939,0.3362503318067869,0.0,0.0,0.0,0.0,0.9999999956711733
2020-07-28,0.0009231818039552309,210796.44286449943,70654.28337580498,0.3351777782190649,69107.85265285011,0.3278416453036299,71034.30591266256,0.33698057209781107,0.0,0.0,0.0,0.0,0.9999999956205058
2020-07-29,0.0009231818039552309,212548.12046883447,71296.4834068304,0.3354369036506464,69656.76525253827,0.32772232988412575,71594.870886284,0.3368407621218265,0.0,0.0,0.0,0.0,0.9999999956565986
2020-07-30,0.0009231818039552309,211193.76927350386,70919.20781310275,0.33580161032714806,69023.39151326148,0.32682494256671746,71251.16902395783,0.3373734427348796,0.0,0.0,0.0,0.0,0.9999999956287451
2020-07-31,0.0009231818039552309,210839.44607778385,71192.73392165541,0.3376632563120597,68531.33755584797,0.32504039842034627,71115.37367709866,0.3372963408889931,0.0,0.0,0.0,0.0,0.9999999956213991
2020-08-03,0.0009231818039552309,213929.46158920732,72247.5784659363,0.33771682464506875,69694.80524328837,0.32578404454229903,71987.07695680087,0.3364991264972762,0.0,0.0,0.0,0.0,0.9999999956846439
2020-08-04,0.0009231818039552309,215357.22280540582,72624.52220260256,0.3372281702769969,70315.97831976111,0.326508567503667,72416.72135986034,0.3362632579325896,0.0,0.0,0.0,0.0,0.9999999957132536
2020-08-05,0.0009231818039552309,215389.23076016383,73045.94023717893,0.33913459823121644,70267.2830833646,0.32623396645864483,72076.00651643849,0.33463143102402926,0.0,0.0,0.0,0.0,0.9999999957138906
2020-08-06,0.0009231818039552309,215530.7155295492,73438.7085045955,0.3407343047331325,69876.6616436771,0.32420744055896306,72215.34445809478,0.33505825042460863,0.0,0.0,0.0,0.0,0.9999999957167043
2020-08-07,0.0009231818039552309,217135.04819846476,73657.92556197556,0.3392263302175478,70699.57644212902,0.3256018640413524,72777.54527117837,0.33517180148945175,0.0,0.0,0.0,0.0,0.999999995748352
2020-08-10,0.0009231818039552309,219096.8573730203,74024.34928115815,0.3378613010187044,72188.92292099858,0.32948406374489586,72883.58424768176,0.3326546310228213,0.0,0.0,0.0,0.0,0.9999999957864215
2020-08-11,0.0009231818039552309,218262.88227509896,73751.32555034173,0.33790136362895373,72200.29700676419,0.3307951230835612,72311.25879481125,0.3313035090578067,0.0,0.0,0.0,0.0,0.9999999957703216
2020-08-12,0.0009231818039552309,221385.18078646343,75047.68975856001,0.3389914785260495,72923.42551159079,0.32939614680862,73414.06459313084,0.33161237049530523,0.0,0.0,0.0,0.0,0.9999999958299748
2020-08-13,0.0009231818039552309,220946.21347717557,75079.34991605848,0.3398082670641215,72382.70498345274,0.3276032833707291,73484.15765448255,0.33258844538683935,0.0,0.0,0.0,0.0,0.9999999958216899
2020-08-14,0.0009231818039552309,221673.06505151748,75158.47961679725,0.3390510236294617,72906.14346682793,0.3288904019524624,73608.44104471052,0.3320585702534663,0.0,0.0,0.0,0.0,0.9999999958353903
2020-08-17,0.0009231818039552309,221217.16088499184,75085.34838486963,0.33941918468027715,72478.06861071363,0.3276331199657431,73653.7429662268,0.33294769118078726,0.0,0.0,0.0,0.0,0.9999999958268075
2020-08-18,0.0009231818039552309,219636.38769091523,74727.2368474178,0.3402315874570756,71641.80542461504,0.32618368102754197,73267.34449570061,0.33358472731215455,0.0,0.0,0.0,0.0,0.9999999957967721
2020-08-19,0.0009231818039552309,217234.2289020696,73956.20327337077,0.3404445222429042,71073.53264035795,0.32717464922343475,72204.49206515907,0.33238082428395416,0.0,0.0,0.0,0.0,0.9999999957502931
2020-08-20,0.0009231818039552309,218591.37192702983,74729.11719861254,0.341866728498134,71071.06019219432,0.3251320469131749,72791.19361304118,0.33300122036536894,0.0,0.0,0.0,0.0,0.9999999957766778
2020-08-21,0.0009231818039552309,217831.0800693199,74658.7336245474,0.34273682892628965,70755.82461611947,0.32481969328528787,72416.52090547125,0.33244347355035975,0.0,0.0,0.0,0.0,0.9999999957619372
2020-08-24,0.0009231818039552309,220817.97774884684,75631.09827346032,0.3425042609505343,72159.91680047089,0.32678461027545447,73026.96175173382,0.33071112459327456,0.0,0.0,0.0,0.0,0.9999999958192635
2020-08-25,0.0009231818039552309,221330.42665992308,75971.72641628234,0.3432502596356254,72115.45854199876,0.32582713380300415,73243.24077846018,0.33092260239031357,0.0,0.0,0.0,0.0,0.9999999958289432
2020-08-26,0.0009231818039552309,222776.676652589,76964.29995776543,0.345477368251561,72090.59032345649,0.32360025926717084,73721.78544818528,0.33092236833728944,0.0,0.0,0.0,0.0,0.9999999958560213
2020-08-27,0.0009231818039552309,222202.67207124687,76631.55735306405,0.34487234846794723,71889.42303448255,0.3235308665029554,73681.69076051845,0.3315967808744137,0.0,0.0,0.0,0.0,0.9999999958453164
2020-08-28,0.0009231818039552309,225703.5216542552,77960.56078739671,0.3454113618431745,73174.86304184273,0.3242078923072185,74568.09690183394,0.33038074175936594,0.0,0.0,0.0,0.0,0.999999995909759
2020-08-31,0.0009231818039552309,222096.21658998326,76698.62311146792,0.34533962031898524,71747.1057747934,0.32304515077466317,73650.48678054014,0.3316152247496766,0.0,0.0,0.0,0.0,0.999999995843325
2020-09-01,0.0009231818039552309,223490.70214565052,77583.7022626395,0.34714510052448466,71951.92133480338,0.321945927253438,73955.07762502584,0.3309089680913382,0.0,0.0,0.0,0.0,0.9999999958692608
2020-09-02,0.0009231818039552309,227492.53564281648,78806.6613070487,0.3464142728216022,73387.76668931851,0.32259417427455217,75298.10672326748,0.33099154884577053,0.0,0.0,0.0,0.0,0.9999999959419249
2020-09-03,0.0009231818039552309,221997.0877230294,76405.65236000445,0.34417412022688587,71880.96622581434,0.32379238377890485,73710.46821402882,0.3320334918356782,0.0,0.0,0.0,0.0,0.9999999958414689
2020-09-04,0.0009231818039552309,220808.59834972848,75629.90087666325,0.3425133868966305,72007.58065304527,0.3261085899336031,73171.11589683815,0.33137801898885216,0.0,0.0,0.0,0.0,0.9999999958190858
2020-09-08,0.0009231818039552309,216985.62685856526,73976.29056303385,0.3409271463462084,70860.42151675634,0.326567351684286,72148.91385559327,0.33250549771492977,0.0,0.0,0.0,0.0,0.9999999957454242
2020-09-09,0.0009231818039552309,219266.01372934156,74922.96014248436,0.34169892026663123,71310.11554175026,0.32522192714177,73032.93712192515,0.33307914838127095,0.0,0.0,0.0,0.0,0.9999999957896721
2020-09-10,0.0009231818039552309,216361.2321722024,73874.552264745,0.3414408002906365,70296.9304146932,0.32490538951425324,72189.74856958243,0.33365380592825633,0.0,0.0,0.0,0.0,0.999999995733146
2020-09-11,0.0009231818039552309,216988.23384504535,73870.73276652471,0.34043658247053593,70771.4509922099,0.32615340351933036,72346.04916312895,0.333410009755609,0.0,0.0,0.0,0.0,0.9999999957454753
2020-09-14,0.0009231818039552309,220057.16155152282,74840.14968482338,0.3400941335294865,71857.3554450003,0.32653949972982843,73359.65549851734,0.3333663625454942,0.0,0.0,0.0,0.0,0.9999999958048091
2020-09-15,0.0009231818039552309,219723.10866447675,74944.04832874953,0.34108405248894946,71376.76472567416,0.3248486932463187,73402.29468687128,0.3340672500631629,0.0,0.0,0.0,0.0,0.999999995798431
2020-09-16,0.0009231818039552309,219612.07391012108,74593.34796326963,0.33965959446199606,71859.63763349484,0.3272116890208153,73159.08739017483,0.33312871231349545,0.0,0.0,0.0,0.0,0.9999999957963067
2020-09-17,0.0009231818039552309,217744.38897659362,73707.48114903431,0.3385046177100687,71482.02542195014,0.328284121386173,72554.88148242737,0.3332112566640082,0.0,0.0,0.0,0.0,0.9999999957602499
2020-09-18,0.0009231818039552309,214985.12551079618,72766.03960621177,0.338470112447652,70577.4769508196,0.3282900469654833,71641.60803058301,0.33323983629269877,0.0,0.0,0.0,0.0,0.9999999957058341
2020-09-21,0.0009231818039552309,210943.9590110342,71488.9207199556,0.3389000616804395,68763.68432688866,0.3259808180773346,70691.35304100814,0.33511911586579435,0.0,0.0,0.0,0.0,0.9999999956235684
2020-09-22,0.0009231818039552309,212555.15299373292,72357.36022703214,0.3404168716115086,68920.61205828808,0.3242481355430615,71277.1797852309,0.33533498850217225,0.0,0.0,0.0,0.0,0.9999999956567424
2020-09-23,0.0009231818039552309,209325.75978593243,71363.6845527893,0.3409216554415929,67838.45230919155,0.324080764730374,70123.62200076978,0.3349975754177694,0.0,0.0,0.0,0.0,0.9999999955897363
2020-09-24,0.0009231818039552309,210235.09741739955,71647.1499604226,0.3407953802222412,68193.35387727118,0.3243671238293789,70394.59265652396,0.334837491557192,0.0,0.0,0.0,0.0,0.9999999956088121
2020-09-25,0.0009231818039552309,213052.41277723308,72744.9394970578,0.3414415192430591,68848.91739357148,0.3231548354514984,71458.554963422,0.33540364097232184,0.0,0.0,0.0,0.0,0.9999999956668794
2020-09-28,0.0009231818039552309,216763.53136537803,74037.07535499617,0.3415568794651107,70377.9092819302,0.3246759675791623,72348.54580526988,0.3337671486967921,0.0,0.0,0.0,0.0,0.999999995741065
2020-09-29,0.0009231818039552309,215446.90631492223,73723.57268129975,0.3421890522462959,69789.29143787813,0.3239280277056566,71934.04127256258,0.3338829157630856,0.0,0.0,0.0,0.0,0.9999999957150381
2020-09-30,0.0009231818039552309,217218.26204841482,74372.60163916781,0.3423865053417619,70333.03165925077,0.32378968046238465,72512.62782681444,0.3338238099458342,0.0,0.0,0.0,0.0,0.9999999957499808
2020-10-01,0.0011109480042250652,217731.41294212814,72593.53295177678,0.33340863392583486,72655.1397147825,0.3336915823629632,72482.73916462084,0.33289977860882375,0.0,0.0,0.0,0.0,0.9999999948976218
2020-10-02,0.0011109480042250652,217207.16381338032,72078.72218954218,0.33184320868657285,72865.83756342855,0.33546700893361553,72262.60294946158,0.3326897772651184,0.0,0.0,0.0,0.0,0.9999999948853068
2020-10-05,0.0011109480042250652,220577.91103534834,73246.92222672065,0.33206825598680456,74139.11640142051,0.3361130588889269,73191.87129625918,0.33181868008773524,0.0,0.0,0.0,0.0,0.9999999949634666
2020-10-06,0.0011109480042250652,218780.80375972178,72525.59882402852,0.33149891387948505,73687.31465734026,0.3368088670990902,72567.88916740498,0.3316922139435204,0.0,0.0,0.0,0.0,0.9999999949220956
2020-10-07,0.0011109480042250652,222097.28163647527,73616.04738017535,0.3314585700362994,75085.70904020428,0.3380757679110327,73395.5241051476,0.3304656570505894,0.0,0.0,0.0,0.0,0.9999999949979216
2020-10-08,0.0011109480042250652,225425.15875906067,74520.87249532861,0.3305792170916386,76588.74490384829,0.33975242748174356,74315.54024893575,0.3296683504983835,0.0,0.0,0.0,0.0,0.9999999950717656
2020-10-09,0.0011109480042250652,226352.02606632546,75278.80720198773,0.33257403748588316,76242.29424211722,0.3368306242585908,74830.92351127249,0.33059533334747176,0.0,0.0,0.0,0.0,0.9999999950919458
2020-10-12,0.0011109480042250652,227804.17479898603,75959.80967832018,0.33344344872233783,76593.83685543323,0.3362266601260468,75250.52715428462,0.33032988627484783,0.0,0.0,0.0,0.0,0.9999999951232325
2020-10-13,0.0011109480042250652,225413.51386599275,75234.6791182895,0.33376294893755193,75646.15496849807,0.3355883756528872,74532.67866825718,0.330648670481072,0.0,0.0,0.0,0.0,0.999999995071511
2020-10-14,0.0011109480042250652,224702.4273310277,74882.749579469,0.3332529624575575,75534.12372741432,0.3361517925043986,74285.55291319636,0.33059524009395846,0.0,0.0,0.0,0.0,0.9999999950559145
2020-10-15,0.0011109480042250652,223983.55922546468,74550.59728340253,0.33283959564353094,75707.99431932441,0.3380069259597567,73724.96651178972,0.329153473436759,0.0,0.0,0.0,0.0,0.9999999950400467
2020-10-16,0.0011109480042250652,224696.9382541036,74693.40113521558,0.33241841974164715,75965.19856444832,0.33807847652352685,74038.33744349168,0.32950309879061973,0.0,0.0,0.0,0.0,0.9999999950557937
2020-10-19,0.0011109480042250652,221812.89301409057,73551.11967477042,0.33159082267638124,75297.29620827606,0.3394631176984506,72964.47602009606,0.3289460546166765,0.0,0.0,0.0,0.0,0.9999999949915084
2020-10-20,0.0011109480042250652,222601.27708051953,73943.05484644309,0.33217713670032695,75573.39153236082,0.3395011588591397,73084.82959076761,0.32832169944978035,0.0,0.0,0.0,0.0,0.999999995009247
2020-10-21,0.0011109480042250652,222522.26652249272,74066.30443574711,0.33284895751437277,75264.31943268394,0.3382327557996367,73191.64154311366,0.32891828169346543,0.0,0.0,0.0,0.0,0.9999999950074748
2020-10-22,0.0011109480042250652,222549.08748462007,73911.4332148461,0.33211294663229735,75754.50690207709,0.34039459679794165,72883.14625674888,0.3274924515778376,0.0,0.0,0.0,0.0,0.9999999950080766
2020-10-23,0.0011109480042250652,223168.47118432456,74465.26560885043,0.33367287598321327,75424.09904952843,0.3379693316410829,73279.1054149977,0.3283577873976351,0.0,0.0,0.0,0.0,0.9999999950219312
2020-10-26,0.0011109480042250652,218181.96867663963,72707.32099755916,0.33324165804607025,73441.08694336214,0.3366047496445812,72033.55962477032,0.330153587217507,0.0,0.0,0.0,0.0,0.9999999949081585
2020-10-27,0.0011109480042250652,216348.96978726334,72485.65376980076,0.33504043879236467,72267.66389515989,0.33403285426420526,71595.65101135468,0.3309267018084483,0.0,0.0,0.0,0.0,0.9999999948650182
2020-10-28,0.0011109480042250652,208866.12251581464,69589.46515519846,0.3331773689145274,69987.89759853491,0.33508496617605216,69288.75865113326,0.3317376595904726,0.0,0.0,0.0,0.0,0.9999999946810522
2020-10-29,0.0011109480042250652,210162.6314700982,70207.44037826032,0.33406243482561926,70639.61289984481,0.33611880668659866,69315.57708104505,0.3298187532016472,0.0,0.0,0.0,0.0,0.9999999947138651
2020-10-30,0.0011109480042250652,209980.6711216086,69726.57222214468,0.33206186002597876,71015.52396866835,0.338200290480738,69238.57381984759,0.3297378442025677,0.0,0.0,0.0,0.0,0.9999999947092844
2020-11-02,0.0011109480042250652,213329.91644049712,70620.44770563733,0.33103865076202327,72454.02033815123,0.3396336601404914,70255.44728576054,0.3293276838898331,0.0,0.0,0.0,0.0,0.9999999947923478
2020-11-03,0.0011109480042250652,217546.7800295357,72045.36488127914,0.3311718282913576,73967.57242386093,0.34000766370257723,71533.84161344763,0.32882050289935655,0.0,0.0,0.0,0.0,0.9999999948932914
2020-11-04,0.0011109480042250652,219794.07101420287,73667.83462671819,0.335167524250269,73928.70059850409,0.3363543896219425,72197.53467803258,0.32847808107329357,0.0,0.0,0.0,0.0,0.9999999949455051
2020-11-05,0.0011109480042250652,223259.84690979333,74859.96708450072,0.33530421220232853,75660.00731502548,0.3388876610024525,72739.87139931912,0.3258081218191876,0.0,0.0,0.0,0.0,0.9999999950239686
2020-11-06,0.0011109480042250652,221069.09979046852,74131.54428282203,0.3353320041248851,74534.46703250609,0.3371546141145488,72403.0873641924,0.32751337673522335,0.0,0.0,0.0,0.0,0.9999999949746572
2020-11-09,0.0011109480042250652,225935.36404366654,75618.75439649363,0.33469198023324404,76982.64813197964,0.34072863474839293,73333.96040424526,0.3245793801012576,0.0,0.0,0.0,0.0,0.9999999950828945
2020-11-10,0.0011109480042250652,231523.17388558178,76866.6897590318,0.3320043020705095,79453.71488179379,0.343178238049983,75202.76813380819,0.32481745508107635,0.0,0.0,0.0,0.0,0.9999999952015688
2020-11-11,0.0011109480042250652,232313.63170404432,77192.81387619388,0.3322784518066231,79468.29820835553,0.3420733326126728,75652.51850854693,0.3256482107985999,0.0,0.0,0.0,0.0,0.9999999952178957
2020-11-12,0.0011109480042250652,229553.45839156726,76388.15956727814,0.33276849803315484,78182.56872915814,0.34058545350162417,74982.72898418296,0.3266460436256162,0.0,0.0,0.0,0.0,0.9999999951603953
2020-11-13,0.0011109480042250652,232969.24496369626,77359.43677417703,0.3320585804629791,79887.6220456425,0.34291059344803837,75722.18503292871,0.32503082132033584,0.0,0.0,0.0,0.0,0.9999999952313533
2020-11-16,0.0011109480042250652,235419.33493046262,78014.92622844061,0.33138708106317777,81384.68687897049,0.3457009463687833,76019.72071210352,0.32291196784902126,0.0,0.0,0.0,0.0,0.9999999952809823
2020-11-17,0.0011109480042250652,233927.9373318654,77596.93767784431,0.3317129991522143,80880.89033875434,0.34575130812191723,75450.10820431872,0.32253568797676474,0.0,0.0,0.0,0.0,0.9999999952508964
2020-11-18,0.0011109480042250652,230762.44767626745,76415.26835594393,0.33114256294917427,80107.94514509175,0.34714463272409807,74239.23306428376,0.32171279951247816,0.0,0.0,0.0,0.0,0.9999999951857504
2020-11-19,0.0011109480042250652,230614.82135106155,76307.6120580246,0.3308877183650857,80138.60134194886,0.34749978718824426,74168.60684014006,0.3216124896293386,0.0,0.0,0.0,0.0,0.9999999951826687
2020-11-20,0.0011109480042250652,229149.6758323304,75688.21433365994,0.33030033343377396,79698.9356613911,0.34780296054054677,73762.52472633135,0.3218967011775467,0.0,0.0,0.0,0.0,0.9999999951518674
2020-11-23,0.0011109480042250652,231672.82360371583,76209.96989065348,0.32895515626387495,81605.66306367099,0.3522452991864951,73857.18953844334,0.3187995397542983,0.0,0.0,0.0,0.0,0.9999999952046684
2020-11-24,0.0011109480042250652,237145.33269842927,77964.48390154194,0.3287624639894856,84146.44705700173,0.35483071119096526,75034.40062893757,0.3164068201348774,0.0,0.0,0.0,0.0,0.9999999953153283
2020-11-25,0.0011109480042250652,235987.83636059464,77679.62882561595,0.32916793519357396,83417.08649780104,0.3534804496039274,74891.11992622966,0.3173516104948493,0.0,0.0,0.0,0.0,0.9999999952923505
2020-11-27,0.0011109480042250652,235715.2279513082,77657.06012185218,0.32945287751156166,83249.26800018862,0.3531773009480128,74808.89871831938,0.31736981682733156,0.0,0.0,0.0,0.0,0.9999999952869061
2020-11-30,0.0011109480042250652,234061.32868376665,77249.35917499555,0.33003896717755066,82307.9266311072,0.3516511125266276,74504.04176671589,0.31830991554942467,0.0,0.0,0.0,0.0,0.999999995253603
2020-12-01,0.0011109480042250652,237096.894617664,78477.36310498617,0.33099279191967756,83411.27284838208,0.3518024687033073,75208.25755334772,0.3172047346913865,0.0,0.0,0.0,0.0,0.9999999953143713
2020-12-02,0.0011109480042250652,237365.1398796475,78326.54116002725,0.3299833379060698,84069.58516505102,0.3541783145059854,74969.01244362122,0.31583834290761126,0.0,0.0,0.0,0.0,0.9999999953196665
2020-12-03,0.0011109480042250652,238206.42692198273,78521.16748776806,0.3296349662030122,84743.78267620143,0.3557577508349793,74941.47564706522,0.3146072782982049,0.0,0.0,0.0,0.0,0.9999999953361963
2020-12-04,0.0011109480042250652,239356.38293524637,78687.9283760497,0.328747984119301,85803.43549529025,0.35847565225993094,74865.01795295838,0.3127763589793709,0.0,0.0,0.0,0.0,0.999999995358603
2020-12-07,0.0011109480042250652,239363.48572281652,78862.09804310389,0.3294658657103047,85444.30871837112,0.35696467429169976,75057.07785039349,0.31356945535673625,0.0,0.0,0.0,0.0,0.9999999953587406
2020-12-08,0.0011109480042250652,240084.72054540165,79019.59059100068,0.32913210974647406,85928.72218953203,0.35790999941323764,75136.40665392092,0.3129578862129717,0.0,0.0,0.0,0.0,0.9999999953726834
2020-12-09,0.0011109480042250652,239373.20942210875,78539.51959943738,0.3281048860440411,85945.01859058769,0.3590419278668439,74888.67012113568,0.31285318144804425,0.0,0.0,0.0,0.0,0.9999999953589293
2020-12-10,0.0011109480042250652,238537.92734351914,78395.11590198913,0.328648432452807,85446.77022988812,0.35821041618608507,74696.04010069388,0.3131411467037856,0.0,0.0,0.0,0.0,0.9999999953426777
2020-12-11,0.0011109480042250652,237946.81131684434,78341.19298248255,0.32923825517529326,84839.77553991214,0.3565493274332704,74765.84168350164,0.3142124127225442,0.0,0.0,0.0,0.0,0.9999999953311078
2020-12-14,0.0011109480042250652,236205.81314918285,77723.37521783491,0.32904937512586274,84101.81025050118,0.3560530925518931,74380.62656989876,0.314897527618939,0.0,0.0,0.0,0.0,0.9999999952966949
2020-12-15,0.0011109480042250652,239035.09309863232,78754.70641344032,0.32946922308576676,85074.66474623143,0.35590868120409136,75205.72082801255,0.3146220910625062,0.0,0.0,0.0,0.0,0.9999999953523644
2020-12-16,0.0011109480042250652,237906.0155221485,78470.00565637834,0.3298361560305858,84524.54497051357,0.3552854465869718,74911.46378430857,0.3148783927127496,0.0,0.0,0.0,0.0,0.9999999953303071
2020-12-17,0.0011109480042250652,238894.79544838428,78939.00447669435,0.3304341742922145,84433.61520079884,0.35343430166540235,75522.17465994309,0.3161315193920181,0.0,0.0,0.0,0.0,0.9999999953496349
2020-12-18,0.0011109480042250652,236779.0301536751,78389.69159772532,0.33106686663446755,83129.35110283563,0.3510840932530332,75259.98634216614,0.31784903542058035,0.0,0.0,0.0,0.0,0.999999995308081
2020-12-21,0.0011109480042250652,236066.29782753374,78246.89576897201,0.33146152792271066,82946.56117230165,0.35136977169397166,74872.83977531207,0.3171686956772329,0.0,0.0,0.0,0.0,0.9999999952939153
2020-12-22,0.0011109480042250652,234649.03118032528,77987.30604696019,0.3323572471391445,82107.71046160767,0.3499171083238301,74554.01356080941,0.31772563980251617,0.0,0.0,0.0,0.0,0.9999999952654908
2020-12-23,0.0011109480042250652,235772.3524952088,78085.69924648212,0.3311910765621636,83037.36048300803,0.352192950548328,74649.29165477063,0.3166159681775564,0.0,0.0,0.0,0.0,0.999999995288048
2020-12-24,0.0011109480042250652,236647.14392529026,78503.92959875798,0.33173410968163536,83168.11894548005,0.3514435778347543,74975.09427010422,0.3168223077890766,0.0,0.0,0.0,0.0,0.9999999953054662
2020-12-28,0.0011109480042250652,237492.0152337548,79072.39159474867,0.3329475793824924,83201.37516274913,0.35033335786408243,75218.24736530898,0.3167190580755921,0.0,0.0,0.0,0.0,0.9999999953221669
2020-12-29,0.0011109480042250652,237501.1839311551,79115.99461055803,0.3331183167217033,83210.22214548894,0.35035708356556755,75174.96606416012,0.31652459503507663,0.0,0.0,0.0,0.0,0.9999999953223475
2020-12-30,0.0011109480042250652,237867.31480721667,79202.01079643524,0.33296718744492393,83484.03867107253,0.3509689371939709,75181.2642287609,0.31606387069065267,0.0,0.0,0.0,0.0,0.9999999953295474
2020-12-31,0.0011109480042250652,238805.18688041714,79372.46694998372,0.3323732955169431,83913.03462388786,0.35138698501514426,75519.68419559754,0.3162397148158025,0.0,0.0,0.0,0.0,0.99999999534789
2021-01-04,0.0020860465501755243,235974.15699723485,78436.06634027415,0.3323926117095664,78878.31759258787,0.3342667629214676,78659.77097832625,0.3333406165288176,0.0,0.0,0.0,0.0,0.9999999911598516
2021-01-05,0.0020860465501755243,237080.5013276157,78664.61467142211,0.33180550163725786,79760.79768511662,0.33642917590636073,78655.08688503041,0.33176531365748585,0.0,0.0,0.0,0.0,0.9999999912011045
2021-01-06,0.0020860465501755243,239194.7665318182,78685.17680057361,0.32895860533013266,81482.4175406065,0.3406530114435741,79027.17010459151,0.3303883745051719,0.0,0.0,0.0,0.0,0.9999999912788787
2021-01-07,0.0020860465501755243,242431.40182580968,79840.10930029888,0.3293307248937376,82816.97088388144,0.3416099162904094,79774.31955558278,0.32905935021116506,0.0,0.0,0.0,0.0,0.999999991395312
2021-01-08,0.0020860465501755243,244674.8532110723,80826.75535681649,0.33034353263549365,83055.28736584971,0.3394516693311383,80792.80840235954,0.3302047895075775,0.0,0.0,0.0,0.0,0.9999999914742094
2021-01-11,0.0020860465501755243,245168.7058643502,80687.73745635845,0.3291110795396632,83868.59064639338,0.3420852198518239,80612.3756755518,0.3288036920998961,0.0,0.0,0.0,0.0,0.9999999914913832
2021-01-12,0.0020860465501755243,245693.33625910743,80543.47214153493,0.32782115041408383,85006.6869997522,0.34598694573508665,80143.17503177373,0.32619189536038123,0.0,0.0,0.0,0.0,0.9999999915095518
2021-01-13,0.0020860465501755243,245070.39924748425,80280.21835825214,0.32758023247508233,84948.21446098857,0.3466278045893403,79841.96434219698,0.3257919544235475,0.0,0.0,0.0,0.0,0.9999999914879701
2021-01-14,0.0020860465501755243,245867.92137687613,79890.68483372247,0.3249333397635995,86519.01964680637,0.35189226460407813,79458.21481030073,0.323174387147903,0.0,0.0,0.0,0.0,0.9999999915155806
2021-01-15,0.0020860465501755243,244426.48979038274,79476.79550437056,0.3251562282489468,85415.636786188,0.34945327267694853,79534.05541377763,0.32539049053965097,0.0,0.0,0.0,0.0,0.9999999914655463
2021-01-19,0.0020860465501755243,245935.82235972225,80008.05343174163,0.3253208608004916,86076.263809853,0.34999481972151286,79851.50303208106,0.32468431099591866,0.0,0.0,0.0,0.0,0.9999999915179231
2021-01-20,0.0020860465501755243,248371.84250226937,80979.09932893293,0.32603977372432236,86670.40097136328,0.34895421356215683,80722.3401159266,0.32500600431463583,0.0,0.0,0.0,0.0,0.999999991601115
2021-01-21,0.0020860465501755243,247536.89180003596,80774.46459322875,0.3263128336380647,86706.59668648732,0.3502774720001341,80055.82843427332,0.3234096859345864,0.0,0.0,0.0,0.0,0.9999999915727852
2021-01-22,0.0020860465501755243,245455.07127812368,80248.0027463044,0.32693560710903324,85389.4383892048,0.34788215189267996,79817.62805656792,0.3251822324995968,0.0,0.0,0.0,0.0,0.99999999150131
2021-01-25,0.0020860465501755243,246706.5421746046,80678.73680803005,0.3270230943082584,85410.51559956129,0.34620288074530536,80617.28768096672,0.3267740164908577,0.0,0.0,0.0,0.0,0.9999999915444214
2021-01-26,0.0020860465501755243,246275.99767549417,80500.10949645391,0.32686948893218964,85230.84803818585,0.3460785819269743,80545.03805480787,0.3270519206704752,0.0,0.0,0.0,0.0,0.9999999915296391
2021-01-27,0.0020860465501755243,240474.13487206277,78533.65845775629,0.326578401039005,83309.9894645343,0.3464405413449432,78630.48486372564,0.3269810489413287,0.0,0.0,0.0,0.0,0.9999999913252768
2021-01-28,0.0020860465501755243,243357.82706978463,79821.69599787207,0.32800135076396214,84187.58359819536,0.34594154875509286,79348.54538767066,0.32605709190901383,0.0,0.0,0.0,0.0,0.9999999914280687
2021-01-29,0.0020860465501755243,239679.62470179214,78237.62107379698,0.32642583269704184,83049.18309669316,0.3465008058153563,78392.81844525543,0.32707335278412286,0.0,0.0,0.0,0.0,0.9999999912965211
2021-02-01,0.0020860465501755243,243470.39548624214,79604.97795828187,0.3269595787993047,84412.97723596996,0.3467073566270192,79452.43820594376,0.3263330560057081,0.0,0.0,0.0,0.0,0.999999991432032
2021-02-02,0.0020860465501755243,246633.77737658744,80958.68614325064,0.3282546575915028,85370.24973747494,0.3461417598414442,80304.83940981532,0.32560357410897983,0.0,0.0,0.0,0.0,0.9999999915419268
2021-02-03,0.0020860465501755243,246786.80812794252,80918.66410379802,0.327888936680307,85881.15429309396,0.34799734614894934,79986.98764500399,0.32411370871791517,0.0,0.0,0.0,0.0,0.9999999915471716
2021-02-04,0.0020860465501755243,249393.08863920943,81869.79137624969,0.3282761034917396,86999.66361040107,0.34884552769728616,80523.63156651211,0.32287836044648205,0.0,0.0,0.0,0.0,0.9999999916355078
2021-02-05,0.0020860465501755243,251904.64246523794,82768.56934849508,0.32857103600191445,87749.2983762497,0.34834331561935716,81386.77265444658,0.3230856400976322,0.0,0.0,0.0,0.0,0.9999999917189039
2021-02-08,0.0020860465501755243,253830.9751303618,83214.91492833404,0.3278359344662201,88989.94019788681,0.35058739443514964,81626.11791809439,0.32157666288037967,0.0,0.0,0.0,0.0,0.9999999917817494
2021-02-09,0.0020860465501755243,253365.40968743098,83008.98569642735,0.32762556577408475,88829.5198406438,0.35059844968667986,81526.90206431327,0.32177597630588356,0.0,0.0,0.0,0.0,0.9999999917666482
2021-02-10,0.0020860465501755243,251733.76634736618,82577.46232028115,0.3280349057596545,88311.93914318812,0.35081483276791287,80844.36279785035,0.32115025318571533,0.0,0.0,0.0,0.0,0.9999999917132827
2021-02-11,0.0020860465501755243,252739.76296567864,83046.90395024371,0.32858661801277883,88781.84861907971,0.35127772368424687,80911.00831030867,0.32013565004924116,0.0,0.0,0.0,0.0,0.9999999917462669
2021-02-12,0.0020860465501755243,254036.07569801586,83362.65110275571,0.32815280614652803,89557.66469255766,0.35253915982790923,81115.75781665593,0.31930802581394735,0.0,0.0,0.0,0.0,0.9999999917883846
2021-02-16,0.0020860465501755243,254840.08138763127,83645.7540846092,0.3282284075140347,90166.10685911095,0.35381446422457147,81028.21835786456,0.3179571200756856,0.0,0.0,0.0,0.0,0.9999999918142918
2021-02-17,0.0020860465501755243,257094.8460285178,84347.95625853718,0.3280810858774704,90938.68523407068,0.35371648494261715,81808.20244986337,0.3182024210659942,0.0,0.0,0.0,0.0,0.9999999918860818
2021-02-18,0.0020860465501755243,255980.4020002929,83965.70785062565,0.3280161574655609,90308.72689080109,0.35279547256394167,81705.96517281959,0.3191883618212542,0.0,0.0,0.0,0.0,0.9999999918507567
2021-02-19,0.0020860465501755243,255290.07561277092,83533.19698827485,0.3272089476559977,91030.06739786029,0.3565750340249674,80726.80914058922,0.3162160101477554,0.0,0.0,0.0,0.0,0.9999999918287205
2021-02-22,0.0020860465501755243,253831.26158981802,82898.34280018257,0.3265883889989218,90695.91811583647,0.35730791214518615,80236.99858775243,0.3161036906376507,0.0,0.0,0.0,0.0,0.9999999917817587
2021-02-23,0.0020860465501755243,252966.7589624552,82733.04531912445,0.32705105468581946,90268.27313306037,0.35683847752683506,79965.43842422383,0.31611045954101874,0.0,0.0,0.0,0.0,0.9999999917536733
2021-02-24,0.0020860465501755243,257140.04294710676,83912.91058862771,0.3263315570258672,92626.47216399714,0.360218000675415,80600.65810843534,0.3134504341862257,0.0,0.0,0.0,0.0,0.9999999918875079
2021-02-25,0.0020860465501755243,253025.1333849955,82377.50345697512,0.32557043782536793,90529.89112309665,0.3577901132270092,80117.73671887718,0.3166394407031985,0.0,0.0,0.0,0.0,0.9999999917555757
2021-02-26,0.0020860465501755243,252576.79005047766,82355.31770430176,0.3260605128754823,90561.93039958352,0.35855206799280587,79659.5398605458,0.315387410872653,0.0,0.0,0.0,0.0,0.9999999917409412
2021-03-01,0.0020860465501755243,258326.40824520792,84347.56211796,0.3265154449013816,92868.53037967751,0.3595007224020437,81110.31366152386,0.3139838246213393,0.0,0.0,0.0,0.0,0.9999999919247646
2021-03-02,0.0020860465501755243,257747.1573551697,83991.37082539068,0.32586730223236754,92660.1980960033,0.3595003686823194,81095.58634772917,0.3146323209919297,0.0,0.0,0.0,0.0,0.9999999919066166
2021-03-03,0.0020860465501755243,255288.30034605888,82719.6307341186,0.3240243701806432,92503.78078761957,0.3623502552299696,80064.88673827414,0.3136253664180509,0.0,0.0,0.0,0.0,0.9999999918286637
2021-03-04,0.0020860465501755243,252590.2942437505,81785.65205025043,0.3237877856515223,91367.85648065283,0.36172354426446224,79436.7836268007,0.31448866182539825,0.0,0.0,0.0,0.0,0.9999999917413828
2021-03-05,0.0020860465501755243,260908.39348456298,84421.69529812044,0.3235683381842423,94565.51309870943,0.36244718629301026,81921.18300168657,0.3139844675274257,0.0,0.0,0.0,0.0,0.9999999920046783
2021-03-08,0.0020860465501755243,262968.8752431201,84662.09450134798,0.3219472054366743,95798.99320255494,0.3642978398640782,82507.78545317067,0.3137549467665728,0.0,0.0,0.0,0.0,0.9999999920673253
2021-03-09,0.0020860465501755243,266149.41852347256,86110.34996987347,0.32354137930336724,96664.30300234791,0.3631956197335174,83374.76346520464,0.31326299312523787,0.0,0.0,0.0,0.0,0.9999999921621224
2021-03-10,0.0020860465501755243,267492.7716850513,86415.70245535478,0.32305808456424945,97460.22680792041,0.364347141771259,83616.8403357296,0.31259476586597607,0.0,0.0,0.0,0.0,0.9999999922014844
2021-03-11,0.0020860465501755243,268553.5259182822,87020.6697547252,0.32403473183667897,97830.19066293593,0.3642856310615134,83702.66341457452,0.31167962933409515,0.0,0.0,0.0,0.0,0.9999999922322875
2021-03-12,0.0020860465501755243,270228.586529824,87025.60401419616,0.3220444037092704,99009.89756410349,0.36639312974083216,84193.0828654778,0.31156245883033457,0.0,0.0,0.0,0.0,0.9999999922804371
2021-03-15,0.0020860465501755243,273981.6762623727,88353.2861497693,0.32247881447794213,100403.20972031097,0.3664595789397317,85225.17830624586,0.3110615989685083,0.0,0.0,0.0,0.0,0.9999999923861822
2021-03-16,0.0020860465501755243,273791.1400182726,88381.58093894701,0.32280657779155486,100022.00069409065,0.36532226969585374,85387.55629918838,0.3118711448934749,0.0,0.0,0.0,0.0,0.9999999923808837
2021-03-17,0.0020860465501755243,274271.9674268071,88303.79704855157,0.3219570628271245,101047.55001378874,0.36842099089384533,84920.61827842021,0.30962193867327087,0.0,0.0,0.0,0.0,0.9999999923942408
2021-03-18,0.0020860465501755243,270918.9950305904,86904.32650274801,0.32077605519293817,99808.92579446707,0.3684087407130582,84205.74064732876,0.3108151963941133,0.0,0.0,0.0,0.0,0.9999999923001096
2021-03-19,0.0020860465501755243,270538.2577900034,86632.30258923171,0.3202220022296338,99855.26760723746,0.3690985091090034,84050.68550748767,0.31067948095063624,0.0,0.0,0.0,0.0,0.9999999922892733
2021-03-22,0.0020860465501755243,272373.02752998087,87358.50181120944,0.32073110396951343,100254.11553435188,0.36807651786782236,84760.40809837298,0.31119237050387877,0.0,0.0,0.0,0.0,0.9999999923412146
2021-03-23,0.0020860465501755243,269003.03359803726,86696.91301385858,0.32228972236575976,97706.3748254458,0.36321662814942585,84599.74367268635,0.31449364173008204,0.0,0.0,0.0,0.0,0.9999999922452675
2021-03-24,0.0020860465501755243,266972.6121141025,86154.03021721804,0.32270737262141447,96590.88644141509,0.36180073182987293,84227.69336942286,0.31549188773500275,0.0,0.0,0.0,0.0,0.99999999218629
2021-03-25,0.0020860465501755243,269774.08298787306,86738.67365999515,0.3215233750378247,98058.51969191841,0.3634838402780387,84976.8875499129,0.314992776951568,0.0,0.0,0.0,0.0,0.9999999922674315
2021-03-26,0.0020860465501755243,275797.90884090617,88899.5230126347,0.32233573991279363,100170.10344822449,0.3632010984753606,86728.28029400045,0.31446315404816794,0.0,0.0,0.0,0.0,0.9999999924363221
2021-03-29,0.0020860465501755243,277157.76529446663,89507.74538120878,0.3229487194274032,99958.69035839027,0.36065628632915636,87691.32746882104,0.3163949867168732,0.0,0.0,0.0,0.0,0.9999999924734327
2021-03-30,0.0020860465501755243,276569.9372609555,89031.3371193016,0.32191256215709646,100577.13776274119,0.36365896727178404,86961.46029286616,0.31442846302855515,0.0,0.0,0.0,0.0,0.9999999924574356
2021-03-31,0.0020860465501755243,277590.72586277034,89647.06381674089,0.32294689794881254,100711.71475365639,0.36280648224337364,87231.9452063265,0.31424661229298584,0.0,0.0,0.0,0.0,0.999999992485172
2021-04-01,0.002729829272539064,281352.5118748006,93907.67459650901,0.3337722985686266,93684.73039194042,0.33297989688334223,93760.10415652188,0.33324779484550787,0.0,0.0,0.0,0.0,0.9999999902974768
2021-04-05,0.002729829272539064,284667.10970436514,95004.6455298935,0.33373945317588155,94862.11567575259,0.333238763600999,94800.34576888975,0.33302177363357005,0.0,0.0,0.0,0.0,0.9999999904104507
2021-04-06,0.002729829272539064,283191.1631422095,94573.99351270484,0.33395813789999096,94258.15230238817,0.3328428445878262,94359.01459728721,0.33319900787265433,0.0,0.0,0.0,0.0,0.9999999903604715
2021-04-07,0.002729829272539064,281785.0005823356,94200.44263947457,0.3342989954923093,93781.4019598146,0.33281190186137083,93803.15325321711,0.3328890929586882,0.0,0.0,0.0,0.0,0.9999999903123684
2021-04-08,0.002729829272539064,282398.4591685772,94629.42900283488,0.33509187437296184,93742.0379307334,0.3319495375673217,94026.98950517969,0.3329585783931295,0.0,0.0,0.0,0.0,0.9999999903334129
2021-04-09,0.002729829272539064,282692.05712365074,94925.38124142795,0.33579076188867657,93814.78474802064,0.3318621177495116,93951.88840437285,0.3323471107052643,0.0,0.0,0.0,0.0,0.9999999903434524
2021-04-12,0.002729829272539064,283251.3879476895,95120.50180936877,0.3358165426781086,93759.59566886468,0.3310119549570577,94371.28773962677,0.33317149272735475,0.0,0.0,0.0,0.0,0.9999999903625211
2021-04-13,0.002729829272539064,282006.9388979625,94865.61884396026,0.3363946263686977,92753.14490778268,0.3289037683620374,94388.17241639028,0.33470159558925744,0.0,0.0,0.0,0.0,0.9999999903199925
2021-04-14,0.002729829272539064,280693.8196748612,94250.24534145325,0.33577599054595164,92549.56989588699,0.32971716300376985,93894.00170769168,0.3345068367249868,0.0,0.0,0.0,0.0,0.9999999902747083
2021-04-15,0.002729829272539064,283163.05150793033,95259.43211095971,0.3364119421784514,92951.21551988165,0.3282603963507521,94952.40114725969,0.33532765183031105,0.0,0.0,0.0,0.0,0.9999999903595145
2021-04-16,0.002729829272539064,283975.88985797344,95529.33139405037,0.33639944377611786,93158.18636607939,0.32804963270885834,95288.36936801436,0.3355509139021327,0.0,0.0,0.0,0.0,0.999999990387109
2021-04-19,0.002729829272539064,282722.5339248004,95136.30446458625,0.3365006076589953,92561.97043593929,0.3273950935250151,95024.25629444559,0.336104289160483,0.0,0.0,0.0,0.0,0.9999999903444934
2021-04-20,0.002729829272539064,279562.37187744264,93982.29442776911,0.33617648110730014,90822.97310813259,0.3248755277693397,94757.10161171164,0.3389479813587081,0.0,0.0,0.0,0.0,0.9999999902353479
2021-04-21,0.002729829272539064,282466.2757955489,94899.1228036119,0.33596620529772747,92372.33124620674,0.32702074251535246,95194.81901590101,0.3370130425226539,0.0,0.0,0.0,0.0,0.9999999903357338
2021-04-22,0.002729829272539064,280131.1123212624,94117.05261321836,0.3359750076788408,91426.76622931524,0.3263713390195102,94587.29074889956,0.3376536435568218,0.0,0.0,0.0,0.0,0.9999999902551728
2021-04-23,0.002729829272539064,281867.98596801097,94882.10294446282,0.3366189410216701,92019.31525381967,0.32646245701795623,94966.56503989919,0.3369185922755942,0.0,0.0,0.0,0.0,0.9999999903152206
2021-04-26,0.002729829272539064,281383.1511873799,94775.8637534072,0.3368213887486591,92177.52225919913,0.3275872129167246,94429.76244494428,0.3355913886331495,0.0,0.0,0.0,0.0,0.9999999902985333
2021-04-27,0.002729829272539064,282108.85069366446,94989.51081651975,0.33671226756251854,92625.81831808366,0.32833361339188866,94493.51882923178,0.33495410936908226,0.0,0.0,0.0,0.0,0.9999999903234894
2021-04-28,0.002729829272539064,283046.2344664567,95425.63175771621,0.3371379659496051,92899.3990965582,0.3282128068994592,94721.20088235296,0.33464921750647136,0.0,0.0,0.0,0.0,0.9999999903555358
2021-04-29,0.002729829272539064,284366.4638151456,96100.12271392003,0.337944641659259,93284.21976492622,0.3280422681120594,94982.11860647007,0.3340130806289938,0.0,0.0,0.0,0.0,0.9999999904003122
2021-04-30,0.002729829272539064,283703.0073268623,95748.30441037717,0.3374948517907772,92808.45858581866,0.32713244551155357,95146.2416008372,0.33537269307553197,0.0,0.0,0.0,0.0,0.9999999903778627
2021-05-03,0.002729829272539064,286492.5528094478,96540.75273950364,0.33697473736329514,93890.56386040917,0.3277242739459889,96061.23347970573,0.33530097916226836,0.0,0.0,0.0,0.0,0.9999999904715524
2021-05-04,0.002729829272539064,284998.2636374913,95931.74633630471,0.3366046694878353,93561.71116229541,0.32828870593156634,95504.8034090619,0.3351066150021916,0.0,0.0,0.0,0.0,0.9999999904215933
2021-05-05,0.002729829272539064,286205.40868028475,96084.33523192238,0.3357180972748722,94484.04537931728,0.3301266940236752,95637.02533921579,0.33415519916344527,0.0,0.0,0.0,0.0,0.9999999904619927
2021-05-06,0.002729829272539064,288355.33707945806,96709.92755538064,0.33538455897811814,95361.88955149215,0.3307096394238564,96283.51724275599,0.33390579213113186,0.0,0.0,0.0,0.0,0.9999999905331064
2021-05-07,0.002729829272539064,289985.56556544383,97303.98202816203,0.33554767403139074,96123.32544244036,0.331476241774342,96558.25536501218,0.3329760747805944,0.0,0.0,0.0,0.0,0.999999990586327
2021-05-10,0.002729829272539064,287327.84245555097,96002.41024116542,0.33412150183815476,95045.41259696211,0.33079081993825726,96280.01688759416,0.33508766872284046,0.0,0.0,0.0,0.0,0.9999999904992525
2021-05-11,0.002729829272539064,285048.10794826585,95418.14277778554,0.3347439962488831,94047.10930009054,0.32993416436624584,95582.85314056049,0.3353218298081392,0.0,0.0,0.0,0.0,0.9999999904232681
2021-05-12,0.002729829272539064,278644.98087538,93200.63417290428,0.3344780655302273,91545.72277637816,0.32853892608717283,93898.6211962683,0.3369829985857995,0.0,0.0,0.0,0.0,0.9999999902031995
2021-05-13,0.002729829272539064,285179.4994045588,95336.2312422997,0.33430254082554045,93913.19510759471,0.32931257437396794,95930.07032483508,0.33638487522817206,0.0,0.0,0.0,0.0,0.9999999904276805
2021-05-14,0.002729829272539064,288324.09611028316,96542.88457380928,0.33484154073921696,95182.6782092345,0.33012391088127224,96598.53059741008,0.3350345389115914,0.0,0.0,0.0,0.0,0.9999999905320807
2021-05-17,0.002729829272539064,287440.9948420656,96021.59152935498,0.3340567046886058,95297.91056328393,0.3315390367878644,96121.49001959743,0.3344042490265223,0.0,0.0,0.0,0.0,0.9999999905029925
2021-05-18,0.002729829272539064,284574.52788279473,95082.22785273769,0.3341206557035856,93944.62938476929,0.33012311426362606,95547.66791545847,0.33575622044011916,0.0,0.0,0.0,0.0,0.9999999904073309
2021-05-19,0.002729829272539064,282801.8029614297,94621.73308572153,0.33458673917516235,93356.09161284017,0.33011137353170505,94823.9755330387,0.3353018776403324,0.0,0.0,0.0,0.0,0.9999999903471999
2021-05-20,0.002729829272539064,286814.3652710213,96065.2044636138,0.33493860871591385,94444.58338705743,0.32928819063094455,96304.57469052079,0.33577319113538506,0.0,0.0,0.0,0.0,0.9999999904822435
2021-05-21,0.002729829272539064,285842.8070770714,95559.6552760897,0.33430841326129324,94487.95658464759,0.330559154350772,95795.19248650479,0.335132422837828,0.0,0.0,0.0,0.0,0.9999999904498934
2021-05-24,0.002729829272539064,287819.38502704585,96519.31393985254,0.3353468145683891,95135.53824243048,0.3305390227051273,96164.53011493351,0.3341141532419615,0.0,0.0,0.0,0.0,0.999999990515478
2021-05-25,0.002729829272539064,286288.3991036936,96331.57800807811,0.3364843923458695,94248.87281049229,0.32920954221534965,95707.94555529392,0.33430605590353846,0.0,0.0,0.0,0.0,0.9999999904647576
2021-05-26,0.002729829272539064,286771.3042112434,96468.11284333945,0.3363938839999084,94704.36253867605,0.3302435116343241,95598.82609939863,0.3333625948465819,0.0,0.0,0.0,0.0,0.9999999904808143
2021-05-27,0.002729829272539064,288625.4940430647,96839.50190914994,0.3355195708896765,95916.85805419645,0.33232288912040825,95869.13134988905,0.3321575305318829,0.0,0.0,0.0,0.0,0.9999999905419675
2021-05-28,0.002729829272539064,290541.72902752506,97519.80441481984,0.3356481863766327,96244.96320157107,0.33126037875424463,96776.95868130488,0.33309142547346965,0.0,0.0,0.0,0.0,0.999999990604347
2021-06-01,0.002729829272539064,289313.5946305888,97043.050714785,0.33542513216046693,96343.79758396192,0.3330081937801052,95926.7436020126,0.3315666646238904,0.0,0.0,0.0,0.0,0.9999999905644624
2021-06-02,0.002729829272539064,290392.29517661186,97480.53949897274,0.33568569524093833,96665.92743079197,0.3328804828378843,96245.82551701789,0.33143381252068943,0.0,0.0,0.0,0.0,0.9999999905995121
2021-06-03,0.002729829272539064,290388.3940508548,97291.9970043495,0.3350409279349886,96800.79979650132,0.3333494098925624,96295.5945201747,0.3316096527718348,0.0,0.0,0.0,0.0,0.9999999905993857
2021-06-04,0.002729829272539064,294482.03969364497,98890.3187907871,0.33581103585693883,97970.14349875916,0.3326863111946633,97621.5746742694,0.33150264367846305,0.0,0.0,0.0,0.0,0.9999999907300653
2021-06-07,0.002729829272539064,292502.1602887558,98361.12261311706,0.3362748586746017,97160.60722936086,0.3321705628889875,96980.42771644857,0.33155456910372993,0.0,0.0,0.0,0.0,0.9999999906673193
2021-06-08,0.002729829272539064,291261.0800225248,97963.02515453029,0.33634093901922724,96740.50083459329,0.3321435903043133,96557.55130357193,0.33151546130401155,0.0,0.0,0.0,0.0,0.9999999906275522
2021-06-09,0.002729829272539064,291228.11273220857,97949.32563260295,0.33633197260276093,96349.52685801205,0.33083868845659076,96929.25751176431,0.33282932956713956,0.0,0.0,0.0,0.0,0.9999999906264911
2021-06-10,0.002729829272539064,292888.0595982369,98641.9188816323,0.3367905097153578,96373.74127553473,0.3290463305596459,97872.3967112406,0.334163150404612,0.0,0.0,0.0,0.0,0.9999999906796156
2021-06-11,0.002729829272539064,292741.94395692373,98657.56975681867,0.3370120742633857,96511.38764581345,0.32968076368316684,97572.98382446234,0.3333071527284111,0.0,0.0,0.0,0.0,0.9999999906749636
2021-06-14,0.002729829272539064,293171.04393210076,99132.69917785762,0.3381394623707007,96037.47862575973,0.3275817329626942,98000.8633986541,0.3342787953552172,0.0,0.0,0.0,0.0,0.9999999906886122
2021-06-15,0.002729829272539064,293636.67869387416,99174.2275641421,0.3377446850484727,96526.83850955001,0.32872881868474746,97935.60989035273,0.33352648697015747,0.0,0.0,0.0,0.0,0.9999999907033778
2021-06-16,0.002729829272539064,291244.4291215456,98414.424114462,0.3379100654776491,95633.70847061939,0.32836236133020896,97196.2938066349,0.3337275638191582,0.0,0.0,0.0,0.0,0.9999999906270163
2021-06-17,0.002729829272539064,292070.09499999555,99196.0667447285,0.339631028451338,94829.23946729458,0.3246797295946921,98044.78605814317,0.335689232607483,0.0,0.0,0.0,0.0,0.9999999906535132
2021-06-18,0.002729829272539064,286676.20606565604,97517.04011468524,0.3401644016886124,92636.83142122014,0.3231409843620017,96522.33179992139,0.3366946044270425,0.0,0.0,0.0,0.0,0.9999999904776565
2021-06-21,0.002729829272539064,290578.5188645121,98777.87304159565,0.3399352210465797,94152.1202191986,0.32401610617025295,97648.52287388858,0.3360486633887039,0.0,0.0,0.0,0.0,0.9999999906055366
2021-06-22,0.002729829272539064,291948.07563165243,99550.60957825619,0.3409873805911229,94299.92929623302,0.32300240065706126,98097.53402733395,0.3360102094014228,0.0,0.0,0.0,0.0,0.9999999906496069
2021-06-23,0.002729829272539064,291766.1903057363,99497.34331438404,0.3410173852224709,94421.06661883074,0.32361894474438135,97847.77764269226,0.33536366067692563,0.0,0.0,0.0,0.0,0.9999999906437779
2021-06-24,0.002729829272539064,294784.1761034834,100455.84176127595,0.3407775922341609,95528.53889344583,0.3240626418831611,98799.79271893234,0.3351597566222444,0.0,0.0,0.0,0.0,0.9999999907395665
2021-06-25,0.002729829272539064,296570.5479679905,101316.07092242998,0.34162553097944587,95887.31982447986,0.32332043920567993,99367.15449125138,0.33505402061022016,0.0,0.0,0.0,0.0,0.999999990795346
2021-06-28,0.002729829272539064,296764.615306797,101677.38489054386,0.34261963740329754,95619.7889309524,0.32220751396557207,99467.43875547145,0.3351728394324958,0.0,0.0,0.0,0.0,0.9999999908013653
2021-06-29,0.002729829272539064,295962.2521062697,101636.89755322956,0.3434116912880339,95094.871938529,0.3213074345183174,99230.47988468186,0.3352808649700762,0.0,0.0,0.0,0.0,0.9999999907764275
2021-06-30,0.002729829272539064,295892.05485933507,101467.52607715943,0.3429207523851776,95335.85627910704,0.32219809458699056,99088.6697732393,0.33488114380207107,0.0,0.0,0.0,0.0,0.9999999907742393
2021-07-01,0.001561047240102198,298987.4018958465,99771.51026793498,0.3336980409050506,99310.7266625759,0.33215689367798584,99905.1634042884,0.33414506019584994,0.0,0.0,0.0,0.0,0.9999999947788863
2021-07-02,0.001561047240102198,301679.29138018517,101065.56985482214,0.33500996834236235,99682.73331616797,0.33042617164777427,100930.98664814782,0.33456385483533774,0.0,0.0,0.0,0.0,0.9999999948254744
2021-07-06,0.001561047240102198,298301.59855901817,100225.50114227821,0.3359871406201964,97752.00639657275,0.3276952147382904,100324.08945911996,0.336317639408396,0.0,0.0,0.0,0.0,0.9999999947668828
2021-07-07,0.001561047240102198,298559.01385635947,100439.50234033221,0.3364142353064407,97475.27064829189,0.32648577374786103,100644.23930668816,0.33709998571709304,0.0,0.0,0.0,0.0,0.9999999947713948
2021-07-08,0.001561047240102198,296095.95123382757,99644.57885783994,0.33652800196227745,96435.1755938533,0.32568893695442075,100016.19522108714,0.3377830558112027,0.0,0.0,0.0,0.0,0.9999999947279008
2021-07-09,0.001561047240102198,297084.1622647935,99763.72997533208,0.3358096547954377,97365.08546408257,0.32773569860415613,99955.34526433158,0.3364546413458439,0.0,0.0,0.0,0.0,0.9999999947454378
2021-07-12,0.001561047240102198,298983.0666458606,100443.37580249127,0.33595004870782336,98180.68160983463,0.3283820810030277,100359.00767248751,0.3356678650679596,0.0,0.0,0.0,0.0,0.9999999947788106
2021-07-13,0.001561047240102198,297927.9061946526,100358.37306960013,0.33685455770642214,97324.68857719882,0.32667194496916735,100244.84298680646,0.33647349208472943,0.0,0.0,0.0,0.0,0.9999999947603189
2021-07-14,0.001561047240102198,299088.0047931243,100700.56797650582,0.3366920985218355,97534.74254680578,0.32610716907309417,100852.69270876546,0.3372007271857128,0.0,0.0,0.0,0.0,0.9999999947806425
2021-07-15,0.001561047240102198,296714.1405518413,99767.49721782027,0.3362411276802263,96557.67144790677,0.32542322138178115,100388.97032506704,0.3383356456768776,0.0,0.0,0.0,0.0,0.999999994738885
2021-07-16,0.001561047240102198,294508.09006942046,99020.18729538126,0.3362222996048786,95167.01853433411,0.3231388941196884,100320.88267865789,0.340638800974909,0.0,0.0,0.0,0.0,0.999999994699476
2021-07-19,0.001561047240102198,290995.8461211808,97844.81978591089,0.3362412937852209,93676.06823579951,0.3219154825900488,99474.95653842318,0.34184321826023023,0.0,0.0,0.0,0.0,0.9999999946355
2021-07-20,0.001561047240102198,294008.5305045947,98814.83822320588,0.33609514000704016,95215.4664648318,0.3238527341414803,99978.22425550976,0.34005212054194917,0.0,0.0,0.0,0.0,0.9999999946904696
2021-07-21,0.001561047240102198,297010.4126529233,99901.36577913507,0.336356442478926,96725.1227270007,0.32566239635520966,100383.92258574032,0.33798115590999733,0.0,0.0,0.0,0.0,0.999999994744133
2021-07-22,0.001561047240102198,297851.456064557,100427.98049177199,0.33717471728593795,96412.37620434383,0.3236928147950608,101011.09780739398,0.33913246267797525,0.0,0.0,0.0,0.0,0.999999994758974
2021-07-23,0.001561047240102198,300181.4787433156,101743.65899274123,0.33894049499217094,96489.19184914889,0.3214361933757297,101948.62634037827,0.3396233064317545,0.0,0.0,0.0,0.0,0.9999999947996551
2021-07-26,0.001561047240102198,301737.0939150508,102168.8397616517,0.3386021865459329,97433.54551393734,0.3229087423416631,102134.7070784145,0.33848906593886957,0.0,0.0,0.0,0.0,0.9999999948264656
2021-07-27,0.001561047240102198,300408.94289619825,101537.6975763437,0.337998251974238,96799.46408601325,0.3222256406643022,102071.77967279409,0.33977610216505255,0.0,0.0,0.0,0.0,0.9999999948035927
2021-07-28,0.001561047240102198,298949.97485531063,101110.58177060235,0.3382190676535064,96466.56095757242,0.3226846264304302,101372.83056608863,0.3390963006942959,0.0,0.0,0.0,0.0,0.9999999947782326
2021-07-29,0.001561047240102198,301067.77450655494,101661.27490462156,0.337669068272892,97715.05434052224,0.32456165227472644,101691.44370036393,0.33776927426734565,0.0,0.0,0.0,0.0,0.9999999948149642
2021-07-30,0.001561047240102198,298942.6594809419,100943.4614704033,0.33766830617507976,96767.06012159842,0.3236977294897167,101232.13632789292,0.3386339591133083,0.0,0.0,0.0,0.0,0.9999999947781049
2021-08-02,0.001561047240102198,299307.27425736364,101055.36938487846,0.3376308498870113,96918.1235654486,0.32380811260240927,101333.77974598936,0.3385610322950456,0.0,0.0,0.0,0.0,0.9999999947844661
2021-08-03,0.001561047240102198,300635.6763507664,101401.41799903472,0.33729003566670746,97680.6958144306,0.3249138525411127,101553.56097625384,0.3377961065996915,0.0,0.0,0.0,0.0,0.9999999948075118
2021-08-04,0.001561047240102198,297823.3710480128,100989.69826282116,0.33909259003901465,95935.37376610155,0.3221217106921927,100898.29745804291,0.3387856940272725,0.0,0.0,0.0,0.0,0.9999999947584798
2021-08-05,0.001561047240102198,300765.618331859,102150.3641925703,0.3396344461149796,96873.19685035049,0.3220886662100535,101742.055727891,0.33827688248472193,0.0,0.0,0.0,0.0,0.9999999948097551
2021-08-06,0.001561047240102198,302067.08343979175,102365.70319953137,0.33888400561173687,97805.45650570831,0.3237872044578567,101895.92217350485,0.33732878476252387,0.0,0.0,0.0,0.0,0.9999999948321174
2021-08-09,0.001561047240102198,303250.85384167806,102734.90638054324,0.3387786219859395,98042.28328658848,0.32330422831315303,102473.66261349914,0.3379171445531983,0.0,0.0,0.0,0.0,0.9999999948522907
2021-08-10,0.001561047240102198,303979.96640302055,102808.34192784803,0.33820762316798014,98747.99890511943,0.3248503514017699,102423.62400900587,0.33694202029488785,0.0,0.0,0.0,0.0,0.9999999948646379
2021-08-11,0.001561047240102198,305743.0816972268,103206.76115997531,0.33756041375346496,99693.85062511903,0.3260706671487157,102842.46835108523,0.3363689139920711,0.0,0.0,0.0,0.0,0.9999999948942517
2021-08-12,0.001561047240102198,304998.86684910656,103094.1154259543,0.3380147490087512,99042.80667705149,0.32473172015439444,102861.94318505353,0.3372535257186476,0.0,0.0,0.0,0.0,0.9999999948817934
2021-08-13,0.001561047240102198,305850.2017934012,103529.05501997183,0.3384959513281756,99003.3051152087,0.3236986751510612,103317.84009717345,0.33780536841680303,0.0,0.0,0.0,0.0,0.99999999489604
2021-08-16,0.001561047240102198,304779.81264882995,103409.67371875665,0.3392930549435904,98248.99200309144,0.32236056302158966,103121.14536593466,0.3383463769129348,0.0,0.0,0.0,0.0,0.9999999948781148
2021-08-17,0.001561047240102198,302295.17876355833,102234.95988256898,0.33819580021331586,97140.52849055624,0.3213432939548639,102919.68882938588,0.3404609006678371,0.0,0.0,0.0,0.0,0.9999999948360169
2021-08-18,0.001561047240102198,299542.0780497532,101238.13678390744,0.33797634523685194,96341.68511001315,0.3216298883190996,101962.25459478541,0.34039376123260295,0.0,0.0,0.0,0.0,0.9999999947885545
2021-08-19,0.001561047240102198,300473.2567565815,101955.30680589235,0.33931574445737805,95818.43713126786,0.3188917315489811,102699.51125837404,0.3417925187983457,0.0,0.0,0.0,0.0,0.9999999948047049
2021-08-20,0.001561047240102198,302572.79118581006,102889.33811664031,0.3400482168717409,96293.6062818464,0.3182493901862857,103389.84522627611,0.3417023877827282,0.0,0.0,0.0,0.0,0.9999999948407549
2021-08-23,0.001561047240102198,304445.8655558281,103598.67699357429,0.3402860367455927,97176.1845935591,0.3191903572615254,103671.00240764747,0.3405236008653784,0.0,0.0,0.0,0.0,0.9999999948724966
2021-08-24,0.001561047240102198,304297.483139702,103512.209693568,0.34016781415850844,97600.0264681214,0.32073885548147485,103185.2454169654,0.33909332523001307,0.0,0.0,0.0,0.0,0.9999999948699962
2021-08-25,0.001561047240102198,305063.1181359184,103730.83626956352,0.3400307349620254,98111.42017911325,0.32161023193698723,103220.8601261944,0.3383590279838587,0.0,0.0,0.0,0.0,0.9999999948828714
2021-08-26,0.001561047240102198,303609.6296778713,103261.60926298803,0.34011308986657707,97389.72857238419,0.3207728578165137,102958.29028145186,0.33911404717528304,0.0,0.0,0.0,0.0,0.9999999948583739
2021-08-27,0.001561047240102198,306303.0833826678,104371.41514918962,0.34074555827698694,98451.74088421937,0.32141935953423795,103479.92578821159,0.33783507709236144,0.0,0.0,0.0,0.0,0.9999999949035864
2021-08-30,0.001561047240102198,306148.13117355836,104625.89070564645,0.34174923852902117,97840.9753728771,0.3195870410765634,103681.26353398759,0.33866371529542233,0.0,0.0,0.0,0.0,0.9999999949010069
2021-08-31,0.001561047240102198,305931.2959270564,104309.73058780788,0.3409580254668636,97985.85685628896,0.3202871303485468,103635.70692191232,0.3387548390819824,0.0,0.0,0.0,0.0,0.9999999948973929
2021-09-01,0.001561047240102198,306083.0863350018,104475.12331502385,0.34132929253293637,97479.2472328365,0.31847315838336593,104128.71422609425,0.340197543983621,0.0,0.0,0.0,0.0,0.9999999948999233
2021-09-02,0.001561047240102198,307503.1428538701,104564.82890158573,0.3400447485874199,98317.33326908783,0.3197278972716374,104620.97912214935,0.3402273490644183,0.0,0.0,0.0,0.0,0.9999999949234756
2021-09-03,0.001561047240102198,306544.04854505026,104414.03896077727,0.34061675461114815,97679.19045249495,0.3186465074631512,104450.81757073081,0.3407367328332931,0.0,0.0,0.0,0.0,0.9999999949075925
2021-09-07,0.001561047240102198,303567.93055806815,103476.55009133041,0.34086785748778836,96879.19841829762,0.3191351544947401,103212.18048739288,0.33999698287513896,0.0,0.0,0.0,0.0,0.9999999948576676
2021-09-08,0.001561047240102198,304928.392471861,103769.51213713181,0.34030780569804675,96990.54296598217,0.3180764578192978,104168.33580769978,0.34161573136326595,0.0,0.0,0.0,0.0,0.9999999948806104
2021-09-09,0.001561047240102198,303288.210383951,103303.73748133305,0.34061244039309857,96585.5651044335,0.3184613242372987,103398.90623713723,0.34092623022252744,0.0,0.0,0.0,0.0,0.9999999948529248
2021-09-10,0.001561047240102198,300343.6446066356,102363.22253772688,0.34082033822221697,95551.1635475982,0.318139455465232,102429.25696026329,0.34104020111501393,0.0,0.0,0.0,0.0,0.9999999948024629
2021-09-13,0.001561047240102198,301370.2959593203,102384.83887727463,0.3397310227650796,96711.4131433174,0.320905591692327,102274.04237768111,0.3393633803627624,0.0,0.0,0.0,0.0,0.999999994820169
2021-09-14,0.001561047240102198,299561.8763468152,101992.97537861163,0.34047381670333154,95661.9589282417,0.3193395638151561,101906.94047891464,0.3401866142704112,0.0,0.0,0.0,0.0,0.9999999947888989
2021-09-15,0.001561047240102198,301183.99791326886,102379.1465517097,0.3399222643335505,96659.874203291,0.320932967465044,102144.97559722095,0.3391447630183705,0.0,0.0,0.0,0.0,0.999999994816965
2021-09-16,0.001561047240102198,299572.84861276,101911.31214642525,0.3401887474727722,96094.95084730307,0.32077323192770146,101566.5840579845,0.3390380153886161,0.0,0.0,0.0,0.0,0.9999999947890897
2021-09-17,0.001561047240102198,297962.846293434,101115.18177734043,0.3393550002464473,95786.68506330578,0.321471909182177,101060.97789174055,0.339173085332309,0.0,0.0,0.0,0.0,0.9999999947609334
2021-09-20,0.001561047240102198,294316.1972465212,99740.87876460073,0.33889021296730437,94224.90005740745,0.32014853731778836,100350.41686346578,0.34096124441092723,0.0,0.0,0.0,0.0,0.99999999469602
2021-09-21,0.001561047240102198,292270.6006732015,99175.7032849773,0.33932835891307894,93284.93701405855,0.31917317992022015,99809.95881311844,0.3414984558255985,0.0,0.0,0.0,0.0,0.9999999946588976
2021-09-22,0.001561047240102198,293606.5386844956,99567.2237582943,0.3391178691196911,94001.75688405227,0.3201623414288634,100037.55648110183,0.34071978413464565,0.0,0.0,0.0,0.0,0.9999999946832001
2021-09-23,0.001561047240102198,298446.2309270822,101213.83626272932,0.3391359172080092,95884.7744057106,0.32127989724600553,101347.61869759504,0.3395841803154042,0.0,0.0,0.0,0.0,0.9999999947694189
2021-09-24,0.001561047240102198,299825.6280650856,101661.99247159093,0.3390703894382315,96436.92655705221,0.3216433737816363,101726.70747539528,0.33928623157361526,0.0,0.0,0.0,0.0,0.999999994793483
2021-09-27,0.001561047240102198,300413.75976058777,101431.28111622256,0.3376385995004269,97850.70217821593,0.3257197748072433,101131.77490510207,0.3366416204960059,0.0,0.0,0.0,0.0,0.9999999948036761
2021-09-28,0.001561047240102198,296086.7375122187,99446.39079618058,0.33586911602913894,96880.89390119091,0.32720443581905756,99759.45125380003,0.3369264428795404,0.0,0.0,0.0,0.0,0.9999999947277368
2021-09-29,0.001561047240102198,298428.2314725353,100087.0750560567,0.3353807197201041,97449.49991845978,0.32654249712774974,100891.65493697158,0.33807677792124957,0.0,0.0,0.0,0.0,0.9999999947691034
2021-09-30,0.001561047240102198,295844.05667084036,99344.60830126263,0.3358005883883435,96248.0583815853,0.3253337567929311,100251.38842694522,0.3388656495421374,0.0,0.0,0.0,0.0,0.999999994723412
2021-10-01,0.0011433775312070793,297005.52112968673,99107.35939382005,0.33368860961525715,98990.85137698194,0.33329633402255116,98907.30921550721,0.33301505251250724,0.0,0.0,0.0,0.0,0.9999999961503157
2021-10-04,0.0011433775312070793,292957.511655512,97034.19087577144,0.3312227439652536,98311.31217424684,0.3355821518918787,97612.00746211618,0.3331951002399894,0.0,0.0,0.0,0.0,0.9999999960971218
2021-10-05,0.0011433775312070793,295491.5782787564,98194.46690127061,0.3323088511464695,99067.07088051463,0.33526190985740456,98230.03935359365,0.3324292351267178,0.0,0.0,0.0,0.0,0.9999999961305919
2021-10-06,0.0011433775312070793,297266.06498594116,98951.67468711112,0.33287242084558466,99169.85451851423,0.3336063755652847,99144.5346369383,0.33352119974282035,0.0,0.0,0.0,0.0,0.9999999961536897
2021-10-07,0.0011433775312070793,300024.4047719478,99838.90704030132,0.33276928627252866,100223.9081810528,0.33405251901835853,99961.58840721619,0.3331781908981644,0.0,0.0,0.0,0.0,0.9999999961890517
2021-10-08,0.0011433775312070793,300162.79495636985,99964.99699544495,0.3330359347499258,100428.39081943981,0.3345797430825415,99769.40599810758,0.33238431835834137,0.0,0.0,0.0,0.0,0.9999999961908087
2021-10-11,0.0011433775312070793,299974.6689068281,99909.19938374421,0.33305878708970565,100278.52073183746,0.33428996220672186,99786.94764786893,0.3326512468919923,0.0,0.0,0.0,0.0,0.9999999961884198
2021-10-12,0.0011433775312070793,302224.2538092149,100684.38273476207,0.33314461518472666,100732.0026191547,0.33330217991949707,100807.86731192065,0.3335532011125673,0.0,0.0,0.0,0.0,0.999999996216791
2021-10-13,0.0011433775312070793,303907.90774974914,101551.66017219948,0.33415274029598957,100818.60316360608,0.33174063784685875,101537.64327056604,0.33410661809490166,0.0,0.0,0.0,0.0,0.99999999623775
2021-10-14,0.0011433775312070793,308431.58536583505,103188.7689842349,0.3345596685950346,102417.44000710564,0.33205885799804474,102825.37523111701,0.33338146969985055,0.0,0.0,0.0,0.0,0.9999999962929299
2021-10-15,0.0011433775312070793,311161.8865877335,104252.24176398946,0.3350418102526675,103436.54138367028,0.3324203440144199,103473.10229669628,0.33253784205837034,0.0,0.0,0.0,0.0,0.9999999963254578
2021-10-18,0.0011433775312070793,312963.0557792869,105281.57870833042,0.33640257776169874,103611.98833350065,0.33106779353078547,104069.4875940783,0.3325296250541212,0.0,0.0,0.0,0.0,0.9999999963466055
2021-10-19,0.0011433775312070793,315203.75276933325,106146.78383697906,0.33675609158961217,104185.98600562342,0.3305353603510772,104870.98178335326,0.3327085444318871,0.0,0.0,0.0,0.0,0.9999999963725765
2021-10-20,0.0011433775312070793,317916.1975653231,106738.44119710392,0.3357439539555769,105492.41951020122,0.33182461390167267,105685.33571464045,0.33243142854627594,0.0,0.0,0.0,0.0,0.9999999964035254
2021-10-21,0.0011433775312070793,318171.2033916679,107152.93180757838,0.33677759226900683,104980.6416551465,0.32995016687891643,106037.62878556552,0.33327223725848465,0.0,0.0,0.0,0.0,0.9999999964064079
2021-10-22,0.0011433775312070793,316381.0072797333,106609.97102847164,0.3369670383981385,103809.32286478428,0.32811490094599643,105961.71224309989,0.33491805704193917,0.0,0.0,0.0,0.0,0.9999999963860742
2021-10-25,0.0011433775312070793,316756.68312150915,107013.03404885108,0.3378398617963822,103818.53719129226,0.32775484377536257,105925.1107379883,0.3344052908186155,0.0,0.0,0.0,0.0,0.9999999963903603
2021-10-26,0.0011433775312070793,316059.42764197005,106819.23744157713,0.33797200177993497,103234.642402998,0.3266304795057134,106005.54665401741,0.3353975150967487,0.0,0.0,0.0,0.0,0.9999999963823971
2021-10-27,0.0011433775312070793,313681.5378348982,106430.57177883561,0.33929498214476944,101961.70787812036,0.3250484825529848,105289.25703456471,0.3356565316572192,0.0,0.0,0.0,0.0,0.9999999963549735
2021-10-28,0.0011433775312070793,315491.56479247636,107042.44259725501,0.33928781160176263,102856.78100210417,0.32602070064776906,105592.34004973967,0.3346914841263539,0.0,0.0,0.0,0.0,0.9999999963758857
2021-10-29,0.0011433775312070793,315988.002428305,107719.42542882691,0.3408972005298446,102483.70514254458,0.3243278363576392,105784.87071355601,0.3347749594940957,0.0,0.0,0.0,0.0,0.9999999963815793
2021-11-01,0.0011433775312070793,318653.25222809723,108093.50233713763,0.3392198309018435,104321.02902751384,0.32738102717633377,106238.71972006827,0.333399138333667,0.0,0.0,0.0,0.0,0.9999999964118442
2021-11-02,0.0011433775312070793,319695.60466089717,108576.66768017231,0.3396251499777113,104450.65258306629,0.32671907608444495,106668.2832542811,0.3336557703613871,0.0,0.0,0.0,0.0,0.9999999964235432
2021-11-03,0.0011433775312070793,321123.19506622036,108968.86819366908,0.3393366467071869,105335.8351676043,0.32802312877424655,106818.49056156944,0.33264022095800927,0.0,0.0,0.0,0.0,0.9999999964394428
2021-11-04,0.0011433775312070793,322642.0996044086,110299.29665189623,0.34186269177870515,105286.1173287791,0.32632479598251557,107056.68448035578,0.3318125086949842,0.0,0.0,0.0,0.0,0.9999999964562049
2021-11-05,0.0011433775312070793,322483.62728183705,110142.44039509258,0.3415442865222821,106036.20138427414,0.3288111160186219,106304.98435909282,0.3296445939135594,0.0,0.0,0.0,0.0,0.9999999964544634
2021-11-08,0.0011433775312070793,322076.796784167,109928.67759114751,0.3413120059835105,106085.81826353741,0.3293805059003632,106062.29978610459,0.32930748456611114,0.0,0.0,0.0,0.0,0.9999999964499848
2021-11-09,0.0011433775312070793,321336.0849221442,109797.81903887495,0.3416915316730694,105750.51443097078,0.32909629323638784,105787.75030892093,0.32921217153234444,0.0,0.0,0.0,0.0,0.9999999964418017
2021-11-10,0.0011433775312070793,318917.2034056878,108410.00345553942,0.3399315003952087,105066.00764010566,0.3294460333845754,105441.19116666524,0.33062246263502987,0.0,0.0,0.0,0.0,0.999999996414814
2021-11-11,0.0011433775312070793,322465.7255348809,109530.84716729337,0.3396666327424788,106716.80127994601,0.33093998161489113,106218.075944264,0.32939338209689656,0.0,0.0,0.0,0.0,0.9999999964542665
2021-11-12,0.0011433775312070793,325131.80228883517,110829.4610129085,0.3408754856728893,107284.6697977188,0.3299728572919208,107017.67033483039,0.3291516535185316,0.0,0.0,0.0,0.0,0.9999999964833415
2021-11-15,0.0011433775312070793,325059.19605610974,110814.90631388113,0.34090684914741787,107216.38489259663,0.32983649191727404,107027.90370625448,0.3292566554178642,0.0,0.0,0.0,0.0,0.999999996482556
2021-11-16,0.0011433775312070793,325885.86412779154,111411.66091474591,0.34187325434605964,106989.32584311895,0.3283030582792158,107484.8762265492,0.3298236838662033,0.0,0.0,0.0,0.0,0.9999999964914786
2021-11-17,0.0011433775312070793,326254.4254341873,111266.92969494216,0.34104343426718403,107120.46463685957,0.328334135220698,107867.02995900808,0.3306224270075602,0.0,0.0,0.0,0.0,0.9999999964954421
2021-11-18,0.0011433775312070793,323528.87421950337,110712.9426907473,0.34220420961756975,105865.95496327475,0.3272225862951827,106949.97542210385,0.3305732005531658,0.0,0.0,0.0,0.0,0.9999999964659182
2021-11-19,0.0011433775312070793,323029.023020273,111054.10948147003,0.34378988130271,105062.25481437118,0.32524091436755376,106912.6575810543,0.3309692007901858,0.0,0.0,0.0,0.0,0.9999999964604496
2021-11-22,0.0011433775312070793,322541.47794608294,110067.58733788074,0.3412509548811579,106107.05224879361,0.3289718051906825,106366.83721603105,0.3297772363832588,0.0,0.0,0.0,0.0,0.9999999964550993
2021-11-23,0.0011433775312070793,325362.60869262484,110857.44008402636,0.3407196682171771,107365.357068679,0.3299867722972087,107139.81039654199,0.32929355597145044,0.0,0.0,0.0,0.0,0.9999999964858362
2021-11-24,0.0011433775312070793,326889.9332075807,111627.23435729221,0.34148263074961993,107532.61382092591,0.32895663921421786,107730.0838859851,0.3295607265384176,0.0,0.0,0.0,0.0,0.9999999965022554
2021-11-26,0.0011433775312070793,320677.46741000644,109235.41171156013,0.3406394986021757,105091.79622766699,0.3277180560157676,106350.2583274018,0.3316424418165504,0.0,0.0,0.0,0.0,0.9999999964344938
2021-11-29,0.0011433775312070793,319428.4524312521,109298.78835492174,0.3421698584550642,104166.97658605722,0.32610425212035926,105962.68634689564,0.33172588584512863,0.0,0.0,0.0,0.0,0.999999996420552
2021-11-30,0.0011433775312070793,312709.624978241,107243.6972315724,0.34294978045218355,101678.5027548776,0.32515309614135673,103787.42384841348,0.3318971197501044,0.0,0.0,0.0,0.0,0.9999999963436447
2021-12-01,0.0011433775312070793,308509.24619114166,105276.39366862022,0.3412422641083328,100613.3279833731,0.32612743127003907,102619.52339577086,0.33263030091549134,0.0,0.0,0.0,0.0,0.999999996293863
2021-12-02,0.0011433775312070793,312674.3325535761,106337.11713048839,0.3400890513207308,102374.18070618516,0.32741472531533605,103963.03357352506,0.33249621970716514,0.0,0.0,0.0,0.0,0.999999996343232
2021-12-03,0.0011433775312070793,311879.4197053611,105494.8147787566,0.3382551335975285,102441.87633343496,0.3284662913321241,103942.72744979207,0.33327857140425904,0.0,0.0,0.0,0.0,0.9999999963339117
2021-12-06,0.0011433775312070793,314840.2592498473,106321.6774122824,0.3377003870648857,103675.29380634654,0.32929490673577766,104843.28688784089,0.3330047025677252,0.0,0.0,0.0,0.0,0.9999999963683885
2021-12-07,0.0011433775312070793,321311.2729754609,109229.89680552782,0.33995040321498426,105762.50854938757,0.32915903500673266,106318.866477168,0.33089055821980995,0.0,0.0,0.0,0.0,0.9999999964415269
2021-12-08,0.0011433775312070793,321565.49667187163,109430.96175848875,0.34030691380472666,105616.57414896859,0.3284449831902852,106517.95962103676,0.3312480994493282,0.0,0.0,0.0,0.0,0.9999999964443402
2021-12-09,0.0011433775312070793,320228.2035252618,108695.44855725915,0.3394312161161174,105247.78946605013,0.32866495926161443,106284.964358575,0.3319038210517598,0.0,0.0,0.0,0.0,0.9999999964294916
2021-12-10,0.0011433775312070793,322600.8268811877,109349.13874980043,0.3389611235871791,106070.49187524071,0.32879795411778645,107181.19511276901,0.3322409187507859,0.0,0.0,0.0,0.0,0.9999999964557514
2021-12-13,0.0011433775312070793,321139.18848101614,108591.7687184237,0.3381454914676133,104851.34964827249,0.32649814600397387,107696.06897094246,0.335356358968033,0.0,0.0,0.0,0.0,0.9999999964396201
2021-12-14,0.0011433775312070793,319476.4606572224,107781.60377922787,0.33736946865349987,104651.65725016377,0.327572357083448,107043.19848445323,0.3350581706841421,0.0,0.0,0.0,0.0,0.9999999964210899
2021-12-15,0.0011433775312070793,324799.94938620017,110103.74844394226,0.3389894261129471,105975.9032622304,0.3262805411838928,108720.29653665,0.33473002918290856,0.0,0.0,0.0,0.0,0.9999999964797485
2021-12-16,0.0011433775312070793,325416.07709955104,109099.84113626304,0.33526260321455265,107055.31113991221,0.32897978518486637,109260.92367999828,0.3357576080869946,0.0,0.0,0.0,0.0,0.9999999964864136
2021-12-17,0.0011433775312070793,320584.58995815343,107406.27858544451,0.3350325684695714,105561.23914483702,0.32927733413080196,107617.0710844944,0.33569009383308746,0.0,0.0,0.0,0.0,0.9999999964334608
2021-12-20,0.0011433775312070793,316970.31063137646,105808.77608496677,0.33381289204722414,104187.64694172256,0.328698440980766,106973.88646130961,0.3374886633648029,0.0,0.0,0.0,0.0,0.999999996392793
2021-12-21,0.0011433775312070793,322369.0489553982,107938.45975155426,0.3348288556277877,106540.68603669439,0.3304929129577665,107889.90202377204,0.33467822786764895,0.0,0.0,0.0,0.0,0.9999999964532033
2021-12-22,0.0011433775312070793,325781.16947708733,109162.75229808304,0.33507999395207716,107644.47213874893,0.33041956449333615,108973.94389687788,0.33450043804493795,0.0,0.0,0.0,0.0,0.9999999964903511
2021-12-23,0.0011433775312070793,328212.2528244228,110026.12944269051,0.3352285860624131,108678.42538301804,0.3311223893921949,109507.69685533673,0.33364902106173927,0.0,0.0,0.0,0.0,0.9999999965163473
2021-12-27,0.0011433775312070793,333037.1741266232,112069.22149482458,0.33650664310589856,110017.45416267576,0.33034586739811306,110950.49732574538,0.33314748606280564,0.0,0.0,0.0,0.0,0.9999999965668172
2021-12-28,0.0011433775312070793,334346.3815737139,112234.52235851368,0.335683376713228,110550.0273930233,0.33064520355411753,111561.83067879941,0.33367141631291497,0.0,0.0,0.0,0.0,0.9999999965802605
2021-12-29,0.0011433775312070793,335428.37967492314,112515.90713623427,0.3354394379070664,110885.28735780832,0.3305781325517883,112027.18403750306,0.333982426132437,0.0,0.0,0.0,0.0,0.9999999965912917
2021-12-30,0.0011433775312070793,335401.89200195693,112387.0450679234,0.3350817265731693,110872.23241724614,0.3305653160018526,112142.61337340988,0.3343529540160005,0.0,0.0,0.0,0.0,0.9999999965910225
2021-12-31,0.0011433775312070793,335207.54618785565,112229.66468000365,0.33480649811239144,110861.66697693134,0.3307254512546167,112116.21338754316,0.33446804722203793,0.0,0.0,0.0,0.0,0.999999996589046
2022-01-03,0.00029489398639270803,336109.10322339454,111523.05917875058,0.3318061251814025,113196.27805025245,0.3367843267696819,111389.76569949751,0.3314095471715398,0.0,0.0,0.0,0.0,0.9999999991226243
2022-01-04,0.00029489398639270803,338095.5703057541,111572.41625142244,0.3300025970482926,115328.15077969307,0.3411110967097172,111195.00297974456,0.32888630536976937,0.0,0.0,0.0,0.0,0.9999999991277793
2022-01-05,0.00029489398639270803,335696.0339766977,109685.7402006349,0.32674124535009763,115341.55490100505,0.34358926894266334,110668.73858016382,0.3296694848287837,0.0,0.0,0.0,0.0,0.9999999991215447
2022-01-06,0.00029489398639270803,335480.15405472094,109743.03082927765,0.3271222738599828,115573.30782988165,0.3445011766956272,110163.81510066768,0.3283765485653694,0.0,0.0,0.0,0.0,0.9999999991209794
2022-01-07,0.00029489398639270803,333667.2299564645,108466.31966197646,0.32507333631812957,115690.87587206451,0.34672531637931414,109510.03412752952,0.3282013464187596,0.0,0.0,0.0,0.0,0.9999999991162033
2022-01-10,0.00029489398639270803,332314.43000829517,107749.11153923762,0.3242384374838854,115566.99766722876,0.3477640067099825,108998.3205069348,0.32799755491873767,0.0,0.0,0.0,0.0,0.9999999991126055
2022-01-11,0.00029489398639270803,333619.35222787515,108432.11038750413,0.3250174477691592,116134.93038571723,0.3481060963945296,109052.31115975977,0.32687645495238765,0.0,0.0,0.0,0.0,0.9999999991160765
2022-01-12,0.00029489398639270803,334235.2689850237,108635.91125009018,0.3250282699967187,116372.00586425971,0.3481739261617961,109227.35157577987,0.32679780295919064,0.0,0.0,0.0,0.0,0.9999999991177054
2022-01-13,0.00029489398639270803,329989.1346419815,106472.44532226001,0.3226543972054603,116014.49897650133,0.35157066338675097,107502.19004832619,0.3257749385141412,0.0,0.0,0.0,0.0,0.9999999991063524
2022-01-14,0.00029489398639270803,328328.4011254437,105764.93499845026,0.3221315446239477,116036.58235253846,0.35341621972022036,106526.88347956099,0.32445223475766416,0.0,0.0,0.0,0.0,0.9999999991018322
2022-01-18,0.00029489398639270803,324362.4337595207,104289.04609810186,0.3215201122070159,114226.48010969853,0.35215693379087476,105846.90725682634,0.3263229530929597,0.0,0.0,0.0,0.0,0.9999999990908504
2022-01-19,0.00029489398639270803,320883.3695320129,103318.18506659867,0.3219804915950658,111858.04077917583,0.34859407311233787,105707.1433913444,0.32942543437358957,0.0,0.0,0.0,0.0,0.9999999990809932
2022-01-20,0.00029489398639270803,316260.3538768268,101788.76560827848,0.3218511721767121,109946.0770030872,0.3476441977482503,104525.5109705672,0.33050462914259715,0.0,0.0,0.0,0.0,0.9999999990675594
2022-01-21,0.00029489398639270803,310571.3839550796,99800.41414017417,0.32134452591617096,107638.90543872166,0.34658346196599465,103132.06408128978,0.33207201116831353,0.0,0.0,0.0,0.0,0.9999999990504792
2022-01-24,0.00029489398639270803,311561.123074782,100286.394134104,0.3218835300899622,107865.33678769278,0.3462092308667232,103409.39185809127,0.3319072380968102,0.0,0.0,0.0,0.0,0.9999999990534956
2022-01-25,0.00029489398639270803,308465.81580099824,99040.26426969357,0.3210737112393284,107484.43387070055,0.3484484450621991,101941.11736571018,0.3304778427424705,0.0,0.0,0.0,0.0,0.9999999990439978
2022-01-26,0.00029489398639270803,305685.6495656548,98686.59078164953,0.3228368453732524,106398.99268624942,0.3480666915094984,100600.06580286188,0.3290964621525523,0.0,0.0,0.0,0.0,0.9999999990353031
2022-01-27,0.00029489398639270803,306355.91517598386,98983.47988995456,0.3230996203650719,106052.60986733234,0.34617451341329974,101319.82512380299,0.3307258652590422,0.0,0.0,0.0,0.0,0.9999999990374138
2022-01-28,0.00029489398639270803,314823.20236859255,102213.9026465602,0.3246708053204063,108289.34976795925,0.3439687702597438,104319.94965917911,0.3313604234831527,0.0,0.0,0.0,0.0,0.999999999063303
2022-01-31,0.00029489398639270803,319082.298611937,104156.70546903732,0.3264258340940157,109438.85692108214,0.3429800317885387,105486.7359269235,0.33059413319325137,0.0,0.0,0.0,0.0,0.999999999075806
2022-02-01,0.00029489398639270803,319883.9593169826,104620.70998302128,0.32705831891792203,109753.16454645792,0.3431030576863037,105510.0844926094,0.3298386224738962,0.0,0.0,0.0,0.0,0.999999999078122
2022-02-02,0.00029489398639270803,322316.20864364924,105694.6658410789,0.32792227944680946,110401.30716235857,0.3425248380369774,106220.23534531778,0.3295528816012917,0.0,0.0,0.0,0.0,0.9999999990850786
2022-02-03,0.00029489398639270803,315476.0955065798,102148.05303396184,0.3237901523725159,108674.17533405288,0.34447673494737513,104653.86684367109,0.3317331117453505,0.0,0.0,0.0,0.0,0.9999999990652414
2022-02-04,0.00029489398639270803,315530.96549141663,102308.7670597627,0.32424319083999953,108305.05691032279,0.34324699872687775,104917.14122643713,0.33250980949852665,0.0,0.0,0.0,0.0,0.999999999065404
2022-02-07,0.00029489398639270803,316026.90238110104,102123.5292566269,0.32314821455761633,108964.39400312174,0.3447946778648614,104938.97882645839,0.3320571066443928,0.0,0.0,0.0,0.0,0.9999999990668706
2022-02-08,0.00029489398639270803,317122.84599911055,102426.1334798321,0.32298566556166497,109585.90497082475,0.3455629462001363,105110.80725355973,0.3314513873082942,0.0,0.0,0.0,0.0,0.9999999990700954
2022-02-09,0.00029489398639270803,323333.93848326884,104816.00044148458,0.3241725905210175,111728.51434818131,0.3455514594981584,106789.423398709,0.33027594906878266,0.0,0.0,0.0,0.0,0.9999999990879584
2022-02-10,0.00029489398639270803,317598.74075741373,102581.98044002241,0.3229924029150227,110303.80100452097,0.3473055363552985,104712.95901797636,0.3297020598011676,0.0,0.0,0.0,0.0,0.9999999990714888
2022-02-11,0.00029489398639270803,314421.7760732593,100839.8871007714,0.3207153409033477,109527.06873100359,0.3483444120787745,104054.81994659033,0.33094024607998485,0.0,0.0,0.0,0.0,0.999999999062107
2022-02-14,0.00029489398639270803,311147.5126493358,99890.01457115762,0.3210374838629482,108118.51972979985,0.3474831561698832,103138.97805348434,0.331479359019406,0.0,0.0,0.0,0.0,0.9999999990522374
2022-02-15,0.00029489398639270803,315270.02433448297,101629.23573648607,0.3223561642151663,109821.72526084357,0.34834179206434535,103819.06304225938,0.3293020427851189,0.0,0.0,0.0,0.0,0.9999999990646304
2022-02-16,0.00029489398639270803,315469.0427480049,101916.92250033881,0.32306473437949834,109936.2720449918,0.3484851352999741,103615.84790778028,0.328450129385748,0.0,0.0,0.0,0.0,0.9999999990652205
2022-02-17,0.00029489398639270803,309517.24843222206,99442.6169566863,0.32128295744546265,107944.4715762302,0.348751070006581,102130.15960441159,0.32996597159520175,0.0,0.0,0.0,0.0,0.9999999990472455
2022-02-18,0.00029489398639270803,306620.0006131283,98372.85880102133,0.32082988260489026,106826.93436579424,0.3484017159747547,101420.20715141876,0.3307684004585979,0.0,0.0,0.0,0.0,0.9999999990382429
2022-02-22,0.00029489398639270803,302567.6257998135,96883.39521465206,0.32020410299531715,105249.38126272317,0.34785407389341405,100434.84902754426,0.3319418221366305,0.0,0.0,0.0,0.0,0.9999999990253617
2022-02-23,0.00029489398639270803,299631.84227897547,95713.1754621375,0.3194359275507932,104372.7100160133,0.34833650930476195,99545.95650593068,0.3322275621602571,0.0,0.0,0.0,0.0,0.9999999990158123
2022-02-24,0.00029489398639270803,302304.4693464811,97357.709615449,0.3220518367654834,104548.9743945665,0.3458399891360504,100397.78504157161,0.3321081731229796,0.0,0.0,0.0,0.0,0.9999999990245133
2022-02-25,0.00029489398639270803,311536.7343706372,100341.45105928119,0.32208545570714087,107942.75579707739,0.34648484075286357,103252.52721938469,0.33142970259341714,0.0,0.0,0.0,0.0,0.9999999990534215
2022-02-28,0.00029489398639270803,310085.7791968018,100160.81373524391,0.32301001998442164,107383.11619046344,0.3463013249708259,102541.84897620048,0.33068865409374465,0.0,0.0,0.0,0.0,0.9999999990489923
2022-03-01,0.00029489398639270803,305025.2833660448,98400.85735341963,0.3225990195551558,104906.22054119529,0.3439263112340194,101718.2051765359,0.33347466824403943,0.0,0.0,0.0,0.0,0.9999999990332147
2022-03-02,0.00029489398639270803,310838.2187290273,100053.1301788689,0.3218816868400924,107832.6350644748,0.34690919123583613,102952.45319078962,0.33120912097536576,0.0,0.0,0.0,0.0,0.9999999990512943
2022-03-03,0.00029489398639270803,312098.93266576383,100242.3268851218,0.3211876632480328,107955.5185747894,0.3459015948971611,103901.08691095865,0.3329107409099327,0.0,0.0,0.0,0.0,0.9999999990551266
2022-03-04,0.00029489398639270803,310470.43754867365,99278.77454145122,0.3197688492511848,106636.34599324639,0.34346698782401336,104555.31671908205,0.3367641619749723,0.0,0.0,0.0,0.0,0.9999999990501705
2022-03-07,0.00029489398639270803,301653.0571586983,95906.20778273579,0.3179354742368149,103284.2617760347,0.3423942152248678,102462.58730503387,0.33967030956072414,0.0,0.0,0.0,0.0,0.9999999990224068
2022-03-08,0.00029489398639270803,299420.93950466247,95550.95774488969,0.3191191568063389,102959.97236106217,0.34386363402436293,100910.00910381661,0.33701720818441716,0.0,0.0,0.0,0.0,0.999999999015119
2022-03-09,0.00029489398639270803,306505.53762690467,98403.33119373824,0.32104911368198563,105257.81662181296,0.3434124467595706,102844.38951645949,0.3355384385963275,0.0,0.0,0.0,0.0,0.9999999990378837
2022-03-10,0.00029489398639270803,305508.1731715577,97920.48374145312,0.32051674010850767,104730.52181964614,0.34280759408958544,102857.16731556445,0.3366756648366495,0.0,0.0,0.0,0.0,0.9999999990347428
2022-03-11,0.00029489398639270803,303102.8843709297,96714.5629608395,0.3190816318411627,104018.47857644675,0.3431787816613172,102369.84253874948,0.3377395855246031,0.0,0.0,0.0,0.0,0.9999999990270829
2022-03-14,0.00029489398639270803,304879.20084375446,96881.71778260563,0.3177708335448436,104551.23819640266,0.34292676544367956,103446.2445698522,0.3393024000442283,0.0,0.0,0.0,0.0,0.9999999990327514
2022-03-15,0.00029489398639270803,312313.29770061525,99555.64326076212,0.31876850583607413,106827.28425703381,0.3420516674875588,105930.3698879253,0.3391798257321421,0.0,0.0,0.0,0.0,0.9999999990557752
2022-03-16,0.00029489398639270803,317715.78042418807,101772.58841140186,0.3203258845862911,108893.25384173071,0.34273794551956266,107049.93787616152,0.33693616896597717,0.0,0.0,0.0,0.0,0.9999999990718309
2022-03-17,0.00029489398639270803,322977.2419251981,103689.50829593402,0.32104276969443135,110456.05999561594,0.3419933223072036,108831.67333875416,0.3369639070853162,0.0,0.0,0.0,0.0,0.9999999990869513
2022-03-18,0.00029489398639270803,324619.68433058297,104911.90856491592,0.3231840631638246,110529.08127308254,0.34048792050614846,109178.69419769051,0.3363280154215978,0.0,0.0,0.0,0.0,0.9999999990915709
2022-03-21,0.00029489398639270803,326221.7521451249,105369.12219712796,0.32299845581803155,111158.89940488386,0.3407464360483021,109693.7302482191,0.33625510722969854,0.0,0.0,0.0,0.0,0.9999999990960321
2022-03-22,0.00029489398639270803,329695.5582649682,106730.7721084992,0.32372523509316525,112419.78333730558,0.3409805819918161,110545.00252426948,0.3352941820205754,0.0,0.0,0.0,0.0,0.9999999991055567
2022-03-23,0.00029489398639270803,330054.939184945,106742.70085094756,0.32340888797041967,112525.78210947262,0.3409304595996948,110786.45592963084,0.3356606515364161,0.0,0.0,0.0,0.0,0.9999999991065306
2022-03-24,0.00029489398639270803,333968.1658366311,108250.87930684694,0.3241353230050093,114031.2467398968,0.3414434619965486,111686.03949499337,0.3344212141154418,0.0,0.0,0.0,0.0,0.9999999991169998
2022-03-25,0.00029489398639270803,339220.05516570003,109684.13993085262,0.32334214401702993,116105.42157193704,0.3422716900249975,113430.49336801642,0.3343861650886432,0.0,0.0,0.0,0.0,0.9999999991306706
2022-03-28,0.00029489398639270803,340375.1535502132,110393.24478054502,0.3243281527135895,115706.48058288377,0.3399380929425402,114275.42789189043,0.335733753477491,0.0,0.0,0.0,0.0,0.9999999991336207
2022-03-29,0.00029489398639270803,349169.79824885546,113683.77507835497,0.3255830706106255,118597.44180508313,0.33965549827009384,116888.58107052339,0.3347614302747232,0.0,0.0,0.0,0.0,0.9999999991554425
2022-03-30,0.00029489398639270803,345726.3174051977,112409.26775620134,0.3251394588640921,117053.12320511727,0.3385716311203721,116263.9261489851,0.3362889091625663,0.0,0.0,0.0,0.0,0.9999999991470305
2022-03-31,0.00029489398639270803,337904.5863673184,109923.53944199497,0.32530940353234167,113687.85759160208,0.33644958422676735,114293.18903882739,0.3382410113681773,0.0,0.0,0.0,0.0,0.9999999991272862
2022-04-01,0.0014846252483948774,337925.25061755383,112796.42162306208,0.33379104229982265,111979.05461944276,0.33137226180879514,113149.77289042372,0.33483669149802814,0.0,0.0,0.0,0.0,0.999999995606646
2022-04-04,0.0014846252483948774,341780.87812563893,114573.3998699218,0.3352247220448785,113045.16746930091,0.33075334140766477,114162.30930179091,0.334021932203664,0.0,0.0,0.0,0.0,0.9999999956562073
2022-04-05,0.0014846252483948774,338790.14599001745,113240.24559021404,0.3342489353086164,111509.27047866244,0.3291396511926533,114040.62843651569,0.336611409116592,0.0,0.0,0.0,0.0,0.9999999956178617
2022-04-06,0.0014846252483948774,340192.9751013415,112967.54396562323,0.33206900857365107,111853.71829121269,0.3287949090009637,115371.71135988031,0.3391360780613173,0.0,0.0,0.0,0.0,0.999999995635932
2022-04-07,0.0014846252483948774,342151.45457646716,113589.91874066187,0.3319872448920884,112317.38984545626,0.32826804721461306,116244.14450572377,0.33974470355421055,0.0,0.0,0.0,0.0,0.999999995660912
2022-04-08,0.0014846252483948774,343649.57336450636,113463.31651060274,0.3301715622683259,113355.33460287645,0.32985734128248534,116830.92076640186,0.33997109212901666,0.0,0.0,0.0,0.0,0.999999995679828
2022-04-11,0.0014846252483948774,340836.4395117781,111787.22239204615,0.3279790815564577,113367.42547203167,0.33261533195928744,115681.79016307503,0.33940558212842575,0.0,0.0,0.0,0.0,0.999999995644171
2022-04-12,0.0014846252483948774,342458.59691380634,112281.29623035436,0.3278682364590033,114081.93151274185,0.33312620135932874,116095.36768608486,0.3390055578464716,0.0,0.0,0.0,0.0,0.9999999956648036
2022-04-13,0.0014846252483948774,345291.93391501455,113523.95617741428,0.3287767394107605,114903.42008858734,0.33277180496451475,116864.55616438764,0.3384514513251013,0.0,0.0,0.0,0.0,0.9999999957003766
2022-04-14,0.0014846252483948774,342450.4327664783,112222.11954138792,0.3277032492988956,114161.1583199683,0.3333654958404342,116067.15342049682,0.3389312505253706,0.0,0.0,0.0,0.0,0.9999999956647002
2022-04-18,0.0014846252483948774,345029.9775300532,113028.36515770781,0.3275899849828634,115614.46970802275,0.3350852889237787,116387.14117969734,0.33732472179047013,0.0,0.0,0.0,0.0,0.9999999956971122
2022-04-19,0.0014846252483948774,351729.8106768281,115788.8632298397,0.32919832131097737,117675.47991231625,0.3345621449767798,118265.46605004687,0.3362395294913175,0.0,0.0,0.0,0.0,0.9999999957790746
2022-04-20,0.0014846252483948774,359074.91256652225,117771.65395210215,0.3279863054489605,120496.35483762326,0.3355744180966697,120806.90229217158,0.33643927231978615,0.0,0.0,0.0,0.0,0.9999999958654163
2022-04-21,0.0014846252483948774,351229.23622407636,114590.33848202945,0.3262551253248274,118161.95446010993,0.3364240281658252,118476.94179731174,0.33732084228240644,0.0,0.0,0.0,0.0,0.999999995773059
2022-04-22,0.0014846252483948774,343111.04025512794,111890.76593297473,0.3261065742733776,115281.56387300945,0.33598908326380067,115938.7089645185,0.33790433813586895,0.0,0.0,0.0,0.0,0.9999999956730472
2022-04-25,0.0014846252483948774,345504.1556175137,112990.3701933988,0.3270304230970914,115922.70397652157,0.33551753891160846,116591.07996296806,0.3374520336943178,0.0,0.0,0.0,0.0,0.9999999957030176
2022-04-26,0.0014846252483948774,335512.23997200973,109389.67157639658,0.3260377969683683,112638.29667988402,0.3357203799458432,113484.27023110386,0.33824181866083736,0.0,0.0,0.0,0.0,0.9999999955750488
2022-04-27,0.0014846252483948774,334108.8708849507,108875.40616407432,0.3258680497638305,112037.50344012931,0.33533232189668216,113195.9597961218,0.33879962389595,0.0,0.0,0.0,0.0,0.9999999955564626
2022-04-28,0.0014846252483948774,344147.65500185156,112946.1538674103,0.3281909733390531,115076.7828233436,0.3343820047901372,116124.71682647237,0.33742701755689025,0.0,0.0,0.0,0.0,0.9999999956860806
2022-04-29,0.0014846252483948774,338847.9443593991,111000.19145356437,0.3275811268780548,113522.72048067811,0.3350255545899674,114325.03094053135,0.33739331415058693,0.0,0.0,0.0,0.0,0.9999999956186092
2022-05-02,0.0014846252483948774,338302.0262950176,111295.19473289979,0.32898175618919995,113721.39929089155,0.33615346776469013,113285.430786601,0.3348647716576489,0.0,0.0,0.0,0.0,0.999999995611539
2022-05-03,0.0014846252483948774,340751.83259959816,111676.71066175612,0.3277361997139493,115299.09621983413,0.33836676780346714,113776.02423338263,0.33389702812567296,0.0,0.0,0.0,0.0,0.9999999956430894
2022-05-04,0.0014846252483948774,350259.7088813013,115212.09274877669,0.3289333309753325,118728.25900460583,0.33897207127766266,116319.3556432935,0.33209459350836357,0.0,0.0,0.0,0.0,0.9999999957613587
2022-05-05,0.0014846252483948774,337452.68533482903,109839.18373360204,0.3254950649588604,115091.60404288108,0.3410599738706607,112521.89607372064,0.33344495677097247,0.0,0.0,0.0,0.0,0.9999999956004936
2022-05-06,0.0014846252483948774,338044.3970587186,109553.12058899336,0.3240790900313721,115641.44877894322,0.3420895296154138,112849.82620615674,0.3338313759614085,0.0,0.0,0.0,0.0,0.9999999956081944
2022-05-09,0.0014846252483948774,330864.6091551384,106661.68878425263,0.3223726135491278,113215.64957478308,0.3421812017425461,110987.26931147736,0.33544618022121786,0.0,0.0,0.0,0.0,0.9999999955128919
2022-05-10,0.0014846252483948774,329757.5794920865,106510.5541356051,0.32299653066249273,112606.55200917253,0.34148283166869514,110640.4718626836,0.3355206331666404,0.0,0.0,0.0,0.0,0.9999999954978283
2022-05-11,0.0014846252483948774,325554.74261782004,104661.94292971362,0.3214879994931602,111034.59816443938,0.3410627572849913,109858.20003904178,0.33744923866155474,0.0,0.0,0.0,0.0,0.9999999954397062
2022-05-12,0.0014846252483948774,325392.5657651847,104702.66991512895,0.3217733929136115,110926.6054793828,0.3409008599152555,109763.2888860477,0.33732574260856635,0.0,0.0,0.0,0.0,0.9999999954374333
2022-05-13,0.0014846252483948774,328782.63757750264,106233.15552684061,0.3231106006983069,112080.38665080056,0.34089508946280744,110469.09391523617,0.33599430532336344,0.0,0.0,0.0,0.0,0.9999999954844778
2022-05-16,0.0014846252483948774,330545.79319278593,106565.72815760023,0.32239323673814646,112770.46652843531,0.34116442819970666,111209.59702212509,0.33644233057071077,0.0,0.0,0.0,0.0,0.999999995508564
2022-05-17,0.0014846252483948774,335269.261111218,108122.3490145055,0.3224940713507235,115346.59251500956,0.344041658136819,111800.31809707769,0.33346426608429947,0.0,0.0,0.0,0.0,0.9999999955718419
2022-05-18,0.0014846252483948774,322983.96463031485,103568.07764342589,0.32066012243663294,111330.60561198849,0.34469390992650895,108085.27989027518,0.3346459630402668,0.0,0.0,0.0,0.0,0.9999999954034087
2022-05-19,0.0014846252483948774,316629.9170959568,101421.82391339542,0.32031661708915166,108834.84294405693,0.34372886789176593,106373.24875387916,0.3359545103302479,0.0,0.0,0.0,0.0,0.9999999953111656
2022-05-20,0.0014846252483948774,317608.8274108886,101883.89374961976,0.32078420042719147,108720.04797387838,0.3423080172555403,107004.88420276521,0.3369077776428853,0.0,0.0,0.0,0.0,0.9999999953256171
2022-05-23,0.0014846252483948774,322904.0147488849,103610.49487388322,0.32087087846974816,110661.20178138699,0.34270618117723217,108632.31660898942,0.3364229357552903,0.0,0.0,0.0,0.0,0.9999999954022706
2022-05-24,0.0014846252483948774,321945.0363802562,102606.68238558812,0.3187086949351105,110206.64435609641,0.34231509078440636,109131.7081539464,0.33897620966905856,0.0,0.0,0.0,0.0,0.9999999953885753
2022-05-25,0.0014846252483948774,322215.363192604,102874.79650046666,0.3192734060882545,110796.28769306424,0.3438578675928492,108544.27751444781,0.33686872171134047,0.0,0.0,0.0,0.0,0.9999999953924442
2022-05-26,0.0014846252483948774,329289.8067783309,105815.73332142673,0.3213453047839378,113224.66861232855,0.3438450455545026,110249.40335995032,0.33480964515299216,0.0,0.0,0.0,0.0,0.9999999954914326
2022-05-27,0.0014846252483948774,336005.6866506238,108564.08658279803,0.32310193218748157,115243.63905063155,0.3429812161794185,112197.95953256896,0.33391684721464715,0.0,0.0,0.0,0.0,0.9999999955815472
2022-05-31,0.0014846252483948774,335199.999475674,108247.21605143035,0.32293322261561047,115227.64653403696,0.34375789592565087,111725.13540558143,0.33330887702966566,0.0,0.0,0.0,0.0,0.999999995570927
2022-06-01,0.0014846252483948774,334464.261646987,107770.88316828515,0.32221942828089895,115009.23356813194,0.3438610540982682,111684.14342594465,0.333919513182017,0.0,0.0,0.0,0.0,0.9999999955611841
2022-06-02,0.0014846252483948774,343145.0729299339,111506.45777623224,0.3249542732003631,117404.65944256129,0.34214292643080996,114233.95422651512,0.33290279604230344,0.0,0.0,0.0,0.0,0.9999999956734763
2022-06-03,0.0014846252483948774,338296.8436643961,109608.53625149463,0.32400106091510167,115607.6367633332,0.34173430502952185,113080.66916494297,0.3342646296668481,0.0,0.0,0.0,0.0,0.9999999956114717
2022-06-06,0.0014846252483948774,340966.2154511083,110516.73225048199,0.3241281019712323,116666.50601884305,0.3421644160976179,113782.975697158,0.3337074775769787,0.0,0.0,0.0,0.0,0.9999999956458288
2022-06-07,0.0014846252483948774,347989.0850463223,112912.36528756878,0.32447099676283964,119118.26897458105,0.34230461268267853,115958.4492995472,0.33322438628818335,0.0,0.0,0.0,0.0,0.9999999957337016
2022-06-08,0.0014846252483948774,344928.10216991545,112225.7492537167,0.3253598316510408,117594.05507236594,0.3409233818079508,115108.29635920755,0.3337167822368498,0.0,0.0,0.0,0.0,0.9999999956958413
2022-06-09,0.0014846252483948774,341203.89962419186,110885.88548483117,0.3249842267540403,116210.10939828436,0.3405884561292537,114107.90325645107,0.334427312765568,0.0,0.0,0.0,0.0,0.9999999956488619
2022-06-10,0.0014846252483948774,332966.8925171594,107520.60882471966,0.32291681617918994,113065.64984699292,0.3395702467360658,112380.63236082153,0.33751293262596677,0.0,0.0,0.0,0.0,0.9999999955412225
2022-06-13,0.0014846252483948774,321574.6708892527,103468.09734039792,0.3217544996758509,108629.95129285126,0.33780630480770174,109476.62077137825,0.3404391908997117,0.0,0.0,0.0,0.0,0.9999999953832642
2022-06-14,0.0014846252483948774,319370.12245706667,102738.38427906763,0.32169065624752946,108274.36148104616,0.33902470477839275,108357.3752123276,0.3392846343254737,0.0,0.0,0.0,0.0,0.9999999953513958
2022-06-15,0.0014846252483948774,325205.3293586721,104965.35307550026,0.32276639894708786,110228.16043994819,0.33894942821916824,110011.81435859836,0.33828416826855034,0.0,0.0,0.0,0.0,0.9999999954348064
2022-06-16,0.0014846252483948774,312416.03454589495,100406.89148410516,0.32138840642430294,105165.57945139614,0.33662030056894204,106843.56212576835,0.34199128825467723,0.0,0.0,0.0,0.0,0.9999999952479223
2022-06-17,0.0014846252483948774,308757.2900975823,99184.29873051445,0.3212371073057656,103778.58055364607,0.33611702098061225,105794.40932879654,0.34264586690523274,0.0,0.0,0.0,0.0,0.9999999951916106
2022-06-21,0.0014846252483948774,322017.0173302365,103342.26795011915,0.3209217599954945,108299.05176845627,0.3363146850633452,110375.6961270358,0.34276355033076644,0.0,0.0,0.0,0.0,0.9999999953896062
2022-06-22,0.0014846252483948774,324559.5776401213,104067.97795511076,0.32064368185277714,108727.16286984867,0.33499908910532206,111764.43533053655,0.34435722446762423,0.0,0.0,0.0,0.0,0.9999999954257234
2022-06-23,0.0014846252483948774,327568.8186755322,105381.63672510973,0.32170838833562404,108821.10970125174,0.332208389495835,113366.07076454544,0.3460832176362864,0.0,0.0,0.0,0.0,0.9999999954677454
2022-06-24,0.0014846252483948774,334125.8142136737,107913.95331658109,0.3229740077717253,111256.90762474547,0.33297908420088906,114954.9517877219,0.34404690358407364,0.0,0.0,0.0,0.0,0.999999995556688
2022-06-27,0.0014846252483948774,334272.8382374641,107625.95170908434,0.3219703768830537,111631.67621722825,0.333953775023522,115015.20882652621,0.3440758436520665,0.0,0.0,0.0,0.0,0.9999999955586422
2022-06-28,0.0014846252483948774,329092.73567517754,105177.48542751717,0.31959831994386495,110571.17902717102,0.3359879056592347,113344.06973586408,0.3444137698856331,0.0,0.0,0.0,0.0,0.9999999954887328
2022-06-29,0.0014846252483948774,329876.9077432769,105455.74112498172,0.31968209550166965,110093.88313816526,0.33374231585753983,114327.28199550464,0.34657558414024725,0.0,0.0,0.0,0.0,0.9999999954994568
2022-06-30,0.0014846252483948774,329336.8212834466,105235.40439368285,0.31953731739917135,109612.19497346273,0.3328270265872398,114489.22043167576,0.3476356515056651,0.0,0.0,0.0,0.0,0.9999999954920763
2022-07-01,0.0001447973904760147,329983.853775338,109663.42666887742,0.3323296743589742,109969.02572811878,0.33325577742657886,110351.4012335444,0.33441454777564555,0.0,0.0,0.0,0.0,0.9999999995611986
2022-07-05,0.0001447973904760147,329932.5732339389,110449.37494128566,0.3347634756358884,109445.26159470655,0.3317200860828746,110037.9365531493,0.33351643784236734,0.0,0.0,0.0,0.0,0.9999999995611304
2022-07-06,0.0001447973904760147,330302.80474706134,110794.14224703737,0.33543203586140025,109031.64142397356,0.3300960205514077,110477.02093125305,0.3344719431488144,0.0,0.0,0.0,0.0,0.9999999995616223
2022-07-07,0.0001447973904760147,335720.52910768666,113083.91140311596,0.3368394292231168,111299.24309468541,0.3315234948262123,111337.37446508791,0.33163707551936755,0.0,0.0,0.0,0.0,0.9999999995686967
2022-07-08,0.0001447973904760147,335181.7306813301,112903.01633428453,0.3368411998612946,111171.26752624926,0.331674603207846,111107.44667599894,0.33148419649886285,0.0,0.0,0.0,0.0,0.9999999995680033
2022-07-11,0.0001447973904760147,333250.0012871934,111912.04724297782,0.3358200954560012,110349.77833332452,0.33113211675046794,110988.17556609366,0.33304778735903,0.0,0.0,0.0,0.0,0.9999999995654992
2022-07-12,0.0001447973904760147,333838.6835200299,111708.03288759384,0.3346168026716757,111278.68285604796,0.3333307023701206,110851.96763159073,0.3320524945244692,0.0,0.0,0.0,0.0,0.9999999995662654
2022-07-13,0.0001447973904760147,330803.60490544897,110688.0328247515,0.33460346617561376,110110.47068986691,0.33285752953429554,110005.10124603317,0.3325390038523766,0.0,0.0,0.0,0.0,0.999999999562286
2022-07-14,0.0001447973904760147,331562.0775262551,111378.68125912677,0.3359210501095594,109735.88125738253,0.33096632183061697,110447.51486494842,0.33311262762311084,0.0,0.0,0.0,0.0,0.9999999995632872
2022-07-15,0.0001447973904760147,340830.82594918326,114390.79629357017,0.33562338727725716,113471.68844041093,0.33292671848094274,112968.34107040479,0.3314498938169636,0.0,0.0,0.0,0.0,0.9999999995751635
2022-07-18,0.0001447973904760147,336416.95640109706,113017.8641465244,0.3359458017680224,112385.24114641541,0.33406532877737233,111013.85096335986,0.3299888690241948,0.0,0.0,0.0,0.0,0.9999999995695895
2022-07-19,0.0001447973904760147,344762.75559611636,116228.33830271108,0.33712556364084345,115486.23867284313,0.3349730700265468,113048.17847576477,0.32790136591261837,0.0,0.0,0.0,0.0,0.9999999995800086
2022-07-20,0.0001447973904760147,345714.52065397426,117388.76210951725,0.339554039811396,115577.33839246875,0.33431438799225366,112748.42000719087,0.32613157177751523,0.0,0.0,0.0,0.0,0.9999999995811649
2022-07-21,0.0001447973904760147,348104.6549743671,118527.31083530217,0.3404933233197643,115760.26361664676,0.3325444287011066,113817.08037762082,0.32696224756316977,0.0,0.0,0.0,0.0,0.9999999995840406
2022-07-22,0.0001447973904760147,342043.10696070973,116006.82062447412,0.33915848109109753,113615.15505569425,0.332166188248153,112421.13113574398,0.3286753302374187,0.0,0.0,0.0,0.0,0.9999999995766692
2022-07-25,0.0001447973904760147,340336.6097823546,115165.30980313987,0.33838648706287616,113472.65337893937,0.33341300970091103,111698.64645547801,0.3282005028107594,0.0,0.0,0.0,0.0,0.9999999995745465
2022-07-26,0.0001447973904760147,338014.7507265199,113686.47990398719,0.3363358541591232,112734.94951327423,0.33352079834079645,111593.3211644611,0.3301433470717044,0.0,0.0,0.0,0.0,0.9999999995716241
2022-07-27,0.0001447973904760147,345660.2436964838,117040.96269679829,0.3386011693018687,115237.94463330065,0.3333850124068315,113381.33622158747,0.3280138178723989,0.0,0.0,0.0,0.0,0.9999999995810991
2022-07-28,0.0001447973904760147,347922.06913617963,118156.65029249387,0.33960665555321917,115507.3300091582,0.33199196100419737,114258.08868973021,0.3284013830264059,0.0,0.0,0.0,0.0,0.9999999995838224
2022-07-29,0.0001447973904760147,345835.7214354675,117915.34754823202,0.3409576866692612,114470.91267334695,0.3309979437584127,113449.46106909112,0.3280443691536377,0.0,0.0,0.0,0.0,0.9999999995813117
2022-08-01,0.0001447973904760147,342790.6680885904,116749.39179790011,0.3405850936634236,113793.71575953005,0.3319627001343028,112247.56038636282,0.32745220577986595,0.0,0.0,0.0,0.0,0.9999999995775924
2022-08-02,0.0001447973904760147,335107.4980106235,114169.08987182786,0.34069392821586014,110942.00702697772,0.33106393526133715,109996.40096702056,0.32824213609071046,0.0,0.0,0.0,0.0,0.9999999995679076
2022-08-03,0.0001447973904760147,343781.20870280283,117233.17622719653,0.34101100717387967,113805.3835739108,0.33104015197146797,112742.64875689814,0.3279488404334619,0.0,0.0,0.0,0.0,0.9999999995788095
2022-08-04,0.0001447973904760147,344853.9201459656,118024.95311981981,0.34224622724272247,113624.11607445705,0.3294847743832044,113204.85080689137,0.32826899795419284,0.0,0.0,0.0,0.0,0.9999999995801196
2022-08-05,0.0001447973904760147,341221.85526721535,116643.23704213755,0.341839877023096,112309.84591265488,0.32914024755156307,112268.77216762555,0.32901987500099134,0.0,0.0,0.0,0.0,0.9999999995756503
2022-08-08,0.0001447973904760147,348033.99371215765,118717.76341341766,0.3411096776701746,114660.91208254703,0.3294531975441963,114655.31807139557,0.32943712436958533,0.0,0.0,0.0,0.0,0.9999999995839562
2022-08-09,0.0001447973904760147,345406.0596516904,117382.97003629035,0.3398405058517504,113613.68305474731,0.32892788033109793,114409.40641585537,0.33123161339794244,0.0,0.0,0.0,0.0,0.9999999995807909
2022-08-10,0.0001447973904760147,352713.29793414817,120640.01533918365,0.342034213186108,116117.13124740183,0.32921109560513645,115956.15120276531,0.3287546907982313,0.0,0.0,0.0,0.0,0.9999999995894757
2022-08-11,0.0001447973904760147,346704.84531478287,118145.06648331453,0.3407655476405222,115096.25240482857,0.3319718600999923,113463.5262818424,0.32726259184184675,0.0,0.0,0.0,0.0,0.9999999995823613
2022-08-12,0.0001447973904760147,352655.49623232166,120289.55870428735,0.34109650916951323,117165.27268589805,0.332237194479204,115200.66469733889,0.3266662959406912,0.0,0.0,0.0,0.0,0.9999999995894084
2022-08-15,0.0001447973904760147,354696.8379815334,121005.9178748552,0.3411530775505677,117412.42777285047,0.3310219184388763,116278.49218903037,0.3278250036023275,0.0,0.0,0.0,0.0,0.9999999995917714
2022-08-16,0.0001447973904760147,355374.1239048475,121084.88474993658,0.34072510237790254,117604.28314168443,0.3309309126096455,116684.95586842908,0.32834398460500136,0.0,0.0,0.0,0.0,0.9999999995925495
2022-08-17,0.0001447973904760147,355193.75023505965,121073.43879895526,0.3408659040842679,117209.40716412743,0.3299872452332305,116910.90412717959,0.3291468502748442,0.0,0.0,0.0,0.0,0.9999999995923425
2022-08-18,0.0001447973904760147,358784.61339448276,122257.03468433855,0.3407532823876069,118727.26716827205,0.3309151583870508,117800.31139707481,0.32833155882176496,0.0,0.0,0.0,0.0,0.9999999995964226
2022-08-19,0.0001447973904760147,357317.1638147207,121114.24804561921,0.33895446485862196,118389.6311875121,0.331329259203738,117813.284436792,0.3297162755324052,0.0,0.0,0.0,0.0,0.9999999995947652
2022-08-22,0.0001447973904760147,353670.9972735432,119762.14918905192,0.33862587012308254,116722.90315356894,0.3300324427317709,117185.94478612498,0.331341686735734,0.0,0.0,0.0,0.0,0.9999999995905874
2022-08-23,0.0001447973904760147,353731.56649084255,119827.6468954168,0.33875304961938957,117104.11750508637,0.3310536253996375,116799.80194554201,0.33019332457163036,0.0,0.0,0.0,0.0,0.9999999995906574
2022-08-24,0.0001447973904760147,352549.8217554622,119483.12790751763,0.33891132695110043,116800.87189820578,0.3313031653699769,116265.8218049414,0.32978550726820793,0.0,0.0,0.0,0.0,0.9999999995892853
2022-08-25,0.0001447973904760147,358610.8793751557,121886.6915111354,0.33988564910108415,119206.17523382121,0.33241092808318107,117518.01248540175,0.3277034224119618,0.0,0.0,0.0,0.0,0.999999999596227
2022-08-26,0.0001447973904760147,345920.95216154284,116919.01674879674,0.33799345202483233,115004.75284430216,0.3324596331204468,113997.18242364655,0.3295469144361357,0.0,0.0,0.0,0.0,0.9999999995814148
2022-08-29,0.0001447973904760147,345985.06367363303,116601.2353782721,0.33701233845245354,115248.3735734469,0.33310216443956214,114135.45457711666,0.3298854966894767,0.0,0.0,0.0,0.0,0.9999999995814924
2022-08-30,0.0001447973904760147,345327.3269290085,116317.68042276414,0.3368331184710338,114979.75300193738,0.3329587438806273,114029.89335950959,0.3302081372290342,0.0,0.0,0.0,0.0,0.9999999995806953
2022-08-31,0.0001447973904760147,342826.83012439765,115465.88516203094,0.336805276063525,113947.3609429062,0.3323758554765373,113413.58387466315,0.3308188680375747,0.0,0.0,0.0,0.0,0.999999999577637
2022-09-01,0.0001447973904760147,345744.4930927093,116174.01659858169,0.3360111843268906,114582.30793169572,0.33140747060567405,114988.16841763452,0.33258134464863665,0.0,0.0,0.0,0.0,0.9999999995812012
2022-09-02,0.0001447973904760147,344256.1250174319,115650.23342319703,0.33594241327540914,114443.57727957099,0.3324373016566545,114162.31416986648,0.3316202846473268,0.0,0.0,0.0,0.0,0.9999999995793906
2022-09-06,0.0001447973904760147,343800.6354063112,115827.29252176093,0.3369024969510998,113767.52278810536,0.3309113220621375,114205.81995164751,0.33218618056559596,0.0,0.0,0.0,0.0,0.9999999995788333
2022-09-07,0.0001447973904760147,356468.2671717181,120171.37107639661,0.3371166023552598,117537.04591996345,0.3297265331708851,118759.85003056067,0.33315686406765516,0.0,0.0,0.0,0.0,0.9999999995938
2022-09-08,0.0001447973904760147,361205.63312489213,121913.8796774743,0.33751932001381824,119210.39161925389,0.3300346968233332,120081.36168336657,0.3324459827619762,0.0,0.0,0.0,0.0,0.9999999995991276
2022-09-09,0.0001447973904760147,365796.42338483717,123804.26490442187,0.33845127231923,120903.50128851779,0.33052127784563085,121088.65704710013,0.33102744943929774,0.0,0.0,0.0,0.0,0.9999999996041585
2022-09-12,0.0001447973904760147,365284.3807393327,123468.36030092456,0.33800613114370115,121086.70759285578,0.33148613512512426,120729.31270075499,0.3305077333347783,0.0,0.0,0.0,0.0,0.9999999996036038
2022-09-13,0.0001447973904760147,350543.5290588269,117850.81244494811,0.336194517015805,115918.96625518832,0.33068351473044943,116773.75021389309,0.3331219678406802,0.0,0.0,0.0,0.0,0.9999999995869346
2022-09-14,0.0001447973904760147,354957.9580522896,119489.2568059228,0.33662932213600516,117205.23268347172,0.33019468932770335,118263.46841809772,0.3331759881283633,0.0,0.0,0.0,0.0,0.9999999995920718
2022-09-15,0.0001447973904760147,347940.26928345533,116598.95059252485,0.33511197434159473,115647.47124917706,0.3323773689298462,115693.84729695607,0.3325106563124033,0.0,0.0,0.0,0.0,0.9999999995838441
2022-09-16,0.0001447973904760147,346897.06976617756,116073.01613070698,0.33460362236252045,115100.29903181571,0.33179957129472987,115723.75445885747,0.3335968059253423,0.0,0.0,0.0,0.0,0.9999999995825927
2022-09-19,0.0001447973904760147,347558.3292012742,116367.41125276822,0.3348140483935253,115380.02101228884,0.33197311449115413,115810.89679141974,0.3332128366987073,0.0,0.0,0.0,0.0,0.9999999995833868
2022-09-20,0.0001447973904760147,343274.37242492795,115093.0009883562,0.33527991086350717,113407.64628264529,0.3303702676128171,114773.72500912906,0.33434982110186334,0.0,0.0,0.0,0.0,0.9999999995781876
2022-09-21,0.0001447973904760147,339037.7696884581,113559.6307414733,0.33494684337330105,111895.18721643442,0.33003752743906656,113582.951585753,0.335015628760549,0.0,0.0,0.0,0.0,0.9999999995729166
2022-09-22,0.0001447973904760147,338163.33333958895,112982.79218183618,0.3341071637366937,111412.4490034727,0.3294634220191773,113768.09200948269,0.3364294138159413,0.0,0.0,0.0,0.0,0.9999999995718123
2022-09-23,0.0001447973904760147,328335.97648455086,109762.21658150773,0.33429847608147306,107500.936289468,0.3274113834264099,111072.82346877776,0.3382901400511133,0.0,0.0,0.0,0.0,0.9999999995589963
2022-09-26,0.0001447973904760147,326891.0073292547,109488.19930714439,0.3349379360468748,106569.68502598933,0.3260098400891434,110833.12285132361,0.33905222342102875,0.0,0.0,0.0,0.0,0.9999999995570469
2022-09-27,0.0001447973904760147,328083.5621769307,110054.87251374467,0.3354476883373806,107144.1200594899,0.3265757033011871,110884.5694588988,0.33797660792008943,0.0,0.0,0.0,0.0,0.999999999558657
2022-09-28,0.0001447973904760147,335540.25729448255,112855.92287024201,0.33634093202472415,109626.26687643635,0.32671569057129346,113058.06740300679,0.3369433769724473,0.0,0.0,0.0,0.0,0.999999999568465
2022-09-29,0.0001447973904760147,328548.697159005,110310.97923885172,0.3357522954518533,107267.20365443284,0.32648798970132464,110970.514120923,0.3377597144061038,0.0,0.0,0.0,0.0,0.9999999995592819
2022-09-30,0.0001447973904760147,324244.3183340292,108478.46962494323,0.33455781178312327,106048.07939051004,0.32706225951895235,109717.7691737785,0.33837992825135566,0.0,0.0,0.0,0.0,0.9999999995534312
2022-10-03,0.0009246089944099367,334097.88480645913,111353.13334096111,0.3332949366185521,111478.7810155761,0.3336710170438675,111265.9695253129,0.333034043570101,0.0,0.0,0.0,0.0,0.9999999972325205
2022-10-04,0.0009246089944099367,343035.7584713853,114339.00142650194,0.3333151095851124,115298.26261884173,0.3361114979167965,113398.49350143259,0.33057338980271894,0.0,0.0,0.0,0.0,0.9999999973046279
2022-10-05,0.0009246089944099367,340531.09892489045,113780.55172985536,0.3341267569660399,114399.40265111263,0.33594406799346466,112351.14361931346,0.3299291723252985,0.0,0.0,0.0,0.0,0.999999997284803
2022-10-06,0.0009246089944099367,338135.825608567,113327.1035440031,0.33515260721055,113660.85951547216,0.33613965426736037,111147.86162448274,0.3287077357876589,0.0,0.0,0.0,0.0,0.9999999972655692
2022-10-07,0.0009246089944099367,331158.058391576,110595.50710963883,0.33396592444948386,111412.25655268734,0.3364322677026586,109150.2938046408,0.32960180505581005,0.0,0.0,0.0,0.0,0.9999999972079525
2022-10-10,0.0009246089944099367,330406.0300239564,110284.07402454384,0.33378347851747014,110770.26128731776,0.335254962747763,109351.69378748577,0.3309615559363645,0.0,0.0,0.0,0.0,0.9999999972015976
2022-10-11,0.0009246089944099367,330003.45438295376,109790.02543788185,0.33269356420274193,110783.56290034203,0.33570425227059236,109429.86512012084,0.3316021807248494,0.0,0.0,0.0,0.0,0.9999999971981838
2022-10-12,0.0009246089944099367,328746.84197719174,109507.28640341641,0.3331052117331486,110440.1784513487,0.3359429334351171,108799.37619781759,0.33095185201920824,0.0,0.0,0.0,0.0,0.999999997187474
2022-10-13,0.0009246089944099367,338594.31662620726,112471.16379344325,0.3321708554181265,114363.32808735632,0.33775914854946676,111759.82382079867,0.3300699933016786,0.0,0.0,0.0,0.0,0.9999999972692719
2022-10-14,0.0009246089944099367,333049.3139233957,110066.66850927312,0.3304815950907181,112821.13765708386,0.33875204944284537,110161.50683242972,0.33076635269024407,0.0,0.0,0.0,0.0,0.9999999972238075
2022-10-17,0.0009246089944099367,342915.37037513,113987.82839898948,0.33240804655181616,115623.255564543,0.337177232499254,113304.2854869885,0.33041471825261154,0.0,0.0,0.0,0.0,0.9999999973036816
2022-10-18,0.0009246089944099367,347706.89254396036,115555.9580873772,0.3323372661436889,117286.98723205354,0.3373156809574174,114863.9462999206,0.3303470502397315,0.0,0.0,0.0,0.0,0.9999999973408378
2022-10-19,0.0009246089944099367,345389.6192488986,114795.49408605606,0.3323652121789185,116562.25284316548,0.33748047522866365,114031.87139506801,0.3301543099154149,0.0,0.0,0.0,0.0,0.999999997322997
2022-10-20,0.0009246089944099367,344856.32686465164,114360.51570534114,0.33161785589111453,116930.95982691812,0.3390715225961648,113564.85040778335,0.329310618831578,0.0,0.0,0.0,0.0,0.9999999973188574
2022-10-21,0.0009246089944099367,354160.5846088599,117539.1451764012,0.3318809327870665,120743.21243088217,0.34092786627917027,115878.22607696753,0.3271911983230577,0.0,0.0,0.0,0.0,0.9999999973892945
2022-10-24,0.0009246089944099367,353080.61722356395,117109.44600710798,0.3316790565508627,120385.66113363593,0.34095800013119953,115585.509158211,0.32736294069924676,0.0,0.0,0.0,0.0,0.9999999973813091
2022-10-25,0.0009246089944099367,361200.10465194844,120495.34764319293,0.33359721132778175,122899.21064683267,0.34025242258791166,117805.54543731382,0.32615036352448173,0.0,0.0,0.0,0.0,0.9999999974401751
2022-10-26,0.0009246089944099367,359470.0416738395,119250.04935061363,0.331738491461866,123014.614950441,0.34221103482680965,117205.37644817584,0.32605047113917945,0.0,0.0,0.0,0.0,0.9999999974278552
2022-10-27,0.0009246089944099367,353582.5173237297,116742.19698545402,0.33016959624892406,121146.74566483805,0.34262651496968577,115693.57374882858,0.3272038861664163,0.0,0.0,0.0,0.0,0.9999999973850262
2022-10-28,0.0009246089944099367,362699.3467383457,119623.0011552631,0.3298131144458888,124185.59896736717,0.34239267339225643,118890.74569110636,0.327794209612611,0.0,0.0,0.0,0.0,0.9999999974507563
2022-10-31,0.0009246089944099367,363979.9430314487,119753.01200722887,0.3290099201891516,124857.45410909405,0.34303388551908776,119369.47599051677,0.3279561917514861,0.0,0.0,0.0,0.0,0.9999999974597253
2022-11-01,0.0009246089944099367,366717.8167709521,120459.60067270884,0.328480360549121,126276.6664678825,0.34434287262010377,119981.54870575169,0.3271767643094659,0.0,0.0,0.0,0.0,0.9999999974786907
2022-11-02,0.0009246089944099367,356357.44609738106,116450.89752774169,0.32678115415587355,122987.5496387944,0.3451241190150012,116918.99800623592,0.32809472423451397,0.0,0.0,0.0,0.0,0.9999999974053888
2022-11-03,0.0009246089944099367,353143.4325346552,115368.30650504306,0.3266896560329536,121646.0507894866,0.3444664110454583,116129.07431551651,0.32884393030336295,0.0,0.0,0.0,0.0,0.9999999973817748
2022-11-04,0.0009246089944099367,359450.4712849595,117638.97481757171,0.3272745043205458,124346.32063565552,0.34593450438705414,117465.17490712329,0.3267909887201152,0.0,0.0,0.0,0.0,0.9999999974277151
2022-11-07,0.0009246089944099367,359095.2251049647,117750.90814260092,0.32790998016802353,124224.83360426268,0.34593841666357816,117119.48243349208,0.3261516005935687,0.0,0.0,0.0,0.0,0.9999999974251704
2022-11-08,0.0009246089944099367,360667.59361359396,118273.40732481408,0.32792912204784297,124549.61070859205,0.3453307502919986,117844.57465557884,0.32674012509655415,0.0,0.0,0.0,0.0,0.9999999974363957
2022-11-09,0.0009246089944099367,351111.99241679057,114775.14234591505,0.32689040768983535,120928.4201637206,0.3444155220428115,115408.42898254587,0.3286940676339795,0.0,0.0,0.0,0.0,0.9999999973666265
2022-11-10,0.0009246089944099367,370297.65583185107,122947.91625612465,0.3320245600257168,127118.62202899753,0.3432876768918056,120231.11662211987,0.324687760585543,0.0,0.0,0.0,0.0,0.9999999975030655
2022-11-11,0.0009246089944099367,361240.1033067296,120888.51461694286,0.3346486547599512,124443.46727532252,0.34448962376045317,115908.12048985517,0.3208617189200541,0.0,0.0,0.0,0.0,0.9999999974404585
2022-11-14,0.0009246089944099367,353591.33221810695,118053.96061953275,0.33387119497237316,121713.642002024,0.3442212263476723,113823.72867194116,0.32190757606504583,0.0,0.0,0.0,0.0,0.9999999973850914
2022-11-15,0.0009246089944099367,357695.1344041964,119860.62787960518,0.3350915803740354,122932.51081125224,0.34367957231517215,114901.99478873,0.3212288447258845,0.0,0.0,0.0,0.0,0.9999999974150919
2022-11-16,0.0009246089944099367,350917.2913336823,117196.46175305896,0.3339717496041496,119793.43222434488,0.3413722697136488,113927.39643166945,0.32465597804736696,0.0,0.0,0.0,0.0,0.9999999973651654
2022-11-17,0.0009246089944099367,351770.7291745087,117286.96163056268,0.33341876370952456,120342.68603511942,0.34210545691941024,114141.08058421759,0.324475776742623,0.0,0.0,0.0,0.0,0.9999999973715579
2022-11-18,0.0009246089944099367,356992.0847312979,118649.27551292564,0.3323582807227533,122193.7884753516,0.3422871085988499,116149.01981841166,0.32535460808839817,0.0,0.0,0.0,0.0,0.9999999974100013
2022-11-21,0.0009246089944099367,355993.7092924634,117868.83376354586,0.33109808035038,121645.9424904257,0.34170812380981874,116478.9321138828,0.327193793242539,0.0,0.0,0.0,0.0,0.9999999974027377
2022-11-22,0.0009246089944099367,365716.63898808626,121372.87786285263,0.3318768273674486,125268.71170310081,0.34252942947772635,119075.04849752376,0.3255937406266134,0.0,0.0,0.0,0.0,0.9999999974717885
2022-11-23,0.0009246089944099367,364790.3370112408,121339.54495252084,0.3326281774530169,124733.624794484,0.3419323708419404,118717.16633962691,0.32543944917041134,0.0,0.0,0.0,0.0,0.9999999974653687
2022-11-25,0.0009246089944099367,358596.76558498165,118926.32051484648,0.3316435950582015,122769.39298890272,0.34236056978547497,116901.05115662345,0.3259958325779148,0.0,0.0,0.0,0.0,0.9999999974215913
2022-11-28,0.0009246089944099367,354774.1855753537,117730.83791371851,0.33184725016784683,121001.25187148659,0.3410655475827625,116042.09486553958,0.3270871996432005,0.0,0.0,0.0,0.0,0.9999999973938097
2022-11-29,0.0009246089944099367,354255.15728254605,117338.45156453903,0.3312258104148149,121302.67271010453,0.342416109452307,115614.03208329345,0.3263580775228694,0.0,0.0,0.0,0.0,0.9999999973899913
2022-11-30,0.0009246089944099367,363449.00910518144,121075.41864611632,0.33312903767217955,123920.55212034291,0.34095718798474023,118453.03741411322,0.32591377179909475,0.0,0.0,0.0,0.0,0.9999999974560144
2022-12-01,0.0009246089944099367,359543.3884339864,119836.26076674154,0.3333012499233982,122281.5789875262,0.34010242691467985,117425.54775510966,0.32659632059030186,0.0,0.0,0.0,0.0,0.9999999974283799
2022-12-02,0.0009246089944099367,353567.05972855294,117870.14266379441,0.33337421974289083,119945.1266771973,0.33924293391268917,115751.78946295222,0.32738284372933196,0.0,0.0,0.0,0.0,0.9999999973849119
2022-12-05,0.0009246089944099367,346132.47932118655,115355.33546947433,0.3332693184288918,117235.71308760576,0.3387018557678295,113541.42983949742,0.328028823132021,0.0,0.0,0.0,0.0,0.9999999973287423
2022-12-06,0.0009246089944099367,347479.383131508,115314.65801032606,0.3318604314624438,117699.77802671015,0.3387244934245931,114464.94616986281,0.32941507245206,0.0,0.0,0.0,0.0,0.9999999973390967
2022-12-07,0.0009246089944099367,348163.2044024969,115364.3319549487,0.331351304492191,118013.72424814716,0.3389609319878514,114785.14727479203,0.32968776086428053,0.0,0.0,0.0,0.0,0.999999997344323
2022-12-08,0.0009246089944099367,349240.2713351442,115910.54374264834,0.3318934076517659,118225.40305636142,0.3385216790846776,115104.32361152541,0.32958491061606965,0.0,0.0,0.0,0.0,0.9999999973525132
2022-12-09,0.0009246089944099367,346938.0385680252,115026.93930813309,0.33154894108153377,117679.4976504533,0.3391945666614458,114231.60068482978,0.32925648959196513,0.0,0.0,0.0,0.0,0.9999999973349448
2022-12-12,0.0009246089944099367,352427.2306102898,117028.27785859379,0.3320636650463664,119410.45523758107,0.33882301044332147,115988.49658950591,0.3291133218867663,0.0,0.0,0.0,0.0,0.9999999973764541
2022-12-13,0.0009246089944099367,356193.6414553773,118730.77349487807,0.33333209714175166,120744.4386366665,0.33898538486906976,116718.42839922367,0.3276825153933742,0.0,0.0,0.0,0.0,0.9999999974041957
2022-12-14,0.0009246089944099367,349693.7272241997,116602.56109839065,0.3334419579783685,118435.17575831547,0.33868258575419896,114655.98944288456,0.3278754536233788,0.0,0.0,0.0,0.0,0.9999999973559462
2022-12-15,0.0009246089944099367,341010.95199474815,113386.92284248845,0.33250229114117924,115404.28375918492,0.33841811555941537,112219.74446846577,0.3290795905880291,0.0,0.0,0.0,0.0,0.9999999972886237
2022-12-16,0.0009246089944099367,343033.26005384466,114056.08070316823,0.33249277543893346,115895.411751035,0.33785473668892435,113081.76667503243,0.3296524851767505,0.0,0.0,0.0,0.0,0.9999999973046082
2022-12-19,0.0009246089944099367,337418.85149015323,111962.51693022615,0.33182057385283203,113884.27860334412,0.3375160519348385,111572.05503197391,0.33066337147208824,0.0,0.0,0.0,0.0,0.9999999972597589
2022-12-20,0.0009246089944099367,338374.660099622,112390.57574720835,0.3321483225550018,114100.59077627884,0.337201936878743,111883.49265152577,0.3306497378337544,0.0,0.0,0.0,0.0,0.9999999972674992
2022-12-21,0.0009246089944099367,330453.086405477,110138.99450363751,0.33329691576399223,111305.53093424482,0.3368270278391929,109008.56004298564,0.32987605359881095,0.0,0.0,0.0,0.0,0.9999999972019961
2022-12-22,0.0009246089944099367,327809.65847217245,108835.36444102414,0.33200780278492953,110370.21955341968,0.33668995620148556,108604.07355311958,0.3313022381930181,0.0,0.0,0.0,0.0,0.9999999971794332
2022-12-23,0.0009246089944099367,329636.49661272526,109465.55405357979,0.33207959427558725,111004.33223007637,0.33674770048442254,109166.60940446009,0.33117270243505503,0.0,0.0,0.0,0.0,0.9999999971950648
2022-12-27,0.0009246089944099367,330489.29593492165,109456.76380488819,0.331196093644261,111333.48769495806,0.3368747159571586,109699.04351046636,0.331929187600883,0.0,0.0,0.0,0.0,0.9999999972023027
2022-12-28,0.0009246089944099367,327958.0609622615,108585.65916866867,0.3310961738524358,110233.0223406525,0.336119264814586,109139.37852833135,0.33278455851368793,0.0,0.0,0.0,0.0,0.9999999971807095
2022-12-29,0.0009246089944099367,334111.1868424744,110939.68543560794,0.33204421104257553,112423.10193483291,0.33648409979112065,110748.39854742448,0.3314716863989345,0.0,0.0,0.0,0.0,0.9999999972326308
2022-12-30,0.0009246089944099367,330060.88942920114,109466.80793303394,0.33165640473896507,111375.38759552698,0.33743891252349445,109218.69297603119,0.3309046799362118,0.0,0.0,0.0,0.0,0.9999999971986714
2023-01-03,0.0005541968812394771,324599.6637605285,107459.53596897163,0.3310525178123699,108454.50393410573,0.3341177334494019,108685.62330325427,0.33482974703090407,0.0,0.0,0.0,0.0,0.9999999982926757
2023-01-04,0.0005541968812394771,328911.2179567109,108705.52250833313,0.3305011096418129,110538.3299552715,0.33607345666702015,109667.36493890939,0.33342543200622327,0.0,0.0,0.0,0.0,0.9999999983150563
2023-01-05,0.0005541968812394771,328555.0180163204,108260.5092334576,0.32950496354336595,110813.42413757631,0.3372750926363019,109481.0840910896,0.33321994213356165,0.0,0.0,0.0,0.0,0.9999999983132296
2023-01-06,0.0005541968812394771,339227.7331381523,111933.67357269493,0.3299661632532543,114540.19140681712,0.3376498446846326,112753.86760444335,0.33238399042841155,0.0,0.0,0.0,0.0,0.9999999983662984
2023-01-09,0.0005541968812394771,334372.23084982706,110634.54679154331,0.33087241279085583,113010.71803492942,0.33797877816499866,110726.96546915744,0.33114880738672053,0.0,0.0,0.0,0.0,0.999999998342575
2023-01-10,0.0005541968812394771,335956.4231194011,111322.95731233209,0.33136130060763025,113699.65739690688,0.33843573026879525,110933.80785596522,0.330202967473965,0.0,0.0,0.0,0.0,0.9999999983503906
2023-01-11,0.0005541968812394771,340408.46154921467,113241.83664014623,0.33266457632920576,114946.06520683746,0.33767099878690615,112220.55914803408,0.32966442325585305,0.0,0.0,0.0,0.0,0.999999998371965
2023-01-12,0.0005541968812394771,340617.8860004017,113605.2758088974,0.33352704152700724,115264.8619540462,0.33839932279396,111747.7476832612,0.32807363405199874,0.0,0.0,0.0,0.0,0.9999999983729659
2023-01-13,0.0005541968812394771,333815.41565226763,111496.76585634277,0.33400724061374054,112749.93340854488,0.3377613139532041,109568.71583318307,0.32823144377286567,0.0,0.0,0.0,0.0,0.9999999983398103
2023-01-17,0.0005541968812394771,330228.25753041444,110530.28699240509,0.3347087490906956,111353.41854137095,0.3372013630030288,108344.55144244152,0.32808988622805196,0.0,0.0,0.0,0.0,0.9999999983217763
2023-01-18,0.0005541968812394771,324789.83730227296,108956.25830891081,0.3354669567678259,109428.19999618584,0.33692002466919563,106405.37844297943,0.3276130168566539,0.0,0.0,0.0,0.0,0.9999999982936754
2023-01-19,0.0005541968812394771,323034.7425254901,108236.79694702667,0.33506240257883685,108829.75230769084,0.33689798025084955,105968.19271657571,0.32803961545471827,0.0,0.0,0.0,0.0,0.9999999982844047
2023-01-20,0.0005541968812394771,327598.34610732493,110266.20466009155,0.33658962558976746,110379.94898607583,0.3369368322449165,106952.1919069607,0.3264735404736199,0.0,0.0,0.0,0.0,0.9999999983083038
2023-01-23,0.0005541968812394771,333802.947772526,112589.0518862137,0.33729196412890533,112920.59749384863,0.3382852016357858,108293.29783826678,0.3244228325750572,0.0,0.0,0.0,0.0,0.9999999983397484
2023-01-24,0.0005541968812394771,336587.3343511456,113595.44351375403,0.33749173519180997,113673.020047896,0.33772221485109816,109318.87023529867,0.3247860483105745,0.0,0.0,0.0,0.0,0.9999999983534826
2023-01-25,0.0005541968812394771,336657.4923924915,113152.22063212123,0.33610486381275284,114321.10590298982,0.33957689487483256,109184.16530318356,0.3243182396662404,0.0,0.0,0.0,0.0,0.9999999983538258
2023-01-26,0.0005541968812394771,336282.8435301435,113486.99346857396,0.3374748241011626,114288.04657732286,0.3398569055072189,108507.8029300498,0.3226682687436103,0.0,0.0,0.0,0.0,0.9999999983519918
2023-01-27,0.0005541968812394771,337596.7131150827,114253.51816021184,0.3384319625211048,114691.46674312185,0.33972921621433233,108651.72765755211,0.3218388196229684,0.0,0.0,0.0,0.0,0.9999999983584056
2023-01-30,0.0005541968812394771,334374.79077522934,112761.39689962035,0.33723055687957015,113439.76356596894,0.3392593182726639,108173.62975544315,0.3235101231903536,0.0,0.0,0.0,0.0,0.9999999983425877
2023-01-31,0.0005541968812394771,341106.36083270574,115190.80074021408,0.337697603935064,115944.26423359588,0.33990648532778395,109971.2953046989,0.32239590911244803,0.0,0.0,0.0,0.0,0.999999998375296
2023-02-01,0.0005541968812394771,343015.33388158586,116247.81660267834,0.3388997666291177,116433.0811417012,0.33943987233496586,110334.43558300943,0.3216603594202543,0.0,0.0,0.0,0.0,0.9999999983843378
2023-02-02,0.0005541968812394771,342749.6854408152,117354.70196483807,0.3423918589856808,116470.5031148776,0.3398121371434178,108924.47980690269,0.31779600225398713,0.0,0.0,0.0,0.0,0.9999999983830856
2023-02-03,0.0005541968812394771,339480.01691063965,116118.1820371917,0.342047178782123,115177.2896808194,0.33927560958952463,108184.54463843166,0.31867720999586485,0.0,0.0,0.0,0.0,0.9999999983675125
2023-02-06,0.0005541968812394771,345413.13733150426,118011.3120102462,0.3416526450671356,116703.39436508343,0.33786611379832776,110698.43040197773,0.3204812395300901,0.0,0.0,0.0,0.0,0.9999999983955535
2023-02-07,0.0005541968812394771,350060.54220984015,120008.06050287448,0.3428208724847855,118319.97962574862,0.33799861840704953,111732.50152702015,0.31918050752501914,0.0,0.0,0.0,0.0,0.9999999984168542
2023-02-08,0.0005541968812394771,341987.5249687979,116928.9317858363,0.3419099331079536,115729.31093862855,0.33840214185937745,109329.2816901362,0.31968792341215113,0.0,0.0,0.0,0.0,0.9999999983794822
2023-02-09,0.0005541968812394771,340434.7615651835,116058.89577924385,0.3409137634642574,115424.39745682337,0.33904997517335755,108951.46777491941,0.3200362597344758,0.0,0.0,0.0,0.0,0.9999999983720907
2023-02-10,0.0005541968812394771,342929.2060874136,116356.16057425279,0.33930081926178457,116497.52610764309,0.33971304875662167,110075.51885132081,0.3209861303655258,0.0,0.0,0.0,0.0,0.999999998383932
2023-02-13,0.0005541968812394771,346790.3403693504,118077.40699998096,0.34048643590886113,117686.66044540456,0.3393596843558616,111026.27236976799,0.32015387813720253,0.0,0.0,0.0,0.0,0.9999999984019252
2023-02-14,0.0005541968812394771,347659.48771244637,118620.26263069935,0.3411966790010681,118233.35438957436,0.3400837847617341,110805.87013797575,0.31871953464311814,0.0,0.0,0.0,0.0,0.9999999984059205
2023-02-15,0.0005541968812394771,350001.2635645312,119264.16784728387,0.34075353509486583,119108.00527305475,0.3403073579221359,111629.08988999575,0.3189391053995844,0.0,0.0,0.0,0.0,0.999999998416586
2023-02-16,0.0005541968812394771,349209.2355414273,118426.591275593,0.3391278901658483,119035.58675199893,0.34087181734309413,111747.05695963846,0.32000029090405235,0.0,0.0,0.0,0.0,0.9999999984129948
2023-02-17,0.0005541968812394771,349260.3005749313,118102.86640191937,0.33815141946423777,118711.93810020133,0.33989530990148287,112445.49551861374,0.32195326904750615,0.0,0.0,0.0,0.0,0.9999999984132268
2023-02-21,0.0005541968812394771,343136.7206642841,115789.04395895124,0.3374428820523589,116120.89234117314,0.33840998455767946,111226.78380996283,0.3241471317748711,0.0,0.0,0.0,0.0,0.9999999983849094
2023-02-22,0.0005541968812394771,343818.2618336698,116077.20425517159,0.3376120966818414,116404.0079847741,0.3385626096879266,111337.0490395272,0.3238252920183429,0.0,0.0,0.0,0.0,0.9999999983881109
2023-02-23,0.0005541968812394771,345273.9759355046,117170.98525721405,0.3393565499390576,116771.12433235036,0.3381984524491432,111331.86579174329,0.322444996006706,0.0,0.0,0.0,0.0,0.9999999983949068
2023-02-24,0.0005541968812394771,341245.5560469013,115544.33507736147,0.33859586749162196,115503.7777921289,0.33847701675638486,110197.44262321408,0.32292711412795183,0.0,0.0,0.0,0.0,0.9999999983759587
2023-02-27,0.0005541968812394771,345881.1579625906,117248.21055738845,0.33898409282551795,116957.74279988013,0.3381443021898577,111675.20405112511,0.3228716033823489,0.0,0.0,0.0,0.0,0.9999999983977246
2023-02-28,0.0005541968812394771,344140.55849913653,117033.33160406274,0.3400742188437995,116233.60536230478,0.33775038277738023,110873.62097857213,0.3221753967684408,0.0,0.0,0.0,0.0,0.9999999983896205
2023-03-01,0.0005541968812394771,343429.39401944214,116714.94840387089,0.3398513651899681,116396.46790405599,0.338924011546509,110317.97715731838,0.3212246216498087,0.0,0.0,0.0,0.0,0.9999999983862858
2023-03-02,0.0005541968812394771,345849.00870701164,117715.46800503151,0.34036664857048926,116983.61013619315,0.3382505289621825,111149.93001159011,0.3213828208649039,0.0,0.0,0.0,0.0,0.9999999983975756
2023-03-03,0.0005541968812394771,351472.2928350955,119995.48708946606,0.3414080982644222,118902.42979578958,0.3382981595410608,112574.37539564299,0.3202937406177302,0.0,0.0,0.0,0.0,0.9999999984232132
2023-03-06,0.0005541968812394771,348834.2086332138,119371.60541850272,0.34220154578938533,117537.14039919098,0.3369427008312046,111925.46226132325,0.32085575179069864,0.0,0.0,0.0,0.0,0.9999999984112886
2023-03-07,0.0005541968812394771,344177.7223134028,117822.21784074265,0.3423295878908037,115677.87465082902,0.3360992509140222,110677.62926763423,0.3215711595849685,0.0,0.0,0.0,0.0,0.9999999983897945
2023-03-08,0.0005541968812394771,348526.85056047956,119435.43440314899,0.34268646507745454,117249.34249756523,0.3364140877783505,111842.07310556849,0.32089944555408256,0.0,0.0,0.0,0.0,0.9999999984098875
2023-03-09,0.0005541968812394771,342383.1770920855,117327.60815747238,0.34267924362976687,114611.81947621933,0.3347472280899887,110443.74890419691,0.3225735266615993,0.0,0.0,0.0,0.0,0.9999999983813548
2023-03-10,0.0005541968812394771,335486.87399058184,114694.19808920135,0.34187387639023153,112242.67928660037,0.3345665299851683,108549.99606058322,0.3235595919726819,0.0,0.0,0.0,0.0,0.9999999983480817
2023-03-13,0.0005541968812394771,330523.0457022574,113465.28961170363,0.34329010060592174,109260.9095061058,0.3305697164745677,107796.84603025111,0.32614018124278366,0.0,0.0,0.0,0.0,0.9999999983232731
2023-03-14,0.0005541968812394771,330407.481217279,113888.86631675162,0.3446921537525879,109215.70878133486,0.33054853473343,107302.90556499563,0.3247593098366688,0.0,0.0,0.0,0.0,0.9999999983226866
2023-03-15,0.0005541968812394771,331110.66185407934,114432.72072399981,0.34560264560260634,108495.58328435085,0.3276716692746213,108182.35729153182,0.3267256834490212,0.0,0.0,0.0,0.0,0.9999999983262488
2023-03-16,0.0005541968812394771,332377.51078018505,115172.14372064536,0.3465100374881062,109148.5896475405,0.32838740921832393,108056.7768578023,0.325102551626198,0.0,0.0,0.0,0.0,0.9999999983326282
2023-03-17,0.0005541968812394771,329870.7429665192,114723.27249823058,0.3477825025236464,107701.26593012303,0.32649535682239744,107446.20398396869,0.32572213897391356,0.0,0.0,0.0,0.0,0.9999999983199575
2023-03-20,0.0005541968812394771,330659.9635695333,114775.90118355618,0.3471115763291384,108077.43635728251,0.3268537115608654,107806.62547449772,0.32603471043396354,0.0,0.0,0.0,0.0,0.9999999983239674
2023-03-21,0.0005541968812394771,331183.70093234826,115265.3672410262,0.3480405796436575,108687.3876626555,0.3281785527387936,107230.94547446968,0.32378086594416683,0.0,0.0,0.0,0.0,0.9999999983266179
2023-03-22,0.0005541968812394771,327904.43953542126,114180.79658563936,0.3482136342753151,107190.61662977526,0.32689589924931833,106533.02576580977,0.3248904647852495,0.0,0.0,0.0,0.0,0.999999998309883
2023-03-23,0.0005541968812394771,325690.1348897137,113938.03750962384,0.34983570364575495,106023.47858153319,0.32553481737306905,105728.61824435981,0.32462947727956815,0.0,0.0,0.0,0.0,0.9999999982983921
2023-03-24,0.0005541968812394771,327502.5901742118,114149.32078733841,0.3485447877728778,106394.2913951509,0.3248654959905981,106958.97743752561,0.32658971454433333,0.0,0.0,0.0,0.0,0.9999999983078092
2023-03-27,0.0005541968812394771,328515.4979549242,114094.77329325312,0.34730408155327924,107159.46183695667,0.3261930183021688,107261.2622705175,0.3265028984575787,0.0,0.0,0.0,0.0,0.9999999983130267
2023-03-28,0.0005541968812394771,329276.22801254375,114118.18009176776,0.34657278717193163,107488.43928462914,0.3264385040287038,107669.60808194995,0.32698870711628863,0.0,0.0,0.0,0.0,0.9999999983169241
2023-03-29,0.0005541968812394771,333446.1037169879,115495.13325038028,0.34636821952013774,109404.04632091823,0.3281011386888924,108546.92359149248,0.3255306401289415,0.0,0.0,0.0,0.0,0.9999999983379716
2023-03-30,0.0005541968812394771,339133.68950395985,117535.80578312949,0.3465766139455075,111277.58837780388,0.32812307305878724,110320.2947888296,0.32530031136155074,0.0,0.0,0.0,0.0,0.9999999983658454
2023-03-31,0.0005541968812394771,345116.7854835764,119847.93981784672,0.34726777965875005,113195.89951232511,0.32799302808095937,112072.94559920768,0.3247391906544663,0.0,0.0,0.0,0.0,0.9999999983941757
2023-04-03,0.0015097688897185435,347129.75794963056,115722.65158794385,0.33337001204240035,115724.9204044125,0.3333765479743298,115682.18444750531,0.33325343563397725,0.0,0.0,0.0,0.0,0.9999999956507074
2023-04-04,0.0015097688897185435,341755.3001106726,113772.18039152859,0.3329053868504309,113508.70907719109,0.3321344512884889,114474.40913218405,0.33496015744339047,0.0,0.0,0.0,0.0,0.9999999955823102
2023-04-05,0.0015097688897185435,340147.29509044543,112953.15036772098,0.332071287933325,112736.82186486917,0.33143530315268965,114457.32134808636,0.3364934044754114,0.0,0.0,0.0,0.0,0.9999999955614262
2023-04-06,0.0015097688897185435,339314.160010551,112744.21774412684,0.33227088943361827,112203.41005111414,0.33067706354378246,114366.53070554114,0.33705204257312726,0.0,0.0,0.0,0.0,0.9999999955505279
2023-04-10,0.0015097688897185435,343804.5439617476,114150.37960260217,0.33202114866551263,114381.64324528996,0.33269380889281175,115272.51960408657,0.3352850380503174,0.0,0.0,0.0,0.0,0.9999999956086418
2023-04-11,0.0015097688897185435,348521.2011253021,115549.71995561484,0.33154287194732757,116216.32143910504,0.33345552885697294,116755.15822081336,0.3350015948637711,0.0,0.0,0.0,0.0,0.9999999956680716
2023-04-12,0.0015097688897185435,347500.0476443536,115071.88940027522,0.3311420823689921,115516.05323393928,0.33242025149925547,116912.1035003702,0.33643766178709433,0.0,0.0,0.0,0.0,0.9999999956553419
2023-04-13,0.0015097688897185435,348705.8290182635,115977.18446142967,0.3325931911948491,115534.74855744034,0.33132439707908984,117193.8944896246,0.33608240739642625,0.0,0.0,0.0,0.0,0.9999999956703652
2023-04-14,0.0015097688897185435,346121.726007397,115317.67466853844,0.33317086447810557,114892.15033852456,0.33194145789065316,115911.8994905651,0.334887673269282,0.0,0.0,0.0,0.0,0.9999999956380407
2023-04-17,0.0015097688897185435,351297.4957647733,116767.95136275084,0.3323905031219977,116778.25441863984,0.3324198316996654,117751.2884736137,0.33518966088064367,0.0,0.0,0.0,0.0,0.9999999957023067
2023-04-18,0.0015097688897185435,352489.2494120451,117350.86420724486,0.3329204065173251,117211.59433399772,0.3325253026283996,117926.78936103362,0.3345542865711123,0.0,0.0,0.0,0.0,0.9999999957168371
2023-04-19,0.0015097688897185435,349890.0111447897,116728.88647773536,0.33361594432437575,115855.20050311791,0.33111891398115767,117305.92265416755,0.33526513737948527,0.0,0.0,0.0,0.0,0.9999999956850186
2023-04-20,0.0015097688897185435,350232.7620435685,117294.24847986556,0.33490370174242673,115183.032307336,0.3288756643874664,117755.47974659801,0.3362206295593483,0.0,0.0,0.0,0.0,0.9999999956892414
2023-04-21,0.0015097688897185435,348345.7834107487,116500.47901733602,0.33443918246016363,114390.38442171818,0.32838171113107983,117454.91846192563,0.33717910207464674,0.0,0.0,0.0,0.0,0.9999999956658902
2023-04-24,0.0015097688897185435,348676.3486472014,116647.2804154133,0.33454313969956034,114397.93545239257,0.3280920426528356,117631.13126962661,0.33736481331760315,0.0,0.0,0.0,0.0,0.9999999956699992
2023-04-25,0.0015097688897185435,344284.6800892549,114756.37301865597,0.33331826728074476,112728.9067770175,0.32742934349501934,116799.39878381255,0.33925238483900183,0.0,0.0,0.0,0.0,0.9999999956147659
2023-04-26,0.0015097688897185435,339819.5587755976,113571.2253631058,0.33421038439433504,111219.27584544074,0.327289212681502,115029.0560572822,0.3385003984813084,0.0,0.0,0.0,0.0,0.9999999955571454
2023-04-27,0.0015097688897185435,344735.9565135291,116038.80526615107,0.3366019792066487,112357.70920820883,0.32592396321095496,116339.44052940032,0.33747405320290286,0.0,0.0,0.0,0.0,0.9999999956205065
2023-04-28,0.0015097688897185435,349078.4767256874,117570.98679298101,0.33680388403141387,114174.91084141354,0.32707519498870274,117332.57758152395,0.3361209166548706,0.0,0.0,0.0,0.0,0.9999999956749872
2023-05-01,0.0015097688897185435,356163.0910706622,120078.94879661112,0.33714596432674054,116113.00005380629,0.3260107601401338,119971.14071047591,0.3368432712941438,0.0,0.0,0.0,0.0,0.9999999957610182
2023-05-02,0.0015097688897185435,354496.77940061456,119412.0142342063,0.3368493627392297,115144.3946608188,0.32481083426344715,119940.36899582055,0.3383397987384159,0.0,0.0,0.0,0.0,0.9999999957410928
2023-05-03,0.0015097688897185435,349806.9239241407,117726.25111042615,0.33654637189501807,113498.13928644068,0.3244593846605905,118582.53201750499,0.33899423912838517,0.0,0.0,0.0,0.0,0.9999999956839937
2023-05-04,0.0015097688897185435,341478.2610016129,114747.20854628831,0.33603078629285377,110457.93762804485,0.32346989616279886,116273.11331751084,0.34049931312307363,0.0,0.0,0.0,0.0,0.9999999955787262
2023-05-05,0.0015097688897185435,346003.3511898806,116360.61979064411,0.33629911210538377,112346.18907974995,0.32469682358104196,117296.54080971763,0.33900405995012267,0.0,0.0,0.0,0.0,0.9999999956365484
2023-05-08,0.0015097688897185435,348213.1636787506,117254.57889598241,0.3367321834052127,113011.26650546845,0.3245462213764231,117947.31676753091,0.3387215908826038,0.0,0.0,0.0,0.0,0.9999999956642395
2023-05-09,0.0015097688897185435,346588.3770744483,116675.0323282305,0.33663861815876284,112364.75964431718,0.32420233070937887,117548.58359213169,0.33915904677577197,0.0,0.0,0.0,0.0,0.9999999956439137
2023-05-10,0.0015097688897185435,347706.1462092206,117425.95498433635,0.3377160750954319,112014.18942177482,0.32215188210787055,118266.00029334052,0.34013203845461476,0.0,0.0,0.0,0.0,0.9999999956579172
2023-05-11,0.0015097688897185435,343529.8427558468,116262.15990450929,0.3384339449866631,110370.10278709386,0.32128243037544774,116897.57855447475,0.34028362024301945,0.0,0.0,0.0,0.0,0.9999999956051303
2023-05-12,0.0015097688897185435,344572.09716257715,116721.52583982948,0.33874340609987796,110482.85174197417,0.3206378364695206,117367.7180710046,0.3406187530490252,0.0,0.0,0.0,0.0,0.9999999956184238
2023-05-15,0.0015097688897185435,349616.04346205946,118381.27834112098,0.3386036783920295,112760.06418473112,0.3225254283760233,118474.69942643846,0.3388708889135844,0.0,0.0,0.0,0.0,0.9999999956816373
2023-05-16,0.0015097688897185435,346155.92969280994,117599.89051612752,0.3397309721676283,111195.8532306653,0.321230531365862,117360.18443624821,0.3390384921049813,0.0,0.0,0.0,0.0,0.9999999956384716
2023-05-17,0.0015097688897185435,350805.8525210786,119414.68259665898,0.34040105585035474,113277.50056218289,0.3229065300596046,118113.66785246783,0.33669240978632425,0.0,0.0,0.0,0.0,0.9999999956962836
2023-05-18,0.0015097688897185435,356241.9071246024,121725.4727944093,0.34169329986164004,115132.51017943436,0.3231863177151827,119383.92264098987,0.33512037818513324,0.0,0.0,0.0,0.0,0.999999995761956
2023-05-19,0.0015097688897185435,358595.3210793328,122316.11332481356,0.3410979065668102,115857.89189323958,0.3230881304990817,120421.31435151075,0.33581395872387776,0.0,0.0,0.0,0.0,0.9999999957897697
2023-05-22,0.0015097688897185435,356288.1632554735,121650.6656956548,0.3414389762042872,115300.41784312233,0.3236156283992155,119337.07820692744,0.33494539115900346,0.0,0.0,0.0,0.0,0.9999999957625062
2023-05-23,0.0015097688897185435,355589.7528218123,121039.09400824152,0.3403897132797715,115500.83976069828,0.32481487119392977,119049.81754310358,0.334795411280482,0.0,0.0,0.0,0.0,0.9999999957541834
2023-05-24,0.0015097688897185435,352108.1408757764,120115.57802204852,0.3411326353412125,113928.2326296335,0.3235603480972265,118064.32871432554,0.3353070122737622,0.0,0.0,0.0,0.0,0.9999999957122011
2023-05-25,0.0015097688897185435,354962.1938431039,122716.86674828539,0.3457181324570222,114011.14067884904,0.3211923485272431,118234.18490620055,0.33308951476241155,0.0,0.0,0.0,0.0,0.999999995746677
2023-05-26,0.0015097688897185435,360698.41012871027,125069.75933676225,0.3467433063875519,116255.78284914218,0.3223074446257135,119372.86643303694,0.3309492448010524,0.0,0.0,0.0,0.0,0.9999999958143179
2023-05-30,0.0015097688897185435,361268.20271318755,125468.05118626708,0.3472989049243194,116516.23868493173,0.3225200496746582,119283.91133221988,0.33018104122194203,0.0,0.0,0.0,0.0,0.9999999958209196
2023-05-31,0.0015097688897185435,357262.94135585293,123720.15425161013,0.34629999345042134,114909.70660837468,0.32163903194739274,118633.07898609922,0.33206097037625393,0.0,0.0,0.0,0.0,0.9999999957740681
2023-06-01,0.0015097688897185435,357858.5006872163,124226.32308387932,0.3471381086248346,115166.81051597414,0.3218222014981136,118465.36557759393,0.3310396856581528,0.0,0.0,0.0,0.0,0.999999995781101
2023-06-02,0.0015097688897185435,362065.13581333985,125675.26691894841,0.3471067896019114,116895.69771471978,0.3228581991252108,119494.16966990277,0.3300350071029958,0.0,0.0,0.0,0.0,0.999999995830118
2023-06-05,0.0015097688897185435,364275.93133193976,126381.74252681831,0.34693959072375624,117393.3485439421,0.3222649053828637,120500.83875141048,0.3307954997488053,0.0,0.0,0.0,0.0,0.9999999958554251
2023-06-06,0.0015097688897185435,363472.79167407926,125930.19079086442,0.34646387205726303,118196.96846988022,0.32518794027330034,119345.63090356575,0.3283481835157038,0.0,0.0,0.0,0.0,0.9999999958462671
2023-06-07,0.0015097688897185435,365077.46604607266,125314.80389812808,0.34325537879764234,120144.00864906007,0.32909182248432156,119618.6519891156,0.32765279458256064,0.0,0.0,0.0,0.0,0.9999999958645246
2023-06-08,0.0015097688897185435,367285.3402512922,126186.27954992699,0.34356470493374947,120477.43049120072,0.3280213427760866,120621.6287003956,0.32841394817954817,0.0,0.0,0.0,0.0,0.9999999958893843
2023-06-09,0.0015097688897185435,364511.6626446204,125426.41642408808,0.34409438511264373,119389.98216674312,0.32753405282162956,119695.26254402033,0.32837155792383216,0.0,0.0,0.0,0.0,0.9999999958581054
2023-06-12,0.0015097688897185435,368998.57231757767,127335.5821686906,0.3450842136567931,120898.25536440634,0.3276388160666258,120764.73327471186,0.32727696618505075,0.0,0.0,0.0,0.0,0.9999999959084696
2023-06-13,0.0015097688897185435,371860.7979290687,128215.56992101898,0.34479453234937585,122387.61417474618,0.32912212004151953,121257.61232353466,0.32608334354906693,0.0,0.0,0.0,0.0,0.9999999959399622
2023-06-14,0.0015097688897185435,373669.868763171,129481.71701227756,0.34651366844443654,122307.12527902522,0.3273133198666936,121881.02496209937,0.3261730076484882,0.0,0.0,0.0,0.0,0.9999999959596183
2023-06-15,0.0015097688897185435,377712.6881915232,130822.03213732367,0.34635328975496044,123497.52780692533,0.32696155482154365,123393.1267375053,0.3266851514263601,0.0,0.0,0.0,0.0,0.9999999960028643
2023-06-16,0.0015097688897185435,378190.4186730117,130780.52001445131,0.34580601082738116,123793.73411989659,0.3273317567226108,123616.16302889495,0.32686222845792157,0.0,0.0,0.0,0.0,0.9999999960079134
2023-06-20,0.0015097688897185435,379445.77705948736,131716.50921597844,0.34712867339495695,123623.34837930439,0.32579977391584836,124105.91795443566,0.3270715487103156,0.0,0.0,0.0,0.0,0.9999999960211209
2023-06-21,0.0015097688897185435,376587.9386919332,130817.86893467398,0.3473766828249091,122191.12658579592,0.324469039051604,123578.9416616944,0.328154274114413,0.0,0.0,0.0,0.0,0.999999995990926
2023-06-22,0.0015097688897185435,377600.8779679919,131500.84133708262,0.34825353702760603,122111.07260239207,0.3233866225616749,123988.96251874833,0.3283598364123997,0.0,0.0,0.0,0.0,0.9999999960016807
2023-06-23,0.0015097688897185435,378346.79807659204,131907.26057610783,0.34864114417430514,122248.47333909376,0.32311221863266815,124191.06265162159,0.32824663320259023,0.0,0.0,0.0,0.0,0.9999999960095635
2023-06-26,0.0015097688897185435,379843.03829725087,131666.77054638212,0.3466346813584212,123250.48210921156,0.32447740167021405,124925.78413188827,0.32888791299664694,0.0,0.0,0.0,0.0,0.9999999960252822
2023-06-27,0.0015097688897185435,383843.66810697934,133375.86344034478,0.3474744395240934,124808.43800721501,0.32515434896383444,125659.36514965064,0.32737120757878096,0.0,0.0,0.0,0.0,0.9999999960667089
2023-06-28,0.0015097688897185435,383928.334491606,133456.70692366862,0.34760838139334166,125094.65012694619,0.32582812699301095,125376.97593122232,0.32656348768122373,0.0,0.0,0.0,0.0,0.9999999960675763
2023-06-29,0.0015097688897185435,387373.3893926145,134521.95604913743,0.3472668999284187,126171.7155693321,0.3257108490781056,126679.71626437604,0.32702224709602434,0.0,0.0,0.0,0.0,0.9999999961025487
2023-06-30,0.0015097688897185435,392021.81373961864,136372.58937426892,0.34786990058886813,127314.26867478933,0.32476322544477493,128334.95418079146,0.3273668701151199,0.0,0.0,0.0,0.0,0.9999999961487631
2023-07-03,0.0012509657499322202,391591.7250022436,130236.4524753913,0.3325822384899607,130994.26524280258,0.33451744988240506,130361.00603308396,0.3329003084330678,0.0,0.0,0.0,0.0,0.9999999968054336
2023-07-05,0.0012509657499322202,390496.3219143875,130127.61672362991,0.3332364722046194,130211.19824901242,0.3334505114175184,130157.50569077942,0.33331301317433454,0.0,0.0,0.0,0.0,0.9999999967964723
2023-07-06,0.0012509657499322202,387650.38602976344,129176.79171786271,0.33323013822033093,128926.43098245941,0.33258429664651634,129547.16207847555,0.3341855619061064,0.0,0.0,0.0,0.0,0.9999999967729537
2023-07-07,0.0012509657499322202,385133.1920158249,128098.18895544122,0.3326075020565294,128722.80426952548,0.3342293184230051,128312.19753989244,0.33316317627232755,0.0,0.0,0.0,0.0,0.999999996751862
2023-07-10,0.0012509657499322202,382783.40046197793,127367.0059827897,0.33273910474976603,128120.92253211094,0.33470866912588926,127295.47069611153,0.3325522228562674,0.0,0.0,0.0,0.0,0.9999999967319226
2023-07-11,0.0012509657499322202,383715.015888041,127401.69479774694,0.33202165545410856,128940.86117524689,0.33603287814222205,127372.45866408144,0.3319454631435266,0.0,0.0,0.0,0.0,0.9999999967398572
2023-07-12,0.0012509657499322202,382063.2599973055,127502.11587531162,0.3337199077352029,128012.97008798973,0.33505700100264163,126548.17278303842,0.3312230879879183,0.0,0.0,0.0,0.0,0.9999999967257628
2023-07-13,0.0012509657499322202,379183.72047947237,127056.25546397538,0.3350783501552086,127056.33017864639,0.33507854719602803,125071.13358588485,0.32984309934966144,0.0,0.0,0.0,0.0,0.999999996700898
2023-07-14,0.0012509657499322202,377011.9455992529,126900.50573884795,0.33659545067502344,125324.48069619329,0.3324151453530008,124786.9579132459,0.33098940065386934,0.0,0.0,0.0,0.0,0.9999999966818935
2023-07-17,0.0012509657499322202,379415.50292744825,128173.47790889443,0.33781824126834303,125822.1755822462,0.33162107138860347,125419.84818534188,0.33056068404596695,0.0,0.0,0.0,0.0,0.9999999967029134
2023-07-18,0.0012509657499322202,381702.76618334086,128922.90867266188,0.33775733396371865,126997.030331618,0.33271184173346635,125782.82592809523,0.3295308210254855,0.0,0.0,0.0,0.0,0.9999999967226705
2023-07-19,0.0012509657499322202,384343.6603614058,129227.75392539971,0.3362297007940351,128471.23838093434,0.3342613697859107,126644.66680410603,0.32950892616524385,0.0,0.0,0.0,0.0,0.9999999967451896
2023-07-20,0.0012509657499322202,385557.8807050246,128814.43392500198,0.3340988224373837,128797.8591788054,0.3340558334413703,127945.58635025141,0.3318453408766857,0.0,0.0,0.0,0.0,0.9999999967554398
2023-07-21,0.0012509657499322202,387337.5354683608,129172.21476178609,0.33348747005784923,129244.69356224082,0.33367459057630633,128920.62589336815,0.33283793613619167,0.0,0.0,0.0,0.0,0.9999999967703472
2023-07-24,0.0012509657499322202,393928.10409232706,131493.0782268546,0.3337996879654868,131586.3726204561,0.3340365189827012,130848.65199405061,0.3321637898761925,0.0,0.0,0.0,0.0,0.9999999968243806
2023-07-25,0.0012509657499322202,394241.70142843336,132096.5734528201,0.33506494359729616,131266.02049615348,0.3329582335418725,130879.10622849404,0.33197681968773796,0.0,0.0,0.0,0.0,0.9999999968269065
2023-07-26,0.0012509657499322202,392553.9752573485,131480.9359307118,0.3349372168362738,131134.09772297405,0.33405367411451087,129938.9403526969,0.33100910586247967,0.0,0.0,0.0,0.0,0.9999999968132643
2023-07-27,0.0012509657499322202,389082.9501821732,130388.73409669516,0.33511808737865695,130248.63140550294,0.33475800300300745,128445.58342900936,0.3301239064031709,0.0,0.0,0.0,0.0,0.9999999967848353
2023-07-28,0.0012509657499322202,386805.49254367704,130117.75031166297,0.3363906480644672,129347.31937220697,0.33439886936869545,127340.42160884134,0.32921047933274217,0.0,0.0,0.0,0.0,0.9999999967659049
2023-07-31,0.0012509657499322202,392394.5911579605,131930.15029119028,0.336218065345557,131489.9116407969,0.335096136908434,128974.52797500756,0.32868579455797897,0.0,0.0,0.0,0.0,0.9999999968119699
2023-08-01,0.0012509657499322202,396121.5953805628,133397.00129608472,0.33675770988432796,132610.25145733226,0.3347715777271134,130114.34137618006,0.32847070923052385,0.0,0.0,0.0,0.0,0.9999999968419653
2023-08-02,0.0012509657499322202,394073.66620555654,131916.3446815748,0.33475046925049956,131799.14891114028,0.3344530736605761,130358.1713618757,0.3307964539144778,0.0,0.0,0.0,0.0,0.9999999968255535
2023-08-03,0.0012509657499322202,393898.99932149576,132011.85181292932,0.3351413739063165,131675.96809588745,0.334288658571623,130211.17816171322,0.3305699643462064,0.0,0.0,0.0,0.0,0.9999999968241459
2023-08-04,0.0012509657499322202,390444.0206997072,130589.57426488539,0.334464269758462,131031.757438373,0.33559678338409055,128822.6877454831,0.3299389436534908,0.0,0.0,0.0,0.0,0.9999999967960432
2023-08-07,0.0012509657499322202,392257.98870214284,131381.94231124106,0.33493758214062685,131567.10955304294,0.33540963687790465,129308.93558689307,0.32965277779232816,0.0,0.0,0.0,0.0,0.9999999968108597
2023-08-08,0.0012509657499322202,392771.2178076612,131457.11428703653,0.33469131221170756,131743.81143876756,0.33542124642972715,129570.29083089139,0.3298874381735923,0.0,0.0,0.0,0.0,0.9999999968150269
2023-08-09,0.0012509657499322202,393431.44836628257,131327.4579163428,0.333800102817601,131656.59531024122,0.33463668412106606,130447.39388873278,0.3315632098817046,0.0,0.0,0.0,0.0,0.9999999968203718
2023-08-10,0.0012509657499322202,393847.03114772926,131585.00722354543,0.3341018131838826,131475.7741567847,0.3338244642181118,130786.24851643336,0.3320737194217324,0.0,0.0,0.0,0.0,0.9999999968237269
2023-08-11,0.0012509657499322202,396894.4647695726,132093.01004553723,0.3328164582043926,132478.89828742706,0.3337887273493248,132322.55518564253,0.33339481129439746,0.0,0.0,0.0,0.0,0.9999999968481149
2023-08-14,0.0012509657499322202,398595.8699068409,133484.80086813317,0.33488756644500856,132681.4258841883,0.3328720538805341,132429.64190355368,0.33224037653602606,0.0,0.0,0.0,0.0,0.9999999968615687
2023-08-15,0.0012509657499322202,395971.5302848935,132868.11750022852,0.335549672989451,131238.58230454545,0.3314343892605661,131864.8292291538,0.33301593459075135,0.0,0.0,0.0,0.0,0.9999999968407685
2023-08-16,0.0012509657499322202,393808.12075604266,132224.81312416593,0.33575948832725294,129952.87516617085,0.3299903387382771,131630.43121474012,0.33425016975788296,0.0,0.0,0.0,0.0,0.999999996823413
2023-08-17,0.0012509657499322202,393125.69686436653,132011.05060477977,0.3357985795833776,129700.66315809965,0.3299216108044142,131413.98185052138,0.334279806430107,0.0,0.0,0.0,0.0,0.9999999968178988
2023-08-18,0.0012509657499322202,392516.22788900346,131589.27525676056,0.335245439314605,129767.6510843776,0.33060455049790594,131159.30029689954,0.33415000700044695,0.0,0.0,0.0,0.0,0.9999999968129579
2023-08-21,0.0012509657499322202,392989.9692075214,132484.8047934868,0.3371200671117567,129696.39253566338,0.3300246894270632,130808.77062740548,0.33285524027797997,0.0,0.0,0.0,0.0,0.9999999968167997
2023-08-22,0.0012509657499322202,393939.2881584931,132747.95590007113,0.3369756708466783,129827.09767364876,0.3295611825886622,131364.23333380744,0.33346314338913013,0.0,0.0,0.0,0.0,0.9999999968244707
2023-08-23,0.0012509657499322202,395843.41617673746,133722.31026509652,0.33781617882307213,130315.13000747569,0.3292087847920456,131805.97465319952,0.3329750332246283,0.0,0.0,0.0,0.0,0.9999999968397459
2023-08-24,0.0012509657499322202,388738.2478615843,130930.12207310936,0.3368079235664222,127937.64347227968,0.3291099967035754,129870.48106522947,0.33408207651198674,0.0,0.0,0.0,0.0,0.9999999967819844
2023-08-25,0.0012509657499322202,394528.8215439387,132983.96814675233,0.3370703504659973,129535.02305379458,0.3283284160251604,132009.82909242605,0.3346012303380581,0.0,0.0,0.0,0.0,0.9999999968292158
2023-08-28,0.0012509657499322202,398307.4742117642,134289.50879265805,0.33715036118368613,131072.10681900044,0.329072677027684,132945.8573491399,0.3337769586479261,0.0,0.0,0.0,0.0,0.9999999968592963
2023-08-29,0.0012509657499322202,402813.6637011473,136248.49295481475,0.3382419844027418,132629.4058070662,0.3292574650731453,133935.76368830062,0.3325005474185436,0.0,0.0,0.0,0.0,0.9999999968944306
2023-08-30,0.0012509657499322202,402194.98945151106,136206.50358914997,0.338657882771986,132310.52563476446,0.32897109388458934,133677.9589766309,0.33237102023307835,0.0,0.0,0.0,0.0,0.9999999968896536
2023-08-31,0.0012509657499322202,401864.4353090878,136339.38388722998,0.3392671057899579,132509.27881313153,0.3297362671847636,133015.77135776053,0.3309966239123736,0.0,0.0,0.0,0.0,0.9999999968870952
2023-09-01,0.0012509657499322202,401697.399258627,136066.96124280995,0.3387300029672466,132919.2942056085,0.3308940870688345,132711.14255924275,0.33037590684971957,0.0,0.0,0.0,0.0,0.9999999968858008
2023-09-05,0.0012509657499322202,401511.2824535326,136292.53338822527,0.33944882583467273,132475.83139819672,0.32994298588241616,132742.91641614487,0.3306081851672683,0.0,0.0,0.0,0.0,0.9999999968843571
2023-09-06,0.0012509657499322202,402357.2814259111,136247.0998914976,0.3386221802887535,132974.903617715,0.3304896164584525,133135.2766657328,0.3308882001437022,0.0,0.0,0.0,0.0,0.9999999968909081
2023-09-07,0.0012509657499322202,402438.7760781079,135942.7581338287,0.33779736500203467,132678.95488151343,0.3296873034316212,133817.06181180003,0.3325153284578819,0.0,0.0,0.0,0.0,0.9999999968915377
2023-09-08,0.0012509657499322202,402344.79064890696,135584.98025909314,0.3369870404943479,132891.105575785,0.33029160228831717,133868.70356306303,0.33272135410814646,0.0,0.0,0.0,0.0,0.9999999968908116
2023-09-11,0.0012509657499322202,402788.27765647817,135837.53507670545,0.3372430197498344,132779.2372107425,0.3296502022930879,134171.50411806448,0.3331067748513126,0.0,0.0,0.0,0.0,0.9999999968942349
2023-09-12,0.0012509657499322202,400392.615679471,134601.01658692805,0.33617257490752805,132569.69573002442,0.33109925243014804,133221.90211155277,0.3327281695379762,0.0,0.0,0.0,0.0,0.9999999968756523
2023-09-13,0.0012509657499322202,401872.42102829606,135277.9885500802,0.33661923902102053,132650.27995990796,0.3300805753738647,133944.15126734215,0.3333001824922718,0.0,0.0,0.0,0.0,0.999999996887157
2023-09-14,0.0012509657499322202,405682.00284838653,136328.9400330495,0.3360487748429871,134234.520468319,0.33088606229960316,135118.54109605224,0.333065159773798,0.0,0.0,0.0,0.0,0.9999999969163883
2023-09-15,0.0012509657499322202,401823.7207474117,134380.84660905413,0.33442736122969347,133239.72296034687,0.33158749989302394,134203.14992704493,0.33398513576406225,0.0,0.0,0.0,0.0,0.9999999968867798
2023-09-18,0.0012509657499322202,403232.6678814746,135108.7871314664,0.33506409051952113,133389.64753789277,0.33080069687484015,134734.23196114966,0.33413520950329645,0.0,0.0,0.0,0.0,0.9999999968976577
2023-09-19,0.0012509657499322202,402317.24229179026,134700.5117456674,0.3348116799030269,132996.5162295864,0.33057622753619764,134620.2130655707,0.33461208945137416,0.0,0.0,0.0,0.0,0.9999999968905987
2023-09-20,0.0012509657499322202,400544.42013477127,133529.50757692516,0.3333700355431152,132197.9041133042,0.330045551673953,134817.00719357617,0.3365844096597682,0.0,0.0,0.0,0.0,0.9999999968768364
2023-09-21,0.0012509657499322202,396174.89295541204,131510.19583788124,0.33194984885799467,130978.48818110944,0.3306077454934797,133686.2076854556,0.3374424024909157,0.0,0.0,0.0,0.0,0.9999999968423902
2023-09-22,0.0012509657499322202,393948.2418454892,131087.8741034374,0.33275405289117016,129856.13719885312,0.32962740635807714,133004.2292922329,0.33761853757529553,0.0,0.0,0.0,0.0,0.9999999968245429
2023-09-25,0.0012509657499322202,397126.258044106,132226.6279456432,0.3329586630631655,131021.31050352573,0.3299235642307342,133878.3183439713,0.3371177695560548,0.0,0.0,0.0,0.0,0.9999999968499546
2023-09-26,0.0012509657499322202,392978.9464586318,130811.93567337224,0.33287263058796607,129554.68414229855,0.3296733458873389,132612.32539199525,0.33745402034140554,0.0,0.0,0.0,0.0,0.9999999968167105
2023-09-27,0.0012509657499322202,393816.25972989586,131328.2148700264,0.3334758573962883,130104.43857001058,0.33036837701735433,132383.60503889312,0.33615576240983597,0.0,0.0,0.0,0.0,0.9999999968234786
2023-09-28,0.0012509657499322202,396968.70546184905,132672.00956972144,0.3342127672642749,131309.72329723352,0.33078104518204426,132986.97134392834,0.33500618440238517,0.0,0.0,0.0,0.0,0.9999999968487043
2023-09-29,0.0012509657499322202,395464.6360419353,132298.23741144396,0.33453873078404656,131052.73834725338,0.33138927328348133,132113.65903227217,0.33407199276919103,0.0,0.0,0.0,0.0,0.999999996836719
2023-10-02,0.00032920414685122523,394251.0498085885,132318.43376896423,0.33561973730496264,130683.0158358871,0.33147157350458434,131249.59987453307,0.3329086883554416,0.0,0.0,0.0,0.0,0.9999999991649886
2023-10-03,0.00032920414685122523,391139.5525473545,130927.53376525539,0.3347335571474947,129512.50447430137,0.33111584760690127,130699.51397859362,0.33415059440395023,0.0,0.0,0.0,0.0,0.999999999158346
2023-10-04,0.00032920414685122523,391258.1298073246,131371.0082302167,0.33576556810438796,128942.95005717497,0.329559797570655,130944.17119072883,0.33467463348355825,0.0,0.0,0.0,0.0,0.9999999991586012
2023-10-05,0.00032920414685122523,390354.8829367271,131231.87093232447,0.33618606214180735,128631.79285641345,0.3295252563223693,130491.21881878504,0.33428868069247764,0.0,0.0,0.0,0.0,0.9999999991566543
2023-10-06,0.00032920414685122523,392604.02286414814,132638.26925930983,0.33784235905602616,129063.45491209239,0.3287369649718335,130902.29836354179,0.33342067513362594,0.0,0.0,0.0,0.0,0.9999999991614855
2023-10-09,0.00032920414685122523,397594.46475888067,134289.99974254752,0.33775621052467886,130713.44934904437,0.3287607372208135,132591.01533808463,0.33348305142651785,0.0,0.0,0.0,0.0,0.9999999991720102
2023-10-10,0.00032920414685122523,397308.8244321061,134066.5348090635,0.33743658978803626,130848.67247682529,0.32933744339520776,132393.61681701316,0.3332259659881709,0.0,0.0,0.0,0.0,0.999999999171415
2023-10-11,0.00032920414685122523,399783.4303548768,135294.2432573104,0.33841883626145636,131591.05504772408,0.3291558505336609,132898.13172063816,0.3324253123814265,0.0,0.0,0.0,0.0,0.9999999991765438
2023-10-12,0.00032920414685122523,397960.91984482115,135256.4176924124,0.33987361810590244,130387.46358934489,0.3276388637361365,132317.03823385976,0.33248751733073384,0.0,0.0,0.0,0.0,0.9999999991727727
2023-10-13,0.00032920414685122523,398942.16238068516,135198.26030839913,0.33889188222574484,130391.7931908451,0.32684385228358115,133352.10855223678,0.33426426466548137,0.0,0.0,0.0,0.0,0.9999999991748073
2023-10-16,0.00032920414685122523,402573.52314655686,136488.6951743825,0.3390404170338192,131709.02568709524,0.32716763054272346,134375.80195587498,0.33379195160570824,0.0,0.0,0.0,0.0,0.9999999991822509
2023-10-17,0.00032920414685122523,402832.4921431838,136279.25171178192,0.3383025311258718,132184.9300857781,0.32813869949396723,134368.31001641962,0.3335587685629376,0.0,0.0,0.0,0.0,0.9999999991827766
2023-10-18,0.00032920414685122523,398807.6692367217,134698.85901422828,0.33775393354904265,130583.21939814213,0.32743407279018844,133525.5904951472,0.33481199283529806,0.0,0.0,0.0,0.0,0.9999999991745291
2023-10-19,0.00032920414685122523,394779.05586300313,133319.56303429932,0.3377067781441883,129374.65680166206,0.32771408432203625,132084.83569783758,0.33457913669988076,0.0,0.0,0.0,0.0,0.9999999991661054
2023-10-20,0.00032920414685122523,391225.16570893314,131908.14423269458,0.3371668179721155,128203.14496645227,0.32769657016858134,131113.87618058213,0.3351366110178334,0.0,0.0,0.0,0.0,0.9999999991585302
2023-10-23,0.00032920414685122523,389300.87449363945,131906.54011332957,0.33882929311396837,126943.93841848799,0.3260818218905954,130450.39563261776,0.33508888414980714,0.0,0.0,0.0,0.0,0.9999999991543709
2023-10-24,0.00032920414685122523,392083.8364784177,132771.87375859,0.33863133698932385,127971.04843045287,0.32638695229023307,131340.9139601707,0.3349817098808162,0.0,0.0,0.0,0.0,0.9999999991603731
2023-10-25,0.00032920414685122523,388546.54193149146,130749.52557136083,0.3365093018751267,126674.21090701874,0.32602068796523725,131122.80512390772,0.3374700093123652,0.0,0.0,0.0,0.0,0.9999999991527292
2023-10-26,0.00032920414685122523,386099.9254574318,128800.97036215678,0.3335949112384827,126457.3344638167,0.327524887019847,130841.62030225419,0.3388802008890305,0.0,0.0,0.0,0.0,0.9999999991473603
2023-10-27,0.00032920414685122523,383709.81131745316,128567.67744601385,0.3350648684342514,125645.19859864845,0.3274484907416112,129496.93494358673,0.33748663996618666,0.0,0.0,0.0,0.0,0.9999999991420492
2023-10-30,0.00032920414685122523,385815.2576970686,129631.03339678909,0.335992501101581,125989.6847747442,0.3265544383256812,130194.53919633117,0.3374530597194689,0.0,0.0,0.0,0.0,0.9999999991467312
2023-10-31,0.00032920414685122523,387024.61091558315,129671.76908205045,0.33504786368827105,126770.97591919803,0.3275527507651161,130581.86558513052,0.3373993846960102,0.0,0.0,0.0,0.0,0.9999999991493974
2023-11-01,0.00032920414685122523,396012.1376771778,132928.02932338236,0.3356665533109063,129759.52163940879,0.327665516518048,133324.5863851825,0.33666792933974765,0.0,0.0,0.0,0.0,0.9999999991687019
2023-11-02,0.00032920414685122523,401073.1311931756,134978.94073183474,0.33654446093229456,131602.12771657147,0.3281250163157544,134492.06241556528,0.33533052193114277,0.0,0.0,0.0,0.0,0.9999999991791918
2023-11-03,0.00032920414685122523,405269.6696544057,136068.25155359448,0.33574743372635535,133787.13688519513,0.33011879966068597,135414.28088641193,0.33413376580064985,0.0,0.0,0.0,0.0,0.9999999991876911
2023-11-06,0.00032920414685122523,402439.5022606878,135591.159875704,0.3369230881015062,132158.115179382,0.32839250231895495,134690.22687639768,0.33468440876151745,0.0,0.0,0.0,0.0,0.9999999991819786
2023-11-07,0.00032920414685122523,404186.0486567356,136683.8443531222,0.3381706142687872,132416.89368173262,0.3276137168064174,135085.31029267667,0.3342156681103088,0.0,0.0,0.0,0.0,0.9999999991855134
2023-11-08,0.00032920414685122523,404624.5600401707,137477.81711751944,0.33976636787413694,131548.03341786235,0.3251113412512637,135598.70917558478,0.33512229006099553,0.0,0.0,0.0,0.0,0.999999999186396
2023-11-09,0.00032920414685122523,402591.8616151931,137016.43241235855,0.3403358226434347,130622.69271310096,0.32445437965150237,134952.73616052946,0.33520979688735114,0.0,0.0,0.0,0.0,0.9999999991822881
2023-11-10,0.00032920414685122523,409192.86882055923,139687.0644263903,0.341372186736828,132955.44335060404,0.3249212131526861,136550.36071436078,0.3337065993059653,0.0,0.0,0.0,0.0,0.9999999991954793
2023-11-13,0.00032920414685122523,408805.5129802117,139564.45330948455,0.34139572211747593,132545.4564811113,0.324226196253687,136695.60286041172,0.3343780808235541,0.0,0.0,0.0,0.0,0.9999999991947169
2023-11-14,0.00032920414685122523,416869.22961605457,142205.79000282468,0.34112805623432374,136253.37680382194,0.3268492062350445,138410.06248020384,0.3320227367409258,0.0,0.0,0.0,0.0,0.999999999210294
2023-11-15,0.00032920414685122523,414445.9305505153,140986.0431453355,0.34017958134626014,136219.69078045656,0.328679040471006,137240.1962955191,0.3311413773884104,0.0,0.0,0.0,0.0,0.9999999992056765
2023-11-16,0.00032920414685122523,415434.5335261355,141588.9610684311,0.3408213560549452,135939.6300341573,0.32722274886568903,137905.942094343,0.3319558942869326,0.0,0.0,0.0,0.0,0.9999999992075668
2023-11-17,0.00032920414685122523,415107.0410208841,141192.1573857467,0.3401343350826065,136418.83686235145,0.32863532385972755,137496.04644358184,0.3312303402646075,0.0,0.0,0.0,0.0,0.9999999992069416
2023-11-20,0.00032920414685122523,415252.9940133344,141622.25686720727,0.3410505376456348,136354.9958111408,0.3283660750842467,137275.74100578218,0.3305833864773388,0.0,0.0,0.0,0.0,0.9999999992072203
2023-11-21,0.00032920414685122523,410011.2508017813,139871.50784179912,0.34114065789238446,133894.0816560362,0.3265619696879169,136245.66097474186,0.33229737161678374,0.0,0.0,0.0,0.0,0.9999999991970852
2023-11-22,0.00032920414685122523,411411.7563522643,140080.35229114734,0.3404869941810946,134338.27662671893,0.32652998985205,136993.12710519394,0.33298301516667383,0.0,0.0,0.0,0.0,0.9999999991998183
2023-11-24,0.00032920414685122523,416462.63139608793,141482.55686443552,0.3397244943445472,136250.36753391256,0.32716108784398473,138729.70666853568,0.333114417020991,0.0,0.0,0.0,0.0,0.999999999209523
2023-11-27,0.00032920414685122523,415029.57968172594,141001.29006276757,0.3397379294528774,135741.3015093918,0.3270641615797309,138286.9877803624,0.3331979081741852,0.0,0.0,0.0,0.0,0.9999999992067936
2023-11-28,0.00032920414685122523,411492.5988441799,139846.9745555906,0.3398529522727735,134538.19251512605,0.32695167031684985,137107.43144425907,0.33319537661035215,0.0,0.0,0.0,0.0,0.9999999991999755
2023-11-29,0.00032920414685122523,408530.7664663424,138469.53442690193,0.33894518061544826,134380.2354334667,0.3289354106566118,135680.99627676958,0.3321194079221153,0.0,0.0,0.0,0.0,0.9999999991941754
2023-11-30,0.00032920414685122523,411254.12056240626,138929.53514121647,0.33781919303622987,135301.78046664005,0.3289979934586662,137022.80462534557,0.3331828127046155,0.0,0.0,0.0,0.0,0.9999999991995117
2023-12-01,0.00032920414685122523,417211.14330925245,140669.22190085892,0.3371655435305323,137667.13756199903,0.3299699439234657,138874.78351719037,0.3328645117569432,0.0,0.0,0.0,0.0,0.9999999992109412
2023-12-04,0.00032920414685122523,411621.79661642935,138436.81380881596,0.3363204158447873,135888.64370143609,0.3301298541973573,137296.3387769732,0.3335497291580822,0.0,0.0,0.0,0.0,0.9999999992002266
2023-12-05,0.00032920414685122523,413152.7175586587,139250.9435713168,0.3370447237867828,136197.00274677828,0.32965292725550394,137704.7709113595,0.33330234816090354,0.0,0.0,0.0,0.0,0.9999999992031902
2023-12-06,0.00032920414685122523,411920.4432286366,138712.56725876976,0.33674601379708,135779.53630286135,0.3296256316841669,137428.33933780133,0.33362835371955957,0.0,0.0,0.0,0.0,0.9999999992008065
2023-12-07,0.00032920414685122523,414310.8581104283,139766.44655256742,0.3373468105325755,137009.21091627574,0.3306918180738531,137535.200312381,0.3319613705989889,0.0,0.0,0.0,0.0,0.9999999992054176
2023-12-08,0.00032920414685122523,407723.03558654553,137712.29563142196,0.3377594190460951,135243.86828993104,0.3317052422494864,134766.8713359884,0.33053533789699757,0.0,0.0,0.0,0.0,0.999999999192579
2023-12-11,0.00032920414685122523,413755.9355330961,139579.6371317338,0.33734775780774,137370.62271320666,0.3320088267403682,136805.6753589515,0.33064341465624364,0.0,0.0,0.0,0.0,0.9999999992043519
2023-12-12,0.00032920414685122523,418116.36964442855,141736.37598070878,0.3389878662278714,137946.09445542385,0.3299227307764462,138433.89887909178,0.3310894022083319,0.0,0.0,0.0,0.0,0.9999999992126495
2023-12-13,0.00032920414685122523,421325.5297366212,142580.35396087082,0.3384090065702892,139318.64333068635,0.3306674613754765,139426.53211585988,0.33092353127288093,0.0,0.0,0.0,0.0,0.9999999992186466
2023-12-14,0.00032920414685122523,415747.3742352661,140024.31393525205,0.3368014390777946,140079.20904138123,0.3369334786516588,135643.8509294287,0.3262650814787097,0.0,0.0,0.0,0.0,0.9999999992081631
2023-12-15,0.00032920414685122523,412552.77560388856,139415.97080410068,0.33793487536237193,138778.44597473912,0.33638955833371215,134358.3584958446,0.3256755655059473,0.0,0.0,0.0,0.0,0.9999999992020314
2023-12-18,0.00032920414685122523,414187.41364391963,140421.50907752878,0.33902891409020536,138576.3995983761,0.33457414453813267,135189.5046388106,0.3263969405768427,0.0,0.0,0.0,0.0,0.9999999992051807
2023-12-19,0.00032920414685122523,417667.0405776134,141465.53860070565,0.3387040988560305,140362.1882226588,0.33606240039564683,135839.3134250448,0.32523349996012507,0.0,0.0,0.0,0.0,0.9999999992118025
2023-12-20,0.00032920414685122523,414897.7291745319,140765.28361322745,0.33927706447873274,139054.33300562217,0.33515327568140835,135078.11222647812,0.3255696590464004,0.0,0.0,0.0,0.0,0.9999999992065415
2023-12-21,0.00032920414685122523,417719.3700587867,141651.0748788293,0.3391058328439363,140329.7550586407,0.33594265700173714,135738.5397921126,0.3249515093662278,0.0,0.0,0.0,0.0,0.9999999992119012
2023-12-22,0.00032920414685122523,414612.86261806113,140016.59736415092,0.33770442257874034,139604.18089006934,0.3367097200230179,134992.0840346367,0.32558585660423806,0.0,0.0,0.0,0.0,0.9999999992059964
2023-12-26,0.00032920414685122523,417433.85306684894,140804.9263076724,0.3373107506092074,141153.16379409214,0.3381449845455814,135475.76263588027,0.3245442640565734,0.0,0.0,0.0,0.0,0.9999999992113622
2023-12-27,0.00032920414685122523,418722.1957776508,141301.60430369552,0.3374590736497028,141480.0126402946,0.33788515169953653,135940.5785044566,0.3246557738645494,0.0,0.0,0.0,0.0,0.9999999992137887
2023-12-28,0.00032920414685122523,415868.4203909091,140207.34145443916,0.33714351602520504,140508.30871785872,0.3378672239305484,135152.76988940703,0.32498925925264,0.0,0.0,0.0,0.0,0.9999999992083936
2023-12-29,0.00032920414685122523,415337.9595397903,139895.802440986,0.33682402301007036,139999.39982477095,0.3370734521349684,135442.75694482916,0.32610252406234363,0.0,0.0,0.0,0.0,0.9999999992073825
2024-01-02,0.0014465706535702338,414143.69117207994,137203.7262721892,0.3312949809373771,138343.22675675506,0.334046442589107,138596.73669656497,0.3346585729805961,0.0,0.0,0.0,0.0,0.9999999965070803
2024-01-03,0.0014465706535702338,414563.7498089952,137314.73850810254,0.33122707562194836,137962.53775765508,0.33278968028733696,139286.47209666696,0.33598324060133417,0.0,0.0,0.0,0.0,0.9999999965106194
2024-01-04,0.0014465706535702338,415537.3569726835,137644.60475090702,0.3312448386197813,138048.23158367406,0.3322161756752692,139844.51919153178,0.3365389822237447,0.0,0.0,0.0,0.0,0.9999999965187951
2024-01-05,0.0014465706535702338,421324.8097453729,139469.74572784407,0.33102666280709275,140537.599363646,0.3335611768236001,141317.46320731213,0.33541215693592114,0.0,0.0,0.0,0.0,0.9999999965666141
2024-01-08,0.0014465706535702338,425760.4572986125,141483.75443417623,0.33230834852975744,141918.4436928825,0.33332931994984727,142358.25772498315,0.3343623281227791,0.0,0.0,0.0,0.0,0.9999999966023837
2024-01-09,0.0014465706535702338,422851.19176561054,140902.99845025598,0.33322123998732756,140339.2404975721,0.3318880098494866,141608.95137121176,0.3348907467421935,0.0,0.0,0.0,0.0,0.9999999965790077
2024-01-10,0.0014465706535702338,424332.2641976535,141942.35553882885,0.33450757228470435,140224.4179436152,0.33045900530038136,142165.48926863878,0.3350334190058625,0.0,0.0,0.0,0.0,0.9999999965909482
2024-01-11,0.0014465706535702338,427653.1135970567,143575.0605204768,0.335727850343108,140773.17781874796,0.3291760853432889,143304.87381126126,0.33509606093102356,0.0,0.0,0.0,0.0,0.9999999966174205
2024-01-12,0.0014465706535702338,426293.84612805414,143244.84285327132,0.33602371733567576,139729.6221420581,0.32777771345093454,143319.37968615408,0.33619856582002466,0.0,0.0,0.0,0.0,0.9999999966066349
2024-01-16,0.0014465706535702338,426703.02941198874,143362.5119151252,0.33597725357770153,139702.42836477526,0.3273996637832404,143638.08768551762,0.3366230792489469,0.0,0.0,0.0,0.0,0.9999999966098889
2024-01-17,0.0014465706535702338,428849.42289565766,144212.04359383485,0.33627664139103375,139882.59768048758,0.3261811494019944,144754.78017476457,0.3375422058338283,0.0,0.0,0.0,0.0,0.9999999966268565
2024-01-18,0.0014465706535702338,433864.4272309628,146544.8412476079,0.3377664358954149,140983.33465258026,0.32494790032078247,146336.24988420395,0.33728566044964897,0.0,0.0,0.0,0.0,0.9999999966658463
2024-01-19,0.0014465706535702338,439006.9517058116,148684.31363170315,0.338683278371728,142899.34263692953,0.3255058765736575,147423.29399060825,0.33581084175951703,0.0,0.0,0.0,0.0,0.9999999967049026
2024-01-22,0.0014465706535702338,440313.34507361095,149199.7716917634,0.33884907954997456,143437.23750622442,0.32576173107413947,147676.33442905248,0.33538918609056506,0.0,0.0,0.0,0.0,0.999999996714679
2024-01-23,0.0014465706535702338,441216.7871157058,148885.68367906066,0.3374433793699162,144002.32152234987,0.32637543658234913,148328.78046772457,0.3361811807691407,0.0,0.0,0.0,0.0,0.999999996721406
2024-01-24,0.0014465706535702338,440712.5850878694,149261.64914668366,0.3386825205296187,143663.5687055563,0.32598018202024487,147787.36578905876,0.3353372941677917,0.0,0.0,0.0,0.0,0.9999999967176552
2024-01-25,0.0014465706535702338,441869.57621301373,149029.35697833536,0.33727001133586126,144952.12384953097,0.3280427792558711,147888.09393857673,0.3346872061345173,0.0,0.0,0.0,0.0,0.9999999967262496
2024-01-26,0.0014465706535702338,440578.1148707468,148808.69971569197,0.33775781114172737,143637.9332393221,0.3260214894728973,148131.48046916202,0.33622069610202865,0.0,0.0,0.0,0.0,0.9999999967166534
2024-01-29,0.0014465706535702338,444111.38328745886,150589.4007050866,0.33908025412538223,144545.15778366235,0.32547050857758125,148976.8233521392,0.3354492340398115,0.0,0.0,0.0,0.0,0.9999999967427751
2024-01-30,0.0014465706535702338,443366.6106945917,149906.29258769177,0.3381091155079179,144660.0862483662,0.3262764555538751,148800.2304119631,0.33561442567551064,0.0,0.0,0.0,0.0,0.9999999967373036
2024-01-31,0.0014465706535702338,437951.5567307789,147618.39760913787,0.3370655848584711,143037.0376664716,0.3266047019771195,147296.12000859875,0.3363297098613713,0.0,0.0,0.0,0.0,0.9999999966969619
2024-02-01,0.0014465706535702338,441518.7829052199,149005.82374052692,0.33748467677877647,143912.54409918727,0.3259488603230743,148600.413618935,0.3365664596217978,0.0,0.0,0.0,0.0,0.9999999967236486
2024-02-02,0.0014465706535702338,440693.6158875322,150402.84245398268,0.34128663777232127,142755.40551993396,0.3239334548389874,147535.36646704483,0.3347799041062052,0.0,0.0,0.0,0.0,0.9999999967175138
2024-02-05,0.0014465706535702338,444615.16738024505,152419.22540305945,0.34281157411057694,143489.09881939008,0.32272650450692997,148706.84171122484,0.3344619181289588,0.0,0.0,0.0,0.0,0.9999999967464658
2024-02-06,0.0014465706535702338,446243.8644852954,152828.97804765432,0.34247860914329803,144270.67236623695,0.3233000694197577,149144.21262483342,0.3342213181952847,0.0,0.0,0.0,0.0,0.9999999967583405
2024-02-07,0.0014465706535702338,446462.883408321,153764.54012686535,0.3444060992327488,143730.2924967898,0.3219311119427112,148968.0493380952,0.3336627855844708,0.0,0.0,0.0,0.0,0.9999999967599307
2024-02-08,0.0014465706535702338,447471.5645966563,154408.020852025,0.3450677832259708,144048.21205997834,0.32191590138207127,149015.33023808227,0.3330163121591923,0.0,0.0,0.0,0.0,0.9999999967672344
2024-02-09,0.0014465706535702338,452692.46551595273,156604.65500321813,0.3459404936742854,145723.65276813388,0.32190430340395987,150364.15629803008,0.33215519972627267,0.0,0.0,0.0,0.0,0.9999999968045179
2024-02-12,0.0014465706535702338,453893.6111957256,156498.23018372108,0.3447905551511205,147236.13255027618,0.3243846771986966,150159.24701515769,0.330824764463157,0.0,0.0,0.0,0.0,0.9999999968129741
2024-02-13,0.0014465706535702338,448768.93942257814,154798.87737734502,0.34494115741727044,144695.1208517704,0.32242677275737186,149274.93974689208,0.33263206660193795,0.0,0.0,0.0,0.0,0.9999999967765802
2024-02-14,0.0014465706535702338,456413.5725723572,157750.54846664035,0.34563071290267444,147314.3967198978,0.32276515330083316,151348.62593924836,0.33160413062706284,0.0,0.0,0.0,0.0,0.9999999968305704
2024-02-15,0.0014465706535702338,459425.2879176427,158473.9562987727,0.3449395591981019,148726.40087741177,0.32372271354830756,152224.92929488755,0.3313377241049379,0.0,0.0,0.0,0.0,0.9999999968513473
2024-02-16,0.0014465706535702338,455319.96967079845,156646.86945430262,0.34403689688277916,147410.09160472464,0.3237505521914706,151263.0071652005,0.33221254774870823,0.0,0.0,0.0,0.0,0.9999999968229579
2024-02-20,0.0014465706535702338,454796.5107885877,155815.1283603996,0.3426040540421611,147466.88311869855,0.32424805296549114,151514.49786291883,0.33314788981164895,0.0,0.0,0.0,0.0,0.9999999968193013
2024-02-21,0.0014465706535702338,454818.87753761146,155721.394128565,0.34238111437159413,147446.74425696454,0.32418782847194233,151650.73770551124,0.33343105397592127,0.0,0.0,0.0,0.0,0.9999999968194577
2024-02-22,0.0014465706535702338,462410.40457638545,160176.3967563043,0.3463944478131759,148597.876150384,0.3213549580194127,153636.13022312647,0.332250591039085,0.0,0.0,0.0,0.0,0.9999999968716736
2024-02-23,0.0014465706535702338,463901.0045163125,160513.0547821367,0.34600712914923737,149073.8712919175,0.3213484554691786,154314.07699568765,0.3326444122633095,0.0,0.0,0.0,0.0,0.9999999968817255
2024-02-26,0.0014465706535702338,462526.6070651366,160378.83671872623,0.3467451045386897,148535.32661239986,0.3211389882084815,153612.44228743983,0.33211590412528835,0.0,0.0,0.0,0.0,0.9999999968724596
2024-02-27,0.0014465706535702338,463335.7878995012,160441.2519427054,0.34627424889852354,149156.08669917003,0.32191790618065186,153738.44781105508,0.3318078417987461,0.0,0.0,0.0,0.0,0.9999999968779215
2024-02-28,0.0014465706535702338,462559.5597616592,160014.98150977862,0.3459337897853171,148765.392044121,0.32161348501969045,153779.18476118892,0.33245272206767484,0.0,0.0,0.0,0.0,0.9999999968726824
2024-02-29,0.0014465706535702338,464369.48523358203,160717.6233414485,0.34609858841307384,149915.92801118354,0.32283759544573537,153735.9324343793,0.3310638130260621,0.0,0.0,0.0,0.0,0.9999999968848714
2024-03-01,0.0014465706535702338,467030.5497558065,162217.07646940407,0.34733718501760014,150897.2732526223,0.3230993632676087,153916.19858720942,0.329563448617412,0.0,0.0,0.0,0.0,0.9999999969026209
2024-03-04,0.0014465706535702338,467856.1988058315,162107.9776112339,0.34649103298193457,151633.60089694284,0.32410300704356687,154114.6188510841,0.3294059568825855,0.0,0.0,0.0,0.0,0.9999999969080869
2024-03-05,0.0014465706535702338,465437.00950898515,160735.2700291437,0.345342692448785,151197.44406140604,0.32485049743017314,153504.29397186477,0.32980680701305815,0.0,0.0,0.0,0.0,0.9999999968920162
2024-03-06,0.0014465706535702338,467738.27969045675,161458.27514901364,0.3451893551578987,152128.80692557895,0.3252434396138282,154151.19616929346,0.3295672021355805,0.0,0.0,0.0,0.0,0.9999999969073075
2024-03-07,0.0014465706535702338,468757.10305922985,162496.6857056388,0.3466543432518537,152349.113642936,0.325006517551769,153911.30226408437,0.3283391361104066,0.0,0.0,0.0,0.0,0.9999999969140293
2024-03-08,0.0014465706535702338,461676.3284076439,159052.37412741012,0.34451056799033564,150361.1547099881,0.32568521593601074,152262.798123675,0.3298042129403531,0.0,0.0,0.0,0.0,0.9999999968666995
2024-03-11,0.0014465706535702338,459050.6991547653,157436.05611278684,0.34296006171577254,149944.69067472225,0.3266408066708327,151669.95092068551,0.33039912846217273,0.0,0.0,0.0,0.0,0.9999999968487779
2024-03-12,0.0014465706535702338,462180.6453814783,159686.03848800194,0.34550568069807214,150242.56093078907,0.3250732423180133,152252.04451611658,0.32942107385403296,0.0,0.0,0.0,0.0,0.9999999968701184
2024-03-13,0.0014465706535702338,464406.5892485667,160415.52597989936,0.3454204347949924,151022.19831555735,0.3251939180275605,152968.86350653932,0.3293856440625674,0.0,0.0,0.0,0.0,0.9999999968851203
2024-03-14,0.0014465706535702338,461934.9910331682,160162.23568802798,0.3467202935413219,149338.58972779757,0.32328919139419476,152434.16417077198,0.3299905119329373,0.0,0.0,0.0,0.0,0.999999996868454
2024-03-15,0.0014465706535702338,462106.1937000005,159384.45686810304,0.34490872236950687,149906.64452894518,0.3243986914104523,152815.09085638163,0.330692583089655,0.0,0.0,0.0,0.0,0.9999999968696142
2024-03-18,0.0014465706535702338,465906.80711353937,160994.9112079058,0.34555174715159737,151062.87799318717,0.32423410795192315,153849.01646587576,0.3302141417916297,0.0,0.0,0.0,0.0,0.9999999968951502
2024-03-19,0.0014465706535702338,469025.4336169344,162142.2060481718,0.3457002423041256,151904.0381616962,0.3238716437833098,154979.18796049574,0.33042811082835943,0.0,0.0,0.0,0.0,0.9999999969157948
2024-03-20,0.0014465706535702338,478882.6498827546,165806.4236980032,0.34623602199536313,155715.43165199299,0.32516407034190314,157360.79308618777,0.3285999046420132,0.0,0.0,0.0,0.0,0.9999999969792794
2024-03-21,0.0014465706535702338,480310.4276094612,166384.51987734146,0.34641038443710026,156547.89684075964,0.3259306645077633,157378.0094447894,0.3276589480433953,0.0,0.0,0.0,0.0,0.9999999969882588
2024-03-22,0.0014465706535702338,481082.44276613585,166478.1091921889,0.3460490227724177,156715.98985316363,0.3257570343911855,157888.34227421266,0.32819393982948875,0.0,0.0,0.0,0.0,0.9999999969930919
2024-03-25,0.0014465706535702338,478708.8064082786,165471.979879753,0.3456631205957514,156185.40731461896,0.3262639108030371,157051.41776733598,0.328072965579394,0.0,0.0,0.0,0.0,0.9999999969781824
2024-03-26,0.0014465706535702338,478209.78316097724,164910.17863156882,0.3448490274320799,156196.64387311245,0.32662787206202515,157102.95920972526,0.328523097480924,0.0,0.0,0.0,0.0,0.9999999969750291
2024-03-27,0.0014465706535702338,484127.2134467245,165940.43911115546,0.34276205613344696,159089.08762783278,0.3286100909205337,159097.6852611656,0.32862784995802224,0.0,0.0,0.0,0.0,0.9999999970120029
2024-03-28,0.0014465706535702338,484689.87345987523,165866.09258702415,0.3422107654179313,159600.20413981512,0.3292831414044955,159223.5752864653,0.3285060901930449,0.0,0.0,0.0,0.0,0.9999999970154716
2024-04-01,0.0012747939463224611,483332.667628959,161066.3327145147,0.3332411473543535,160954.48184452124,0.33300973144253,161311.85179512916,0.33374911856560824,0.0,0.0,0.0,0.0,0.9999999973624917
2024-04-02,0.0012747939463224611,480450.99997559335,160257.25910240953,0.33355588626217975,159520.83751558105,0.33202311478940544,160672.90208280884,0.3344209962950872,0.0,0.0,0.0,0.0,0.9999999973466723
2024-04-03,0.0012747939463224611,479927.1853603769,160263.09195280404,0.3339320981212236,159403.00034252083,0.33213996873885204,160261.09179025813,0.3339279304837008,0.0,0.0,0.0,0.0,0.9999999973437763
2024-04-04,0.0012747939463224611,474724.3017235581,158043.06848103477,0.3329154793787375,157773.10109859347,0.3323467969214436,158908.13086913593,0.3347377210144836,0.0,0.0,0.0,0.0,0.9999999973146647
2024-04-05,0.0012747939463224611,477140.0591259958,159647.23804946744,0.33459198194740186,158113.41308605333,0.33137735987977734,159379.40671568108,0.33403065550108135,0.0,0.0,0.0,0.0,0.9999999973282605
2024-04-08,0.0012747939463224611,478065.2269247119,159968.72454211782,0.33461694248536195,158394.81758077964,0.33132469935054376,159701.68352702053,0.33405835549752533,0.0,0.0,0.0,0.0,0.9999999973334309
2024-04-09,0.0012747939463224611,479249.44293500745,160149.81672247508,0.33416797678822446,159198.03038403983,0.33218198316326303,159901.59455369864,0.33365003738853255,0.0,0.0,0.0,0.0,0.99999999734002
2024-04-10,0.0012747939463224611,472714.99316252564,158523.32358104285,0.3353465108447289,155913.04318742375,0.32982462042158833,158278.6251192651,0.33482886603693324,0.0,0.0,0.0,0.0,0.9999999973032505
2024-04-11,0.0012747939463224611,477529.45550164423,161183.156713201,0.33753552761238204,157162.53899449995,0.3291159051736418,159183.75851914939,0.33334856454441536,0.0,0.0,0.0,0.0,0.9999999973304392
2024-04-12,0.0012747939463224611,471635.8156138829,159275.2013818248,0.33770802833222413,154664.32030744353,0.32793166928201134,157696.29264982065,0.3343602996828444,0.0,0.0,0.0,0.0,0.9999999972970799
2024-04-15,0.0012747939463224611,468218.8189521393,157399.48590440518,0.33616650919042695,153970.69796484493,0.32884346321112656,156848.63380809527,0.33499002487580093,0.0,0.0,0.0,0.0,0.9999999972773543
2024-04-16,0.0012747939463224611,470006.2459121234,158497.41335112153,0.3372240576155144,153834.08871542572,0.32730222215852833,157674.7425707822,0.3354737175136657,0.0,0.0,0.0,0.0,0.9999999972877085
2024-04-17,0.0012747939463224611,469766.0184278754,157888.34176575378,0.33609996375247575,153699.86114978328,0.327183864137634,158177.8142375444,0.3367161693962117,0.0,0.0,0.0,0.0,0.9999999972863215
2024-04-18,0.0012747939463224611,468547.85502966767,157184.2956597322,0.33547116686678574,153391.76810379623,0.3273769508433321,157971.7899913453,0.3371518795691483,0.0,0.0,0.0,0.0,0.9999999972792664
2024-04-19,0.0012747939463224611,468626.04975504894,155138.58863673557,0.3310498610092772,154252.35197217172,0.32915872272315955,159235.10787134772,0.33979141354728354,0.0,0.0,0.0,0.0,0.9999999972797203
2024-04-22,0.0012747939463224611,471917.17027702817,156493.88422224368,0.331613033131169,155425.21910408477,0.3293485147252556,159998.06567590576,0.33903844944226663,0.0,0.0,0.0,0.0,0.9999999972986914
2024-04-23,0.0012747939463224611,476074.15701621055,158468.04151468765,0.33286419600653044,156834.85888391026,0.32943367450749894,160771.25534281874,0.33770212680824935,0.0,0.0,0.0,0.0,0.9999999973222786
2024-04-24,0.0012747939463224611,476595.7766156592,158286.88158829798,0.33211977393569136,157252.9572239401,0.32995037920941017,161055.93652862715,0.33792984418010774,0.0,0.0,0.0,0.0,0.9999999973252094
2024-04-25,0.0012747939463224611,476491.29102138936,158329.86275895612,0.33228280504259794,156827.68504421174,0.32913022336261727,161333.74194342754,0.33858696891940754,0.0,0.0,0.0,0.0,0.9999999973246229
2024-04-26,0.0012747939463224611,478435.29492353695,160664.57056695438,0.3358125378116839,156663.079867789,0.32744883483737697,161107.64321399963,0.3367386246864327,0.0,0.0,0.0,0.0,0.9999999973354935
2024-04-29,0.0012747939463224611,488137.16559823527,163294.95228840783,0.33452677607180786,160306.01366731766,0.3284036229260581,164536.19836771584,0.3370695983905854,0.0,0.0,0.0,0.0,0.9999999973884514
2024-04-30,0.0012747939463224611,475679.7271831729,159283.97165324367,0.33485549740888415,155505.6744819614,0.32691255396318347,160890.0797731739,0.3382319459479907,0.0,0.0,0.0,0.0,0.9999999973200583
2024-05-01,0.0012747939463224611,477726.1338628445,159930.26805044967,0.33477395669621407,155678.50768441474,0.32587396135441515,162117.35685318618,0.33935207928090905,0.0,0.0,0.0,0.0,0.9999999973315382
2024-05-02,0.0012747939463224611,474370.8547811987,159076.80136384076,0.33534269603728956,154653.32703271243,0.32601776747866507,160640.72510985163,0.3386395337967093,0.0,0.0,0.0,0.0,0.9999999973126639
2024-05-03,0.0012747939463224611,469978.8500453187,158168.54071580776,0.3365439544791346,152992.60871013807,0.3255308376012781,158817.69934457896,0.33792520520713776,0.0,0.0,0.0,0.0,0.9999999972875504
2024-05-06,0.0012747939463224611,475941.01198775606,160850.44282872108,0.33796298023768345,154769.50964095775,0.3251863271764849,160321.0582432833,0.3368506899073612,0.0,0.0,0.0,0.0,0.9999999973215296
2024-05-07,0.0012747939463224611,479400.2817913834,162073.9773472982,0.33807651664632643,155278.5794620059,0.3239017275537964,162047.72370728536,0.33802175314073407,0.0,0.0,0.0,0.0,0.999999997340857
2024-05-08,0.0012747939463224611,481317.9230828195,162610.9435738465,0.337845186674809,156082.77082760204,0.32428206668037407,162624.20740657698,0.3378727439962682,0.0,0.0,0.0,0.0,0.9999999973514514
2024-05-09,0.0012747939463224611,485966.3068624262,163850.80585156404,0.33716495061034985,157831.69505873127,0.3247790902989749,164283.80467733697,0.3380559564674606,0.0,0.0,0.0,0.0,0.9999999973767854
2024-05-10,0.0012747939463224611,487310.0856055626,164374.02615401766,0.3373088942941864,158107.47708537857,0.3244494250286327,164828.58109137244,0.3382416780611998,0.0,0.0,0.0,0.0,0.999999997384019
2024-05-13,0.0012747939463224611,488968.8173545062,164726.63278868247,0.3368857623271596,158958.55658121308,0.32508935322549803,165283.6267098167,0.3380248818402356,0.0,0.0,0.0,0.0,0.9999999973928932
2024-05-14,0.0012747939463224611,491823.4354059571,165895.6668565016,0.33730736462277217,160043.98304417555,0.32540942851182614,165883.784230486,0.3372832042734269,0.0,0.0,0.0,0.0,0.9999999974080253
2024-05-15,0.0012747939463224611,498121.49945542787,168869.47832138438,0.33901262745334465,161965.623023164,0.3251528456415416,167286.39683608557,0.335834524345911,0.0,0.0,0.0,0.0,0.9999999974407973
2024-05-16,0.0012747939463224611,490379.06248690333,165837.2602299952,0.33818177185006604,158972.805394527,0.3241835093617455,165568.9955875872,0.3376347161885793,0.0,0.0,0.0,0.0,0.9999999974003908
2024-05-17,0.0012747939463224611,494381.71956970723,166986.1353863244,0.3377676171595976,160271.60326265532,0.3241859415881117,167123.97964593358,0.3380464386737287,0.0,0.0,0.0,0.0,0.999999997421438
2024-05-20,0.0012747939463224611,495467.72854929126,167955.42381239074,0.33898357881785196,160244.01733458755,0.3234196862907203,167268.28612751904,0.3375967323185176,0.0,0.0,0.0,0.0,0.9999999974270899
2024-05-21,0.0012747939463224611,497494.88591231656,168771.93539493493,0.3392435584246005,160893.17643161977,0.32340669419459556,167829.77281096796,0.33734974481837776,0.0,0.0,0.0,0.0,0.9999999974375738
2024-05-22,0.0012747939463224611,496175.69323053944,168126.18449013628,0.338844056216231,160447.38408688808,0.32336808569205544,167602.12337872115,0.33778785552247464,0.0,0.0,0.0,0.0,0.9999999974307611
2024-05-23,0.0012747939463224611,493089.6719135509,168206.6728673555,0.34112795795253587,158719.67253239462,0.3218880491178115,166163.32523900684,0.33698399034433396,0.0,0.0,0.0,0.0,0.9999999974146814
2024-05-24,0.0012747939463224611,496409.8562270275,169697.93023391863,0.3418504449603619,159982.17859831307,0.3222784088419611,166729.74612000186,0.33587114362965,0.0,0.0,0.0,0.0,0.999999997431973
2024-05-28,0.0012747939463224611,493631.6580290503,169977.03655375584,0.3443398205707314,158646.09414185464,0.3213855747730797,165008.5260586459,0.3342746020737088,0.0,0.0,0.0,0.0,0.9999999974175199
2024-05-29,0.0012747939463224611,490441.99077845557,169071.07097266277,0.3447320460964286,157332.13306025267,0.320796620229289,164038.78547074622,0.33447133107500676,0.0,0.0,0.0,0.0,0.9999999974007243
2024-05-30,0.0012747939463224611,492363.302453671,168511.92103099168,0.3422511795481505,159169.3530517764,0.32327623171459546,164682.027096109,0.33447258614812136,0.0,0.0,0.0,0.0,0.9999999974108673
2024-05-31,0.0012747939463224611,496177.2886417699,168881.53247750795,0.34036530156348416,161029.01777534696,0.324539275499985,166266.73711412106,0.33509542036730006,0.0,0.0,0.0,0.0,0.9999999974307693
2024-06-03,0.0012747939463224611,495583.1983898383,169278.82068204167,0.34157497920032925,160239.5959267215,0.3233354085597409,166064.78050628115,0.33508960966761914,0.0,0.0,0.0,0.0,0.9999999974276894
2024-06-04,0.0012747939463224611,492721.90872893337,168495.14911632222,0.3419680475564531,158529.6419698363,0.32174262836980927,165697.11636798095,0.3362893214864894,0.0,0.0,0.0,0.0,0.9999999974127517
2024-06-05,0.0012747939463224611,493247.29778228427,169592.33748288953,0.3438282140528752,158571.61090486348,0.32148500684712483,165083.3481197373,0.3346867765155074,0.0,0.0,0.0,0.0,0.9999999974155075
2024-06-06,0.0012747939463224611,495440.9248241005,170401.56619192893,0.34393922192121623,158979.6133898531,0.32088510541654713,166059.74396752453,0.33517567008918725,0.0,0.0,0.0,0.0,0.9999999974269507
2024-06-07,0.0012747939463224611,493885.5113831843,169966.10262827616,0.34414069396825625,158405.5386571059,0.32073331775510605,165513.8688230083,0.33512598569548496,0.0,0.0,0.0,0.0,0.9999999974188473
2024-06-10,0.0012747939463224611,499242.61980703735,171898.56679558393,0.3443186939088345,160241.30739564795,0.32096880562317165,167102.74434101154,0.3347124979145381,0.0,0.0,0.0,0.0,0.9999999974465442
2024-06-11,0.0012747939463224611,499761.884192064,172917.1821530343,0.34599914003561805,159660.56153324066,0.3194732663363366,167184.13923099512,0.3345275910772427,0.0,0.0,0.0,0.0,0.9999999974491973
2024-06-12,0.0012747939463224611,501154.75134316314,174153.86339301325,0.34750516267930637,159929.09996397,0.3191211886854074,167071.786711386,0.3333736460915731,0.0,0.0,0.0,0.0,0.9999999974562869
2024-06-13,0.0012747939463224611,500024.8126539962,174284.99808244524,0.34855269912984455,159012.51214842196,0.3180092429902161,166727.30114833513,0.3334380553304781,0.0,0.0,0.0,0.0,0.9999999974505387
2024-06-14,0.0012747939463224611,500377.7253298887,174925.56261649533,0.3495870294809197,158255.02137590098,0.31627111552890713,167197.14006269845,0.33414185244251,0.0,0.0,0.0,0.0,0.9999999974523368
2024-06-17,0.0012747939463224611,505401.3516331211,176784.7481296835,0.34979080993438727,159659.75226711127,0.31590685650364236,168956.84996153237,0.33430233103963053,0.0,0.0,0.0,0.0,0.9999999974776602
2024-06-18,0.0012747939463224611,507609.58096924884,177675.71338319,0.35002434950878847,160487.89175129723,0.3161640319019503,169445.97455996764,0.33381161607789417,0.0,0.0,0.0,0.0,0.999999997488633
2024-06-20,0.0012747939463224611,509004.4591641945,177175.13331288463,0.3480816918653586,161173.14730889304,0.3166438808287569,170656.1772676229,0.3352744248013998,0.0,0.0,0.0,0.0,0.9999999974955152
2024-06-21,0.0012747939463224611,512004.73958439706,177883.99750489608,0.34742646649968034,162433.75446844945,0.31725048990815924,171686.9863362576,0.3353230411023516,0.0,0.0,0.0,0.0,0.9999999975101912
2024-06-24,0.0012747939463224611,516364.6028979563,178280.0875314657,0.34526008663436075,164366.5448938906,0.31831489604714946,173717.9691978061,0.3364250148497033,0.0,0.0,0.0,0.0,0.9999999975312136
2024-06-25,0.0012747939463224611,514787.7886430031,178895.24665926353,0.34751260734221584,163205.39925735554,0.3170343253237808,172687.14145159008,0.33545306485765497,0.0,0.0,0.0,0.0,0.9999999975236515
2024-06-26,0.0012747939463224611,512941.91557317524,178510.8782662952,0.34801382543834875,162461.52585498668,0.31672499540897875,171969.51017709938,0.3352611766674127,0.0,0.0,0.0,0.0,0.9999999975147402
2024-06-27,0.0012747939463224611,516132.44072713616,179451.60150055043,0.34768518182607544,163333.18970459417,0.3164559652063095,173347.64824719762,0.3358588504977182,0.0,0.0,0.0,0.0,0.999999997530103
2024-06-28,0.0012747939463224611,516504.0119668006,178500.91087749053,0.3455944324571172,164769.92160515743,0.31900995498123713,173233.1782093587,0.33539561009352553,0.0,0.0,0.0,0.0,0.9999999975318798
2024-07-01,0.0037390194165709545,515897.72253181424,172063.98471610108,0.33352344311907733,171943.8104077841,0.333290501000769,171889.92366890967,0.33318604863255546,0.0,0.0,0.0,0.0,0.9999999927524018
2024-07-02,0.0037390194165709545,519885.33022389415,173754.69122823,0.3342173381837889,173058.85087374278,0.33287888850261105,173071.784382902,0.3329037661215922,0.0,0.0,0.0,0.0,0.9999999928079921
2024-07-03,0.0037390194165709545,520009.497519626,174506.1234484573,0.335582569704645,172749.1019865485,0.3322037439903272,172754.26834560078,0.33221367911473726,0.0,0.0,0.0,0.0,0.9999999928097094
2024-07-05,0.0037390194165709545,520733.7765286823,175563.25617533643,0.33714589697959857,172057.9608198534,0.3304144431859729,173112.55579447313,0.3324396526541389,0.0,0.0,0.0,0.0,0.9999999928197103
2024-07-08,0.0037390194165709545,519866.2170172027,174598.44918075477,0.33585265490520844,172804.7368571713,0.3324023204444021,172463.02724025724,0.3317450174581172,0.0,0.0,0.0,0.0,0.9999999928077277
2024-07-09,0.0037390194165709545,520803.4016521634,174897.02058896597,0.335821578803314,173556.9650911023,0.3332485243769938,172349.41223307577,0.3309298896403624,0.0,0.0,0.0,0.0,0.9999999928206702
2024-07-10,0.0037390194165709545,526854.5967073687,176799.20517458912,0.33557495043132146,175840.1408683934,0.3337545918120943,174215.24692536687,0.3306704506597128,0.0,0.0,0.0,0.0,0.9999999929031285
2024-07-11,0.0037390194165709545,527933.1152008567,175469.15640394078,0.3323700509621982,177229.28304806125,0.3357040464882239,175234.6720098353,0.33192589546720475,0.0,0.0,0.0,0.0,0.9999999929176268
2024-07-12,0.0037390194165709545,520915.57715327677,173031.63432716977,0.33216828583387914,175051.15697239136,0.33604515712319244,172832.78211469622,0.33178654986514455,0.0,0.0,0.0,0.0,0.9999999928222162
2024-07-15,0.0037390194165709545,522723.45860938635,173809.69148697183,0.3325079229261336,175716.35108728506,0.3361554722543875,173197.4122961101,0.33133659766652007,0.0,0.0,0.0,0.0,0.9999999928470411
2024-07-16,0.0037390194165709545,528250.8840640432,174712.30424310762,0.3307373627072362,178835.09567633006,0.3385419713839017,174703.48040558604,0.33072065883074914,0.0,0.0,0.0,0.0,0.9999999929218871
2024-07-17,0.0037390194165709545,526253.9453676924,172101.68528821482,0.32703162950724823,178874.56057750902,0.3399016048279311,175277.69576294918,0.333066758559849,0.0,0.0,0.0,0.0,0.9999999928950283
2024-07-18,0.0037390194165709545,514356.2735388649,168082.99263440218,0.3267832070521091,174897.48252124162,0.34003178636845444,171375.7946442017,0.33318499931011825,0.0,0.0,0.0,0.0,0.9999999927306819
2024-07-19,0.0037390194165709545,514546.74520379776,168391.5703274565,0.32726194830123984,174490.62683064042,0.33911520859301036,171664.54430668146,0.3336228358391226,0.0,0.0,0.0,0.0,0.9999999927333728
2024-07-22,0.0037390194165709545,519203.32177160785,170964.694194738,0.3292827434373457,175493.94997532075,0.3380062157085326,172744.6738625297,0.3327110336526666,0.0,0.0,0.0,0.0,0.9999999927985449
2024-07-23,0.0037390194165709545,514232.904088223,169797.34493879857,0.3301954106570896,173113.99405912944,0.3366451129106075,171321.5613512756,0.33315946916124073,0.0,0.0,0.0,0.0,0.9999999927289379
2024-07-24,0.0037390194165709545,505152.03157287114,164653.07783050576,0.3259475713040928,171019.50895822333,0.3385505714501967,169479.44104512263,0.33550184984393994,0.0,0.0,0.0,0.0,0.9999999925982296
2024-07-25,0.0037390194165709545,497778.64704439766,161442.73417389675,0.3243263549621433,168623.91045186992,0.33875279997060637,167711.9986796116,0.33692083755584057,0.0,0.0,0.0,0.0,0.9999999924885903
2024-07-26,0.0037390194165709545,503382.0613827871,163322.23154139586,0.3244498445032999,170736.25405385534,0.3391782646859604,169323.57204851654,0.33637188338294344,0.0,0.0,0.0,0.0,0.9999999925722037
2024-07-29,0.0037390194165709545,504643.274543338,163772.53904774704,0.32453130222719834,170843.97284168896,0.3385440398394077,170026.75891488258,0.3369246505241614,0.0,0.0,0.0,0.0,0.9999999925907674
2024-07-30,0.0037390194165709545,503795.6901355268,162781.4106699917,0.32310997068315855,170775.73899680018,0.3389781658331764,170238.53672971556,0.33791185606196716,0.0,0.0,0.0,0.0,0.9999999925783022
2024-07-31,0.0037390194165709545,504206.9000371337,164549.03583735475,0.3263522094307636,170180.6143301382,0.33752139115431534,169477.2461306214,0.3361263919992761,0.0,0.0,0.0,0.0,0.999999992584355
2024-08-01,0.0037390194165709545,489856.30559032713,159591.42364026906,0.32579232280769566,163940.25204016358,0.334670086246208,166324.6261708751,0.3395375833132062,0.0,0.0,0.0,0.0,0.9999999923671098
2024-08-02,0.0037390194165709545,479866.6679667005,156822.15720305298,0.32680360540052217,157703.5804376363,0.32864041402554733,165340.92658699182,0.3445559727821424,0.0,0.0,0.0,0.0,0.9999999922082119
2024-08-05,0.0037390194165709545,456101.2917689405,148562.78606941534,0.32572323023517497,149807.94647230083,0.32845323873406845,157730.555488205,0.3458235228329737,0.0,0.0,0.0,0.0,0.9999999918022171
2024-08-06,0.0037390194165709545,460261.2478927169,150373.75794903556,0.3267139230980542,150911.09701866767,0.3278813884714531,158976.38918599425,0.3454046803068034,0.0,0.0,0.0,0.0,0.9999999918763106
2024-08-07,0.0037390194165709545,454503.6835853329,148056.5732757939,0.3257543967693638,148661.31726275376,0.3270849558138788,157785.78930776584,0.34716063919015877,0.0,0.0,0.0,0.0,0.9999999917734014
2024-08-08,0.0037390194165709545,468113.3336464203,153331.254455557,0.3275515637659076,153391.47005498077,0.32768019842571255,161390.6053968631,0.34476822982095645,0.0,0.0,0.0,0.0,0.9999999920125766
2024-08-09,0.0037390194165709545,474483.4382186518,155897.53016082817,0.3285626380261293,155074.54234353357,0.32682814583735165,163511.36197527064,0.3446092082563295,0.0,0.0,0.0,0.0,0.9999999921198105
2024-08-12,0.0037390194165709545,471450.8544435209,155493.89586569963,0.32981994708491413,153364.8963673181,0.32530410099339635,162592.05847148373,0.34487594399081106,0.0,0.0,0.0,0.0,0.9999999920691216
2024-08-13,0.0037390194165709545,477100.5522388378,157745.22313997388,0.3306330759831236,155479.9323818335,0.32588503964673643,163875.39297801102,0.3434818765331769,0.0,0.0,0.0,0.0,0.9999999921630369
2024-08-14,0.0037390194165709545,478623.69470180315,158120.71875662426,0.33036542174356454,155590.1390415687,0.3250782206645787,164912.83316459082,0.3445563497798337,0.0,0.0,0.0,0.0,0.9999999921879769
2024-08-15,0.0037390194165709545,486111.95571307413,161251.3122908314,0.33171640893771687,158466.99464026839,0.3259886797225843,166393.64504295494,0.3422949036480152,0.0,0.0,0.0,0.0,0.9999999923083164
2024-08-16,0.0037390194165709545,494030.556513214,163501.11910175244,0.33095345408534305,161358.9448497455,0.32661733717159164,169170.4888226967,0.3424292011746683,0.0,0.0,0.0,0.0,0.999999992431603
2024-08-19,0.0037390194165709545,493647.7337427656,163302.23149692937,0.3308072140001444,161553.5483978172,0.32726484364253355,168791.95010899965,0.3419279347830558,0.0,0.0,0.0,0.0,0.9999999924257337
2024-08-20,0.0037390194165709545,488651.18631064857,161878.00263238113,0.3312751655318217,159284.30242749213,0.325967288916456,167488.8775117559,0.34275753790000785,0.0,0.0,0.0,0.0,0.9999999923482854
2024-08-21,0.0037390194165709545,487175.6627476312,161544.316455098,0.3315935684143193,158870.4103408798,0.3261049811989039,166760.932212634,0.3423014427118873,0.0,0.0,0.0,0.0,0.9999999923251105
2024-08-22,0.0037390194165709545,484016.80654164194,160042.38962199038,0.33065461252371053,157883.3910309722,0.3261940265237233,166091.02214965996,0.3431513532275877,0.0,0.0,0.0,0.0,0.9999999922750216
2024-08-23,0.0037390194165709545,492877.5575464461,162714.75195456992,0.33013219908929725,161880.15219587547,0.3284388784137747,168282.64965698132,0.34142891491082605,0.0,0.0,0.0,0.0,0.999999992413898
2024-08-26,0.0037390194165709545,485153.8382986719,160029.13655127754,0.3298523559299554,159248.05632438895,0.3282423919036423,165876.641683986,0.3419052444595286,0.0,0.0,0.0,0.0,0.9999999922931262
2024-08-27,0.0037390194165709545,487489.9940656038,161182.91377975218,0.3306384043608925,159504.2919073125,0.32719500676735375,166802.78463951973,0.3421665812018129,0.0,0.0,0.0,0.0,0.9999999923300592
2024-08-28,0.0037390194165709545,483831.7827087229,159350.95532246478,0.3293519793808119,158504.4434820584,0.3276023798905362,165976.38016518034,0.34304563300071933,0.0,0.0,0.0,0.0,0.9999999922720675
2024-08-29,0.0037390194165709545,486555.16386618605,159875.9995863294,0.3285876123807803,159622.1576265469,0.3280658997803725,167057.00291429035,0.34334648015416996,0.0,0.0,0.0,0.0,0.9999999923153228
2024-08-30,0.0037390194165709545,492536.77534495224,161618.25048496985,0.32813438219263763,162168.78691749726,0.32925213920101903,168749.73420346575,0.3426134710149927,0.0,0.0,0.0,0.0,0.9999999924086493
2024-09-03,0.0037390194165709545,491548.00023764826,160135.87587886397,0.32577871500126787,161483.04759849433,0.32851938675454334,169929.07302127057,0.3457018906375677,0.0,0.0,0.0,0.0,0.9999999923933789
2024-09-04,0.0037390194165709545,486290.80504737084,158431.95944056072,0.32579674095447364,159404.0374028575,0.32779570526185364,168454.8044649332,0.3464075460948179,0.0,0.0,0.0,0.0,0.9999999923111452
2024-09-05,0.0037390194165709545,476096.0781631932,155312.1476035434,0.3262201785041936,155887.05188343214,0.327427716869363,164896.87493719824,0.34635209677294576,0.0,0.0,0.0,0.0,0.9999999921465025
2024-09-06,0.0037390194165709545,470892.2327576275,153542.5446237472,0.32606726962680005,154001.05825373685,0.3270409820775332,163348.62614112406,0.34689174035537995,0.0,0.0,0.0,0.0,0.9999999920597131
2024-09-09,0.0037390194165709545,472586.5799905531,154269.93612838007,0.3264374035578071,154547.4632867327,0.32702465501627676,163769.17683642093,0.34653793351409734,0.0,0.0,0.0,0.0,0.9999999920881812
2024-09-10,0.0037390194165709545,474951.0538531118,155404.40371160966,0.3272008819664007,154599.77807631492,0.32550675869039764,164946.86832616784,0.3472923514707707,0.0,0.0,0.0,0.0,0.9999999921275691
2024-09-11,0.0037390194165709545,473575.4662292844,155987.212240338,0.3293819535930433,153891.00492226146,0.3249556108714344,163697.24532766553,0.3456624276402243,0.0,0.0,0.0,0.0,0.9999999921047021
2024-09-12,0.0037390194165709545,477806.2608300059,157513.83853400193,0.3296604742273192,155221.64672464353,0.32486314945937544,165070.77183234107,0.34547636848791735,0.0,0.0,0.0,0.0,0.999999992174612
2024-09-13,0.0037390194165709545,477657.0105298287,156983.4105833241,0.32865300230639194,155837.18460263713,0.32625331810744024,164836.41160484814,0.3450936717583347,0.0,0.0,0.0,0.0,0.9999999921721668
2024-09-16,0.0037390194165709545,478205.48183724727,156497.15025012274,0.32725921427932325,156835.92852793503,0.32796765090474783,164872.39932017008,0.34477312699707374,0.0,0.0,0.0,0.0,0.9999999921811449
2024-09-17,0.0037390194165709545,477498.6738280818,156479.48158561692,0.3277066307454409,157098.4815554704,0.32900296936119244,163920.7069479751,0.3432903920629379,0.0,0.0,0.0,0.0,0.9999999921695711
2024-09-18,0.0037390194165709545,479946.21920272335,157154.90114379328,0.32744273182286077,158259.39960503043,0.3297440281286675,164531.91471488023,0.3428132322579751,0.0,0.0,0.0,0.0,0.9999999922095034
2024-09-19,0.0037390194165709545,487369.8064477998,160261.03279207004,0.3288283982139442,160970.8163544125,0.3302847534352817,166137.95356229783,0.3408868406789418,0.0,0.0,0.0,0.0,0.9999999923281677
2024-09-20,0.0037390194165709545,486633.537429809,159907.35305418246,0.3285991218335361,160397.7073784281,0.32960676780638765,166328.47325817906,0.3417941026766367,0.0,0.0,0.0,0.0,0.9999999923165604
2024-09-23,0.0037390194165709545,492487.2658966381,161759.3509468026,0.32845387515207797,162385.62149614695,0.3297255233604923,168342.28971466917,0.3418205938953158,0.0,0.0,0.0,0.0,0.9999999924078862
2024-09-24,0.0037390194165709545,491298.73582737846,161402.29123811054,0.32852169050730157,162330.0778944392,0.3304101273964505,167566.3629558093,0.3410681744857675,0.0,0.0,0.0,0.0,0.9999999923895196
2024-09-25,0.0037390194165709545,486932.34940282156,160403.54707439727,0.329416493422788,160431.2185041792,0.3294733215013001,166097.5800852257,0.3411101773971874,0.0,0.0,0.0,0.0,0.9999999923212755
2024-09-26,0.0037390194165709545,495720.7522370956,163070.94196670165,0.3289572631986714,164053.41179894927,0.3309391649605281,168596.39473242534,0.34010356429820854,0.0,0.0,0.0,0.0,0.999999992457408
2024-09-27,0.0037390194165709545,497648.83033153217,163148.70135827677,0.3278390130035824,165241.33374340495,0.33204405129079007,169258.79149083103,0.34011692819225825,0.0,0.0,0.0,0.0,0.9999999924866309
2024-09-30,0.0037390194165709545,490710.76206926047,161118.20136567496,0.3283363924733614,162569.98154313464,0.3312949177181262,167022.57542143145,0.3403686821889131,0.0,0.0,0.0,0.0,0.9999999923804007
2024-10-01,0.0005486548748194764,491510.984289924,163440.85004381253,0.33252736005469385,163720.01116935906,0.333095325236489,164350.12252809748,0.3343773135925554,0.0,0.0,0.0,0.0,0.9999999988837384
2024-10-02,0.0005486548748194764,491432.61579265184,163745.71096678518,0.33320073943947126,163613.61814964167,0.3329319481283157,164073.28612757009,0.3338673113157733,0.0,0.0,0.0,0.0,0.9999999988835603
2024-10-03,0.0005486548748194764,500071.1850505833,166913.01090252472,0.33377850172599144,166406.33010620318,0.3327652843852037,166751.84349320055,0.3334562127916513,0.0,0.0,0.0,0.0,0.9999999989028464
2024-10-04,0.0005486548748194764,503790.7729893186,168003.66139530815,0.3334790361451701,167949.5735824833,0.33337167448686916,167837.53746287225,0.3331492882789077,0.0,0.0,0.0,0.0,0.9999999989109469
2024-10-07,0.0005486548748194764,506726.9605917471,168729.87862760905,0.33297987229763576,169744.90055397135,0.3349829666764645,168252.1808615118,0.3320371599431571,0.0,0.0,0.0,0.0,0.9999999989172573
2024-10-08,0.0005486548748194764,507731.0122810497,169658.69485363388,0.33415074271594997,169225.29624366525,0.3332971438624517,168847.0206350957,0.33255211234099685,0.0,0.0,0.0,0.0,0.9999999989193985
2024-10-09,0.0005486548748194764,512079.6068748496,170780.25287150528,0.33350332756610507,170968.97735664778,0.33387187277393765,170330.37609804166,0.33262479858853233,0.0,0.0,0.0,0.0,0.999999998928575
2024-10-10,0.0005486548748194764,513625.89571721485,171657.93115642623,0.33420809306494803,171010.78937843672,0.33294814534154543,170957.17463369702,0.3328437605253071,0.0,0.0,0.0,0.0,0.9999999989318006
2024-10-11,0.0005486548748194764,516117.40727960056,172243.91204796385,0.33373009632797124,172207.57862976423,0.3336596987446168,171665.9160532176,0.3326102038643692,0.0,0.0,0.0,0.0,0.9999999989369572
2024-10-14,0.0005486548748194764,522365.0787313295,174651.6248812583,0.3343478191640136,174177.33944727317,0.333439861390234,173536.11385414316,0.33221231839542403,0.0,0.0,0.0,0.0,0.9999999989496716
2024-10-15,0.0005486548748194764,519182.1382164359,172894.64922314082,0.333013477345526,173074.5125219122,0.3333599131828398,173212.97592272802,0.33362660841486663,0.0,0.0,0.0,0.0,0.9999999989432323
2024-10-16,0.0005486548748194764,520772.0925641496,173158.3464676268,0.332503121691946,174201.0678261127,0.3345053821305801,173412.6777217552,0.3329914951239326,0.0,0.0,0.0,0.0,0.9999999989464587
2024-10-17,0.0005486548748194764,522055.8184824449,173425.87456057657,0.33219795359183096,174380.9830569967,0.33402746772155856,174248.96031621678,0.3337745776356599,0.0,0.0,0.0,0.0,0.9999999989490495
2024-10-18,0.0005486548748194764,524603.8841940995,174809.60934044185,0.3332221026327049,174897.21263157087,0.33338909203893774,174897.06167343192,0.33338880428251144,0.0,0.0,0.0,0.0,0.9999999989541541
2024-10-21,0.0005486548748194764,519625.2496601666,173797.4974630964,0.3344669982391338,172301.59596619473,0.33158818990970795,173526.15568222062,0.3339448107952918,0.0,0.0,0.0,0.0,0.9999999989441335
2024-10-22,0.0005486548748194764,521393.49380288523,174397.78248795393,0.3344840021227531,172984.1210323852,0.3317726881681851,174011.5897338912,0.3337433086567761,0.0,0.0,0.0,0.0,0.9999999989477144
2024-10-23,0.0005486548748194764,521418.0615590562,173538.68276157937,0.3328206204493441,173612.21088410795,0.33296163612937,174267.167364714,0.3342177423690498,0.0,0.0,0.0,0.0,0.9999999989477639
2024-10-24,0.0005486548748194764,525916.2023656011,175284.6123069149,0.33329380520789187,175116.37578602158,0.3329739129510331,175515.21372400972,0.3337322807978387,0.0,0.0,0.0,0.0,0.9999999989567638
2024-10-25,0.0005486548748194764,520565.6472320689,174192.06769080926,0.3346207507487604,173076.6326883204,0.33247801426889506,173296.94630428436,0.3329012339283855,0.0,0.0,0.0,0.0,0.999999998946041
2024-10-28,0.0005486548748194764,526583.8793034995,175855.89815480122,0.3339560990499782,175808.50328869274,0.3338660946499742,174919.47731135075,0.33217780525813434,0.0,0.0,0.0,0.0,0.9999999989580866
2024-10-29,0.0005486548748194764,526466.7646394024,176566.7229397758,0.33538056872538424,174893.919198633,0.3322031530678383,175006.12195233878,0.33241627716463223,0.0,0.0,0.0,0.0,0.9999999989578547
2024-10-30,0.0005486548748194764,524479.3667727279,175766.19283378124,0.3351250858833991,174406.20724683872,0.33253206569404276,174306.96614345317,0.33234284737646397,0.0,0.0,0.0,0.0,0.9999999989539058
2024-10-31,0.0005486548748194764,518861.9466583522,172556.00906805592,0.3325663216957332,173328.0003741483,0.33405417662721215,172977.93666749314,0.33337950061963495,0.0,0.0,0.0,0.0,0.9999999989425803
2024-11-01,0.0005486548748194764,515759.90183583467,171827.4879367762,0.33315402636994557,172374.5770297521,0.3342147701211146,171557.83632065152,0.3326312024451603,0.0,0.0,0.0,0.0,0.9999999989362204
2024-11-04,0.0005486548748194764,516245.8415629587,171980.12542150373,0.33313609829926333,172418.62808459462,0.33398550497295837,171847.08750820547,0.332878395665,0.0,0.0,0.0,0.0,0.9999999989372217
2024-11-05,0.0005486548748194764,521612.8664369984,173717.6291986691,0.3330393868258829,174551.2630198367,0.3346375717534556,173343.9736698377,0.3323230403688184,0.0,0.0,0.0,0.0,0.9999999989481569
2024-11-06,0.0005486548748194764,530720.8897544519,176209.67192273727,0.33201947638477924,178856.5923500485,0.3370068821538189,175654.62493301128,0.3309736404276101,0.0,0.0,0.0,0.0,0.9999999989662084
2024-11-07,0.0005486548748194764,542972.1356786967,181261.24022809678,0.33383156946263254,182361.35986268736,0.335857676443639,179349.53503925772,0.3303107530832626,0.0,0.0,0.0,0.0,0.9999999989895341
2024-11-08,0.0005486548748194764,541424.4429166492,180352.54526260353,0.33310750488294505,181432.88087038227,0.33510286290918967,179639.01623500857,0.33178963119451094,0.0,0.0,0.0,0.0,0.9999999989866456
2024-11-11,0.0005486548748194764,541383.7937487325,179861.63462402995,0.3322257457664266,182456.20232133497,0.3370182196588188,179065.95625471274,0.3307560335613241,0.0,0.0,0.0,0.0,0.9999999989865695
2024-11-12,0.0005486548748194764,541038.50548165,180362.80233592415,0.33336407761839304,181320.30932495414,0.3351338351852368,179355.39327211695,0.33150208618229304,0.0,0.0,0.0,0.0,0.9999999989859228
2024-11-13,0.0005486548748194764,545191.4686926237,181299.28876048405,0.3325424170617382,183163.6877251907,0.3359621311837833,180728.4916582941,0.33149545074812603,0.0,0.0,0.0,0.0,0.9999999989936474
2024-11-14,0.0005486548748194764,543810.1790316277,181144.8788510715,0.33310314119834855,183001.95466106734,0.33651807508815323,179663.34497083403,0.3303787827045895,0.0,0.0,0.0,0.0,0.9999999989910913
2024-11-15,0.0005486548748194764,540840.4909753973,179368.95159512834,0.3316485259297788,182531.07434391673,0.33749520864224647,178940.46448769738,0.3308562644135262,0.0,0.0,0.0,0.0,0.9999999989855515
2024-11-18,0.0005486548748194764,536768.7351361661,177715.64482616732,0.33108419547029855,181515.92460305392,0.33816411560745513,177537.16515829007,0.3307516879001026,0.0,0.0,0.0,0.0,0.9999999989778562
2024-11-19,0.0005486548748194764,535795.9408498296,178076.2328359949,0.3323583089366951,180469.27284386713,0.3368246361807512,177250.43462131274,0.3308170538585541,0.0,0.0,0.0,0.0,0.9999999989760004
2024-11-20,0.0005486548748194764,538315.0986805995,178676.53045868446,0.3319181105947379,181107.6444581538,0.3364342648052142,178530.92321510645,0.3316476235808405,0.0,0.0,0.0,0.0,0.9999999989807924
2024-11-21,0.0005486548748194764,545896.5214572224,180522.71028065903,0.33069034731851676,184248.1575416208,0.33751480417898005,181125.6530862878,0.3317948474974505,0.0,0.0,0.0,0.0,0.9999999989949472
2024-11-22,0.0005486548748194764,545796.7211265585,179930.44745446846,0.3296656804443251,185029.31388492094,0.3390077417522936,180836.9592385143,0.3313265767981448,0.0,0.0,0.0,0.0,0.9999999989947634
2024-11-25,0.0005486548748194764,549363.8316637987,180830.5244783124,0.3291635052323168,186968.50826710652,0.34033639910522556,181564.79836972497,0.33050009466374836,0.0,0.0,0.0,0.0,0.9999999990012907
2024-11-26,0.0005486548748194764,550919.9763698851,181891.19680000126,0.33015901510509094,185854.20732779903,0.33735245643555567,183174.57169342999,0.3324885274634649,0.0,0.0,0.0,0.0,0.9999999990041116
2024-11-27,0.0005486548748194764,544832.3543786615,179985.1415455255,0.3303495838656359,183546.58201058325,0.33688634776454074,181300.63027389796,0.33276406736280756,0.0,0.0,0.0,0.0,0.9999999989929842
2024-11-29,0.0005486548748194764,540241.7510374134,178830.35655142256,0.33101913394886434,182076.40367911276,0.33702764240171323,179334.99025822317,0.3319532226338495,0.0,0.0,0.0,0.0,0.9999999989844273
2024-12-02,0.0005486548748194764,534978.3146085113,177981.2436987657,0.332688706885268,179909.24666615343,0.3362925968276082,177087.82369493737,0.33101869526155925,0.0,0.0,0.0,0.0,0.9999999989744354
2024-12-03,0.0005486548748194764,531933.7542597476,177556.36396997492,0.3337941285885624,178388.10962436176,0.33535775497573217,175989.28011675613,0.33084811540427106,0.0,0.0,0.0,0.0,0.9999999989685655
2024-12-04,0.0005486548748194764,532825.4724771945,178514.41353414865,0.3350335574314895,177688.7290429141,0.3334839233882899,176622.32935147692,0.3314825181505123,0.0,0.0,0.0,0.0,0.9999999989702917
2024-12-05,0.0005486548748194764,534125.0197255051,178852.47024396766,0.3348513243882165,177942.2217980492,0.3331471382664238,177330.32713483347,0.3320015363181567,0.0,0.0,0.0,0.0,0.999999998972797
2024-12-06,0.0005486548748194764,532496.034495058,178808.43751664212,0.3357929936251978,177422.02994443104,0.3331893919410543,176265.56648533006,0.33101761340340263,0.0,0.0,0.0,0.0,0.9999999989696546
2024-12-09,0.0005486548748194764,528447.352719383,177745.2604919979,0.3363537721919188,176187.7723200395,0.3334064811061681,174514.3193586908,0.33023974566367387,0.0,0.0,0.0,0.0,0.9999999989617607
2024-12-10,0.0005486548748194764,530634.9501272077,178971.84246200416,0.33727865535261053,176134.7868555749,0.33193212549107554,175528.32026097382,0.3307892181223549,0.0,0.0,0.0,0.0,0.999999998966041
2024-12-11,0.0005486548748194764,532033.941844056,180383.59711680724,0.339045280629256,176040.4088370194,0.3308819137118482,175609.9353415746,0.33007280462765565,0.0,0.0,0.0,0.0,0.9999999989687598
2024-12-12,0.0005486548748194764,531410.8867180244,179562.69123111738,0.33789802903755034,176228.2068120738,0.33162325277235705,175619.98812617836,0.3304787171576432,0.0,0.0,0.0,0.0,0.9999999989675507
2024-12-13,0.0005486548748194764,530795.4746627748,179206.23475462178,0.3376182415053089,176110.7893262943,0.33178653122124124,175478.450033204,0.33059522623980364,0.0,0.0,0.0,0.0,0.9999999989663536
2024-12-16,0.0005486548748194764,531901.2743600119,180174.30852846397,0.33873637310843296,175964.95864129442,0.3308225926945126,175762.00664159865,0.33044103316555684,0.0,0.0,0.0,0.0,0.9999999989685026
2024-12-17,0.0005486548748194764,531522.9186760851,180254.49523848118,0.3391283591071826,175562.12855169756,0.3303002041548593,175706.29433725154,0.3305714357057265,0.0,0.0,0.0,0.0,0.9999999989677683
2024-12-18,0.0005486548748194764,516530.98011328914,174962.49919842812,0.338726051165516,170164.80861721246,0.3294377591444578,171403.67174899366,0.33183618862783454,0.0,0.0,0.0,0.0,0.9999999989378083
2024-12-19,0.0005486548748194764,519007.2080272029,176008.89128071629,0.3391261018315011,170287.83438724562,0.32810302391468954,172710.48181058615,0.3327708731966856,0.0,0.0,0.0,0.0,0.9999999989428762
2024-12-20,0.0005486548748194764,535054.7854525647,181125.93581470265,0.3385184858434658,176211.9487519035,0.3293344037711173,177716.90033730373,0.33214710935999886,0.0,0.0,0.0,0.0,0.999999998974582
2024-12-23,0.0005486548748194764,533300.4651968924,181212.61862253837,0.3397946006959424,175682.58002114124,0.32942513927168604,176405.26600455793,0.3307802590035803,0.0,0.0,0.0,0.0,0.9999999989712088
2024-12-24,0.0005486548748194764,539467.2073653699,183302.8887279726,0.33978504388279784,177739.39859046228,0.32947210908054897,178424.91949828016,0.3307428460196222,0.0,0.0,0.0,0.0,0.9999999989829691
2024-12-26,0.0005486548748194764,540096.1745999506,183376.2704872792,0.33952521626931736,178252.09775237672,0.3300376972386596,178467.8058116398,0.33043708547617645,0.0,0.0,0.0,0.0,0.9999999989841535
2024-12-27,0.0005486548748194764,538502.3219829204,182346.47454555958,0.3386178055353734,177864.40334012636,0.33029458941825635,178291.44354857964,0.3310876040275171,0.0,0.0,0.0,0.0,0.9999999989811468
2024-12-30,0.0005486548748194764,533022.0137265271,180529.7726744456,0.3386910259340028,175949.900692839,0.3300987504488174,176542.33981058767,0.3312102225878511,0.0,0.0,0.0,0.0,0.9999999989706714
2024-12-31,0.0005486548748194764,530225.2758311646,179023.12223984906,0.33763596418374814,175503.12127451433,0.3309972746949891,175699.03176814635,0.33136676008650484,0.0,0.0,0.0,0.0,0.999999998965242
2025-01-02,0.0005566315448959358,531677.9358479894,177011.2820751366,0.3329295239472669,177303.78591107103,0.33347967624100067,177362.8673051502,0.33359079876479875,0.0,0.0,0.0,0.0,0.9999999989530662
2025-01-03,0.0005566315448959358,534777.7105120146,178291.09583918902,0.33339290762228474,178647.00031371234,0.33405842614994097,177839.61380248162,0.3325486651869089,0.0,0.0,0.0,0.0,0.9999999989591346
2025-01-06,0.0005566315448959358,535856.8192708144,179122.52691973047,0.33427311266371046,179738.93791800804,0.3354234404679108,176995.35387644437,0.33030344582960963,0.0,0.0,0.0,0.0,0.9999999989612307
2025-01-07,0.0005566315448959358,534534.4387129507,178064.9027763078,0.3331214789547547,179499.8717728542,0.335806000086829,176969.66360715713,0.33107251991707737,0.0,0.0,0.0,0.0,0.9999999989586609
2025-01-08,0.0005566315448959358,537152.8702603579,178971.36583770858,0.3331851615182866,179554.8665664913,0.3342714458166464,178626.63729952634,0.33254339162880403,0.0,0.0,0.0,0.0,0.999999998963737
2025-01-10,0.0005566315448959358,528822.7798300659,176122.1601248922,0.3330457136916228,176932.34122030027,0.3345777602038181,175768.27792824182,0.33237652505197285,0.0,0.0,0.0,0.0,0.9999999989474138
2025-01-13,0.0005566315448959358,530843.7173405676,176242.0138034457,0.3320035785416973,178031.20018872822,0.335374036412511,176570.50279176212,0.3326223839972127,0.0,0.0,0.0,0.0,0.999999998951421
2025-01-14,0.0005566315448959358,531758.1003852489,175648.31046716147,0.3303161914033985,179186.0393125945,0.33696908271407155,176923.75004886134,0.332714724835754,0.0,0.0,0.0,0.0,0.999999998953224
2025-01-15,0.0005566315448959358,540509.1157839765,179220.39682260808,0.33157701061648054,182511.18481953407,0.3376653223596653,178777.5335852028,0.33075766599402595,0.0,0.0,0.0,0.0,0.9999999989701717
2025-01-16,0.0005566315448959358,536140.1986157206,177204.7159632551,0.33051936120586783,181137.9406538146,0.3378555480851857,177797.54144201934,0.3316250896707263,0.0,0.0,0.0,0.0,0.9999999989617798
2025-01-17,0.0005566315448959358,536102.3227137603,177382.86123024666,0.3308750097039893,181669.0045825209,0.3388700195569176,177050.4563443612,0.33025496970079965,0.0,0.0,0.0,0.0,0.9999999989617064
2025-01-21,0.0005566315448959358,540881.432398814,178683.1597322633,0.33035550682485415,183595.99199537505,0.3394385183109821,178602.28011454406,0.3302059738350443,0.0,0.0,0.0,0.0,0.9999999989708805
2025-01-22,0.0005566315448959358,543615.8931130186,180842.66718056548,0.3326662621009279,183685.50354269327,0.3378957566726342,179087.72183312825,0.329437980202495,0.0,0.0,0.0,0.0,0.9999999989760572
2025-01-23,0.0005566315448959358,548635.6786195325,182495.67723720847,0.33263545254001875,185671.48448908143,0.33842400653975835,180468.51633661095,0.32894053990564864,0.0,0.0,0.0,0.0,0.9999999989854258
2025-01-24,0.0005566315448959358,546613.77804958,181659.94753752407,0.3323369348385631,184833.86958355785,0.33814345156662456,180119.9603718665,0.3295196125764852,0.0,0.0,0.0,0.0,0.9999999989816729
2025-01-27,0.0005566315448959358,545180.8220572715,179656.39742287734,0.3295354314646166,183982.15377071538,0.3374699665267902,181542.27030704715,0.3329946009875895,0.0,0.0,0.0,0.0,0.9999999989789964
2025-01-28,0.0005566315448959358,541099.1200848927,179828.67289057383,0.33233961434341386,181212.34710981985,0.33489676915643396,180058.09952786742,0.3327636154714467,0.0,0.0,0.0,0.0,0.9999999989712945
2025-01-29,0.0005566315448959358,542748.1996201136,180032.77091164226,0.3317058832026579,182138.54841756044,0.3355857256551839,180576.87973427924,0.33270839011657827,0.0,0.0,0.0,0.0,0.9999999989744202
2025-01-30,0.0005566315448959358,546668.7358752594,181259.27524008244,0.3315705899110403,183552.19166552817,0.3357649333497127,181857.26841301718,0.3326644757210223,0.0,0.0,0.0,0.0,0.9999999989817753
2025-01-31,0.0005566315448959358,538955.0275694353,178545.26768560254,0.33128045672159534,180689.57652400288,0.33525909821988636,179720.18280319832,0.33346044402572045,0.0,0.0,0.0,0.0,0.9999999989672022
2025-02-03,0.0005566315448959358,542233.9381954834,179128.54675261973,0.33035288670559243,181081.010509355,0.3339536641914741,182024.38037687715,0.3356934480763811,0.0,0.0,0.0,0.0,0.9999999989734475
2025-02-04,0.0005566315448959358,543264.6604914111,179873.213979399,0.3310968429580793,181526.96013710622,0.3341409322905444,181864.48581827432,0.3347622237267715,0.0,0.0,0.0,0.0,0.9999999989753952
2025-02-05,0.0005566315448959358,543025.4627080384,179327.17308074087,0.3302371350810071,181668.31822456076,0.3345484340984505,182029.97084610513,0.33521442979548616,0.0,0.0,0.0,0.0,0.9999999989749438
2025-02-06,0.0005566315448959358,536985.4945919971,177781.98980420906,0.3310741008735967,178957.54332967158,0.3332632727177183,180245.96090148482,0.335662625372099,0.0,0.0,0.0,0.0,0.9999999989634141
2025-02-07,0.0005566315448959358,528890.9625275639,174750.5830197964,0.33040947076249017,176349.63795968317,0.3334328821141323,177790.7409914528,0.3361576460709271,0.0,0.0,0.0,0.0,0.9999999989475494
2025-02-10,0.0005566315448959358,533940.5308069491,176791.07581007876,0.3311063041850238,177839.69364614857,0.3330702267111617,179309.76079409022,0.3358234680613172,0.0,0.0,0.0,0.0,0.9999999989575027
2025-02-11,0.0005566315448959358,534824.4336738033,176852.83966519692,0.33067457006472867,178514.28844176413,0.3337811012401173,179457.30501021064,0.3355443276543795,0.0,0.0,0.0,0.0,0.9999999989592255
2025-02-12,0.0005566315448959358,537105.6881225354,177444.7075766905,0.3303720506050724,179781.03315051575,0.3347218938956768,179879.94683869748,0.3349060544628968,0.0,0.0,0.0,0.0,0.9999999989636461
2025-02-13,0.0005566315448959358,548414.5890201513,181106.69481084333,0.33023682891883943,183999.0447776556,0.3355108497503786,183308.84887502078,0.3342523203157988,0.0,0.0,0.0,0.0,0.9999999989850168
2025-02-14,0.0005566315448959358,541990.001887503,178953.25724204566,0.3301781520301729,182668.31087249867,0.3370326209641296,180368.433216327,0.3327892259786829,0.0,0.0,0.0,0.0,0.9999999989729855
2025-02-18,0.0005566315448959358,539726.7058854458,177595.82347543247,0.329047685687664,183180.54396653353,0.3393949974478614,178950.3378868482,0.3315573158331533,0.0,0.0,0.0,0.0,0.9999999989686787
2025-02-19,0.0005566315448959358,543349.8665956006,178771.7561570375,0.3290177602824224,183915.35884342197,0.33848422563487035,180662.75103850948,0.332498013058263,0.0,0.0,0.0,0.0,0.9999999989755558
2025-02-20,0.0005566315448959358,539991.2843742373,177447.8114274004,0.32861236201809024,182764.52597392883,0.3384582886105716,179778.94641627648,0.3329293483405223,0.0,0.0,0.0,0.0,0.9999999989691841
2025-02-21,0.0005566315448959358,526553.1925812935,172394.80227298712,0.3274024442390432,177803.3595861928,0.3376740699539906,176355.03016548196,0.3349234847498429,0.0,0.0,0.0,0.0,0.9999999989428768
2025-02-24,0.0005566315448959358,526468.8023696144,171823.03875748074,0.3263688902060527,177443.922436052,0.3370454652533716,177201.84061945006,0.3365856434832831,0.0,0.0,0.0,0.0,0.9999999989427073
2025-02-25,0.0005566315448959358,528666.9919166886,172191.74478824163,0.3257092790377518,177643.09267313755,0.3360207756287003,178832.15389867788,0.33826994428065144,0.0,0.0,0.0,0.0,0.9999999989471036
2025-02-26,0.0005566315448959358,524043.18182016024,171015.46747163244,0.32633850301733547,176457.13788661838,0.3367225144953312,176570.5759052779,0.33693898142514694,0.0,0.0,0.0,0.0,0.9999999989378137
2025-02-27,0.0005566315448959358,518972.0262275231,168294.83395803743,0.32428498156518193,174523.0257966214,0.3362859980435796,176154.16591623274,0.33942901931867286,0.0,0.0,0.0,0.0,0.9999999989274344
2025-02-28,0.0005566315448959358,529810.9565286163,172115.33658945464,0.32486179167976176,177754.54937245042,0.33550561229824155,179941.07001007957,0.3396325949713736,0.0,0.0,0.0,0.0,0.999999998949377
2025-03-03,0.0005566315448959358,527312.2354384913,170632.97002355027,0.3235900071267242,176114.59159467203,0.33398540704867646,180564.6732636374,0.3424245847689978,0.0,0.0,0.0,0.0,0.9999999989443985
2025-03-04,0.0005566315448959358,514580.96772085415,167237.85724740077,0.3249981397254526,170598.34865452614,0.33152867936435415,176744.76126229574,0.3434731798284752,0.0,0.0,0.0,0.0,0.999999998918282
2025-03-05,0.0005566315448959358,520305.5142382087,169580.2419828568,0.32592436048105916,172711.71852381082,0.3319428946984774,178013.55317490958,0.34213274375064684,0.0,0.0,0.0,0.0,0.9999999989301833
2025-03-06,0.0005566315448959358,512076.76858663984,165803.44258574618,0.323786300720833,170482.51505363637,0.33292374407879805,175790.8103906258,0.34328995411336105,0.0,0.0,0.0,0.0,0.999999998912992
2025-03-07,0.0005566315448959358,513452.2932021332,165494.6646289513,0.32231750996153447,171709.34899652522,0.33442123303347987,176248.2790200252,0.3432612559208898,0.0,0.0,0.0,0.0,0.9999999989159041
2025-03-10,0.0005566315448959358,504199.7251527034,161251.65198289088,0.31981701682612723,168549.19293211668,0.3342905291768443,174398.8796810643,0.34589245289303827,0.0,0.0,0.0,0.0,0.9999999988960099
2025-03-11,0.0005566315448959358,495022.4739439337,158683.36080573653,0.32055789213260855,165002.0957170726,0.3333224336310855,171337.01686449305,0.3461196731118488,0.0,0.0,0.0,0.0,0.9999999988755429
2025-03-12,0.0005566315448959358,496906.5961262753,160069.96804804305,0.3221329104823668,165699.22060012032,0.3334615034130325,171137.40692148043,0.3444055849844072,0.0,0.0,0.0,0.0,0.9999999988798065
2025-03-13,0.0005566315448959358,494406.7704696424,157562.13403701407,0.318689272574775,165790.6089521582,0.33533240006942433,171054.0269238386,0.3459783262299432,0.0,0.0,0.0,0.0,0.9999999988741426
2025-03-14,0.0005566315448959358,501201.8207252238,160221.83140497017,0.3196752780609098,168355.0337339542,0.3359026778680683,172624.9550296679,0.3444220429604283,0.0,0.0,0.0,0.0,0.9999999988894064
2025-03-17,0.0005566315448959358,509940.63743417425,162539.75427921285,0.3187425012782871,171643.8331777502,0.336595714437265,175757.04942057966,0.34466178319288643,0.0,0.0,0.0,0.0,0.9999999989084386
2025-03-18,0.0005566315448959358,509737.90698131284,161739.35358976375,0.31729904991290586,172239.9004356791,0.33789894390175984,175758.65239923843,0.3448020050933387,0.0,0.0,0.0,0.0,0.9999999989080044
2025-03-19,0.0005566315448959358,513297.2367515917,163351.75704622507,0.3182400865432255,173301.98250550986,0.3376250057418071,176643.49664322525,0.34413490663054397,0.0,0.0,0.0,0.0,0.9999999989155766
2025-03-20,0.0005566315448959358,507932.9390262925,161689.00863847873,0.31832747241877357,171342.27420445683,0.337332472536473,174901.6556267254,0.3443400539488774,0.0,0.0,0.0,0.0,0.9999999989041239
2025-03-21,0.0005566315448959358,506785.6345943369,161493.8551645244,0.3186630483198172,170492.23670034247,0.3364188427259095,174799.5421728385,0.3449181078559163,0.0,0.0,0.0,0.0,0.999999998901643
2025-03-24,0.0005566315448959358,516957.6533774881,165484.1150431365,0.32011154871576725,174221.19132544432,0.33701250032219976,177252.34645227576,0.34287594988528813,0.0,0.0,0.0,0.0,0.9999999989232551
2025-03-25,0.0005566315448959358,520494.10437445896,166954.7838960226,0.32076210372579045,175352.50423726864,0.33689623525709494,178186.81568453615,0.3423416599476855,0.0,0.0,0.0,0.0,0.9999999989305709
2025-03-26,0.0005566315448959358,516266.68189650535,164636.8124837092,0.3188987751038203,173863.3723378365,0.3367704685089294,177766.49651832812,0.3443307553090643,0.0,0.0,0.0,0.0,0.9999999989218139
2025-03-27,0.0005566315448959358,517293.20043541235,164934.71045748875,0.31884182958264495,173339.91295483694,0.3350902598544394,179018.57646645512,0.3460679094868691,0.0,0.0,0.0,0.0,0.9999999989239535
2025-03-28,0.0005566315448959358,511347.39984728565,162039.05974031065,0.3168864450835259,171246.46523671344,0.3348926097753824,178061.87431363,0.34822094405253323,0.0,0.0,0.0,0.0,0.9999999989114415
2025-03-31,0.0005566315448959358,511458.89384544094,161930.71748588316,0.3166055365044007,171166.1845692635,0.3346626417664538,178361.99123366273,0.34873182064082436,0.0,0.0,0.0,0.0,0.9999999989116788
2025-04-01,0.004311560214773635,512515.9919631139,171322.26343820032,0.3342769125739407,170649.9221372448,0.332965068043236,170543.80207610858,0.33275801097028546,0.0,0.0,0.0,0.0,0.9999999915874621
2025-04-02,0.004311560214773635,514523.20535564685,172143.0506966919,0.3345680989795277,171638.29306916698,0.3335870788384127,170741.85727822778,0.33184481380234,0.0,0.0,0.0,0.0,0.9999999916202804
2025-04-03,0.004311560214773635,489964.9471591057,162399.48224276822,0.3314512256119262,160979.1801075116,0.328552442457148,166586.28049726566,0.33999632313119393,0.0,0.0,0.0,0.0,0.9999999912002681
2025-04-04,0.004311560214773635,456467.1013744495,151699.59821780608,0.3323341326483981,149770.54990408052,0.32810809246298916,154996.94894100272,0.33955776544311234,0.0,0.0,0.0,0.0,0.9999999905544996
2025-04-07,0.004311560214773635,450793.26646609016,149998.47444922608,0.3327433784118187,148393.77833867416,0.32918366217397066,152401.00936662973,0.33807294984982594,0.0,0.0,0.0,0.0,0.9999999904356154
2025-04-08,0.004311560214773635,451394.6549976915,150288.78481026602,0.3329432086674456,147655.1489670051,0.3271087668677872,153450.7169088602,0.3399480149131251,0.0,0.0,0.0,0.0,0.9999999904483579
2025-04-09,0.004311560214773635,477562.619679924,161185.31069619532,0.3375165979368869,157073.83702275588,0.3289073108947078,159303.46764941257,0.3335760821401438,0.0,0.0,0.0,0.0,0.9999999909717385
2025-04-10,0.004311560214773635,469922.9445606541,158034.89045605206,0.33629958333659127,153108.87384903614,0.32581697833925194,158779.17594400575,0.3378834291491203,0.0,0.0,0.0,0.0,0.9999999908249635
2025-04-11,0.004311560214773635,465152.2171576198,156756.73088331366,0.3370009323855284,151173.95839005653,0.3249988988848145,157221.5235726894,0.33800015946051887,0.0,0.0,0.0,0.0,0.9999999907308618
2025-04-14,0.004311560214773635,470176.41241815535,158043.31174601716,0.33613619818397017,152993.5971691714,0.3253961558435332,159139.4991914066,0.33846763680240627,0.0,0.0,0.0,0.0,0.9999999908299096
2025-04-15,0.004311560214773635,467624.7492595649,157129.1153115961,0.3360153960208344,152334.81839157178,0.3257629512398095,158160.81124483686,0.33822164351922784,0.0,0.0,0.0,0.0,0.9999999907798717
2025-04-16,0.004311560214773635,460223.92278436513,153808.65496631846,0.3342039545353762,150073.8393874016,0.3260887406275004,156341.42411908493,0.339707295468727,0.0,0.0,0.0,0.0,0.9999999906316035
2025-04-17,0.004311560214773635,457805.6756207539,152860.34292065247,0.3338978764590108,149609.7945142204,0.32679759662516095,155335.53387432086,0.3393045174979455,0.0,0.0,0.0,0.0,0.9999999905821172
2025-04-21,0.004311560214773635,448642.3887919126,149479.88201919463,0.3331826990795686,147001.30325724577,0.3276580789726209,152161.19920391202,0.33915921233757246,0.0,0.0,0.0,0.0,0.9999999903897618
2025-04-22,0.004311560214773635,455286.8359163885,152046.87429104262,0.33395842422064975,149072.90710819906,0.32742635048551166,154167.05020558662,0.33861521582385207,0.0,0.0,0.0,0.0,0.9999999905300135
2025-04-23,0.004311560214773635,465767.42815490416,155811.34148506136,0.3345260575697489,153216.38293292787,0.32895469642409475,156739.69942535472,0.3365192367492612,0.0,0.0,0.0,0.0,0.999999990743105
2025-04-24,0.004311560214773635,473866.6597191582,159405.5436256232,0.336393245560041,156193.61205542012,0.32961511187132225,158267.49972655473,0.3339916334699587,0.0,0.0,0.0,0.0,0.999999990901322
2025-04-25,0.004311560214773635,472597.7692670702,159890.12682469952,0.3383217975672328,154993.97222693643,0.3279617093142639,157713.66590387412,0.33371648399539605,0.0,0.0,0.0,0.0,0.9999999908768926
2025-04-28,0.004311560214773635,477378.9469298831,161110.6362246361,0.33749003231242175,156898.28910134386,0.328666125957978,159370.01729234296,0.3338438326978652,0.0,0.0,0.0,0.0,0.9999999909682649
2025-04-29,0.004311560214773635,474515.821232131,160206.01476215242,0.3376199645907704,155555.29269604923,0.32781898039170393,158754.50946236914,0.334561045931295,0.0,0.0,0.0,0.0,0.9999999909137693
2025-04-30,0.004311560214773635,476810.03230143053,160798.0650065033,0.33723716808217186,155946.16162838993,0.32706141033920955,160065.8013549771,0.33570141253610714,0.0,0.0,0.0,0.0,0.9999999909574885
2025-05-01,0.004311560214773635,478300.22927952535,161638.53603859866,0.33794367249641194,156892.35312786576,0.3280206521418489,159769.3358015007,0.33403566634740056,0.0,0.0,0.0,0.0,0.9999999909856615
2025-05-02,0.004311560214773635,493635.5903996123,167180.30063753846,0.3386714894325208,162334.5920564353,0.3288551214976634,164120.6933940784,0.33247338033551826,0.0,0.0,0.0,0.0,0.9999999912657024
2025-05-05,0.004311560214773635,489520.5906002796,165673.54884110717,0.3384404088864746,160796.76984917474,0.32847805166274224,163050.26759843755,0.33308153064306345,0.0,0.0,0.0,0.0,0.9999999911922802
2025-05-06,0.004311560214773635,483063.3903006879,162961.80153211716,0.3373507593499889,158843.3429397673,0.3288250489048519,161258.2415172433,0.3338241828197049,0.0,0.0,0.0,0.0,0.9999999910745457
2025-05-07,0.004311560214773635,483368.56521120376,163156.64810792118,0.33754087429461055,158831.3899577499,0.32859271659163414,161380.5228339725,0.3338664001939362,0.0,0.0,0.0,0.0,0.9999999910801809
2025-05-08,0.004311560214773635,487521.53719309665,164563.8735163682,0.33755200737149804,161394.2306226508,0.33105046302544383,161563.42874251746,0.3313975207592228,0.0,0.0,0.0,0.0,0.9999999911561647
2025-05-09,0.004311560214773635,493959.9967672761,166507.1492808311,0.337086303284756,163934.7674441848,0.33187863089532915,163518.07573070002,0.3310350570913535,0.0,0.0,0.0,0.0,0.9999999912714386
2025-05-12,0.004311560214773635,504462.9815512041,171548.3736665781,0.34006137207347403,168365.47668316716,0.3337518962550034,164549.12688989865,0.3261867231246909,0.0,0.0,0.0,0.0,0.9999999914531683
2025-05-13,0.004311560214773635,512582.35811340844,174794.01505551013,0.3410066934391782,171646.0650606619,0.3348653388938629,166142.27368567625,0.3241279592555103,0.0,0.0,0.0,0.0,0.9999999915885514
2025-05-14,0.004311560214773635,507278.85390731797,173941.28048611092,0.3428908560771404,169290.720526565,0.33372319627085256,164046.84858308188,0.3233859391526183,0.0,0.0,0.0,0.0,0.9999999915006113
2025-05-15,0.004311560214773635,510536.66482714505,174089.97684312167,0.34099407317212793,170524.0336754823,0.3340093776285734,165922.64999698088,0.3249965407541457,0.0,0.0,0.0,0.0,0.9999999915548471
2025-05-16,0.004311560214773635,510813.2086758908,174034.45489248986,0.3407007726828656,170454.0873974961,0.33369162054235096,166324.66207434464,0.32560759833420255,0.0,0.0,0.0,0.0,0.9999999915594191
2025-05-19,0.004311560214773635,510839.5461970514,174171.74835680876,0.3409519675080592,169961.15024838728,0.3327094613439078,166706.6432802952,0.32633856270788736,0.0,0.0,0.0,0.0,0.9999999915598543
2025-05-20,0.004311560214773635,508443.0283574186,173097.8419796389,0.3404468786578717,169273.47670922583,0.3329251602801645,166071.7053569937,0.32662795258203603,0.0,0.0,0.0,0.0,0.9999999915200721
2025-05-21,0.004311560214773635,497762.98292614135,169590.61278583648,0.34070555385393236,165017.22173068277,0.33151766481431627,163155.1440980619,0.32777677266987737,0.0,0.0,0.0,0.0,0.9999999913381261
2025-05-22,0.004311560214773635,493931.4497451772,168629.58576806227,0.3414028117769369,163563.32158396026,0.3311457929401818,161738.53808159445,0.3274513865538154,0.0,0.0,0.0,0.0,0.9999999912709341
2025-05-23,0.004311560214773635,491565.4472903438,167013.17975328476,0.339757769131072,162942.6333245966,0.33147698688503285,161609.6299009023,0.3287652352128146,0.0,0.0,0.0,0.0,0.9999999912289194
2025-05-27,0.004311560214773635,495148.04637717834,169014.34938756312,0.341341040571968,164262.8937140174,0.33174501023657554,161870.79896403762,0.32691394048383815,0.0,0.0,0.0,0.0,0.9999999912923817
2025-05-28,0.004311560214773635,496719.0686318838,169672.89273214762,0.3415872340062938,164675.09836387765,0.3315256223551941,162371.07322429834,0.3268871349584342,0.0,0.0,0.0,0.0,0.9999999913199221
2025-05-29,0.004311560214773635,503210.8962756224,171947.7100754843,0.34170108665791654,166613.57972308318,0.3311008981646223,164649.60216549475,0.3271980066093633,0.0,0.0,0.0,0.0,0.9999999914319022
2025-05-30,0.004311560214773635,497647.2034773481,169847.20603305195,0.3413004330100351,164374.14164196592,0.33030255267866265,163425.85149077,0.3283970056474131,0.0,0.0,0.0,0.0,0.9999999913361108
2025-06-02,0.004311560214773635,498917.12814249756,170647.7692202192,0.34203630141052177,164522.87989237552,0.32975993529207026,163746.47471834265,0.3282037546555716,0.0,0.0,0.0,0.0,0.9999999913581636
2025-06-03,0.004311560214773635,497239.73137251945,170085.4080299425,0.34205916643157147,164942.44117408237,0.33171613362189606,162211.87785693438,0.3262246912755436,0.0,0.0,0.0,0.0,0.9999999913290111
2025-06-04,0.004311560214773635,501633.5835119321,172382.05034658764,0.3436413669510372,166161.88232240218,0.33124154319793414,163089.6465313821,0.32511708125598965,0.0,0.0,0.0,0.0,0.9999999914049611
2025-06-05,0.004311560214773635,496884.80034079566,170610.16474651592,0.34335959689147355,164732.835418888,0.331531242867368,161541.7958638316,0.3251091515639758,0.0,0.0,0.0,0.0,0.9999999913228174
2025-06-06,0.004311560214773635,503956.8033462257,172765.92179112276,0.3428189095652114,167615.64989199713,0.33259924021075815,163575.22735154562,0.3245818416686143,0.0,0.0,0.0,0.0,0.9999999914445838
2025-06-09,0.004311560214773635,507067.14962886565,173511.70878769693,0.34218684628790136,169761.3114721139,0.33479059252086474,163794.1250574946,0.3230225526882965,0.0,0.0,0.0,0.0,0.9999999914970626
2025-06-10,0.004311560214773635,510242.0130547455,174690.3361239214,0.34236760528219834,171700.0711785696,0.3365071216904033,163851.60144069433,0.3211252645773686,0.0,0.0,0.0,0.0,0.9999999915499702
2025-06-11,0.004311560214773635,509470.4613890813,174490.06245045693,0.3424929915950501,171125.50015706083,0.3358889535822818,163854.89447000338,0.3216180463598415,0.0,0.0,0.0,0.0,0.9999999915371733
2025-06-12,0.004311560214773635,509438.58337019174,174321.53228343118,0.3421836075512907,170683.4077371804,0.3350421685927753,164433.63903801996,0.3227742153925778,0.0,0.0,0.0,0.0,0.9999999915366438
2025-06-13,0.004311560214773635,499727.6295100028,170321.67479904208,0.34082901312870645,167515.30865370168,0.3352132216862918,161890.64174569887,0.3239577565571815,0.0,0.0,0.0,0.0,0.9999999913721797
2025-06-16,0.004311560214773635,506566.92312553077,172947.46603655984,0.34141089388440443,170635.59550738594,0.33684709308408844,162983.8572700248,0.3217420045201733,0.0,0.0,0.0,0.0,0.9999999914886661
2025-06-17,0.004311560214773635,504400.4742209213,172048.7727967784,0.34109558097168463,169740.73398220548,0.3365197747769386,162610.9631303772,0.32238463570348586,0.0,0.0,0.0,0.0,0.9999999914521092
2025-06-18,0.004311560214773635,505439.287319778,171641.7472757264,0.3395892475749184,171062.56596069344,0.33844335066986336,162734.96977179797,0.32196739322489565,0.0,0.0,0.0,0.0,0.9999999914696773
2025-06-20,0.004311560214773635,504483.41175928706,170542.48320720534,0.33805369855962525,171329.68124694948,0.339614102769942,162611.24299357206,0.3223321901239472,0.0,0.0,0.0,0.0,0.9999999914535145
2025-06-23,0.004311560214773635,512862.07046287507,173640.22097953613,0.33857099399614415,173932.34536390545,0.33914059038705224,165289.49980787333,0.32228840720994256,0.0,0.0,0.0,0.0,0.9999999915931389
2025-06-24,0.004311560214773635,516978.56081587635,175249.92869744916,0.3389887743524146,175919.32110236966,0.340283590918626,165809.30670449737,0.3207276263890388,0.0,0.0,0.0,0.0,0.9999999916600794
2025-06-25,0.004311560214773635,510877.8512632951,173851.19873736586,0.34029895464731513,173735.1641069456,0.3400718267142224,163291.48410742346,0.3196292101989496,0.0,0.0,0.0,0.0,0.9999999915604871
2025-06-26,0.004311560214773635,513853.0419026576,174756.53902958072,0.3400905021064095,175246.08244173205,0.3410431935808799,163850.41611978467,0.3188662959220622,0.0,0.0,0.0,0.0,0.9999999916093516
2025-06-27,0.004311560214773635,515115.9836437594,175683.56682578987,0.341056329844519,175272.30664017398,0.3402579461820538,164160.10586623536,0.3186857156033507,0.0,0.0,0.0,0.0,0.9999999916299235
2025-06-30,0.004311560214773635,518138.77254223474,176657.20079432506,0.34094572758483405,176006.2385086116,0.3396893802118715,165475.32892773786,0.31936488388204837,0.0,0.0,0.0,0.0,0.999999991678754
2025-07-01,0.003513513293910364,519361.1073116179,172440.05963625613,0.3320234365042504,174536.3826992691,0.3360597862299051,172384.66146257936,0.3319167705007764,0.0,0.0,0.0,0.0,0.9999999932349318
2025-07-02,0.003513513293910364,517233.29211257555,172440.9171584518,0.3333909858240914,174507.83301666303,0.33738708562998204,170284.5384239474,0.32922192175302795,0.0,0.0,0.0,0.0,0.9999999932071014
2025-07-03,0.003513513293910364,521010.80599488324,173556.46179681903,0.33311489857759974,175598.91418548892,0.3370350713747259,171855.42649906198,0.32985002330402674,0.0,0.0,0.0,0.0,0.9999999932563524
2025-07-07,0.003513513293910364,520550.2670597792,173437.67249320872,0.33318141103420357,174681.311539534,0.3355704964405942,172431.27951352313,0.3312480857755883,0.0,0.0,0.0,0.0,0.9999999932503861
2025-07-08,0.003513513293910364,526559.9870230412,175311.1407525258,0.3329366930132018,177692.08829215917,0.33745839538009503,173556.75446484308,0.32960490493412403,0.0,0.0,0.0,0.0,0.9999999933274207
2025-07-09,0.003513513293910364,531652.2130681261,177545.95127693165,0.3339513067242341,179074.90379009437,0.3368271576575712,175031.3544875868,0.329221529009526,0.0,0.0,0.0,0.0,0.9999999933913315
2025-07-10,0.003513513293910364,529403.0475487185,176647.7441460408,0.33367345534554127,179120.28212995103,0.3383438817727384,173635.01775921343,0.32798265624497486,0.0,0.0,0.0,0.0,0.9999999933632546
2025-07-11,0.003513513293910364,526221.0934680356,175834.806571985,0.334146252886128,177865.2833972431,0.3380048531027714,172520.99998529424,0.3278488873342242,0.0,0.0,0.0,0.0,0.9999999933231235
2025-07-14,0.003513513293910364,530662.8676965844,177083.70707891203,0.3337028419711527,178934.0399819674,0.3371896751673154,174645.11712219176,0.32910747624054243,0.0,0.0,0.0,0.0,0.9999999933790106
2025-07-15,0.003513513293910364,526898.0037306802,176444.5227723971,0.334874153105703,177211.22318090335,0.33632927421657777,173242.2542638665,0.32879656600942053,0.0,0.0,0.0,0.0,0.9999999933317013
2025-07-16,0.003513513293910364,532044.5447967884,178340.47950761567,0.33519839880273916,178153.05812853196,0.3348461324729428,175551.0036471275,0.3299554621205228,0.0,0.0,0.0,0.0,0.9999999933962047
2025-07-17,0.003513513293910364,531831.5149632146,178496.1027800382,0.33562528311693657,178246.05502206867,0.3351551196329489,175089.35364759457,0.3292195906436741,0.0,0.0,0.0,0.0,0.9999999933935595
2025-07-18,0.003513513293910364,532789.9038153201,178588.8393023628,0.3351956146756615,178743.39435018608,0.3354857009680565,175457.666649258,0.32931867776172524,0.0,0.0,0.0,0.0,0.9999999934054432
2025-07-21,0.003513513293910364,533260.7387849134,178954.05816264232,0.3355845370698143,178824.24649341017,0.33534110705558157,175482.4306153477,0.32907434928587,0.0,0.0,0.0,0.0,0.9999999934112659
2025-07-22,0.003513513293910364,532832.6694203266,178117.0086608545,0.3342831978651564,178885.62217629014,0.3357257023502358,175830.03506966867,0.3299910931905803,0.0,0.0,0.0,0.0,0.9999999934059726
2025-07-23,0.003513513293910364,534815.9539207486,178725.6535610307,0.3341816044394126,180687.26307901728,0.3378494260584312,175403.03376718733,0.32796896293258176,0.0,0.0,0.0,0.0,0.9999999934304256
2025-07-24,0.003513513293910364,531687.6880399555,178099.09962672257,0.3349693882949923,178650.72627464044,0.3360068895580955,174937.85862507916,0.32902371553868454,0.0,0.0,0.0,0.0,0.9999999933917724
2025-07-25,0.003513513293910364,535358.2111874147,179608.5885988861,0.3354923579121305,179560.2538898473,0.33540207311210557,176189.365185168,0.32910556241284356,0.0,0.0,0.0,0.0,0.9999999934370798
2025-07-28,0.003513513293910364,535853.4946769709,180489.49847065998,0.3368262039225193,179766.33638807927,0.3354766520585034,175597.65630471834,0.32769713746212303,0.0,0.0,0.0,0.0,0.9999999934431458
2025-07-29,0.003513513293910364,537733.276555115,180574.71576469802,0.33580721825793497,180089.99323076708,0.33490580011056603,177068.5640461366,0.32928697509756577,0.0,0.0,0.0,0.0,0.9999999934660669
2025-07-30,0.003513513293910364,535256.6845571834,179801.86768147274,0.3359170896300387,179260.94934849418,0.33490651218451634,176193.86401370328,0.3291763916212799,0.0,0.0,0.0,0.0,0.9999999934358349
2025-07-31,0.003513513293910364,533438.3080972383,179619.87379150608,0.3367209873475452,178079.2667665599,0.33383291762784034,175739.1640256591,0.32944608843807355,0.0,0.0,0.0,0.0,0.999999993413459
2025-08-01,0.003513513293910364,534452.6682719161,179716.40892551315,0.33626253472847845,177694.08220336816,0.33247861364022957,177042.17362952154,0.33125884505725195,0.0,0.0,0.0,0.0,0.9999999934259599
2025-08-04,0.003513513293910364,529007.5464226097,178634.46827717224,0.33767848773647935,175427.45752889104,0.33161617204747174,174945.61710303312,0.33070533357434156,0.0,0.0,0.0,0.0,0.9999999933582928
2025-08-05,0.003513513293910364,524575.6727199722,176460.9977707541,0.3363880693433378,175315.43854262464,0.33420428674017283,172799.2328930802,0.32940763721866967,0.0,0.0,0.0,0.0,0.9999999933021804
2025-08-06,0.003513513293910364,529792.6009332418,178839.67070748168,0.3375654367245815,176293.82834807568,0.33276008014745784,174659.09836417122,0.3296744764960953,0.0,0.0,0.0,0.0,0.9999999933681345
2025-08-07,0.003513513293910364,526584.4949413385,177172.79309765773,0.33645653223685357,176104.16929280674,0.33442718307234764,173307.5290373608,0.32911627801853005,0.0,0.0,0.0,0.0,0.9999999933277313
2025-08-08,0.003513513293910364,529108.1185181529,178212.99829964008,0.3368177354729549,177539.93018483964,0.3355456549827037,173355.18652015983,0.32763660290389646,0.0,0.0,0.0,0.0,0.9999999933595553
2025-08-11,0.003513513293910364,531218.6533478103,178878.83802521907,0.3367329759561359,178383.82895382177,0.3358011391912224,173955.98285525618,0.3274658782385794,0.0,0.0,0.0,0.0,0.9999999933859377
2025-08-12,0.003513513293910364,538499.9298670876,181306.20961659224,0.33668752688852194,182336.75222837692,0.3386012552933502,174856.96450860525,0.32471121129349706,0.0,0.0,0.0,0.0,0.9999999934753692
2025-08-13,0.003513513293910364,541880.6708452721,182276.9651547562,0.3363784223386763,183789.55796179717,0.33916979853720636,175814.14421520554,0.3244517726401931,0.0,0.0,0.0,0.0,0.9999999935160757
2025-08-14,0.003513513293910364,539150.981282971,181403.3677169523,0.33646116582275787,183291.2811492398,0.3399628072883729,174456.32890326556,0.32357602037211713,0.0,0.0,0.0,0.0,0.999999993483248
2025-08-15,0.003513513293910364,539754.2660051947,181624.65538156766,0.33649508085559005,182489.0841988923,0.33809660375548745,175640.52291122157,0.3254083088794543,0.0,0.0,0.0,0.0,0.9999999934905318
2025-08-18,0.003513513293910364,538526.2044324974,181089.95428712363,0.33626953116971803,182397.15562892464,0.3386968992922749,175039.0910029358,0.3250335630136944,0.0,0.0,0.0,0.0,0.9999999934756875
2025-08-19,0.003513513293910364,542563.769770691,181359.8510802699,0.33426458083797184,184204.86424123045,0.33950822834905237,176999.05093567751,0.326227184337215,0.0,0.0,0.0,0.0,0.9999999935242391
2025-08-20,0.003513513293910364,541105.1251747041,180746.7007909915,0.33403250566631515,182678.9968156901,0.33760352344973515,177679.42405450932,0.32836396439073234,0.0,0.0,0.0,0.0,0.9999999935067825
2025-08-21,0.003513513293910364,538135.5730941776,179673.17259263323,0.33388086864346567,181748.0413423111,0.33773653040124124,176714.35564572,0.3283825944262445,0.0,0.0,0.0,0.0,0.9999999934709515
2025-08-22,0.003513513293910364,549329.2192378364,183701.6317115874,0.3344108146412877,187235.84690396916,0.3408445069857169,178391.7371087666,0.32474467197698886,0.0,0.0,0.0,0.0,0.9999999936039935
2025-08-25,0.003513513293910364,541698.1531764864,181328.02681268458,0.3347399760353392,184996.1407830453,0.3415114851291973,175373.9820672433,0.3237485323493545,0.0,0.0,0.0,0.0,0.999999993513891
2025-08-26,0.003513513293910364,544869.0239278824,182703.83477466865,0.33531697848701875,186086.89976003734,0.3415259293298849,176078.2858796632,0.3231570857347334,0.0,0.0,0.0,0.0,0.999999993551637
2025-08-27,0.003513513293910364,545565.6668912095,182538.45180010743,0.3345856656271355,186646.40359566017,0.34211537661309444,176380.80798192866,0.32329895131964104,0.0,0.0,0.0,0.0,0.999999993559871
2025-08-28,0.003513513293910364,545732.5116946035,182685.15296220986,0.33475218911722454,186897.3972481156,0.3424707035829028,176149.95797076484,0.3227771008617127,0.0,0.0,0.0,0.0,0.99999999356184
2025-08-29,0.003513513293910364,542882.7793537165,181322.72551568414,0.3339997738214181,185609.7143059949,0.3418964855119496,175950.33601852422,0.32410373419467664,0.0,0.0,0.0,0.0,0.9999999935280444
2025-09-02,0.003513513293910364,541284.7864901313,180397.42447325142,0.33327636204780053,185033.52292844147,0.3418413514413729,175853.83557492512,0.3248822800197642,0.0,0.0,0.0,0.0,0.9999999935089378
2025-09-03,0.003513513293910364,547228.1558850838,183222.39468719138,0.33481901966620936,186325.9757850752,0.34049047692678125,177679.78189930404,0.3246904969864457,0.0,0.0,0.0,0.0,0.9999999935794363
2025-09-04,0.003513513293910364,549009.452850649,184127.7302305455,0.3353817120533899,187599.07864845026,0.3417046421958133,177282.64045813997,0.32291363935106493,0.0,0.0,0.0,0.0,0.9999999936002683
2025-09-05,0.003513513293910364,549657.1835239736,183542.51406120794,0.3339217962812318,188773.91691022925,0.34343937015424414,177340.7490390231,0.32263882717233383,0.0,0.0,0.0,0.0,0.9999999936078098
2025-09-08,0.003513513293910364,549416.1635192285,183979.3703636586,0.3348634106160943,187982.17529164348,0.3421489715328779,177454.61435041318,0.3229876114560336,0.0,0.0,0.0,0.0,0.9999999936050057
2025-09-09,0.003513513293910364,546602.5310206156,183043.34068902582,0.33487466724174786,186958.29933013336,0.34203701724733154,176600.8874879431,0.32308830908300795,0.0,0.0,0.0,0.0,0.9999999935720875
2025-09-10,0.003513513293910364,545837.63334347,182663.78375505802,0.3346485705578242,187476.55331678677,0.343465788843505,175697.29275811202,0.3218856341617507,0.0,0.0,0.0,0.0,0.9999999935630799
2025-09-11,0.003513513293910364,552644.7000935308,184515.7756596185,0.3338777620203191,190311.09976797822,0.3443642899963929,177817.82115242083,0.3217579416256531,0.0,0.0,0.0,0.0,0.999999993642365
2025-09-12,0.003513513293910364,549117.7106667015,183649.0348124932,0.33444383826105145,189222.7763163056,0.344594196545881,176245.8960243895,0.3209619587945974,0.0,0.0,0.0,0.0,0.9999999936015299
2025-09-15,0.003513513293910364,550939.1045081354,184808.55412657146,0.33544279687963685,189900.07474739305,0.34468432753004724,176230.47212065756,0.319872869212999,0.0,0.0,0.0,0.0,0.9999999936226831
2025-09-16,0.003513513293910364,549122.9675618279,184307.0603872737,0.335638957528255,189627.0462414273,0.3453271078487105,175188.85741961363,0.3190339282246257,0.0,0.0,0.0,0.0,0.9999999936015912
2025-09-17,0.003513513293910364,547389.1491836807,183546.4715838916,0.3353125867723424,188973.03800593404,0.34522613078419406,174869.6360803418,0.31946127602478824,0.0,0.0,0.0,0.0,0.9999999935813246
2025-09-18,0.003513513293910364,554008.2227142365,184848.4611206702,0.3336565298887577,193475.4284801317,0.3492284420116422,175684.32959992136,0.3171150217576125,0.0,0.0,0.0,0.0,0.9999999936580124
2025-09-19,0.003513513293910364,557528.8180712648,186846.352613498,0.33513308470740755,193451.84797950202,0.34698089445624763,177230.6139647515,0.3178860145344046,0.0,0.0,0.0,0.0,0.9999999936980598
2025-09-22,0.003513513293910364,559251.1521046554,188071.7436749159,0.33629209875945165,193582.43491233417,0.346145795469203,177596.9700038921,0.31756209948881337,0.0,0.0,0.0,0.0,0.9999999937174681
2025-09-23,0.003513513293910364,558009.2065144536,186720.86912727947,0.3346196925559919,193757.90357294877,0.34723065732774794,177530.43030071215,0.31814964381974536,0.0,0.0,0.0,0.0,0.9999999937034851
2025-09-24,0.003513513293910364,557179.5387006451,185931.1528335175,0.33370061159660136,193814.84385046686,0.34784989467209676,177433.5385031475,0.3184494874254112,0.0,0.0,0.0,0.0,0.9999999936941093
2025-09-25,0.003513513293910364,559158.2386180843,186487.22083869396,0.3335142146873888,194913.99962392997,0.3485846870568242,177757.0146419471,0.31790109197221095,0.0,0.0,0.0,0.0,0.9999999937164241
2025-09-26,0.003513513293910364,568424.3220547972,189155.54302689031,0.3327717264861431,198406.1650820003,0.3490458753854547,180862.61043239335,0.31818239194725706,0.0,0.0,0.0,0.0,0.9999999938188548
2025-09-29,0.003513513293910364,568131.3471004588,189324.12310006618,0.33324005807162277,198151.61678741212,0.34877782716744604,180655.60369946723,0.3179821085765984,0.0,0.0,0.0,0.0,0.9999999938156673
2025-09-30,0.003513513293910364,567273.7861200243,189407.85290817823,0.3338914251682047,197393.04058171832,0.34796785152338017,180472.8891166145,0.3181407171147335,0.0,0.0,0.0,0.0,0.9999999938063183
2025-10-01,0.004319376339481096,568562.5250873682,189705.08256068392,0.3336573801298861,190812.61846892492,0.33560533811053356,188044.81973838303,0.3307372741625683,0.0,0.0,0.0,0.0,0.999999992402988
2025-10-02,0.004319376339481096,565470.7011086855,189034.1041798755,0.3342951346714292,189828.60206388286,0.3357001550950332,186607.9905455508,0.3300047025949875,0.0,0.0,0.0,0.0,0.9999999923614499
2025-10-03,0.004319376339481096,567167.4129130875,189226.16271413982,0.3336337003958596,190618.25888092135,0.33608817174785677,187322.98699865,0.3302781202405846,0.0,0.0,0.0,0.0,0.9999999923843009
2025-10-06,0.004319376339481096,576522.3246246909,192717.37046630884,0.3342756424770984,193495.551213311,0.3356254267157378,190309.39862569477,0.33009892331504054,0.0,0.0,0.0,0.0,0.9999999925078767
2025-10-07,0.004319376339481096,577125.5712166688,192667.3308824071,0.333839532488978,192904.78565319307,0.3342509763456163,191553.45036169235,0.33190948368111367,0.0,0.0,0.0,0.0,0.9999999925157079
2025-10-08,0.004319376339481096,586104.0610544854,195747.5106480555,0.3339808127175874,196224.95484841405,0.334795419256057,194131.59123863955,0.331223760656715,0.0,0.0,0.0,0.0,0.9999999926303593
2025-10-09,0.004319376339481096,584793.7606754557,195637.90244169603,0.33454170614906686,195344.6621550096,0.33404026392036096,193811.1917593738,0.3314180225444191,0.0,0.0,0.0,0.0,0.9999999926138468
2025-10-10,0.004319376339481096,573777.2259357513,191237.40449559994,0.33329556463960064,190188.26544364975,0.3314670866092306,192351.55167712533,0.3352373412232013,0.0,0.0,0.0,0.0,0.9999999924720325
2025-10-13,0.004319376339481096,575632.3262794919,191962.0760739042,0.3334803611788459,191871.75555248486,0.3333234545610346,191798.4903337265,0.33319617675641255,0.0,0.0,0.0,0.0,0.999999992496293
2025-10-14,0.004319376339481096,579541.886723984,192588.95944103054,0.33231240718370036,193821.07533268898,0.33443842416346226,193131.84763088825,0.33324916119975007,0.0,0.0,0.0,0.0,0.9999999925469126
2025-10-15,0.004319376339481096,578651.8469530419,192376.0928334417,0.332455679259334,194948.10470027872,0.33690051406005267,191327.64509994513,0.33064379921606224,0.0,0.0,0.0,0.0,0.9999999925354488
2025-10-16,0.004319376339481096,570891.647466574,190013.0868735676,0.33283564003218835,192363.75144281756,0.3369531719310722,188514.80483081253,0.3302111804707218,0.0,0.0,0.0,0.0,0.9999999924339823
2025-10-17,0.004319376339481096,571132.8677113926,190087.89310753747,0.33282604426049867,192130.3542213202,0.3364022018050069,188914.61606315864,0.33077174637167234,0.0,0.0,0.0,0.0,0.9999999924371779
2025-10-20,0.004319376339481096,579456.3096884207,193199.0389624914,0.33341433293974554,195230.51418510173,0.33692016278169284,191026.75222145132,0.3296654968243736,0.0,0.0,0.0,0.0,0.999999992545812
2025-10-21,0.004319376339481096,581547.1131404685,193550.89704297346,0.3328206652041666,196907.04607796198,0.33859173509541696,191089.16570015674,0.328587592273028,0.0,0.0,0.0,0.0,0.9999999925726115
2025-10-22,0.004319376339481096,582898.3623961374,193714.82957821884,0.3323303719398174,196777.78323874943,0.3375850678836173,192405.74525979286,0.33008455276639465,0.0,0.0,0.0,0.0,0.9999999925898294
2025-10-23,0.004319376339481096,585124.3044344959,195025.87665631596,0.3333067438461684,198123.659459272,0.3386009741139573,191974.76399953157,0.3280922746578936,0.0,0.0,0.0,0.0,0.9999999926180193
2025-10-24,0.004319376339481096,590998.5253759897,196626.6593384754,0.33270245338325116,201435.49160279683,0.3408392457064843,192936.3701153412,0.326458293601657,0.0,0.0,0.0,0.0,0.9999999926913924
2025-10-27,0.004319376339481096,597614.9342447453,199542.29809615624,0.3338977770833892,203675.38792520584,0.340813751889596,194397.24390400693,0.3252884637993235,0.0,0.0,0.0,0.0,0.9999999927723087
2025-10-28,0.004319376339481096,594554.5093024868,199011.28181985562,0.33472335791941027,203044.6517928869,0.34150721021541436,192498.57137036792,0.3237694246002799,0.0,0.0,0.0,0.0,0.9999999927351046
2025-10-29,0.004319376339481096,586836.5160155104,196954.33997944192,0.33562045749422365,201010.82652666522,0.3425329219311097,188871.34519002694,0.3218466132142243,0.0,0.0,0.0,0.0,0.9999999926395577
2025-10-30,0.004319376339481096,588325.068530417,196621.33352110177,0.33420526174797227,201190.17863957357,0.34197111325228496,190513.55205036537,0.32382361765792345,0.0,0.0,0.0,0.0,0.9999999926581807
2025-10-31,0.004319376339481096,593650.9152267012,197735.01372618042,0.3330829762987397,204056.38768354693,0.3437312778430109,191859.50949759755,0.3231857385822962,0.0,0.0,0.0,0.0,0.9999999927240467
2025-11-03,0.004319376339481096,593870.1095111407,197831.47452149357,0.3331224645812593,204698.40606454114,0.3446854838898086,191340.22460572975,0.32219204425566444,0.0,0.0,0.0,0.0,0.9999999927267322
2025-11-04,0.004319376339481096,588929.1776441569,196329.0586890806,0.3333661603835608,201104.34232582513,0.3414745778605938,191495.77230987482,0.32515925442155713,0.0,0.0,0.0,0.0,0.9999999926657118
2025-11-05,0.004319376339481096,590481.1265832213,196279.21754460133,0.33240557353688444,203242.50356064335,0.34419813675788796,190959.4011586003,0.323396282390216,0.0,0.0,0.0,0.0,0.9999999926849884
2025-11-06,0.004319376339481096,587964.6859678358,194901.72616661867,0.3314854290029259,202719.2955305327,0.344781413524591,190343.6599513081,0.3237331501261637,0.0,0.0,0.0,0.0,0.9999999926536807
2025-11-07,0.004319376339481096,586294.4607587842,193418.5533524282,0.3299000183322648,202591.97569174276,0.34554646044164833,190283.9273952369,0.3245535138588395,0.0,0.0,0.0,0.0,0.9999999926327526
2025-11-10,0.004319376339481096,595028.0073948196,197235.73191839864,0.3314730222228457,205604.06229985805,0.345536781033289,192188.20885718666,0.32299018948475106,0.0,0.0,0.0,0.0,0.9999999927408857
2025-11-11,0.004319376339481096,598792.8567932784,198273.05242120282,0.33112127202554914,206043.8229029488,0.3440986654489792,194475.9771497504,0.3247800553119983,0.0,0.0,0.0,0.0,0.9999999927865266
2025-11-12,0.004319376339481096,601426.9639297284,198675.86759047335,0.3303408052946674,207828.74295729847,0.3455594035879999,194922.34906258018,0.3240997839354525,0.0,0.0,0.0,0.0,0.9999999928181199
2025-11-13,0.004319376339481096,597823.5352185376,197372.0317790852,0.33015098963431544,205653.4516193697,0.3440036055860397,194798.0475007064,0.32584539755447556,0.0,0.0,0.0,0.0,0.9999999927748306
2025-11-14,0.004319376339481096,597038.3947168301,196733.56124649628,0.32951576144412825,205421.3347768352,0.34406721007325614,194883.49437412235,0.32641702124794475,0.0,0.0,0.0,0.0,0.999999992765329
2025-11-17,0.004319376339481096,590203.3746328992,194588.21308435343,0.3296968832233218,201805.53480865006,0.3419254166992372,193809.62242051936,0.3283776927589868,0.0,0.0,0.0,0.0,0.9999999926815459
2025-11-18,0.004319376339481096,590855.9787400891,194183.86937364543,0.32864839548160807,202103.8005872811,0.3420525607919494,194568.30445978633,0.3292990364160718,0.0,0.0,0.0,0.0,0.9999999926896291
2025-11-19,0.004319376339481096,591279.5456511449,195220.0929395795,0.3301654765083983,202145.44603233621,0.3418779619878853,193914.00235985286,0.3279565541985824,0.0,0.0,0.0,0.0,0.999999992694866
2025-11-20,0.004319376339481096,588129.5980016469,194576.5341593106,0.3308395544458991,198994.09724915744,0.3383507613378101,194558.96227380258,0.33080967687203144,0.0,0.0,0.0,0.0,0.9999999926557406
2025-11-21,0.004319376339481096,598845.3684217627,197742.42964360767,0.3302061601724521,203823.95618679258,0.3403615806931327,197278.9782719861,0.32943225192157427,0.0,0.0,0.0,0.0,0.9999999927871592
2025-11-24,0.004319376339481096,600325.7739943606,198630.163063196,0.33087062336434336,205459.00181074263,0.34224584502459277,196236.6048010456,0.32688352441600993,0.0,0.0,0.0,0.0,0.9999999928049461
2025-11-25,0.004319376339481096,608848.712869455,201321.1729244198,0.3306587805295823,208771.91988205246,0.34289621620143895,198755.61574360638,0.32644499617464434,0.0,0.0,0.0,0.0,0.9999999929056657
2025-11-26,0.004319376339481096,609944.0343864501,201792.13848591482,0.3308371376873944,209750.74640198163,0.34388523303285096,198401.1451791773,0.32527762219816014,0.0,0.0,0.0,0.0,0.9999999929184055
2025-11-28,0.004319376339481096,614343.2235397137,202618.83948910778,0.3298137453550176,212397.3652466153,0.34573078550916103,199327.01448461428,0.3244554621049368,0.0,0.0,0.0,0.0,0.9999999929691153
2025-12-01,0.004319376339481096,610237.3249069586,201738.84786967278,0.330590803996513,211231.8724704063,0.3461470871232144,197266.6002475032,0.3232621018020816,0.0,0.0,0.0,0.0,0.9999999929218091
2025-12-02,0.004319376339481096,610246.743553888,202032.65101117143,0.3310671513535588,211978.72800753047,0.34736560292486285,196235.3602158099,0.3215672386434968,0.0,0.0,0.0,0.0,0.9999999929219183
2025-12-03,0.004319376339481096,614679.2228783543,203061.0108296027,0.33035281374686826,214442.12892161764,0.34886835432219576,197176.07880775759,0.3207788249038946,0.0,0.0,0.0,0.0,0.9999999929729586
2025-12-04,0.004319376339481096,610873.2124994574,202311.1314947871,0.33118350478490954,212437.8837721506,0.34776100739945165,196124.19291314343,0.321055480744816,0.0,0.0,0.0,0.0,0.9999999929291771
2025-12-05,0.004319376339481096,612590.1519600101,202844.19153423797,0.3311254529398306,213432.19740455464,0.3484094491589011,196313.75870184114,0.32046509085026315,0.0,0.0,0.0,0.0,0.9999999929489949
2025-12-08,0.004319376339481096,610676.1292541169,201872.83430703258,0.3305726630474342,213673.01870879298,0.3498958096983001,195130.27191891498,0.3195315201811607,0.0,0.0,0.0,0.0,0.9999999929268951
2025-12-09,0.004319376339481096,612351.9882471702,202384.9900521974,0.3305043405370745,214683.18614627555,0.3505878812622074,195283.80772932098,0.31890777114697055,0.0,0.0,0.0,0.0,0.9999999929462525
2025-12-10,0.004319376339481096,622065.096859975,204630.54633282096,0.3289535892075338,220485.4830469879,0.3544411736970006,196949.06316078984,0.3166052301518574,0.0,0.0,0.0,0.0,0.9999999930563918
2025-12-11,0.004319376339481096,621748.848261259,204966.04215724597,0.32966050959393045,219503.18601119195,0.35304156433106354,197279.61577344485,0.3172979191278661,0.0,0.0,0.0,0.0,0.99999999305286
2025-12-12,0.004319376339481096,616442.8862317171,203145.3330562929,0.32954445187632814,216341.95738961606,0.3509521518077742,196955.59146643183,0.31950338930896094,0.0,0.0,0.0,0.0,0.9999999929930633
2025-12-15,0.004319376339481096,618491.6900848746,203748.15732195307,0.32942747750417317,217089.54351889808,0.3509983189735455,197653.98492464723,0.31957419653855573,0.0,0.0,0.0,0.0,0.9999999930162743
2025-12-16,0.004319376339481096,611128.5074300804,201702.37277759545,0.33004903277347497,214293.07709446954,0.35065141699184593,195133.05323863917,0.3192995431668101,0.0,0.0,0.0,0.0,0.9999999929321308
2025-12-17,0.004319376339481096,606707.0646332977,199534.41257486257,0.32888097766829855,212192.37383355328,0.34974435968007944,194980.2739055055,0.3213746555322449,0.0,0.0,0.0,0.0,0.999999992880623
2025-12-18,0.004319376339481096,612857.7195245983,201898.1752282749,0.32943727197381134,214908.90571013305,0.35066688215470415,196050.63426681404,0.3198958388235577,0.0,0.0,0.0,0.0,0.9999999929520732
2025-12-19,0.004319376339481096,617197.0125699209,203109.30259804183,0.32908341819790005,217357.9834290369,0.35216953258407563,196729.72222346585,0.3187470422196491,0.0,0.0,0.0,0.0,0.9999999930016247
2025-12-22,0.004319376339481096,629458.9404599,206903.92620278863,0.32870122720255424,221890.46335634592,0.35250982882890924,200664.5465813891,0.3187889371064903,0.0,0.0,0.0,0.0,0.9999999931379538
2025-12-23,0.004319376339481096,626096.690564466,206154.1738847613,0.32926890844751183,220252.6405121203,0.35178694254644366,199689.871848208,0.31894414210714783,0.0,0.0,0.0,0.0,0.9999999931011034
2025-12-24,0.004319376339481096,626306.9499606435,206084.0219259907,0.32904635967865403,220753.97489479062,0.35246930424237277,199468.9488204859,0.3184843291823926,0.0,0.0,0.0,0.0,0.9999999931034195
2025-12-26,0.004319376339481096,626182.7169497749,206011.51389446764,0.32899584788602765,220728.19411388508,0.35249806189011973,199443.0046220458,0.31850608332590374,0.0,0.0,0.0,0.0,0.9999999931020512
2025-12-29,0.004319376339481096,626858.5191958101,205959.38424104484,0.32855800461205803,221063.62036164006,0.35265313239300017,199835.5102737489,0.3187888561044296,0.0,0.0,0.0,0.0,0.9999999931094877
2025-12-30,0.004319376339481096,624123.1526235453,204957.3222413237,0.3283924356591664,220156.563202974,0.35274538731263294,199009.26285987123,0.318862170107489,0.0,0.0,0.0,0.0,0.9999999930792884
2025-12-31,0.004319376339481096,620559.7651292831,203962.97719950823,0.32867579991592916,218737.30450087643,0.352483865039665,197859.47910952207,0.318840328083954,0.0,0.0,0.0,0.0,0.9999999930395482
2026-01-02,0.004833923421756481,625239.7811778651,207626.4057438574,0.33207484871278986,210806.77954205504,0.33716149529853057,206806.5910580293,0.3307636482573683,0.0,0.0,0.0,0.0,0.9999999922686886
2026-01-05,0.004833923421756481,630848.2570893855,210045.86292788785,0.33295782395753887,212881.2234240168,0.33745234457206946,207921.1659035575,0.3295898238078146,0.0,0.0,0.0,0.0,0.9999999923374229
2026-01-06,0.004833923421756481,636320.9199153052,211362.26932961214,0.33216300566975643,216304.47090446058,0.3399298437858225,208654.1748473091,0.3279071429477458,0.0,0.0,0.0,0.0,0.9999999924033247
2026-01-07,0.004833923421756481,632660.6433542798,210413.935982859,0.33258578385289345,214337.41114151795,0.33878733155444984,207909.29139597944,0.32862687695203063,0.0,0.0,0.0,0.0,0.9999999923593739
2026-01-08,0.004833923421756481,635010.3225512558,210982.7803589407,0.33225094595515164,215299.75814249055,0.3390492256527252,208727.77921590107,0.32869982077976895,0.0,0.0,0.0,0.0,0.9999999923876459
2026-01-09,0.004833923421756481,640518.551727697,212915.31691973528,0.33241085109155705,218411.75624612853,0.34099208470542736,209191.47372790973,0.3265970566561249,0.0,0.0,0.0,0.0,0.9999999924531094
2026-01-12,0.004833923421756481,645533.8803871304,214805.8547580106,0.33275690290522053,219354.1835922088,0.3398027435224017,211373.83720298763,0.3274403460841211,0.0,0.0,0.0,0.0,0.9999999925117433
2026-01-13,0.004833923421756481,642796.206924622,213848.97179040656,0.33268549111940193,219082.33399775205,0.3408270485072152,209864.8963025399,0.3264874528532336,0.0,0.0,0.0,0.0,0.9999999924798507
2026-01-14,0.004833923421756481,647491.9449661666,214489.86983527377,0.3312626072073862,220767.44327434147,0.34095782193225155,212234.62702262794,0.32777956339475056,0.0,0.0,0.0,0.0,0.9999999925343883
2026-01-15,0.004833923421756481,646400.5019060504,214369.93209211403,0.3316363948666475,220943.4975732842,0.34180588802419704,211087.06740672872,0.3265577096309382,0.0,0.0,0.0,0.0,0.9999999925217827
2026-01-16,0.004833923421756481,646614.173081848,214442.62805919963,0.3316392324608939,221183.4899853822,0.3420640919935186,210988.05020334266,0.3262966680698413,0.0,0.0,0.0,0.0,0.9999999925242539
2026-01-20,0.004833923421756481,636605.0717011761,209899.63281626374,0.3297171859711339,218080.0091738477,0.342567187834493,208625.42487714122,0.3277156186010885,0.0,0.0,0.0,0.0,0.9999999924067156
2026-01-21,0.004833923421756481,646447.5018471014,212446.2940521259,0.32863657674459384,223768.80231524835,0.3461515462212652,210232.40064580378,0.3252118695564674,0.0,0.0,0.0,0.0,0.9999999925223264
2026-01-22,0.004833923421756481,650384.8071191518,213536.7341957463,0.3283236813934769,225331.84625219245,0.3464592711663869,211516.22183728963,0.32521704000773105,0.0,0.0,0.0,0.0,0.9999999925675948
2026-01-23,0.004833923421756481,647446.7923951873,213650.0848980496,0.329988637533696,221907.7383066544,0.3427428182719404,211888.96435655985,0.3272685367282312,0.0,0.0,0.0,0.0,0.9999999925338677
2026-01-26,0.004833923421756481,635857.3509276077,210238.23544309335,0.33063742227150716,216789.2951651551,0.34094014144665685,208829.81548543586,0.32842242867962235,0.0,0.0,0.0,0.0,0.9999999923977864
2026-01-27,0.004833923421756481,634489.706064758,209534.4837853117,0.33024095077111615,217655.60301433085,0.34304040070922165,207299.61443119205,0.326718640901062,0.0,0.0,0.0,0.0,0.9999999923813998
2026-01-28,0.004833923421756481,629237.4516068478,207109.83349038174,0.32914416165391486,217722.35308379994,0.34600984497635157,204405.26019874268,0.3248459856875407,0.0,0.0,0.0,0.0,0.9999999923178072
2026-01-29,0.004833923421756481,632088.1191597626,208461.89680182666,0.32979878988856165,219394.24863417854,0.3470944034287818,204231.968889834,0.32310679903510986,0.0,0.0,0.0,0.0,0.9999999923524533
2026-01-30,0.004833923421756481,628759.3416482308,206188.57500252826,0.32792924310599536,217581.75991718873,0.3460493475084116,204989.0018945904,0.32602140169755867,0.0,0.0,0.0,0.0,0.9999999923119657
2026-02-02,0.004833923421756481,643009.0764777462,210287.0066100742,0.32703582935714903,224149.95353547117,0.34859531806815597,208572.11149827752,0.32436884505703545,0.0,0.0,0.0,0.0,0.9999999924823403
2026-02-03,0.004833923421756481,640382.7189018282,208173.79388643906,0.3250771573652544,224408.0017849239,0.350427947477649,207800.91839654185,0.32449488760860534,0.0,0.0,0.0,0.0,0.9999999924515086
2026-02-04,0.004833923421756481,641995.5303849925,208909.60247195492,0.32540663070765585,224260.2951836231,0.34931753348678063,208825.62789549102,0.3252758282760353,0.0,0.0,0.0,0.0,0.9999999924704719
2026-02-05,0.004833923421756481,642192.2580203012,207924.99145935132,0.3237737435520101,224385.27958423606,0.34940514586076293,209881.98214279045,0.3268211030600054,0.0,0.0,0.0,0.0,0.9999999924727784
2026-02-06,0.004833923421756481,654310.3322643619,212336.64188661394,0.3245197751222783,229839.68018590938,0.3512701372000449,212134.0053579151,0.3242100802898621,0.0,0.0,0.0,0.0,0.9999999926121854
2026-02-09,0.004833923421756481,655515.1892535783,213367.5029216873,0.32549589455683625,229679.2804592485,0.3503797993159847,212468.40103871914,0.3241242987529435,0.0,0.0,0.0,0.0,0.9999999926257644
2026-02-10,0.004833923421756481,649736.1255415984,211432.8572978058,0.32541342398279366,227271.39949955684,0.3497903080425318,211031.86391031233,0.32479626053484895,0.0,0.0,0.0,0.0,0.9999999925601745
2026-02-11,0.004833923421756481,646378.3515021254,209373.10625614057,0.3239172626520926,227985.92089775304,0.35271280414626227,209019.3195143083,0.32336992572317147,0.0,0.0,0.0,0.0,0.9999999925215264
2026-02-12,0.004833923421756481,631897.5591261359,204620.15840069848,0.3238185611662623,221713.28199426163,0.3508690274114581,205564.1138972523,0.32531240377242654,0.0,0.0,0.0,0.0,0.999999992350147
2026-02-13,0.004833923421756481,635723.0933223612,205048.56585852988,0.3225438371082648,223558.04581804082,0.3516594696123135,207116.4768118671,0.3257966856756026,0.0,0.0,0.0,0.0,0.9999999923961809
2026-02-17,0.004833923421756481,637691.4701038769,206606.4394308021,0.323991223211982,223658.1215288088,0.35073092869248507,207426.90431034254,0.3252778405151847,0.0,0.0,0.0,0.0,0.9999999924196518
2026-02-18,0.004833923421756481,639608.4089119253,207260.91001097517,0.32404344146062536,225131.7581817594,0.3519837373069313,207215.73588526726,0.3239728136748138,0.0,0.0,0.0,0.0,0.9999999924423705
2026-02-19,0.004833923421756481,644253.3992364965,208877.18538922022,0.32421588405549767,226027.7854226131,0.3508367758563295,209348.4235907398,0.3249473325850329,0.0,0.0,0.0,0.0,0.99999999249686
2026-02-20,0.004833923421756481,649465.3630626617,210911.17230880517,0.32474583604307783,228267.68419372625,0.3514701432533555,210286.5017262069,0.32378401326063944,0.0,0.0,0.0,0.0,0.9999999925570728
2026-02-23,0.004833923421756481,639746.8443950494,207608.83485094155,0.32451716904873273,223812.30752760358,0.34984511371719634,208325.69718258086,0.3256377096780768,0.0,0.0,0.0,0.0,0.9999999924440058
2026-02-24,0.004833923421756481,645376.0173282097,209765.57912558093,0.32502846944017044,225599.74188607646,0.34956325588303727,210010.69148262887,0.32540826718670385,0.0,0.0,0.0,0.0,0.9999999925099116
2026-02-25,0.004833923421756481,653414.2403053069,212988.7648107009,0.32596284511825485,228679.97263404238,0.34997702610091874,211745.4980266402,0.3240601213828802,0.0,0.0,0.0,0.0,0.9999999926020537
2026-02-26,0.004833923421756481,653626.9763236798,212750.7548306037,0.32549261664079226,227837.7385297431,0.34857456436577144,213038.4781294096,0.3259328115978979,0.0,0.0,0.0,0.0,0.9999999926044616
2026-02-27,0.004833923421756481,653983.7188467914,212348.4908258936,0.32469996531464174,226843.87326298215,0.3468647104288613,214791.3499239922,0.32843531686499267,0.0,0.0,0.0,0.0,0.9999999926084958
2026-03-02,0.004833923421756481,655782.3949662979,212996.77680377406,0.32479794889083663,227214.49056601277,0.3464784847993515,215571.12276258765,0.328723558938581,0.0,0.0,0.0,0.0,0.9999999926287692
2026-03-03,0.004833923421756481,650231.5876241192,211565.3455257008,0.3253692216010903,223277.70595888852,0.34338181996774836,215388.53130560648,0.33124895099700474,0.0,0.0,0.0,0.0,0.9999999925658435
2026-03-04,0.004833923421756481,657194.5956427064,213466.2111018037,0.3248143130164414,227299.65406780454,0.34586354722761503,216428.7256391747,0.32932213240055214,0.0,0.0,0.0,0.0,0.9999999926446087
2026-03-05,0.004833923421756481,648380.12327092,210559.85518688877,0.3247475479733486,223691.74462101996,0.3450009286104415,214128.51862908792,0.330251515960825,0.0,0.0,0.0,0.0,0.999999992544615
2026-03-06,0.004833923421756481,642468.6672109938,208134.8841085351,0.3239611435248115,219808.83806951152,0.34213160779298185,214524.94019902378,0.33390724115822357,0.0,0.0,0.0,0.0,0.9999999924760169
2026-03-09,0.004833923421756481,649440.9599169856,211474.67953594384,0.32562571902298165,222247.58540529318,0.3422136870358498,215718.69014182512,0.33216058649796165,0.0,0.0,0.0,0.0,0.9999999925567932
2026-03-10,0.004833923421756481,645593.709083869,210250.39744702136,0.32566983613483097,222014.30315723133,0.3438916768137056,213329.00364569292,0.3304384795639007,0.0,0.0,0.0,0.0,0.9999999925124372
2026-03-11,0.004833923421756481,645760.5571510128,209805.5249717924,0.32489677891975804,223380.42100959615,0.3459183416142867,212574.6063357008,0.32918487198032703,0.0,0.0,0.0,0.0,0.9999999925143718
2026-03-12,0.004833923421756481,641269.0313686705,207589.4823853416,0.3237166808792873,220776.70725099894,0.34428094364668094,212902.83689840656,0.3320023679359733,0.0,0.0,0.0,0.0,0.9999999924619416
2026-03-13,0.004833923421756481,642226.6651337461,206627.49120325124,0.3217360823226178,222341.55849891895,0.34620418392720503,213257.6105976525,0.33205972622335883,0.0,0.0,0.0,0.0,0.9999999924731817
2026-03-16,0.004833923421756481,649220.7590991443,209039.34844328274,0.3219850035808232,225157.37338191568,0.3468117281005355,215024.03244002236,0.33120326087290974,0.0,0.0,0.0,0.0,0.9999999925542685
2026-03-17,0.004833923421756481,649558.6306929976,208772.14841368247,0.3214061649692019,226742.01005726855,0.3490708911301252,214044.4673881232,0.3295229364588145,0.0,0.0,0.0,0.0,0.9999999925581415
2026-03-18,0.004833923421756481,639758.4678522961,205523.6262497204,0.3212519045502819,224077.5943807873,0.3502534247542326,210157.242387865,0.3284946631396287,0.0,0.0,0.0,0.0,0.9999999924441432
2026-03-19,0.004833923421756481,642884.2309096745,206833.98711250615,0.3217282010788135,225169.42330228476,0.35024878893618583,210880.81566096024,0.3280230024658811,0.0,0.0,0.0,0.0,0.9999999924808805
2026-03-20,0.004833923421756481,627377.2632384868,201970.3416826513,0.32192805432586374,219073.11197604236,0.34918879725605456,206333.80474586968,0.3288831407131109,0.0,0.0,0.0,0.0,0.9999999922950293
2026-03-23,0.004833923421756481,636771.807653513,205831.91135998786,0.32324281459393267,221970.87374412862,0.34858778462897927,208969.0177154732,0.3281693931857919,0.0,0.0,0.0,0.0,0.9999999924087037
2026-03-24,0.004833923421756481,633762.379296879,204169.4264479535,0.3221545379113022,222623.69689227396,0.3512731335350979,206969.25112272814,0.32657232092625627,0.0,0.0,0.0,0.0,0.9999999923726565
2026-03-25,0.004833923421756481,637304.2158204953,205344.74680072052,0.3222083609416424,223959.53076128356,0.35141699239027874,207999.9334245678,0.3263746390831245,0.0,0.0,0.0,0.0,0.9999999924150456
2026-03-26,0.004833923421756481,630704.2973212742,201989.21523775306,0.32025977323389293,220789.40938892195,0.35006802764252315,207925.66786067575,0.3296721914592578,0.0,0.0,0.0,0.0,0.9999999923356738
2026-03-27,0.004833923421756481,623656.591102338,199361.2221700881,0.31966506089145813,218415.0352809107,0.3502168315015374,205880.32881741584,0.33011809985606677,0.0,0.0,0.0,0.0,0.9999999922490622
2026-03-30,0.004833923421756481,622114.8415569093,199157.81871136418,0.32013031261712116,215101.28695504673,0.34575816647732216,207855.731056575,0.3341115131354103,0.0,0.0,0.0,0.0,0.9999999922298536
2026-03-31,0.004833923421756481,634379.5349825996,204336.78681611686,0.3221049475086261,220322.36326730484,0.34730370561740787,209720.38006525437,0.3305913392540426,0.0,0.0,0.0,0.0,0.9999999923800766
2026-04-01,0.0012740101988129027,634051.3437272297,211133.63568972837,0.33299138591615146,212485.8318361883,0.33512401470061415,210431.87492730288,0.3318845973739173,0.0,0.0,0.0,0.0,0.999999997990683
2026-04-02,0.0012740101988129027,637158.2350042368,211706.22426505652,0.3322663235509289,213307.57952767276,0.334779600747457,212144.42993749736,0.3329540737020949,0.0,0.0,0.0,0.0,0.9999999980004808
2026-04-06,0.0012740101988129027,644163.4730867749,214123.1390144705,0.3324049685531084,216298.7706196776,0.33578242116584606,213741.56217861667,0.331812608303271,0.0,0.0,0.0,0.0,0.9999999980222254
2026-04-07,0.0012740101988129027,642675.0680793229,213287.30705937685,0.3318742513176995,216256.13505612407,0.3364937365664734,213131.62468981187,0.33163201013347204,0.0,0.0,0.0,0.0,0.9999999980176449
2026-04-08,0.0012740101988129027,654857.1382130967,218156.3742811862,0.33313582696291244,222791.62030009326,0.3402140822775834,213909.142357807,0.32665008881402613,0.0,0.0,0.0,0.0,0.999999998054522
2026-04-09,0.0012740101988129027,657052.624860271,219413.33431803292,0.3339357092815715,224420.51601326326,0.3415563799946596,213218.77325496468,0.3245079087847915,0.0,0.0,0.0,0.0,0.9999999980610227
2026-04-10,0.0012740101988129027,654596.8183262148,219206.20611862183,0.3348720922278935,224069.17522125324,0.3423010453888115,211321.4357123295,0.32282686043704323,0.0,0.0,0.0,0.0,0.9999999980537483
2026-04-13,0.0012740101988129027,662585.4655976447,221951.8153335293,0.33497839427149406,226820.0731577036,0.342325760123812,213813.57583240166,0.32269584368190785,0.0,0.0,0.0,0.0,0.9999999980772138
2026-04-14,0.0012740101988129027,665536.9221538447,223525.4045489766,0.33585725616182527,228457.14500319885,0.3432674242382438,213554.37132765917,0.32087531768567185,0.0,0.0,0.0,0.0,0.9999999980857408
2026-04-15,0.0012740101988129027,664784.851022714,224139.33438786163,0.3371607130382749,227043.22095018145,0.3415288729893515,213602.29441066083,0.32131041205594885,0.0,0.0,0.0,0.0,0.9999999980835752
2026-04-16,0.0012740101988129027,668485.1636672308,224108.50166522915,0.33524828050901884,229728.17696695175,0.3436548624455479,214648.4837610397,0.3210968551396166,0.0,0.0,0.0,0.0,0.9999999980941834
2026-04-17,0.0012740101988129027,676898.8290088534,227511.95702756196,0.3361092489415228,233145.2633924475,0.3444314769074569,216241.60731483382,0.31945927226889254,0.0,0.0,0.0,0.0,0.9999999981178721
2026-04-20,0.0012740101988129027,675955.8724189326,227100.57622619145,0.3359695292142426,232933.3878607744,0.3445985120703424,215921.90705795662,0.3194319568306615,0.0,0.0,0.0,0.0,0.9999999981152465
2026-04-21,0.0012740101988129027,672067.8213882975,225408.56029386388,0.33539555550842337,232645.87459235598,0.3461642816223175,214013.38522806743,0.318440160973602,0.0,0.0,0.0,0.0,0.9999999981043428
2026-04-22,0.0012740101988129027,677486.5155322826,228041.52415273598,0.33659935500497745,234718.86423842283,0.34645540369760813,214726.12586711373,0.31694523941691927,0.0,0.0,0.0,0.0,0.9999999981195048
2026-04-23,0.0012740101988129027,678248.8564212165,226796.10688049882,0.3343847980477101,236069.2373309716,0.34805696330487323,215383.51093573592,0.31755823676903505,0.0,0.0,0.0,0.0,0.9999999981216184
2026-04-24,0.0012740101988129027,684068.5273774532,228830.41613894573,0.3345138783335407,240030.9431168644,0.35088727738591147,215207.16684763288,0.31459884241814645,0.0,0.0,0.0,0.0,0.9999999981375987
2026-04-27,0.0012740101988129027,683711.9694996363,228354.03072075313,0.33399156502682026,241546.51449583645,0.3532869472397981,213811.42300903655,0.312721485870009,0.0,0.0,0.0,0.0,0.9999999981366273
2026-04-28,0.0012740101988129027,679749.4417577494,226631.82746210956,0.33340494826456524,239120.4368128947,0.3517773198821,213997.176208735,0.31481772997909985,0.0,0.0,0.0,0.0,0.999999998125765
2026-04-29,0.0012740101988129027,684868.2072081655,226743.84416355228,0.3310766097434474,243636.84898299596,0.3557426763554562,214487.51278760718,0.3131807120408697,0.0,0.0,0.0,0.0,0.9999999981397732
2026-04-30,0.0012740101988129027,694086.4677360064,229290.46218371598,0.33034855575217165,247715.6254510756,0.3568944749190723,217080.37882720464,0.3127569674932353,0.0,0.0,0.0,0.0,0.9999999981644792
2026-05-01,0.0012740101988129027,681763.9562193963,224603.75340149688,0.3294450393755018,244559.44367603704,0.3587157130338761,212600.75786785226,0.3118392457219253,0.0,0.0,0.0,0.0,0.9999999981313031
2026-05-04,0.0012740101988129027,679040.1521715347,223266.60152448964,0.32879734844912306,243845.6817548896,0.35910348007416637,211927.86761814525,0.3120991696005178,0.0,0.0,0.0,0.0,0.9999999981238074
2026-05-05,0.0012740101988129027,690949.2598123618,225281.93751751506,0.32604700608362175,253044.14262465568,0.366226809032799,212623.17839618083,0.30772618303972427,0.0,0.0,0.0,0.0,0.9999999981561452
2026-05-06,0.0012740101988129027,699812.4986978797,228740.28735990718,0.3268593913162703,258856.9149844365,0.3698946724530983,212215.29507952582,0.30324593441012915,0.0,0.0,0.0,0.0,0.9999999981794978
2026-05-07,0.0012740101988129027,690953.020437978,226417.4875186281,0.32768868623673963,253243.6495829452,0.3665135574954435,211291.88206239452,0.30579775442397206,0.0,0.0,0.0,0.0,0.9999999981561551
2026-05-08,0.0012740101988129027,704153.2316711906,227932.538308903,0.32369735457713233,265056.88137622084,0.37641932104345016,211163.81071205664,0.29988332257013783,0.0,0.0,0.0,0.0,0.9999999981907203
2026-05-11,0.0012740101988129027,708367.3841266362,228126.37384350225,0.32204528180636793,268880.9196417318,0.37957834545592717,211360.08936739198,0.29837637093918873,0.0,0.0,0.0,0.0,0.9999999982014839
2026-05-12,0.0012740101988129027,706426.5273485212,228473.36803727338,0.32342127481369937,265212.38336937566,0.3754281204088065,212740.77466786202,0.3011506029740368,0.0,0.0,0.0,0.0,0.9999999981965426
2026-05-13,0.0012740101988129027,711007.549714373,229744.36564885004,0.32312507193649814,268333.4747275071,0.3773989106519367,212929.70806400562,0.29947601561972736,0.0,0.0,0.0,0.0,0.9999999982081622
2026-05-14,0.0012740101988129027,715750.3695666817,231532.9437859866,0.3234828141634878,269078.1358682134,0.37593852173784337,215139.28863847154,0.30057866231870445,0.0,0.0,0.0,0.0,0.9999999982200356
2026-05-15,0.0012740101988129027,708548.0199932788,230211.52622341728,0.32490603279873825,263562.0946956903,0.37197492231816615,214774.39780016104,0.303119043085038,0.0,0.0,0.0,0.0,0.9999999982019424
2026-05-18,0.0012740101988129027,711573.1654655067,231398.67032181213,0.32519308140355824,261816.69076757756,0.3679406468290562,218357.8031021069,0.3068662699769722,0.0,0.0,0.0,0.0,0.9999999982095865
2026-05-19,0.0012740101988129027,710002.8798960204,229931.23372416286,0.3238454944828339,262168.1810365244,0.36924946145981663,217903.46386132296,0.3069050422629762,0.0,0.0,0.0,0.0,0.9999999982056268
2026-05-20,0.0012740101988129027,720440.986517882,233115.85601397435,0.3235738393240183,268932.476415444,0.3732886960183641,218392.6528144535,0.3031374628892422,0.0,0.0,0.0,0.0,0.9999999982316246
2026-05-21,0.0012740101988129027,723932.9416890575,233460.05059848516,0.322488502945844,271963.57632576197,0.3756750945622465,218509.31349080018,0.30183640073206386,0.0,0.0,0.0,0.0,0.9999999982401544
2026-05-22,0.0012740101988129027,731786.5088511242,235452.27757269752,0.32174995674947365,275733.4148451729,0.3767948869104781,220600.81515924368,0.30145515459908956,0.0,0.0,0.0,0.0,0.9999999982590412
2026-05-26,0.0012740101988129027,742775.1227568187,236905.44839966993,0.3189463959433544,286245.3435426091,0.38537281981147414,219624.32954052952,0.29568078252996843,0.0,0.0,0.0,0.0,0.9999999982847969
2026-05-27,0.0012740101988129027,744057.0201146157,236731.28840070846,0.3181628316123434,288328.21222326264,0.3875082210484999,218997.5182166344,0.29432894562690864,0.0,0.0,0.0,0.0,0.999999998287752
2026-05-28,0.0012740101988129027,747445.6975062478,237919.7627364525,0.31831043182165586,289418.83978237666,0.3872105234507119,220107.09371340845,0.294479043023147,0.0,0.0,0.0,0.0,0.9999999982955148
2026-05-29,0.0012740101988129027,749435.7239900447,237046.4331260677,0.3162998847506455,292077.4598177599,0.3897298333507782,220311.82977220684,0.29397028019861704,0.0,0.0,0.0,0.0,0.9999999983000408
2026-06-01,0.0012740101988129027,756109.2372356667,237698.24014340437,0.31437023704726647,297185.7170353701,0.39304600764021913,221225.27878288212,0.29258375362755934,0.0,0.0,0.0,0.0,0.9999999983150448
2026-06-02,0.0012740101988129027,760477.1974604505,237910.9076626328,0.3128442357734278,300993.83582107397,0.3957960039120404,221572.45270273348,0.29135975863925445,0.0,0.0,0.0,0.0,0.9999999983247227
2026-06-03,0.0012740101988129027,759099.7388511732,238239.96964053568,0.3138454111459578,300361.24328424595,0.3956808676272432,220498.52465238137,0.29047371954848167,0.0,0.0,0.0,0.0,0.9999999983216827
2026-06-04,0.0012740101988129027,757896.9311541684,240076.19594022963,0.3167662858518611,296444.7029308346,0.3911411839066188,221376.0310090941,0.29209252856053936,0.0,0.0,0.0,0.0,0.9999999983190192
2026-06-05,0.0012740101988129027,738845.932215702,235521.27471760407,0.31876912959553916,284216.2076792049,0.3846758779964826,219108.44854488285,0.29655499068365354,0.0,0.0,0.0,0.0,0.9999999982756754
2026-06-08,0.0012740101988129027,745641.6762626779,236781.41300420644,0.3175538875334968,290231.5653716194,0.38923731681190976,218628.6966128418,0.2932087939459842,0.0,0.0,0.0,0.0,0.9999999982913909
2026-06-09,0.0012740101988129027,744926.8670785868,236876.2629526495,0.31798593046001655,288827.79749050207,0.38772637993741726,219222.80536142507,0.2942876878923175,0.0,0.0,0.0,0.0,0.9999999982897514
2026-06-10,0.0012740101988129027,736858.8461086889,235204.01261317506,0.319198193596066,282971.3713658839,0.38402385051118026,218683.46085561972,0.2967779541637792,0.0,0.0,0.0,0.0,0.9999999982710255
2026-06-11,0.0012740101988129027,752795.922590656,239371.82229508276,0.3179770441254698,293580.2391936085,0.38998648954325854,219843.85982795455,0.2920364646389005,0.0,0.0,0.0,0.0,0.9999999983076288
2026-06-12,0.0012740101988129027,754177.1545600074,239896.89015369306,0.31809090039813087,294039.9577964533,0.3898818149271552,220240.30533585083,0.29202728298544217,0.0,0.0,0.0,0.0,0.9999999983107283
2026-06-15,0.0012740101988129027,764589.5444120945,242596.32881500147,0.3172896236784637,300638.002696,0.3932018229822453,221355.21162708287,0.28950855167302414,0.0,0.0,0.0,0.0,0.9999999983337332
2026-06-16,0.0012740101988129027,757836.0658374542,241415.46381135398,0.3185589531748868,295675.87217425165,0.39015809025598713,220744.7285778384,0.2912829548880103,0.0,0.0,0.0,0.0,0.9999999983188842
2026-06-17,0.0012740101988129027,748811.3439019918,238027.8215332609,0.31787421955030526,292703.51445465186,0.39089086568774306,218080.0066400689,0.291234913060575,0.0,0.0,0.0,0.0,0.9999999982986233
2026-06-18,0.0012740101988129027,755539.9641972497,239896.51451981833,0.3175166449000549,298240.1514229462,0.3947377578363072,217403.29698047505,0.2877455955774132,0.0,0.0,0.0,0.0,0.9999999983137753
2026-06-22,0.0012740101988129027,765857.5296128442,241073.78351389442,0.3147762791282628,306160.0734727893,0.3997611326320173,218623.67135215033,0.28546258657621193,0.0,0.0,0.0,0.0,0.999999998336492
2026-06-23,0.0012740101988129027,753385.9415312605,238125.8709126315,0.3160742161297031,295824.2134967437,0.39265958811957596,219435.85584787515,0.2912661940596751,0.0,0.0,0.0,0.0,0.9999999983089541
2026-06-24,0.0012740101988129027,753736.4729909403,238369.86826282498,0.31625094022176914,295171.7873801796,0.3916113893346481,220194.8160739255,0.29213766875332325,0.0,0.0,0.0,0.0,0.9999999983097406
2026-06-25,0.0012740101988129027,766583.941579428,238678.93388675508,0.3113539443508221,307417.01626296516,0.40102198805466727,220487.99015569768,0.287624065932579,0.0,0.0,0.0,0.0,0.9999999983380683
2026-06-26,0.0012740101988129027,763035.1344348727,239199.90629698517,0.31348478661358625,300733.3616875866,0.39412780370895895,223101.8651762907,0.29238740800779356,0.0,0.0,0.0,0.0,0.9999999983303388
2026-06-29,0.0012740101988129027,768581.0340492314,243236.76062766256,0.3164751013255969,301872.1253788831,0.3927655146373891,223472.14676867565,0.2907593823794007,0.0,0.0,0.0,0.0,0.9999999983423866
2026-06-30,0.0012740101988129027,770728.1073552525,245838.78273325012,0.31896953074261686,300531.5572759246,0.38993200638185666,224357.7660720676,0.2910984612225309,0.0,0.0,0.0,0.0,0.9999999983470044
2026-07-01,0.015451141189259943,768175.5384163284,256311.98331984843,0.3336632976471257,254294.21195878737,0.3310365915621846,257569.3276865514,0.33530009067661365,0.0,0.0,0.0,0.0,0.999999979885924
2026-07-02,0.015451141189259943,766646.4833897213,255656.71514342597,0.3334740596644256,250904.47630563218,0.32727532407930715,260085.276489522,0.33925059610207436,0.0,0.0,0.0,0.0,0.999999979845807
2026-07-06,0.015451141189259943,762919.4574178001,254016.74087114466,0.3329535488987229,250556.7865648821,0.3284183987296956,258345.91453063212,0.3386280321189309,0.0,0.0,0.0,0.0,0.9999999797473494
2026-07-07,0.015451141189259943,763506.3956691839,254141.99343240322,0.3328616431688926,248781.9935904803,0.3258414009386686,260582.39319515918,0.34129693565535724,0.0,0.0,0.0,0.0,0.9999999797629184
2026-07-08,0.015451141189259943,761452.772236013,253614.46662314638,0.3330665746719986,248671.59339725826,0.3265752026445867,259166.69676446717,0.3403582023917541,0.0,0.0,0.0,0.0,0.9999999797083394
2026-07-09,0.015451141189259943,768727.4007940497,255738.6537193811,0.3326779472869294,253673.96252768632,0.32999209116997286,259314.76909584107,0.3373299414434614,0.0,0.0,0.0,0.0,0.9999999799003637
2026-07-10,0.015451141189259943,770061.6607733993,256853.04841382516,0.33354867733040866,253749.95447697738,0.32951900789623473,259458.64243145558,0.3369322947085463,0.0,0.0,0.0,0.0,0.9999999799351896
2026-07-13,0.015451141189259943,764648.889158137,254873.48749783344,0.3333209412995342,250933.0223249168,0.32816764123098247,258842.3638842456,0.3385113972626388,0.0,0.0,0.0,0.0,0.9999999797931556
2026-07-14,0.015451141189259943,767420.8695746051,256431.1163493503,0.33414665474434463,253762.15012378388,0.3306688157496273,257227.58765032975,0.33518450937217215,0.0,0.0,0.0,0.0,0.9999999798661442
2026-07-15,0.015451141189259943,759582.5694557964,256703.0750906819,0.3379528248977554,248129.5554752604,0.3266656785621516,254749.92343871298,0.3353814761984715,0.0,0.0,0.0,0.0,0.9999999796583784
2026-07-16,0.015451141189259943,761065.6667176364,257524.75048501656,0.33837389038410143,246216.34086081138,0.3235152387345313,257324.55992066735,0.3381108505793857,0.0,0.0,0.0,0.0,0.9999999796980183
2026-07-17,0.015451141189259943,757096.8358782588,254745.5622615073,0.3364768549930519,245950.77965933786,0.32486039830562274,256400.47850627243,0.3386627262929172,0.0,0.0,0.0,0.0,0.9999999795915919
2026-07-20,0.015451141189259943,755882.9255814772,253870.59687899746,0.3358596791741296,245662.748158122,0.32500105485137304,256349.5650932166,0.33913924553331437,0.0,0.0,0.0,0.0,0.999999979558817
2026-07-21,0.015451141189259943,765233.6871128195,255223.91958793305,0.3335241559357867,253566.80155018088,0.33135865007050735,256442.95052356442,0.33511717380230366,0.0,0.0,0.0,0.0,0.9999999798085978
2026-07-22,0.015451141189259943,767332.2915296957,255393.5417155907,0.33283304317410833,255192.8433482392,0.3325714897772724,256745.89101472474,0.33459544691243936,0.0,0.0,0.0,0.0,0.9999999798638199
2026-07-23,0.015451141189259943,765035.2055054286,253655.59487856046,0.3315606825060818,255172.1280142123,0.33354298753562606,256207.46716151474,0.3348963097616515,0.0,0.0,0.0,0.0,0.9999999798033593
2026-07-24,0.015451141189259943,770505.265267303,255779.2946348062,0.33196307172031003,255089.0709041235,0.33106726508303386,259636.8842772321,0.3369696431433978,0.0,0.0,0.0,0.0,0.9999999799467416
2026-07-27,0.015451141189259943,772543.0381271723,255964.41300756723,0.3313270593028522,255687.29547521242,0.33096835109026307,260891.3141932514,0.3377045696065217,0.0,0.0,0.0,0.0,0.9999999799996371
2026-07-28,0.015451141189259943,775124.8894857704,257629.90838133427,0.33237212722229814,253644.7042856253,0.3272307569092473,263850.2613676697,0.3403970959347105,0.0,0.0,0.0,0.0,0.9999999800662559
2026-07-29,0.015451141189259943,764945.3429581943,254849.87324847837,0.3331608925977949,246657.85529797425,0.32245160725353234,263437.5989606005,0.3443874799496594,0.0,0.0,0.0,0.0,0.9999999798009866
2026-07-30,0.015451141189259943,771148.8930376414,257429.8920546532,0.33382644308884135,252549.47521511387,0.3274976823480785,261169.51031673324,0.33867585452655896,0.0,0.0,0.0,0.0,0.9999999799634788
2026-07-31,0.015451141189259943,754320.3555352634,252977.57028312367,0.3353715280606627,244922.69089934073,0.32469320110756433,256420.07890165792,0.3399352503482463,0.0,0.0,0.0,0.0,0.9999999795164732
2026-08-03,0.015451141189259943,747925.016951713,251615.85865491367,0.33641856195747266,243176.9359156251,0.3251354486131929,253132.20693003308,0.3384459687706577,0.0,0.0,0.0,0.0,0.9999999793413232
2026-08-04,0.015451141189259943,761275.0649170277,255036.38577142596,0.3350121362496257,249509.30588995133,0.3277518434380163,256729.35780450926,0.3372360000159607,0.0,0.0,0.0,0.0,0.9999999797036027
2026-08-05,0.015451141189259943,761204.426434241,255300.27049713075,0.33538989216477666,248934.90891810294,0.3270276686174893,256969.2315678662,0.3375824189194534,0.0,0.0,0.0,0.0,0.9999999797017193
2026-08-06,0.015451141189259943,760280.6247966595,255310.2121795783,0.33581049398419455,247352.46845209843,0.3253436433662294,257617.92871384163,0.33884584232663134,0.0,0.0,0.0,0.0,0.9999999796770552
2026-08-07,0.015451141189259943,768422.1108122639,257442.06487699974,0.3350268833426325,250434.26332193537,0.32590715415152843,260545.76716218764,0.3390659423982173,0.0,0.0,0.0,0.0,0.9999999798923782
2026-08-10,0.015451141189259943,766331.4262637522,256657.09261045142,0.3349165697951117,249438.5294691511,0.3254969337291677,260235.78873300846,0.3395864763132418,0.0,0.0,0.0,0.0,0.9999999798375212
