signal_date,trade_date,asset,side,quantity,raw_open_usd,execution_price_usd,usdjpy,notional_jpy,commission_usd,commission_jpy,slippage_jpy,fx_cost_jpy,pre_trade_equity_jpy
2007-04-30,2007-05-01,SPY,BUY,2.0124429552265033,121.405674769,121.4663776063845,119.36000061035156,29162.27346198503,0.32266628580232304,38.51344807030515,14.581136730991767,29.16227346198503,100000.0
2007-04-30,2007-05-01,GLD,BUY,3.231843646593523,66.98,67.01349,119.36000061035156,25837.726538014977,0.2858818008981774,34.12285192969485,12.918863269007666,25.837726538014977,100000.0
2007-04-30,2007-05-01,IEF,BUY,7.328743249224527,51.121183513,51.14674410475649,119.36000061035156,44718.70507798221,0.494790589362364,59.058205048287974,22.35935253898668,44.71870507798221,100000.0
2007-05-31,2007-06-01,SPY,SELL,0.08035460511322562,125.871885416,125.808949473292,121.75,1231.4264525782382,0.013344313560119695,1.624670175944573,0.6157132262890677,1.2314264525782384,101532.08649821614
2007-05-31,2007-06-01,GLD,BUY,0.04777441168893246,65.7,65.73285,121.75,382.14632473947853,0.01,1.2175,0.1910731623697176,0.3821463247394785,101532.08649821614
2007-05-31,2007-06-01,IEF,BUY,0.13754585605927988,50.253746924,50.278873797462,121.75,841.559697523242,0.01,1.2175,0.42077984876161795,0.841559697523242,101532.08649821614
2007-06-29,2007-07-02,IEF,SELL,0.06501649995956693,50.106616922,50.081563613539004,123.16000366210938,401.22534644863487,0.01,1.2316000366210937,0.20061267322429305,0.40122534644863483,101498.27495340952
2007-06-29,2007-07-02,SPY,BUY,0.015337344835836908,123.409743649,123.4714485208245,123.16000366210938,233.11452009564528,0.01,1.2316000366210937,0.11655726004780148,0.2331145200956453,101498.27495340952
2007-06-29,2007-07-02,GLD,BUY,0.02054360738469048,64.51,64.542255,123.16000366210938,163.2200255747837,0.01,1.2316000366210937,0.081610012787372,0.1632200255747837,101498.27495340952
2007-07-31,2007-08-01,GLD,SELL,0.04075540056684773,65.5,65.46725,118.41999816894533,316.1196671627986,0.01,1.1841999816894533,0.15805983358136527,0.3161196671627986,97847.68354600568
2007-07-31,2007-08-01,IEF,SELL,0.1372278214390516,51.186979072,51.161385582464,118.41999816894533,831.8149433837169,0.01,1.1841999816894533,0.41590747169185743,0.8318149433837169,97847.68354600568
2007-07-31,2007-08-01,SPY,BUY,0.08110825455030275,118.755395923,118.81477362096149,118.41999816894533,1140.6265004194065,0.012720653752204913,1.5063797940438932,0.5703132502096495,1.1406265004194065,97847.68354600568
2007-08-31,2007-09-04,SPY,SELL,0.41275087009833755,120.61222709,120.55192097645501,115.77999877929688,5763.852717265192,0.06568044156307634,7.604481443996659,2.8819263586324175,5.763852717265192,97618.69788944328
2007-08-31,2007-09-04,IEF,SELL,0.02913667862660239,52.441965959,52.415744976020505,115.77999877929688,176.9100677074457,0.01,1.1577999877929688,0.08845503385370763,0.17691006770744572,97618.69788944328
2007-08-31,2007-09-04,GLD,BUY,0.764372571129228,66.74,66.77336999999999,115.77999877929688,5906.426954210501,0.06737244691301948,7.8003818213476395,2.9532134771044363,5.9064269542105015,97618.69788944328
2007-09-28,2007-10-01,GLD,SELL,0.21747356332196693,73.49,73.453255,114.73999786376952,1833.789810875769,0.02108586625523015,2.4193922490808375,0.9168949054377912,1.833789810875769,100657.58923171497
2007-09-28,2007-10-01,SPY,BUY,0.008663809293572683,124.824861674,124.887274104837,114.73999786376952,124.08658001624279,0.01,1.1473999786376952,0.06204329000812138,0.12408658001624279,100657.58923171497
2007-09-28,2007-10-01,IEF,BUY,0.28192055321525394,52.505069778,52.531322312888996,114.73999786376952,1698.4110878343915,0.01954875047080359,2.2430235872593673,0.8492055439170857,1.6984110878343917,100657.58923171497
2007-10-31,2007-11-01,GLD,SELL,0.13960860162600422,78.4,78.36080000000001,115.38999938964844,1262.9798181828812,0.014440591057589392,1.6662997933214028,0.6314899090913423,1.262979818182881,104030.10608208615
2007-10-31,2007-11-01,SPY,BUY,0.03745510587136104,125.38927291,125.451967546455,115.38999938964844,541.925496422733,0.01,1.1538999938964845,0.27096274821133315,0.541925496422733,104030.10608208615
2007-10-31,2007-11-01,IEF,BUY,0.11632652416438133,53.140712418,53.167282774209,115.38999938964844,713.3034014587806,0.01,1.1538999938964845,0.3566517007293851,0.7133034014587806,104030.10608208615
2007-11-30,2007-12-03,IEF,SELL,0.2767054883469459,55.679238585,55.6513989657075,111.76000213623048,1721.8585138817798,0.020326742736955797,2.2717168117047875,0.8609292569408935,1.72185851388178,101726.81442103672
2007-11-30,2007-12-03,SPY,BUY,0.07373344095607424,121.21753769,121.278146458845,111.76000213623048,998.8870001231336,0.011803776667564691,1.3191901055826174,0.49944350006156946,0.9988870001231337,101726.81442103672
2007-11-30,2007-12-03,GLD,BUY,0.08244923506587501,77.39,77.42869499999999,111.76000213623048,713.1122203141088,0.01,1.117600021362305,0.3565561101569616,0.7131122203141087,101726.81442103672
2007-12-31,2008-01-02,GLD,SELL,0.21005255518372792,83.56,83.51822000000001,111.81999969482422,1962.663685420608,0.023157044480323685,2.589420706722825,0.9813318427100363,1.962663685420608,103707.40315166369
2007-12-31,2008-01-02,SPY,BUY,0.05287750279988682,119.859678775,119.9196086143875,111.81999969482422,708.701795577912,0.01,1.1181999969482421,0.3543508977889157,0.708701795577912,103707.40315166369
2007-12-31,2008-01-02,IEF,BUY,0.20130558375514598,55.208446882,55.23605110544099,111.81999969482422,1242.7416045684934,0.014677509675985037,1.6412391274894265,0.6213708022841491,1.2427416045684934,103707.40315166369
2008-01-31,2008-02-01,GLD,SELL,0.20338481135966316,91.75,91.704125,106.2509994506836,1982.702772294859,0.02461961853651692,2.615859075599499,0.9913513861473263,1.9827027722948591,101982.82004493801
2008-01-31,2008-02-01,IEF,SELL,0.024256272492106143,57.333673847,57.3050070100765,106.2509994506836,147.7633941167078,0.01,1.062509994506836,0.07388169705835082,0.14776339411670777,101982.82004493801
2008-01-31,2008-02-01,SPY,BUY,0.17663547603666963,112.833167886,112.88958446994299,106.2509994506836,2117.6185786333485,0.02632120325000787,2.7966541520579176,1.0588092893164944,2.1176185786333486,101982.82004493801
2008-02-29,2008-03-03,GLD,SELL,0.1517121878221967,97.52,97.47124,103.7699966430664,1535.2742525140275,0.019519599092587984,2.025548732311857,0.7676371262570368,1.5352742525140275,101050.36349762371
2008-02-29,2008-03-03,SPY,BUY,0.10159178941634005,108.906828855,108.9612822694275,103.7699966430664,1148.1153545414636,0.014611834568562085,1.5162700241287292,0.574057677270722,1.1481153545414635,101050.36349762371
2008-02-29,2008-03-03,IEF,BUY,0.0631594052992557,57.67244815,57.701284374074994,103.7699966430664,377.98818238073653,0.01,1.037699966430664,0.1889940911903244,0.37798818238073656,101050.36349762371
2008-03-31,2008-04-01,SPY,SELL,0.055872184878907646,109.373081615,109.31839507419251,99.8499984741211,610.1746573968849,0.01,0.9984999847412109,0.30508732869841465,0.6101746573968849,95009.526891662
2008-03-31,2008-04-01,IEF,SELL,0.2990347672875702,58.674600965,58.64526366451751,99.8499984741211,1751.94267590651,0.023148804059617095,2.311408050030495,0.8759713379531271,1.75194267590651,95009.526891662
2008-03-31,2008-04-01,GLD,BUY,0.26771760064561345,87.86,87.90392999999999,99.8499984741211,2348.6385531222336,0.03106412657953434,3.1017529915664084,1.1743192765608206,2.3486385531222336,95009.526891662
2008-04-30,2008-05-01,SPY,SELL,0.09496648691713151,113.20126217,113.14466153891502,103.94300079345705,1117.4211629559868,0.014183335346107814,1.474258437134352,0.5587105814778949,1.1174211629559867,97531.47261475195
2008-04-30,2008-05-01,GLD,BUY,0.08859860882909035,84.51,84.552255,103.94300079345705,778.2699371835805,0.01,1.0394300079345704,0.38913496859176505,0.7782699371835805,97531.47261475195
2008-04-30,2008-05-01,IEF,BUY,0.055675944333823627,57.413173,57.4418795865,103.94300079345705,332.257193070268,0.01,1.0394300079345704,0.1661285965351354,0.33225719307026796,97531.47261475195
2008-05-30,2008-06-02,SPY,SELL,0.008441335482966637,114.379163879,114.3219742970605,105.5,101.86161037648708,0.01,1.055,0.05093080518824064,0.10186161037648708,99581.79228293951
2008-05-30,2008-06-02,GLD,SELL,0.09944046810173067,87.47,87.426265,105.5,917.6450920825592,0.011475695505101456,1.2106858757882037,0.4588225460412595,0.9176450920825593,99581.79228293951
2008-05-30,2008-06-02,IEF,BUY,0.17007151077345223,56.449881145,56.4781060855725,105.5,1012.8544980624124,0.01267901821242754,1.3376364214111054,0.5064272490312006,1.0128544980624123,99581.79228293951
2008-06-30,2008-07-01,GLD,SELL,0.18645380950195678,92.53,92.48373500000001,106.12000274658205,1830.8428811856902,0.022762007014189678,2.4155042468635286,0.9154214405926694,1.8308428811856903,100219.67942609038
2008-06-30,2008-07-01,IEF,SELL,0.0637074319876569,56.970367836,56.94188265208201,106.12000274658205,385.1557406963693,0.01,1.0612000274658204,0.19257787034814136,0.3851557406963693,100219.67942609038
2008-06-30,2008-07-01,SPY,BUY,0.20058952054722293,103.491752942,103.543498818471,106.12000274658205,2202.9834572917835,0.02741605783458833,2.909392132706966,1.1014917286456491,2.2029834572917832,100219.67942609038
2008-07-31,2008-08-01,SPY,SELL,0.028411295703092223,103.982545321,103.93055404833952,107.80999755859376,318.5007948593339,0.01,1.0780999755859377,0.1592503974296277,0.31850079485933386,100863.11809270336
2008-07-31,2008-08-01,IEF,SELL,0.0717586131307753,56.985526086,56.957033322957,107.80999755859376,440.85689218527847,0.01,1.0780999755859377,0.2204284460926209,0.4408568921852785,100863.11809270336
2008-07-31,2008-08-01,GLD,BUY,0.0781277543187321,89.5,89.54475,107.80999755859376,753.8542937113025,0.01,1.0780999755859377,0.3769271468555957,0.7538542937113025,100863.11809270336
2008-08-29,2008-09-02,SPY,SELL,0.10277436720152312,106.362888358,106.30970691382102,108.05599975585938,1181.2010373594385,0.014422204969190493,1.5584057766298018,0.5906005186795978,1.1812010373594384,98297.14181224261
2008-08-29,2008-09-02,IEF,SELL,0.3220797582573001,57.935081569,57.9061140282155,108.05599975585938,2016.2943827670533,0.02461851111433204,2.660177830959884,1.0081471913835125,2.0162943827670534,98297.14181224261
2008-08-29,2008-09-02,GLD,BUY,0.3764669916305801,78.16,78.19908,108.05599975585938,3179.5110608913155,0.03885997156256036,4.199053077676725,1.5897555304455948,3.1795110608913157,98297.14181224261
2008-09-30,2008-10-01,GLD,SELL,0.3138515465671406,86.23,86.186885,106.06999969482422,2870.6168302724946,0.03570585103939167,3.787319608851713,1.4353084151362552,2.8706168302724944,97389.29284303538
2008-09-30,2008-10-01,SPY,BUY,0.2739038556328938,94.28939584,94.33654053791999,106.06999969482422,2739.388109135518,0.034107667678134695,3.617800300210913,1.3696940545674585,2.739388109135518,97389.29284303538
2008-09-30,2008-10-01,IEF,BUY,0.018463949784382483,58.299638147,58.3287879660735,106.06999969482422,114.17815924943068,0.01,1.0606999969482422,0.05708907962470665,0.11417815924943067,97389.29284303538
2008-10-31,2008-11-03,IEF,SELL,0.6044126860997705,57.563950364,57.535168388818,98.44000244140624,3424.962155439498,0.045902981085836285,4.518689570157548,1.7124810777197221,3.424962155439498,81597.41954401424
2008-10-31,2008-11-03,SPY,BUY,0.16941145756929835,79.1648107,79.20439310535,98.44000244140624,1320.2208051197376,0.017711933820067118,1.7435628084894328,0.6601104025596913,1.3202208051197377,81597.41954401424
2008-10-31,2008-11-03,GLD,BUY,0.2960904096918841,71.55,71.585775,98.44000244140624,2085.4779137182895,0.027978537111176566,2.754207261531196,1.0427389568591738,2.0854779137182895,81597.41954401424
2008-11-28,2008-12-01,GLD,SELL,0.12121407015536281,77.15,77.11142500000001,95.5,893.0840564424361,0.0123380263772436,1.1782815190267637,0.4465420282211541,0.8930840564424362,82492.02079330827
2008-11-28,2008-12-01,IEF,SELL,0.27249158140382235,62.619904927,62.588594974536505,95.5,1629.5544059474053,0.022512422093640308,2.1499363099426496,0.8147772029735723,1.6295544059474052,82492.02079330827
2008-11-28,2008-12-01,SPY,BUY,0.3669424324483284,71.582068447,71.61785948122349,95.5,2508.4505891421795,0.0346891136655132,3.3128103550565107,1.2542252945708465,2.5084505891421793,82492.02079330827
2008-12-31,2009-01-02,GLD,SELL,0.16177527497347488,85.93,85.88703500000001,90.66699981689452,1260.3936415523895,0.01834060628899153,1.6628877470457295,0.6301968207761252,1.2603936415523895,83277.35491302649
2008-12-31,2009-01-02,SPY,BUY,0.08263759749201302,73.978771231,74.0157606166155,90.66699981689452,554.2861680978966,0.01,0.9066699981689452,0.2771430840489394,0.5542861680978967,83277.35491302649
2008-12-31,2009-01-02,IEF,BUY,0.1179808786260431,65.331158699,65.3638242783495,90.66699981689452,698.8455949813596,0.010179419472707708,0.9229374234680823,0.3494227974906571,0.6988455949813596,83277.35491302649
2009-01-30,2009-02-02,GLD,SELL,0.23151218136075633,89.88,89.83506,89.9000015258789,1870.6675377283282,0.02745324212832224,2.4680465092264927,0.935333768864099,1.8706675377283282,80501.81550933307
2009-01-30,2009-02-02,SPY,BUY,0.23225548051388276,66.723223897,66.75658550894849,89.9000015258789,1393.1654386905102,0.020466049355197954,1.8398978682610092,0.6965827193451082,1.3931654386905101,80501.81550933307
2009-01-30,2009-02-02,IEF,BUY,0.0825785759226889,62.865188388,62.896620982193994,89.9000015258789,466.69947204543683,0.01,0.899000015258789,0.2333497360226749,0.4666994720454369,80501.81550933307
2009-02-27,2009-03-02,GLD,SELL,0.1688235139357881,93.4,93.3533,97.62000274658205,1539.2835469088716,0.020803506429422386,2.0308383547787505,0.7696417734544571,1.5392835469088715,86010.76013965599
2009-02-27,2009-03-02,IEF,SELL,0.06195932793350162,62.478045599,62.4468065762005,97.62000274658205,377.89656965968607,0.01,0.9762000274658205,0.1889482848298234,0.37789656965968604,86010.76013965599
2009-02-27,2009-03-02,SPY,BUY,0.3291255827956706,59.32043885,59.350099069425,97.62000274658205,1905.920634304522,0.025784399447670983,2.51707314490061,0.9529603171521671,1.905920634304522,86010.76013965599
2009-03-31,2009-04-01,SPY,SELL,0.17893727776116125,64.236542511,64.2044242397445,98.97000122070312,1137.5920775906889,0.015164905659661025,1.5008707316484993,0.5687960387953197,1.137592077590689,89451.67569439464
2009-03-31,2009-04-01,IEF,SELL,0.03036887968782228,64.399380113,64.3671804229435,98.97000122070312,193.5592959121568,0.01,0.9897000122070313,0.09677964795608182,0.19355929591215681,89451.67569439464
2009-03-31,2009-04-01,GLD,BUY,0.14634342300001088,91.34,91.38567,98.97000122070312,1322.9328234947227,0.017653273124453216,1.7471444626765404,0.6614664117473789,1.3229328234947226,89451.67569439464
2009-04-30,2009-05-01,SPY,SELL,0.3446414899135515,71.524809337,71.4890469323315,98.69000244140624,2432.74969966937,0.03252228097438127,3.2096239887617872,1.2163748498343112,2.43274969966937,88794.05387701059
2009-04-30,2009-05-01,GLD,BUY,0.15278472301750154,86.75,86.793375,98.69000244140624,1308.0446666498901,0.017504126322050468,1.7274822694578438,0.6540223333249073,1.3080446666498902,88794.05387701059
2009-04-30,2009-05-01,IEF,BUY,0.18069332668315571,62.302831592,62.33398300779599,98.69000244140624,1111.0230229667204,0.014867601876718746,1.467283665511229,0.555511511483293,1.1110230229667204,88794.05387701059
2009-05-29,2009-06-01,SPY,SELL,0.8308649839536479,76.620870203,76.5825597678985,95.43000030517578,6075.226325321784,0.08399129282634324,8.015289100050044,3.0376131626603824,6.0752263253217835,89233.77031432271
2009-05-29,2009-06-01,GLD,BUY,0.37461206002404873,96.47,96.51823499999999,95.43000030517578,3448.728121863216,0.04772710119307051,4.554597281419874,1.7243640609312916,3.448728121863216,89233.77031432271
2009-05-29,2009-06-01,IEF,BUY,0.4487385989800018,60.535740593,60.5660084632965,95.43000030517578,2592.329564443807,0.03587536363439239,3.423585962578358,1.2961647822218285,2.592329564443807,89233.77031432271
2009-06-30,2009-07-01,SPY,SELL,0.010062365658641883,75.532947097,75.4951806234515,96.33100128173828,73.21542702281113,0.01,0.9633100128173828,0.03660771351140679,0.07321542702281113,88367.04044253318
2009-06-30,2009-07-01,IEF,SELL,0.1290587984405912,60.563065007,60.532783474496505,96.33100128173828,752.9420253961653,0.010312220557957552,0.9933865317861768,0.3764710126980105,0.7529420253961653,88367.04044253318
2009-06-30,2009-07-01,GLD,BUY,0.09228729106472049,92.31,92.356155,96.33100128173828,820.647637571316,0.01125075515269654,1.083796509034934,0.41032381878564766,0.8206476375713159,88367.04044253318
2009-07-31,2009-08-03,SPY,SELL,0.10913016692794432,81.676031705,81.6351936891475,94.63999938964844,843.5565022570881,0.011759698255129087,1.1129378356878665,0.42177825112855005,0.8435565022570881,88919.33753370956
2009-07-31,2009-08-03,GLD,BUY,0.016923300681432944,94.14,94.18706999999999,94.63999938964844,150.7766165824578,0.01,0.9463999938964844,0.07538830829121423,0.15077661658245778,88919.33753370956
2009-07-31,2009-08-03,IEF,BUY,0.1191299952752579,60.956504679,60.9869829313395,94.63999938964844,687.2518371151178,0.01,0.9463999938964844,0.3436259185575485,0.6872518371151178,88919.33753370956
2009-08-31,2009-09-01,GLD,SELL,0.5832492937086641,93.41,93.36329500000001,92.87000274658205,5059.68001534446,0.07187938014452402,6.675438231444561,2.5298400076716168,5.05968001534446,87749.97645216776
2009-08-31,2009-09-01,IEF,SELL,0.03776887226839946,61.645555386,61.614732608307,92.87000274658205,216.22765856869225,0.01,0.9287000274658205,0.1081138292843349,0.21622765856869222,87749.97645216776
2009-08-31,2009-09-01,SPY,BUY,0.6773064437598622,83.393805031,83.4355019335155,92.87000274658205,5245.591365233349,0.0745950520892392,6.927642692409075,2.6227956826164833,5.245591365233349,87749.97645216776
2009-09-30,2009-10-01,GLD,SELL,0.07427292662319986,98.84,98.79058,89.87000274658203,659.7479185436023,0.01,0.8987000274658203,0.3298739592717864,0.6597479185436023,87771.04866868966
2009-09-30,2009-10-01,SPY,BUY,0.004880085494014493,86.166781971,86.2098653619855,89.87000274658203,37.790449639414874,0.01,0.8987000274658203,0.018895224819707904,0.03779044963941487,87771.04866868966
2009-09-30,2009-10-01,IEF,BUY,0.10952216337946433,62.715297198,62.746654846599,89.87000274658203,617.2914382620864,0.01,0.8987000274658203,0.3086457191310271,0.6172914382620864,87771.04866868966
2009-10-30,2009-11-02,GLD,SELL,0.11418967789224677,103.5,103.44825,90.08999633789062,1064.740483134723,0.015592793496741935,1.4047547090189656,0.5323702415673452,1.0647404831347231,88776.49804439602
2009-10-30,2009-11-02,SPY,BUY,0.054667894866026336,85.17701734,85.21960584867,90.08999633789062,419.4994038932163,0.01,0.9008999633789063,0.2097497019465763,0.41949940389321627,88776.49804439602
2009-10-30,2009-11-02,IEF,BUY,0.11388965313899643,62.264137636,62.295269704818,90.08999633789062,638.849879177202,0.01,0.9008999633789063,0.3194249395885613,0.6388498791772019,88776.49804439602
2009-11-30,2009-12-01,SPY,SELL,0.0005069810615497371,90.731151094,90.685785518453,86.25,3.9674116193891673,0.01,0.8625,0.001983705809694377,0.003967411619389167,90517.55409503533
2009-11-30,2009-12-01,GLD,SELL,0.18202056771373365,117.3,117.24135,86.25,1841.5248361308077,0.0281692449542124,2.4295973773008193,0.9207624180654052,1.8415248361308076,90517.55409503533
2009-11-30,2009-12-01,IEF,BUY,0.33587509952353356,63.317446351,63.3491050741755,86.25,1834.257497544438,0.02808615080240043,2.422430506707037,0.9171287487721194,1.834257497544438,90517.55409503533
2010-01-29,2010-02-01,SPY,SELL,0.052420651096988014,88.465326278,88.42109361486101,90.2699966430664,418.61898540335454,0.01,0.9026999664306641,0.20930949270167193,0.4186189854033545,90573.13293649103
2010-01-29,2010-02-01,IEF,SELL,0.17704882522695048,62.024267445,61.9932553112775,90.2699966430664,991.2840523347841,0.01448809959281004,1.307840701607374,0.4956420261673672,0.9912840523347841,90573.13293649103
2010-01-29,2010-02-01,GLD,BUY,0.1456022452361893,106.64,106.69332,90.2699966430664,1401.6243530823006,0.02050591876568825,1.8510692181416708,0.7008121765411419,1.4016243530823005,90573.13293649103
2010-02-26,2010-03-01,GLD,SELL,0.6221724556552005,109.48,109.42526000000001,88.9209976196289,6056.8929176815,0.08986742519687961,7.991101102013911,3.0284464588404925,6.0568929176815,90793.67656628817
2010-02-26,2010-03-01,SPY,BUY,0.691315774938289,90.960187537,91.00566763076849,88.9209976196289,5591.5490712016,0.08304602280736223,7.384535196373105,2.795774535600147,5.5915490712016,90793.67656628817
2010-02-26,2010-03-01,IEF,BUY,0.07766956410360427,62.399649921,62.430849745960494,88.9209976196289,430.96038198100706,0.01,0.889209976196289,0.2154801909904721,0.43096038198100706,90793.67656628817
2010-03-31,2010-04-05,SPY,SELL,0.1622521610751084,96.726997988,96.678634489006,94.52999877929688,1483.5693470436527,0.020705938935833886,1.9573323823285729,0.7417846735217182,1.4835693470436526,97643.19762457737
2010-03-31,2010-04-05,GLD,BUY,0.004122688824812648,110.56,110.61528,94.52999877929688,43.08719660442875,0.01,0.9452999877929688,0.021543598302212905,0.04308719660442875,97643.19762457737
2010-03-31,2010-04-05,IEF,BUY,0.2477729091335426,61.107233379,61.137786995689495,94.52999877929688,1431.2519579601026,0.01999573929131969,1.8901972107995888,0.7156259789799412,1.4312519579601026,97643.19762457737
2010-04-30,2010-05-03,GLD,SELL,0.05225298207576434,115.91,115.852045,93.83000183105467,568.2948380799098,0.01,0.9383000183105468,0.28414741903991886,0.5682948380799098,99364.82491344995
2010-04-30,2010-05-03,SPY,BUY,0.04920384972098795,97.651323635,97.70014929681749,93.83000183105467,450.8363682189046,0.01,0.9383000183105468,0.22541818410940023,0.4508363682189046,99364.82491344995
2010-04-30,2010-05-03,IEF,BUY,0.019260583480492203,62.497137332,62.528385900665995,93.83000183105467,112.9461129800777,0.01,0.9383000183105468,0.05647305649002803,0.11294611298007769,99364.82491344995
2010-06-30,2010-07-01,SPY,SELL,0.8572022693856216,84.375389788,84.33320209310601,88.43000030517578,6395.856788961366,0.09542360812877208,8.43830969594829,3.1979283944804373,6.395856788961366,93595.74643077714
2010-06-30,2010-07-01,IEF,SELL,0.46405130593640853,66.518339721,66.4850805511395,88.43000030517578,2729.650388689283,0.04072528476065755,3.601336943813318,1.3648251943446428,2.729650388689283,93595.74643077714
2010-06-30,2010-07-01,GLD,BUY,0.8486830407539282,120.91,120.97045499999999,88.43000030517578,9074.179614157194,0.13551855713983782,11.98390604923284,4.537089807077876,9.074179614157195,93595.74643077714
2010-07-30,2010-08-02,SPY,SELL,0.17737445043224778,91.606397503,91.5605943042485,86.44000244140625,1404.5319983441623,0.021437473326675217,1.8530552466953871,0.7022659991720805,1.4045319983441622,91872.55387417095
2010-07-30,2010-08-02,IEF,SELL,0.01607602489446011,66.947150869,66.9136772935655,86.44000244140625,93.0305395182586,0.01,0.8644000244140625,0.04651526975912794,0.0930305395182586,91872.55387417095
2010-07-30,2010-08-02,GLD,BUY,0.14828564262135846,116.12,116.17806,86.44000244140625,1488.4042493422494,0.022740350536995618,1.965675955936335,0.7442021246710935,1.4884042493422494,91872.55387417095
2010-08-31,2010-09-01,GLD,SELL,0.08560483802453797,122.15,122.08892500000002,84.53199768066406,883.9199044553534,0.013795851496963754,1.166190886744126,0.44195995222759143,0.8839199044553534,92040.09098108516
2010-08-31,2010-09-01,IEF,SELL,0.05550487523451441,69.120092395,69.0855323488025,84.53199768066406,324.30718700643774,0.01,0.8453199768066406,0.1621535935032104,0.32430718700643774,92040.09098108516
2010-08-31,2010-09-01,SPY,BUY,0.16274006779109132,87.303784315,87.3474362071575,84.53199768066406,1201.0157266358165,0.018763704550444703,1.5861334295388574,0.6005078633178897,1.2010157266358166,92040.09098108516
2010-09-30,2010-10-01,GLD,SELL,0.4484436569643256,128.72,128.65564,83.76599884033203,4835.280666912622,0.07615714351170522,6.379379195084499,2.417640333456068,4.835280666912622,94344.84416331406
2010-09-30,2010-10-01,SPY,BUY,0.6102358172225982,94.060359397,94.1073895766985,83.76599884033203,4808.084591299442,0.07580456371622908,6.349844996345521,2.404042295649493,4.808084591299441,94344.84416331406
2010-10-29,2010-11-01,SPY,SELL,0.038304649101663465,97.397747572,97.349048698214,81.67900085449219,304.7269173183959,0.01,0.8167900085449219,0.152363458659181,0.3047269173183959,93941.19928425473
2010-10-29,2010-11-01,GLD,SELL,0.029369233478227886,132.85,132.783575,81.67900085449219,318.68717551945156,0.01,0.8167900085449219,0.1593435877596804,0.3186871755194516,93941.19928425473
2010-10-29,2010-11-01,IEF,BUY,0.1089175136084448,69.591070815,69.62586635040749,81.67900085449219,619.1012121481328,0.010010188644350753,0.8176222068355532,0.309550606074039,0.6191012121481329,93941.19928425473
2010-11-30,2010-12-01,GLD,SELL,0.48554900899183395,135.71,135.64214500000003,84.25399780273438,5551.8207995039775,0.0869363999886052,7.324739253617579,2.7759103997511803,5.551820799503978,96847.28487958724
2010-11-30,2010-12-01,IEF,SELL,0.3006974092890588,68.040809066,68.006788661467,84.25399780273438,1723.81109859221,0.0269932940172346,2.2742929348166467,0.8619055492959908,1.72381109859221,96847.28487958724
2010-11-30,2010-12-01,SPY,BUY,0.8733323548543489,98.322073219,98.3712342556095,84.25399780273438,7234.709454686034,0.1134022317943419,9.554591388425656,3.617354727342306,7.234709454686034,96847.28487958724
2010-12-31,2011-01-03,SPY,SELL,0.1529663149785851,103.647170529,103.59534694373549,81.4800033569336,1291.8268100108326,0.020917509981602845,1.7043587835196918,0.6459134050054237,1.2918268100108325,94626.40124394244
2010-12-31,2011-01-03,GLD,SELL,0.025393016160065875,138.67,138.600665,81.4800033569336,286.91142522926384,0.01,0.814800033569336,0.14345571261462214,0.28691142522926383,94626.40124394244
2010-12-31,2011-01-03,IEF,BUY,0.29213087393710935,65.934485041,65.9674522835205,81.4800033569336,1569.4269818008984,0.025437890922826015,2.0726794377851743,0.784713490900425,1.5694269818008983,94626.40124394244
2011-01-31,2011-02-01,IEF,SELL,1.0216164933415748,66.143772221,66.11070033488951,82.08899688720703,5547.046465155546,0.08915251204000087,7.318440283338319,2.7735232325770407,5.547046465155546,94624.64856938305
2011-01-31,2011-02-01,SPY,BUY,0.5766111533797538,105.896635599,105.9495839167995,82.08899688720703,5012.451112780793,0.0806410595527294,6.619743686605081,2.5062255563899467,5.012451112780793,94624.64856938305
2011-01-31,2011-02-01,GLD,BUY,0.04696944958575697,130.52,130.58526,82.08899688720703,503.2427011095104,0.01,0.8208899688720703,0.2516213505547359,0.5032427011095104,94624.64856938305
2011-02-28,2011-03-01,SPY,SELL,0.02045174705298682,109.258563393,109.20393411130351,81.62200164794922,182.3866890633581,0.01,0.8162200164794922,0.09119334453166597,0.1823866890633581,96602.50757063256
2011-02-28,2011-03-01,GLD,SELL,0.07225719227975975,138.57,138.500715,81.62200164794922,817.254912792574,0.013210128088923754,1.0782370966437549,0.4086274563961655,0.817254912792574,96602.50757063256
2011-02-28,2011-03-01,IEF,BUY,0.18461809466528484,65.926867231,65.9598306646155,81.62200164794922,993.4452659149871,0.016074139305504904,1.3120034248832866,0.49672263295738023,0.993445265914987,96602.50757063256
2011-03-31,2011-04-01,SPY,SELL,0.8098639730466016,109.127685426,109.073121583287,83.1500015258789,7348.679135732132,0.11660139690940732,9.69540633093683,3.67433956786569,7.348679135732132,98395.41158636047
2011-03-31,2011-04-01,GLD,BUY,0.3430598259695048,138.65,138.719325,83.1500015258789,3955.0501835751675,0.06281751629090147,5.223276575440381,1.9775250917873581,3.9550501835751675,98395.41158636047
2011-03-31,2011-04-01,IEF,BUY,0.6111485802849727,65.968031336,66.00101535166799,83.1500015258789,3352.2978035228743,0.053244083414990914,4.427245617200518,1.6761489017610378,3.352297803522874,98395.41158636047
2011-04-29,2011-05-02,GLD,SELL,0.11416481882293794,151.46,151.38427000000001,81.52999877929688,1409.7681028982554,0.022813240239494395,1.8599634488777843,0.7048840514490622,1.4097681028982554,100678.87358394994
2011-04-29,2011-05-02,SPY,BUY,0.053078994535742954,112.121518936,112.177579695468,81.52999877929688,485.2092771718271,0.01,0.8152999877929688,0.24260463858589837,0.4852092771718271,100678.87358394994
2011-04-29,2011-05-02,IEF,BUY,0.16705892700599867,67.286061978,67.319705008989,81.52999877929688,916.4572996929521,0.014845192144413915,1.2103284974124942,0.4582286498464444,0.9164572996929521,100678.87358394994
2011-05-31,2011-06-01,IEF,SELL,0.1907828190934056,69.299449797,69.2648000721015,80.87999725341797,1069.3261222651563,0.017443184644639575,1.4108047261493113,0.5346630611325822,1.0693261222651562,100091.70166535415
2011-05-31,2011-06-01,SPY,BUY,0.07302379054906173,110.027471453,110.0824851887265,80.87999725341797,649.8402886008116,0.010611005250835115,0.8582180755435477,0.3249201443003476,0.6498402886008117,100091.70166535415
2011-05-31,2011-06-01,GLD,BUY,0.03413686522142005,149.66,149.73483,80.87999725341797,413.20969835009436,0.01,0.8087999725341797,0.20660484917502378,0.41320969835009436,100091.70166535415
2011-06-30,2011-07-05,SPY,SELL,0.015769003522671535,109.430340726,109.375625555637,80.87999725341797,139.56712406910086,0.01,0.8087999725341797,0.0697835620345459,0.13956712406910085,99101.5880803867
2011-06-30,2011-07-05,IEF,SELL,0.01986509713462896,68.810915921,68.7765104630395,80.87999725341797,110.5577418063258,0.01,0.8087999725341797,0.05527887090316751,0.1105577418063258,99101.5880803867
2011-06-30,2011-07-05,GLD,BUY,0.02077657309933502,146.96,147.03348,80.87999725341797,246.95293238881075,0.01,0.8087999725341797,0.12347646619438746,0.24695293238881078,99101.5880803867
2011-07-29,2011-08-01,GLD,SELL,0.10630243725745016,157.47,157.391265,77.7300033569336,1301.1571001031662,0.02208501909574384,1.7166686084501113,0.6505785500515391,1.301157100103166,97692.21231468434
2011-07-29,2011-08-01,IEF,SELL,0.021390696667486525,70.80007842,70.76467838079002,77.7300033569336,117.71921419182763,0.01,0.777300033569336,0.05885960709589573,0.11771921419182763,97692.21231468434
2011-07-29,2011-08-01,SPY,BUY,0.16952282939314955,107.02545807,107.07897079903499,77.7300033569336,1410.275541710745,0.023961075729833685,1.8624944969157124,0.7051377708552662,1.410275541710745,97692.21231468434
2011-08-31,2011-09-01,SPY,SELL,0.4368813833918758,100.031666672,99.98165083866401,76.70099639892578,3351.9848674599666,0.05765776095050273,4.422407715034633,1.6759924337296677,3.3519848674599664,99981.45599932873
2011-08-31,2011-09-01,GLD,SELL,0.16741157606648435,177.44,177.35128,76.70099639892578,2278.442219928387,0.03919166763891504,3.0060399584403186,1.1392211099641298,2.278442219928387,99981.45599932873
2011-08-31,2011-09-01,IEF,BUY,0.9812003559545037,74.393167126,74.430363709563,76.70099639892578,5598.758710098985,0.09640105116265323,7.394056678079325,2.7993793550496546,5.598758710098985,99981.45599932873
2011-09-30,2011-10-03,IEF,SELL,0.4577224685132552,76.017628135,75.9796193209325,76.76499938964844,2671.0363421452857,0.045906404164202524,3.5240050876459614,1.3355181710724913,2.671036342145286,96242.30924818499
2011-09-30,2011-10-03,SPY,BUY,0.14722923258742526,92.015391152,92.061398847576,76.76499938964844,1039.962730972984,0.017891450416294606,1.3734371802867806,0.5199813654864296,1.039962730972984,96242.30924818499
2011-09-30,2011-10-03,GLD,BUY,0.13068443202979055,161.09,161.170545,76.76499938964844,1616.0533246766017,0.027802475095898976,2.1342569837674006,0.8080266623383084,1.6160533246766018,96242.30924818499
2011-10-31,2011-11-01,SPY,SELL,0.19043350437276832,99.818989974,99.76908047901301,75.73999786376953,1439.732535417217,0.025079175823240703,1.8994967232773514,0.7198662677084842,1.439732535417217,97200.85165479904
2011-10-31,2011-11-01,GLD,BUY,0.013633523859718819,164.03,164.11201499999999,75.73999786376953,169.37788124580405,0.01,0.7573999786376954,0.08468894062288568,0.16937788124580405,97200.85165479904
2011-10-31,2011-11-01,IEF,BUY,0.22048714497069438,75.553793261,75.59157015763049,75.73999786376953,1261.7253707242935,0.022000399724038413,1.6663102281007451,0.6308626853619779,1.2617253707242935,97200.85165479904
2011-11-30,2011-12-01,SPY,SELL,0.028171711557855698,102.125714155,102.0746512979225,77.95999908447266,224.29529574104893,0.01,0.7795999908447265,0.11214764787051769,0.22429529574104895,101456.89240689868
2011-11-30,2011-12-01,GLD,SELL,0.04890155560838375,169.85,169.765075,77.95999908447266,647.5302343934418,0.010958344657225597,0.8543125394446434,0.3237651171967147,0.6475302343934418,101456.89240689868
2011-11-30,2011-12-01,IEF,BUY,0.1478540375488179,75.168096367,75.2056804151835,77.95999908447266,866.4401438953332,0.014677691814708039,1.1442728404368105,0.43322007194755047,0.8664401438953333,101456.89240689868
2011-12-30,2012-01-03,SPY,SELL,0.11570305578241305,104.506057192,104.453804163404,77.0199966430664,931.3003955085879,0.015953024115340726,1.2287018638103002,0.46565019775428307,0.931300395508588,98811.92010549574
2011-12-30,2012-01-03,IEF,SELL,0.22623874691050802,76.327413756,76.289250049122,77.0199966430664,1329.998126517552,0.02278265132068962,1.7547197282396672,0.6649990632586923,1.329998126517552,98811.92010549574
2011-12-30,2012-01-03,GLD,BUY,0.18864535828086518,154.76,154.83738,77.0199966430664,2248.57998196919,0.03855634599348902,2.969609638987431,1.1242899909846695,2.24857998196919,98811.92010549574
2012-01-31,2012-02-01,GLD,SELL,0.12047062123325995,169.75,169.66512500000002,76.36000061035156,1561.553456675472,0.02698035517368669,2.0602199375302175,0.780776728337575,1.561553456675472,102240.57700904906
2012-01-31,2012-02-01,SPY,BUY,0.02404845742035685,108.211539652,108.265645421826,76.36000061035156,198.7132028878077,0.01,0.7636000061035156,0.09935660144389429,0.19871320288780772,102240.57700904906
2012-01-31,2012-02-01,IEF,BUY,0.2293179026557622,77.298873202,77.33752263860099,76.36000061035156,1353.5585528975841,0.02341003960426099,1.7875906384697233,0.6767792764486397,1.3535585528975842,102240.57700904906
2012-02-29,2012-03-01,GLD,SELL,0.5252082092857093,166.14,166.05693,80.4800033569336,7022.531528285389,0.11512309095511274,9.265106746528044,3.5112657641423652,7.022531528285389,107431.7799973539
2012-02-29,2012-03-01,SPY,BUY,0.7213236073926906,112.326015761,112.3821787688805,80.4800033569336,6520.764058720547,0.10700437254700924,8.611712261789878,3.2603820293602475,6.520764058720546,107431.7799973539
2012-02-29,2012-03-01,IEF,BUY,0.07526801012631852,76.281125572,76.31926613478599,80.4800033569336,462.07823552931177,0.01,0.8048000335693359,0.23103911776464164,0.46207823552931176,107431.7799973539
2012-03-30,2012-04-02,SPY,SELL,0.09597838133717611,115.04173359,114.98421272320502,82.27300262451172,908.4189526159462,0.014567518173783628,1.1985134609443227,0.4542094763078785,0.9084189526159462,109630.30808635599
2012-03-30,2012-04-02,GLD,BUY,0.04422345928181138,161.99,162.070995,82.27300262451172,589.3838946444921,0.01,0.8227300262451172,0.29469194732225146,0.5893838946444921,109630.30808635599
2012-03-30,2012-04-02,IEF,BUY,0.050322230343501195,75.715471922,75.753329657961,82.27300262451172,313.4742431244385,0.01,0.8227300262451172,0.1567371215622098,0.3134742431244385,109630.30808635599
2012-04-30,2012-05-01,IEF,SELL,0.10826773365489072,77.402605471,77.36390416826451,80.3499984741211,673.3494327147928,0.011056339233709639,0.8883768405579346,0.33667471635730645,0.6733494327147928,107944.94402147499
2012-04-30,2012-05-01,SPY,BUY,0.05287362091467151,114.346444387,114.4036176091935,80.3499984741211,485.7889037450877,0.01,0.803499984741211,0.24289445187253517,0.48578890374508765,107944.94402147499
2012-04-30,2012-05-01,GLD,BUY,0.014055044396110985,162.09,162.171045,80.3499984741211,183.05193196817825,0.01,0.803499984741211,0.09152596598407663,0.18305193196817823,107944.94402147499
2012-05-31,2012-06-01,IEF,SELL,1.0511427949369263,80.028575978,79.98856169001101,78.98200225830078,6644.08142491168,0.11098480839312627,8.765802387142978,3.3220407124554696,6.64408142491168,104200.26443554644
2012-05-31,2012-06-01,SPY,BUY,0.06205145827222738,105.855736234,105.908664102117,78.98200225830078,518.7935029674554,0.01,0.7898200225830079,0.259396751483706,0.5187935029674554,104200.26443554644
2012-05-31,2012-06-01,GLD,BUY,0.4959686563510953,155.41,155.48770499999998,78.98200225830078,6087.813383064882,0.10179447712891442,8.039931622478466,3.0439066915316726,6.087813383064882,104200.26443554644
2012-06-29,2012-07-02,SPY,SELL,0.15539612253389248,111.638906431,111.5830869777845,79.31300354003906,1375.9420661406805,0.022888244354856913,1.8153354055420454,0.6879710330702344,1.3759420661406805,105848.6766376591
2012-06-29,2012-07-02,GLD,BUY,0.04271639988013989,154.67,154.747335,79.31300354003906,524.0166973395244,0.01,0.7931300354003906,0.2620083486697793,0.5240166973395244,105848.6766376591
2012-06-29,2012-07-02,IEF,BUY,0.13409361863561534,79.366198486,79.405881585243,79.31300354003906,844.0886998452294,0.014055125043585654,1.1147541823376006,0.42204434992253625,0.8440886998452294,105848.6766376591
2012-07-31,2012-08-01,SPY,SELL,0.02377651197553628,113.454838232,113.39811081288401,78.10099792480469,210.68215294698894,0.01,0.7810099792480469,0.10534107647346992,0.21068215294698894,105236.83093923006
2012-07-31,2012-08-01,GLD,BUY,0.015541803930551637,155.18,155.25759,78.10099792480469,188.36220093317388,0.01,0.7810099792480469,0.09418110046657055,0.18836220093317388,105236.83093923006
2012-07-31,2012-08-01,IEF,BUY,0.0030928521416665315,80.104970797,80.14502328239848,78.10099792480469,19.349743299779377,0.01,0.7810099792480469,0.009674871649887392,0.019349743299779378,105236.83093923006
2012-08-31,2012-09-04,GLD,SELL,0.08500709976952109,164.11,164.02794500000002,78.29000091552734,1092.1858433313355,0.018405472648997966,1.4409644705407643,0.5460929216656469,1.0921858433313354,107723.78431789225
2012-08-31,2012-09-04,SPY,BUY,0.015303174948518171,115.368928509,115.42661297325449,78.29000091552734,138.22184971089882,0.01,0.7829000091552735,0.06911092485544065,0.13822184971089882,107723.78431789225
2012-08-31,2012-09-04,IEF,BUY,0.15116277247044294,80.03883331,80.078852726655,78.29000091552734,947.2222617201744,0.015978522640625766,1.2509585521633657,0.4736111308600803,0.9472222617201743,107723.78431789225
2012-09-28,2012-10-01,SPY,SELL,0.00825770867054434,118.199164561,118.14006497871951,77.61000061035156,75.75157218360255,0.01,0.7761000061035156,0.03787578609179846,0.07575157218360255,109159.85168686805
2012-09-28,2012-10-01,GLD,SELL,0.06885124990098157,172.74,172.65363000000002,77.61000061035156,923.0440577609081,0.015691392057582926,1.2178089471662765,0.46152202888039023,0.923044057760908,109159.85168686805
2012-09-28,2012-10-01,IEF,BUY,0.15984863809896024,80.002882234,80.042883675117,77.61000061035156,992.5039886049622,0.016889064647374854,1.3107603175910294,0.49625199430246997,0.992503988604962,109159.85168686805
2012-10-31,2012-11-01,IEF,SELL,0.08673937669930254,79.540153236,79.500383159382,79.68399810791016,549.7608848792806,0.01,0.7968399810791016,0.2748804424396267,0.5497608848792807,110072.23927773912
2012-10-31,2012-11-01,SPY,BUY,0.006550706080567084,115.876080634,115.934018674317,79.68399810791016,60.48574407774868,0.01,0.7968399810791016,0.030242872038873183,0.06048574407774868,110072.23927773912
2012-10-31,2012-11-01,GLD,BUY,0.036464517899966103,167.0,167.0835,79.68399810791016,485.2416420829081,0.01,0.7968399810791016,0.24262082104141505,0.48524164208290804,110072.23927773912
2012-11-30,2012-12-03,SPY,SELL,0.01286811130176442,116.808586154,116.750181860923,82.1510009765625,123.48165324268483,0.01,0.821510009765625,0.06174082662133152,0.12348165324268481,113988.99931678822
2012-11-30,2012-12-03,IEF,SELL,0.029972427043245257,80.23460229,80.194484988855,82.1510009765625,197.5588436441758,0.01,0.821510009765625,0.09877942182209448,0.1975588436441758,113988.99931678822
2012-11-30,2012-12-03,GLD,BUY,0.02327536792969511,166.11,166.19305500000002,82.1510009765625,317.6180628297784,0.01,0.821510009765625,0.15880903141489236,0.3176180628297784,113988.99931678822
2012-12-31,2013-01-02,SPY,SELL,0.07372095296019397,118.698136812,118.63878774359401,86.72000122070312,758.8468187019754,0.011544937127459909,1.001176961786264,0.3794234093509427,0.7588468187019753,119790.75238168721
2012-12-31,2013-01-02,GLD,BUY,0.027544165473646336,163.49,163.571745,86.72000122070312,390.51712908126507,0.01,0.8672000122070312,0.19525856454059368,0.39051712908126507,119790.75238168721
2012-12-31,2013-01-02,IEF,BUY,0.052848118781362426,79.276878518,79.316516957259,86.72000122070312,363.325056274926,0.01,0.8672000122070312,0.18166252813743405,0.363325056274926,119790.75238168721
2013-01-31,2013-02-01,SPY,SELL,0.10179305941452398,123.229786443,123.1681715497785,91.02100372314452,1141.7617339251813,0.01654971780599925,1.5063719260368487,0.5708808669624831,1.1417617339251813,126793.98300788316
2013-01-31,2013-02-01,GLD,BUY,0.03267898874954947,162.66,162.74132999999998,91.02100372314452,483.82799885128037,0.01,0.9102100372314452,0.24191399942558048,0.48382799885128036,126793.98300788316
2013-01-31,2013-02-01,IEF,BUY,0.0906263904643603,78.94279607,78.98226746803499,91.02100372314452,651.1916271003012,0.01,0.9102100372314452,0.32559581355007267,0.6511916271003011,126793.98300788316
2013-02-28,2013-03-01,SPY,SELL,0.05230763068205744,123.589700854,123.52790600357301,92.3030014038086,596.7097758676609,0.01,0.9230300140380859,0.2983548879337911,0.5967097758676609,127001.73139564248
2013-02-28,2013-03-01,IEF,SELL,0.14846575003508847,79.617997939,79.57818894003051,92.3030014038086,1091.0718537533467,0.015595318869788608,1.4394947395309405,0.5455359268765496,1.0910718537533466,127001.73139564248
2013-02-28,2013-03-01,GLD,BUY,0.11870540147364746,153.16,153.23657999999998,92.3030014038086,1678.1534187200648,0.024010812869140277,2.2162700939668403,0.8390767093597973,1.6781534187200646,127001.73139564248
2013-03-28,2013-04-01,SPY,SELL,0.0724118867654859,128.088630993,128.02458667750352,94.19000244140624,873.6254068192866,0.012237062473270166,1.1526089442329577,0.43681270340956463,0.8736254068192866,131455.4805972089
2013-03-28,2013-04-01,GLD,BUY,0.013664355617932824,154.57,154.64728499999998,94.19000244140624,198.93865215079128,0.01,0.9419000244140624,0.09946932607538171,0.1989386521507913,131455.4805972089
2013-03-28,2013-04-01,IEF,BUY,0.08906879427735617,79.748164101,79.7880381830505,94.19000244140624,669.0384464747531,0.01,0.9419000244140624,0.3345192232373982,0.6690384464747531,131455.4805972089
2013-04-30,2013-05-01,GLD,SELL,0.5215174421602361,140.59,140.51970500000002,97.86399841308594,7175.401789933098,0.09673418980461844,9.466794597530333,3.5877008949659026,7.175401789933098,134753.88609936644
2013-04-30,2013-05-01,IEF,SELL,0.3358436378830826,81.117917019,81.07735806049051,97.86399841308594,2666.1026796418955,0.03594269564289941,3.517495909358739,1.333051339820717,2.6661026796418956,134753.88609936644
2013-04-30,2013-05-01,SPY,BUY,0.7672639528325002,130.32991619,130.395081148095,97.86399841308594,9786.149962056012,0.13206262791691462,12.924176808888891,4.893074981026672,9.786149962056012,134753.88609936644
2013-05-31,2013-06-03,SPY,SELL,0.15697744877854275,134.010859031,133.9438536014845,101.0999984741211,2126.808594866539,0.027754537031664517,2.80598365155122,1.0634042974331082,2.126808594866539,137508.8766641262
2013-05-31,2013-06-03,GLD,BUY,0.06233087609606369,134.77,134.837385,101.0999984741211,849.2735697173739,0.011093982685568955,1.1216016325829472,0.42463678485869694,0.8492735697173739,137508.8766641262
2013-05-31,2013-06-03,IEF,BUY,0.15991590294055325,78.279140529,78.3182800992645,101.0999984741211,1265.5778121924918,0.01653212679204906,1.6713979934501364,0.6327889060961758,1.2655778121924919,137508.8766641262
2013-06-28,2013-07-01,SPY,SELL,0.09452178573268688,131.908631675,131.8426773591625,98.47599792480467,1227.8223191983125,0.016449846995691814,1.6199150986111015,0.6139111595991706,1.2278223191983124,128674.55209133092
2013-06-28,2013-07-01,IEF,SELL,0.10017849157776251,76.310394644,76.272239446678,98.47599792480467,752.8155446636447,0.010085906024074475,0.993219660696533,0.3764077723318071,0.7528155446636446,128674.55209133092
2013-06-28,2013-07-01,GLD,BUY,0.166748194056426,119.94,119.99996999999999,98.47599792480467,1969.4981357351521,0.02641290733530939,2.6010374079399856,0.9847490678674571,1.969498135735152,128674.55209133092
2013-07-31,2013-08-01,SPY,SELL,0.07928840073942145,139.049660787,138.9801359566065,98.01599884033205,1080.6288598799729,0.014545756783201632,1.4257168799940432,0.5403144299400218,1.080628859879973,132221.9980175569
2013-07-31,2013-08-01,GLD,SELL,0.07059122614288352,127.84,127.77608000000001,98.01599884033205,884.5338499627252,0.011906228609789153,1.1670008896098218,0.4422669249813347,0.8845338499627252,132221.9980175569
2013-07-31,2013-08-01,IEF,BUY,0.2627531491183898,75.875958568,75.913896547284,98.01599884033205,1954.1103747326174,0.02632953230113342,2.5807154074943783,0.9770551873661943,1.9541103747326174,132221.9980175569
2013-08-30,2013-09-03,GLD,SELL,0.13347635228051474,135.46,135.39227000000002,98.38500213623048,1778.8703653283412,0.023854599551083714,2.346934827792294,0.8894351826639498,1.7788703653283413,132122.38147237324
2013-08-30,2013-09-03,SPY,BUY,0.09101531372563579,135.156041248,135.223619268624,98.38500213623048,1210.2604256523118,0.016245794572721656,1.5983425337419817,0.6051302128260085,1.2102604256523117,132122.38147237324
2013-08-30,2013-09-03,IEF,BUY,0.07593021036191155,74.743083216,74.780454757608,98.38500213623048,558.360273571356,0.01,0.9838500213623048,0.27918013678564846,0.5583602735713559,132122.38147237324
2013-09-30,2013-10-01,SPY,SELL,0.06748794542762233,137.536384285,137.4676160928575,97.8270034790039,908.034941688791,0.012246177204280938,1.1980068199676897,0.45401747084439315,0.908034941688791,131346.6484705983
2013-09-30,2013-10-01,IEF,SELL,0.15481250000258723,76.376196549,76.33800845072551,97.8270034790039,1156.7055038651743,0.01559986287218759,1.5260878394694792,0.5783527519324188,1.1567055038651743,131346.6484705983
2013-09-30,2013-10-01,GLD,BUY,0.1675634896173944,125.25,125.312625,97.8270034790039,2053.1273187397983,0.02771712337431304,2.711483124766902,1.0265636593698506,2.0531273187397985,131346.6484705983
2013-10-31,2013-11-01,SPY,SELL,0.6379446077634978,143.982124193,143.91013313090352,98.50700378417967,9048.126360635993,0.12118483533207083,11.937555032641493,4.524063180317164,9.048126360635994,135371.34887235993
2013-10-31,2013-11-01,GLD,BUY,0.17417748448133233,126.86,126.92343,98.50700378417967,2176.6260913138217,0.02918150896206806,2.874583013754511,1.0883130456568553,2.1766260913138216,135371.34887235993
2013-10-31,2013-11-01,IEF,BUY,0.9004308154053687,76.896355723,76.9348039008615,98.50700378417967,6820.609997062199,0.09144229803654641,9.007706798720163,3.4103049985308247,6.820609997062199,135371.34887235993
2013-11-29,2013-12-02,SPY,SELL,0.11372880928049352,148.129319794,148.055255134103,102.29199981689452,1723.2694539834413,0.022226355193839996,2.2735783214185132,0.8616347269917729,1.7232694539834414,139400.4041954799
2013-11-29,2013-12-02,GLD,BUY,0.1337262352069655,119.2,119.25959999999999,102.29199981689452,1630.551584054745,0.02105154126278098,2.1534042549977395,0.8152757920272219,1.630551584054745,139400.4041954799
2013-11-29,2013-12-02,IEF,BUY,0.010534318984970134,76.205656542,76.243759370271,102.29199981689452,82.11742889998894,0.01,1.0229199981689452,0.041058714449987384,0.08211742889998894,139400.4041954799
2013-12-31,2014-01-02,SPY,SELL,0.0623944990313496,150.493303086,150.41805643445701,105.3000030517578,988.7622115624764,0.012388542244976326,1.3045135362028375,0.4943811057811268,0.9887622115624765,142793.8301095355
2013-12-31,2014-01-02,GLD,BUY,0.01477368942698782,117.93,117.98896500000001,105.3000030517578,183.46010905828732,0.01,1.053000030517578,0.0917300545291446,0.18346010905828733,142793.8301095355
2013-12-31,2014-01-02,IEF,BUY,0.10131531543652177,74.887018225,74.9244617341125,105.3000030517578,798.9323804408476,0.01002011402634424,1.0551180375530096,0.39946619022034136,0.7989323804408477,142793.8301095355
2014-01-31,2014-02-03,GLD,SELL,0.038153855568222574,120.47,120.40976500000001,102.75800323486328,472.3163702547645,0.01,1.0275800323486328,0.23615818512734932,0.4723163702547645,140228.9016335107
2014-01-31,2014-02-03,IEF,SELL,0.16768882861995443,76.962964589,76.9244831067055,102.75800323486328,1326.1772570808532,0.01702717693295377,1.749678702357053,0.6630886285404324,1.3261772570808532,140228.9016335107
2014-01-31,2014-02-03,SPY,BUY,0.11953668296237269,145.560839679,145.6336200988395,102.75800323486328,1787.9748644574865,0.022979299034231234,2.361306884494424,0.8939874322286111,1.7879748644574867,140228.9016335107
2014-02-28,2014-03-03,SPY,SELL,0.0120359307947432,151.074074067,150.9985370299665,102.11000061035156,185.6683602265839,0.01,1.0211000061035156,0.09283418011327287,0.1856683602265839,144026.958673431
2014-02-28,2014-03-03,GLD,SELL,0.10646676847771798,130.0,129.935,102.11000061035156,1413.2718332514523,0.018260562622041017,1.864586060481971,0.7066359166257015,1.4132718332514522,144026.958673431
2014-02-28,2014-03-03,IEF,BUY,0.20062644537119992,77.573771345,77.61255823067249,102.11000061035156,1589.1736778955342,0.020553893809660315,2.098758109449516,0.794586838947635,1.5891736778955343,144026.958673431
2014-03-31,2014-04-01,SPY,SELL,0.07856145198679497,153.47077685,153.394041461575,102.88899993896484,1240.5210526880549,0.015907133382814027,1.636669045653458,0.6202605263439694,1.2405210526880548,143669.37887501201
2014-03-31,2014-04-01,GLD,BUY,0.09691277354243139,123.71,123.77185499999999,102.88899993896484,1233.5443706136082,0.015833497355994982,1.6290927084945677,0.6167721853067465,1.2335443706136082,143669.37887501201
2014-04-30,2014-05-01,SPY,SELL,0.46708413680242494,153.986108848,153.909115793576,102.56400299072266,7376.8614260152235,0.09489282857533633,9.732588353798928,3.688430713006648,7.376861426015223,143835.0785702268
2014-04-30,2014-05-01,GLD,BUY,0.5777501346894046,123.13,123.19156499999998,102.56400299072266,7296.2364123379475,0.09394960511818007,9.635847580318233,3.6481182061682293,7.296236412337947,143835.0785702268
2014-04-30,2014-05-01,IEF,BUY,0.004798422230740149,77.547493691,77.58626743784549,102.56400299072266,38.16464168306555,0.01,1.0256400299072266,0.019082320841529304,0.03816464168306555,143835.0785702268
2014-05-30,2014-06-02,SPY,SELL,0.04571503943954348,157.830649149,157.75173382442551,101.72000122070312,733.9336469522459,0.01,1.0172000122070313,0.3669668234761023,0.7339336469522459,143577.0807241213
2014-05-30,2014-06-02,IEF,SELL,0.06272506509787215,78.708979029,78.66962453948551,101.72000122070312,502.19427379816625,0.01,1.0172000122070313,0.2510971368990459,0.5021942737981663,143577.0807241213
2014-05-30,2014-06-02,GLD,BUY,0.10066627085429102,120.0,120.05999999999999,101.72000122070312,1228.7727833018537,0.015953510071971353,1.6227910639954257,0.6143863916508047,1.2287727833018536,143577.0807241213
2014-06-30,2014-07-01,GLD,SELL,0.12934358942881868,127.99,127.926005,101.44300079345705,1679.3570261487475,0.02184125944174549,2.215642898879089,0.8396785130742604,1.6793570261487476,146507.10123804465
2014-06-30,2014-07-01,SPY,BUY,0.003731657526810066,161.249662606,161.33028743730299,101.44300079345705,61.0411464436329,0.01,1.0144300079345705,0.030520573221815783,0.0610411464436329,146507.10123804465
2014-06-30,2014-07-01,IEF,BUY,0.20177113022512944,78.557672617,78.59695145330849,101.44300079345705,1607.9395691309549,0.020933346359618462,2.123541471368487,0.8039697845654261,1.6079395691309548,146507.10123804465
2014-07-31,2014-08-01,GLD,SELL,0.5959759539521964,124.54,124.47773000000001,102.83999633789062,7633.077139375264,0.09792516872497119,10.070623993063359,3.8165385696875123,7.633077139375264,146873.85547166743
2014-07-31,2014-08-01,IEF,SELL,0.11652996884295772,78.80696782,78.76756433609,102.83999633789062,944.4180975900091,0.012115991999654711,1.2460085728744026,0.4722090487949211,0.9444180975900092,146873.85547166743
2014-07-31,2014-08-01,SPY,BUY,0.5240356186079125,158.266145224,158.345278296612,102.83999633789062,8529.250784370835,0.1095317069428654,11.264240340887188,4.264625392185159,8.529250784370836,146873.85547166743
2014-08-29,2014-09-02,SPY,SELL,0.07966120321874119,165.178371446,165.09578226027702,104.16799926757812,1370.6745988459588,0.017360281832774726,1.8083858252414275,0.6853372994228182,1.3706745988459588,151021.07079597728
2014-08-29,2014-09-02,GLD,BUY,0.09013773343406938,121.97,122.03098499999999,104.16799926757812,1145.2333327211272,0.01451946724354753,1.5124638531914838,0.5726166663604517,1.1452333327211273,151021.07079597728
2014-08-29,2014-09-02,IEF,BUY,0.02612463331288894,79.733769218,79.773636102609,104.16799926757812,216.98355535695285,0.01,1.0416799926757814,0.10849177767846982,0.21698355535695288,151021.07079597728
2014-09-30,2014-10-01,IEF,SELL,0.11108415514956844,79.526395843,79.4866326450785,109.38999938964844,966.3646542606294,0.011655211171642702,1.2749635429522188,0.48318232713033976,0.9663646542606295,156012.19969130252
2014-09-30,2014-10-01,SPY,BUY,0.001210169851434479,162.424694347,162.50590669417352,109.38999938964844,21.50185888940177,0.01,1.0938999938964844,0.010750929444701534,0.02150185888940177,156012.19969130252
2014-09-30,2014-10-01,GLD,BUY,0.07356281980715156,116.61,116.66830499999999,109.38999938964844,938.364962857816,0.011328833337255454,1.239261071847803,0.4691824814288279,0.9383649628578159,156012.19969130252
2014-10-31,2014-11-03,SPY,SELL,0.6860840930301366,166.735100572,166.651733021714,109.21299743652344,12493.344420199603,0.15092497609477612,16.482969027346144,6.2466722100997245,12.493344420199602,156628.58204145133
2014-10-31,2014-11-03,IEF,SELL,0.28184978822063694,80.325885256,80.285722313372,109.21299743652344,2472.5641050878767,0.029869638257137492,3.2621527264066392,1.2362820525439695,2.472564105087877,156628.58204145133
2014-10-31,2014-11-03,GLD,BUY,1.2124154436090553,112.39,112.44619499999999,109.21299743652344,14881.731264952847,0.1799575844788594,19.653707212372623,7.440865632474865,14.881731264952847,156628.58204145133
2014-11-28,2014-12-01,GLD,SELL,0.5886166800490291,113.8,113.7431,117.83999633789062,7893.462448555198,0.08837543338863985,10.414160746876817,3.9467312242775185,7.893462448555198,171796.3703471161
2014-11-28,2014-12-01,IEF,SELL,0.08745592835051867,81.704304918,81.66345276554101,117.83999633789062,842.0287384452384,0.01,1.1783999633789062,0.42101436922257546,0.8420287384452384,171796.3703471161
2014-11-28,2014-12-01,SPY,BUY,0.43249847733296576,170.434453041,170.5196702675205,117.83999633789062,8686.2973956147,0.09734933702474904,11.471645518492508,4.343148697806546,8.6862973956147,171796.3703471161
2014-12-31,2015-01-02,SPY,SELL,0.01676963056653638,171.358445581,171.2727663582095,119.6729965209961,343.8944561952085,0.01,1.196729965209961,0.17194722809761068,0.3438944561952085,174160.41342219416
2014-12-31,2015-01-02,IEF,SELL,0.00902429796661994,81.655639944,81.614812124028,119.6729965209961,88.18521515959584,0.01,1.196729965209961,0.04409260757979195,0.08818521515959583,174160.41342219416
2014-12-31,2015-01-02,GLD,BUY,0.03173408085311017,112.49,112.54624499999998,119.6729965209961,427.20468447179167,0.01,1.196729965209961,0.21360234223585742,0.42720468447179166,174160.41342219416
2015-01-30,2015-02-02,GLD,SELL,0.16710610561503547,121.84,121.77908000000001,118.2480010986328,2407.553887089649,0.02686203670152005,3.176382145392857,1.2037769435447427,2.407553887089649,176896.56992272657
2015-01-30,2015-02-02,IEF,SELL,0.07609807190695138,84.776705943,84.7343175900285,118.2480010986328,762.8585164225659,0.01,1.182480010986328,0.3814292582112821,0.762858516422566,176896.56992272657
2015-01-30,2015-02-02,SPY,BUY,0.16049876557981335,166.102611874,166.185663179937,118.2480010986328,3152.404698314213,0.035207823812624134,4.163254788875649,1.5762023491571981,3.152404698314213,176896.56992272657
2015-02-27,2015-03-02,SPY,SELL,0.153489425899113,175.011789706,174.924283811147,119.3769989013672,3206.7597537575857,0.035440716825342125,4.230806413522533,1.6033798768787089,3.2067597537575856,177899.51708884534
2015-02-27,2015-03-02,GLD,BUY,0.13049661202020094,116.5,116.55824999999999,119.3769989013672,1814.8712404879334,0.02007780288096473,2.3968278524627937,0.9074356202437612,1.8148712404879335,177899.51708884534
2015-02-27,2015-03-02,IEF,BUY,0.1387907034318156,82.920057623,82.9615176518115,119.3769989013672,1373.8541463511285,0.015198859358318995,1.8143942169200813,0.6869270731755589,1.3738541463511285,177899.51708884534
2015-03-31,2015-04-01,IEF,SELL,0.12573747620413228,83.962452407,83.92047118079651,120.01300048828124,1267.0044724919865,0.01392857168753816,1.6716096807375775,0.6335022362458353,1.2670044724919864,178117.3441133177
2015-03-31,2015-04-01,SPY,BUY,0.03367288141502946,172.131530496,172.217596261248,120.01300048828124,695.6151066716629,0.01,1.2001300048828123,0.34780755333575125,0.6956151066716629,178117.3441133177
2015-03-31,2015-04-01,GLD,BUY,0.04098781092045272,114.56,114.61728,120.01300048828124,563.5286789054508,0.01,1.2001300048828123,0.2817643394526839,0.5635286789054508,178117.3441133177
2015-04-30,2015-05-01,SPY,SELL,0.053751231652012295,174.641903609,174.5545826571955,118.97000122070312,1116.79726756375,0.012384931426991963,1.4734353069875583,0.5583986337817852,1.11679726756375,175590.86777370592
2015-04-30,2015-05-01,GLD,BUY,0.04465379363923892,112.42,112.47621,118.97000122070312,597.2269649733425,0.01,1.1897000122070314,0.298613482486634,0.5972269649733426,175590.86777370592
2015-04-30,2015-05-01,IEF,BUY,0.051936071716352235,82.924682376,82.966144717188,118.97000122070312,512.3778896511188,0.01,1.1897000122070314,0.25618894482552484,0.5123778896511189,175590.86777370592
2015-05-29,2015-06-01,SPY,SELL,0.008112486601839695,176.760291551,176.6719114052245,123.81999969482422,177.55360739408934,0.01,1.2381999969482422,0.0887768036970331,0.17755360739408935,184400.86367009967
2015-05-29,2015-06-01,GLD,SELL,0.045947414731985804,115.02,114.96249,123.81999969482422,654.3728051581929,0.01,1.2381999969482422,0.32718640257905957,0.654372805158193,184400.86367009967
2015-05-29,2015-06-01,IEF,BUY,0.08053335022981403,82.807364497,82.8487681792485,123.81999969482422,825.7251785012129,0.01,1.2381999969482422,0.41286258925060865,0.825725178501213,184400.86367009967
2015-06-30,2015-07-01,SPY,SELL,0.013138303886016322,174.092164563,174.00511848071852,122.66999816894533,280.5801135613219,0.01,1.2266999816894533,0.1402900567806434,0.2805801135613219,179037.8049749503
2015-06-30,2015-07-01,GLD,BUY,0.017660100505170702,112.12,112.17605999999999,122.66999816894533,242.89278736245612,0.01,1.2266999816894533,0.12144639368120208,0.2428927873624561,179037.8049749503
2015-06-30,2015-07-01,IEF,BUY,0.003333624657472808,81.119480918,81.160040658459,122.66999816894533,33.17265419737782,0.01,1.2266999816894533,0.01658632709868996,0.03317265419737782,179037.8049749503
2015-07-31,2015-08-03,SPY,SELL,0.24060117306904674,176.380094131,176.2919040839345,124.0709991455078,5265.232945713513,0.05598917138122508,6.946632434597666,2.632616472856622,5.265232945713513,180285.5581205431
2015-07-31,2015-08-03,IEF,SELL,0.8227500179392133,82.728912978,82.687548521511,124.0709991455078,8444.919187033913,0.08980116027883803,11.141719680221321,4.2224595935161515,8.444919187033912,180285.5581205431
2015-07-31,2015-08-03,GLD,BUY,1.0505874039715148,104.59,104.642295,124.0709991455078,13633.037588696086,0.1451153577055663,18.004607421887375,6.816518794348156,13.633037588696086,180285.5581205431
2015-08-31,2015-09-01,SPY,SELL,0.32391899085345305,161.847970059,161.7670460739705,121.28900146484376,6358.652451308983,0.06916723217926443,8.389224525109993,3.179326225654493,6.358652451308982,174847.5675985119
2015-08-31,2015-09-01,GLD,SELL,0.02925058007843223,109.63,109.575185,121.28900146484376,388.9424252473618,0.01,1.2128900146484376,0.19447121262364805,0.38894242524736183,174847.5675985119
2015-08-31,2015-09-01,IEF,BUY,0.6663655648797132,83.008136337,83.04964040516849,121.28900146484376,6708.951161561596,0.07305067511497425,8.860243441027938,3.3544755807802193,6.708951161561595,174847.5675985119
2015-09-30,2015-10-01,SPY,SELL,0.0031439053312283835,161.813749834,161.732842959083,119.86000061035156,60.97603180729493,0.01,1.1986000061035156,0.03048801590364407,0.06097603180729493,172488.66853698817
2015-09-30,2015-10-01,IEF,SELL,0.12041594500903033,84.239633934,84.197514117033,119.86000061035156,1215.835290158735,0.013383114663354083,1.6041001317180255,0.6079176450793974,1.215835290158735,172488.66853698817
2015-09-30,2015-10-01,GLD,BUY,0.09892812728076945,106.98,107.03349,119.86000061035156,1268.518066891249,0.013976981993072953,1.675281070220597,0.6342590334455829,1.268518066891249,172488.66853698817
2015-10-30,2015-11-02,SPY,SELL,0.12264486422143651,175.494795739,175.40704834113052,121.0,2604.3477827923853,0.028396861188010793,3.436020203749306,1.3021738913960779,2.6043477827923853,177646.3081104981
2015-10-30,2015-11-02,GLD,BUY,0.02106439336829882,108.64,108.69431999999999,121.0,276.90071915937006,0.01,1.21,0.13845035957965934,0.27690071915937003,177646.3081104981
2015-10-30,2015-11-02,IEF,BUY,0.22917799663123367,83.37225326,83.41393938662999,121.0,2311.9574031877955,0.025233964166066065,3.0533096640939936,1.155978701593828,2.3119574031877956,177646.3081104981
2015-11-30,2015-12-01,SPY,SELL,0.047106110016102036,176.438316146,176.350096987927,122.83000183105467,1020.8797863199433,0.01096546053248389,1.346887537283354,0.510439893159985,1.0208797863199432,176910.2226821663
2015-11-30,2015-12-01,IEF,SELL,0.12890225169576824,83.195764462,83.154166579769,122.83000183105467,1317.2438475998497,0.014148762289222735,1.7378924978923858,0.6586219237999623,1.3172438475998496,176910.2226821663
2015-11-30,2015-12-01,GLD,BUY,0.18502821230286104,102.3,102.35114999999999,122.83000183105467,2324.973701604421,0.024997962411367404,3.070499768760894,1.1624868508020447,2.3249737016044207,176910.2226821663
2015-12-31,2016-01-04,GLD,SELL,0.8570593329873462,103.13,103.078435,120.28800201416016,10632.07955570202,0.11661452186535297,14.027327841019902,5.316039777850651,10.632079555702019,172217.53294594647
2015-12-31,2016-01-04,SPY,BUY,0.44435624954769404,169.903384339,169.9883360311695,120.28800201416016,9081.459147732232,0.09970670089467598,11.99351983804405,4.540729573865199,9.081459147732232,172217.53294594647
2015-12-31,2016-01-04,IEF,BUY,0.14895166042940822,83.206811221,83.2484146266105,120.28800201416016,1490.8245601064316,0.016367986254509297,1.96887236355016,0.7454122800532501,1.4908245601064316,172217.53294594647
2016-01-29,2016-02-01,GLD,SELL,0.10963299791772188,107.54,107.48623,118.93000030517578,1402.1766872488224,0.015554929671301385,1.8499477905548616,0.7010883436244124,1.4021766872488224,172401.4909700708
2016-01-29,2016-02-01,IEF,SELL,0.10504782650347931,85.472340713,85.4296045426435,118.93000030517578,1067.834845436606,0.01184593644465853,1.4088372249783319,0.5339174227181936,1.067834845436606,172401.4909700708
2016-01-29,2016-02-01,SPY,BUY,0.12657569638372668,163.15775643,163.239335308215,118.93000030517578,2456.119370061105,0.027274014957887248,3.243698607264899,1.2280596850305223,2.4561193700611055,172401.4909700708
2016-02-29,2016-03-01,GLD,SELL,0.214196591224271,118.74,118.68063000000001,113.66000366210938,2890.794803623306,0.03355570203526062,3.813941216212373,1.4453974018113378,2.890794803623306,171298.07874050015
2016-02-29,2016-03-01,SPY,BUY,0.06601338598431597,165.259409346,165.342039050673,113.66000366210938,1239.9548488146174,0.014407519953137417,1.6375587706355126,0.6199774244072804,1.2399548488146175,171298.07874050015
2016-02-29,2016-03-01,IEF,BUY,0.16537893426906314,86.959872616,87.00335255230799,113.66000366210938,1634.5821406509515,0.018992848674275874,2.158727249872085,0.8172910703252683,1.6345821406509515,171298.07874050015
2016-03-31,2016-04-01,SPY,SELL,0.10937728639166562,174.067341621,173.9803079501895,112.36599731445312,2139.337737104616,0.025118932039315037,2.822513850071604,1.0696688685521163,2.139337737104616,170675.12957778087
2016-03-31,2016-04-01,GLD,BUY,0.10683380886473091,116.08,116.13803999999999,112.36599731445312,1393.4809066769085,0.016377859300815506,1.8403144942119263,0.6967404533383488,1.3934809066769085,170675.12957778087
2016-03-31,2016-04-01,IEF,BUY,0.0752148509835947,86.808624963,86.8520292754815,112.36599731445312,733.6710580131287,0.01,1.1236599731445314,0.3668355290065569,0.7336710580131286,170675.12957778087
2016-04-29,2016-05-02,GLD,SELL,0.15470530023975618,123.78,123.71811000000001,108.07599639892578,2069.5928699954675,0.02526459850549164,2.7304966570998204,1.0347964349975851,2.0695928699954673,167442.5540951324
2016-04-29,2016-05-02,SPY,BUY,0.017783600661072742,176.25649292,176.34462116646,108.07599639892578,338.7615178920387,0.01,1.0807599639892578,0.16938075894602309,0.3387615178920387,167442.5540951324
2016-04-29,2016-05-02,IEF,BUY,0.18377852473680306,86.524796954,86.568059352477,108.07599639892578,1718.5595991373348,0.021000342313006622,2.2696329201967123,0.8592797995686184,1.7185595991373346,167442.5540951324
2016-05-31,2016-06-01,GLD,SELL,0.05261288649891943,115.97,115.91201500000001,110.84100341796876,676.2982053877204,0.01,1.1084100341796876,0.33814910269378995,0.6762982053877203,169522.90374968792
2016-05-31,2016-06-01,IEF,SELL,1.1209758570249189,86.804901969,86.7614995180155,110.84100341796876,10785.51677792003,0.12837996108824634,14.229763705781009,5.392758388960224,10.785516777920028,169522.90374968792
2016-05-31,2016-06-01,SPY,BUY,0.5772406373047411,178.130474577,178.21953981428848,110.84100341796876,11397.131813984284,0.13579574018017598,15.051736101456484,5.698565906990872,11.397131813984284,169522.90374968792
2016-06-30,2016-07-01,GLD,SELL,0.18941018816527933,127.66,127.59617,102.77799987792967,2485.1827898039196,0.03190177923090704,3.2788010618999035,1.2425913949018788,2.4851827898039196,163262.44386857853
2016-06-30,2016-07-01,SPY,BUY,0.11644211721146967,178.334908939,178.4240763934695,102.77799987792967,2134.256533380976,0.027424421926118703,2.81862723337492,1.067128266690531,2.134256533380976,163262.44386857853
2016-06-30,2016-07-01,IEF,BUY,0.03650029746131825,89.66529518,89.71012782759,102.77799987792967,336.3728602332403,0.01,1.0277799987792968,0.1681864301166162,0.3363728602332403,163262.44386857853
2016-07-29,2016-08-01,SPY,SELL,0.0741792912217796,185.004580018,184.91207772799103,104.74500274658205,1437.4689479394365,0.01810597386075587,1.8965102817744164,0.718734473969563,1.4374689479394365,168527.3380575386
2016-07-29,2016-08-01,GLD,BUY,0.01801710522070698,128.57,128.63428499999998,104.74500274658205,242.6375271754587,0.01,1.0474500274658205,0.12131876358769902,0.24263752717545872,168527.3380575386
2016-07-29,2016-08-01,IEF,BUY,0.12693435143446477,89.203128416,89.24772998020799,104.74500274658205,1186.0215124783522,0.01495375559308744,1.5663311706696605,0.5930107562390992,1.1860215124783522,168527.3380575386
2016-08-31,2016-09-01,SPY,SELL,0.03693705004919715,185.15790579,185.065326837105,102.86799621582033,703.5334452737952,0.01,1.0286799621582032,0.3517667226368835,0.7035334452737952,163646.45280860894
2016-08-31,2016-09-01,IEF,SELL,0.010984876358813409,88.348584185,88.30440989290751,102.86799621582033,99.83321275141498,0.01,1.0286799621582032,0.04991660637569884,0.09983321275141498,163646.45280860894
2016-08-31,2016-09-01,GLD,BUY,0.06221300359841351,124.67,124.73233499999999,102.86799621582033,797.8539674258692,0.010243164632175445,1.0536938206206483,0.3989269837128723,0.7978539674258692,163646.45280860894
2016-09-30,2016-10-03,GLD,SELL,0.008681353547522922,125.32,125.25734,101.1989974975586,110.09916865969717,0.01,1.0119899749755858,0.055049584329843276,0.11009916865969717,161376.26778606756
2016-09-30,2016-10-03,IEF,SELL,0.016178531479307263,88.762429775,88.7180485601125,101.1989974975586,145.32639170723266,0.01,1.0119899749755858,0.07266319585360656,0.14532639170723266,161376.26778606756
2016-09-30,2016-10-03,SPY,BUY,0.013457433066877729,184.766289962,184.858673106981,101.1989974975586,251.6292812918578,0.01,1.0119899749755858,0.1258146406459283,0.2516292812918578,161376.26778606756
2016-10-31,2016-11-01,SPY,SELL,0.010199741094313266,182.292123629,182.2009775671855,104.56500244140624,194.4211036948836,0.01,1.0456500244140623,0.09721055184744029,0.1944211036948836,163947.85136135135
2016-10-31,2016-11-01,GLD,BUY,0.011029252738633843,122.8,122.86139999999999,104.56500244140624,141.6220274957741,0.01,1.0456500244140623,0.0708110137478777,0.1416220274957741,163947.85136135135
2016-10-31,2016-11-01,IEF,BUY,0.005383053554129574,87.202640705,87.24624202535249,104.56500244140624,49.084535897607665,0.01,1.0456500244140623,0.024542267948800257,0.04908453589760767,163947.85136135135
2016-11-30,2016-12-01,SPY,SELL,0.7253978459143896,188.96980439,188.87531948780503,112.47000122070312,15417.19533648955,0.18085286987175658,20.340522495244127,7.708597668242969,15.41719533648955,171280.9254740305
2016-11-30,2016-12-01,GLD,BUY,0.7130769442134587,111.11,111.165555,112.47000122070312,8910.995865388344,0.10463586442477499,11.76839579958377,4.455497932694032,8.910995865388344,171280.9254740305
2016-11-30,2016-12-01,IEF,BUY,0.6847580454196314,83.354018176,83.39569518508799,112.47000122070312,6419.487888095455,0.07537975266538492,8.477960874292142,3.209743944047016,6.419487888095455,171280.9254740305
2016-12-30,2017-01-03,SPY,SELL,0.0517519849287652,193.795341081,193.6984434104595,116.79499816894533,1171.3713242477752,0.01323204817981646,1.5454370429330597,0.5856856621238864,1.1713713242477752,178310.6066725603
2016-12-30,2017-01-03,GLD,BUY,0.06381858952845103,109.62,109.67481,116.79499816894533,817.0737222053066,0.01,1.1679499816894532,0.40853686110257237,0.8170737222053066,178310.6066725603
2016-12-30,2017-01-03,IEF,BUY,0.035670533328460756,83.270430132,83.312065347066,116.79499816894533,346.9162593632468,0.01,1.1679499816894532,0.17345812968160115,0.3469162593632468,178310.6066725603
2017-01-31,2017-02-01,GLD,SELL,0.10441592039147712,114.66,114.60267,113.6500015258789,1360.655258224986,0.015795573112929357,1.7951669083865534,0.6803276291124125,1.360655258224986,176776.58034759882
2017-01-31,2017-02-01,SPY,BUY,0.01008838137762856,196.563968976,196.662250960488,113.6500015258789,225.36934911723802,0.01,1.1365000152587892,0.11268467455859922,0.22536934911723802,176776.58034759882
2017-01-31,2017-02-01,IEF,BUY,0.11864461159260671,83.565694454,83.607477301227,113.6500015258789,1126.7965055017578,0.013093841205247122,1.4881150729559514,0.5633982527508443,1.1267965055017577,176776.58034759882
2017-02-28,2017-03-01,GLD,SELL,0.058223909521200184,117.98,117.92101000000001,112.74500274658205,774.4743818915886,0.01,1.1274500274658206,0.387237190945757,0.7744743818915886,179262.88633225404
2017-02-28,2017-03-01,IEF,SELL,0.9314152519366609,83.801227298,83.75932668435101,112.74500274658205,8800.169270075321,0.10297942296278985,11.610415324781176,4.400084635036739,8.80016927007532,179262.88633225404
2017-02-28,2017-03-01,SPY,BUY,0.4113383944379984,205.291820833,205.3944667434165,112.74500274658205,9520.685008815495,0.11152235183322526,12.57358786374227,4.760342504407678,9.520685008815496,179262.88633225404
2017-03-31,2017-04-03,GLD,SELL,0.012665653491792897,118.69,118.630655,111.7760009765625,168.03134356093506,0.01,1.117760009765625,0.08401567178045807,0.16803134356093505,178205.1642442899
2017-03-31,2017-04-03,IEF,SELL,0.04807528507938581,84.611341783,84.5690361121085,111.7760009765625,454.6728461946041,0.01,1.117760009765625,0.22733642309727076,0.45467284619460413,178205.1642442899
2017-03-31,2017-04-03,SPY,BUY,0.02708769866068719,203.944882431,204.04685487221548,111.7760009765625,617.4950624429181,0.01,1.117760009765625,0.30874753122139875,0.6174950624429181,178205.1642442899
2017-04-28,2017-05-01,SPY,SELL,0.002803431264070496,206.435812293,206.33259438685351,111.22599792480467,64.36966719779593,0.01,1.1122599792480468,0.03218483359889269,0.06436966719779594,179292.56220274407
2017-04-28,2017-05-01,GLD,SELL,0.006570845985009071,120.21,120.149895,111.22599792480467,87.8553464965371,0.01,1.1122599792480468,0.04392767324826342,0.08785534649653709,179292.56220274407
2017-04-28,2017-05-01,IEF,BUY,0.015636055416319933,85.351281257,85.3939568976285,111.22599792480467,148.4374745530118,0.01,1.1122599792480468,0.07421873727650985,0.14843747455301182,179292.56220274407
2017-05-31,2017-06-01,SPY,SELL,0.017076187035921318,209.281353697,209.1767130201515,110.83899688720705,396.1083755555155,0.01,1.1083899688720704,0.19805418777771194,0.39610837555551554,179984.69523134932
2017-05-31,2017-06-01,GLD,BUY,0.029483658722911518,120.17,120.23008499999999,110.83899688720705,392.7082485462318,0.01,1.1083899688720704,0.1963541242730722,0.39270824854623176,179984.69523134932
2017-06-30,2017-07-03,SPY,SELL,0.04113060823242582,211.092798744,210.987252344628,112.00900268554688,972.5041877462646,0.011455004904054175,1.2830636750611566,0.48625209387314383,0.9725041877462647,180643.2709835507
2017-06-30,2017-07-03,IEF,SELL,0.0257400389980632,85.715386064,85.67252837096801,112.00900268554688,247.12740934398607,0.01,1.1200900268554688,0.12356370467196595,0.24712740934398608,180643.2709835507
2017-06-30,2017-07-03,GLD,BUY,0.09284692183867947,116.54,116.59827,112.00900268554688,1211.9800028420052,0.014290043408804123,1.6006135105533223,0.6059900014209314,1.2119800028420051,180643.2709835507
2017-07-31,2017-08-01,SPY,SELL,0.005142519948411519,215.073385941,214.9658492480295,110.51000213623048,122.22618167641485,0.01,1.1051000213623048,0.06111309083819844,0.12222618167641486,181232.68483787822
2017-07-31,2017-08-01,GLD,SELL,0.06306675822230874,120.44,120.37978000000001,110.51000213623048,839.4074936424803,0.010021390473751429,1.1074638826622702,0.41970374682114847,0.8394074936424802,181232.68483787822
2017-07-31,2017-08-01,IEF,BUY,0.10062628252620819,85.905229963,85.9481825779815,110.51000213623048,955.284257156973,0.011416212855572039,1.261605707056928,0.47764212857850685,0.9552842571569731,181232.68483787822
2017-08-31,2017-09-01,GLD,SELL,0.1000560716353606,126.01,125.94699500000002,110.45999908447266,1392.6869131717829,0.016634325251251494,1.8374275520240604,0.6963434565857783,1.392686913171783,184666.89503053416
2017-08-31,2017-09-01,SPY,BUY,0.04613941161089749,215.473182908,215.580919499454,110.45999908447266,1098.1718681048296,0.013129745349918207,1.4503116593313243,0.5490859340524128,1.0981718681048296,184666.89503053416
2017-08-31,2017-09-01,IEF,BUY,0.029687422107535156,87.201598913,87.2451997124565,110.45999908447266,285.9578156326102,0.01,1.1045999908447266,0.1429789078163014,0.2859578156326102,184666.89503053416
2017-09-29,2017-10-02,SPY,SELL,0.07490288422240518,219.660308732,219.550478577634,112.46700286865234,1850.44104264248,0.021707352582793903,2.4413608851999298,0.9252205213211921,1.8504410426424798,186318.41597488307
2017-09-29,2017-10-02,GLD,BUY,0.11599865237133603,121.17,121.23058499999999,112.46700286865234,1580.7863365805606,0.018562611521769086,2.087681283268483,0.7903931682901368,1.5807863365805606,186318.41597488307
2017-09-29,2017-10-02,IEF,BUY,0.026697098873807144,86.082528391,86.12556965519549,112.46700286865234,258.4664668413428,0.01,1.1246700286865234,0.1292332334206548,0.25846646684134283,186318.41597488307
2017-10-31,2017-11-01,SPY,SELL,0.04753525779540097,225.381311644,225.26862098817801,112.99600219726562,1210.589308198265,0.01413482660289152,1.5971788978782988,0.6052946540990178,1.2105893081982648,188565.27728601656
2017-10-31,2017-11-01,GLD,BUY,0.03487130164076493,120.98,121.04048999999999,112.99600219726562,476.6996325418513,0.01,1.1299600219726562,0.2383498162708755,0.4766996325418513,188565.27728601656
2017-10-31,2017-11-01,IEF,BUY,0.0749172545560144,85.810010135,85.8529151400675,112.99600219726562,726.4117916433522,0.01,1.1299600219726562,0.3632058958216418,0.7264117916433522,188565.27728601656
2017-11-30,2017-12-01,SPY,SELL,0.04334746984064175,231.2507986,231.1351732007,112.0019989013672,1122.723383270226,0.013225244933246082,1.4812538684837397,0.5613616916351164,1.122723383270226,188523.45636797138
2017-11-30,2017-12-01,GLD,BUY,0.03550379428689416,120.94,121.00046999999999,112.0019989013672,480.91741761880263,0.01,1.120019989013672,0.24045870880938197,0.4809174176188027,188523.45636797138
2017-11-30,2017-12-01,IEF,BUY,0.06608007398248314,85.761188696,85.804069290348,112.0019989013672,634.7271656973458,0.01,1.120019989013672,0.3173635828486101,0.6347271656973458,188523.45636797138
2017-12-29,2018-01-02,SPY,SELL,0.006326748745354972,235.137049372,235.01948084731401,112.66600036621094,167.6079170594603,0.01,1.1266600036621095,0.083803958529725,0.1676079170594603,192342.83334955107
2017-12-29,2018-01-02,GLD,SELL,0.0638722421892725,124.66,124.59767000000001,112.66600036621094,897.0820395148694,0.01050499897188595,1.183556218013548,0.44854101975735317,0.8970820395148694,192342.83334955107
2017-12-29,2018-01-02,IEF,BUY,0.10957498116694195,85.68381393,85.726655836965,112.66600036621094,1057.7988031099937,0.012399415642469266,1.396992567315244,0.5288994015549325,1.0577988031099939,192342.83334955107
2018-01-31,2018-02-01,SPY,SELL,0.29855233820437066,246.751681851,246.6283060100745,108.73200225830078,8010.100845623731,0.09719352380323183,10.568046449665214,4.0050504228115535,8.01010084562373,188449.70114846612
2018-01-31,2018-02-01,GLD,SELL,0.31926247922715606,127.18,127.11641000000002,108.73200225830078,4414.932702514583,0.053570220273313464,5.82479731173559,2.207466351256969,4.414932702514583,188449.70114846612
2018-01-31,2018-02-01,IEF,BUY,1.3541362563904178,83.912796455,83.9547528532275,108.73200225830078,12355.147834090485,0.15006575065000496,16.316949538569943,6.177573917044944,12.355147834090486,188449.70114846612
2018-02-28,2018-03-01,SPY,SELL,0.5627896226071636,238.271156549,238.15202097072552,107.4260025024414,14405.454626313855,0.17691892152692726,19.005692506680923,7.202727313156622,14.405454626313853,182336.63266816566
2018-02-28,2018-03-01,GLD,BUY,0.7938428372092988,124.15,124.212075,107.4260025024414,10587.432868849814,0.13015842316442358,13.982399092575195,5.293716434424309,10.587432868849813,182336.63266816566
2018-02-28,2018-03-01,IEF,BUY,0.41773171288902894,83.27547989,83.31711762994499,107.4260025024414,3737.007815227949,0.04594154698390439,4.9353167412589425,1.8685039076134604,3.7370078152279484,182336.63266816566
2018-03-29,2018-04-02,GLD,SELL,0.0714039114190705,126.65,126.58667500000001,106.47899627685548,962.9220800179536,0.011931194521665762,1.270421617050887,0.48146104000891493,0.9629220800179535,181375.12027313086
2018-03-29,2018-04-02,IEF,SELL,0.04336155674460102,84.056465656,84.014437423172,106.47899627685548,388.09669059023145,0.01,1.0647899627685549,0.19404834529512674,0.38809669059023144,181375.12027313086
2018-03-29,2018-04-02,SPY,BUY,0.054497549776295263,231.415897874,231.531605822937,106.47899627685548,1342.8704469861423,0.016655634881319832,1.7734752845167188,0.6714352234930742,1.3428704469861423,181375.12027313086
2018-04-30,2018-05-01,SPY,SELL,0.027325628560840427,232.579367633,232.4630779491835,109.0979995727539,693.3589620540952,0.01,1.090979995727539,0.346679481027017,0.6933589620540952,183734.27650347125
2018-04-30,2018-05-01,GLD,BUY,0.046002864855035776,123.9,123.96195,109.0979995727539,621.8318637041884,0.01,1.090979995727539,0.3109159318520739,0.6218318637041884,183734.27650347125
2018-04-30,2018-05-01,IEF,BUY,0.007305928183666224,83.033344859,83.07486153142949,109.0979995727539,66.18273636339697,0.01,1.090979995727539,0.033091368181694385,0.06618273636339697,183734.27650347125
2018-05-31,2018-06-01,SPY,SELL,0.04199087628017167,240.106664406,239.986611073797,108.71199798583984,1096.0658074555467,0.013301967484736681,1.4460834624084011,0.5480329037277074,1.0960658074555467,184267.16179997413
2018-05-31,2018-06-01,GLD,BUY,0.07563937031505209,122.58,122.64129,108.71199798583984,1007.963949050034,0.012244993134297917,1.331177668952418,0.5039819745250138,1.007963949050034,184267.16179997413
2018-05-31,2018-06-01,IEF,BUY,0.008920303846964584,83.48593113,83.52767409556499,108.71199798583984,80.95998529297168,0.01,1.0871199798583984,0.04047999264647864,0.08095998529297169,184267.16179997413
2018-06-29,2018-07-02,SPY,SELL,0.005692497983165346,238.616863215,238.4975547833925,110.48600006103516,150.0760079110987,0.01,1.1048600006103515,0.07503800395554498,0.1500760079110987,185462.7635445046
2018-06-29,2018-07-02,IEF,SELL,0.1538370953570615,84.110838356,84.068782936822,110.48600006103516,1429.6189098620528,0.017071424537909267,1.8861534125374004,0.7148094549310006,1.4296189098620526,185462.7635445046
2018-06-29,2018-07-02,GLD,BUY,0.12023260586416074,118.18,118.23909,110.48600006103516,1569.9054480096297,0.01876537595553328,2.0733113289683973,0.7849527240047836,1.5699054480096297,185462.7635445046
2018-07-31,2018-08-01,IEF,SELL,1.2043256673631009,83.319245476,83.27758585326201,110.99400329589844,11137.527425926715,0.13238720109003538,14.694185434122156,5.568763712962757,11.137527425926717,186153.80913943733
2018-07-31,2018-08-01,SPY,BUY,0.35524427330396796,249.285607238,249.410250041619,110.99400329589844,9829.327515282072,0.11695406320038657,12.981199676332421,4.91466375764091,9.829327515282072,186153.80913943733
2018-07-31,2018-08-01,GLD,BUY,0.09704987835524373,115.63,115.68781499999999,110.99400329589844,1245.5611009196314,0.0148202846522728,1.6449627235405202,0.6227805504597171,1.2455611009196312,186153.80913943733
2018-08-31,2018-09-04,GLD,SELL,0.6532544278859875,112.75,112.69362500000001,111.1439971923828,8186.248510697798,0.09717524457402041,10.800445110104036,4.093124255348066,8.186248510697798,187317.43379070572
2018-08-31,2018-09-04,SPY,BUY,0.14836148536295157,256.616495248,256.74480349562396,111.1439971923828,4231.474750545225,0.05028017333569546,5.588339444055057,2.1157373752722326,4.2314747505452255,187317.43379070572
2018-08-31,2018-09-04,IEF,BUY,0.4171075414514913,84.314413701,84.3565709078505,111.1439971923828,3908.731855525568,0.04644520570358053,5.162105812318396,1.9543659277623233,3.908731855525568,187317.43379070572
2018-09-28,2018-10-01,SPY,SELL,0.03018541294294912,259.796704751,259.6668063986245,113.35700225830078,888.9536389866771,0.01034635770790948,1.1728320940606827,0.4444768194933575,0.8889536389866771,190673.07556886866
2018-09-28,2018-10-01,GLD,BUY,0.004613114481736701,112.4,112.4562,113.35700225830078,58.777200348580664,0.01,1.1335700225830079,0.029388600174285004,0.058777200348580666,190673.07556886866
2018-09-28,2018-10-01,IEF,BUY,0.08727205632702213,83.30018514,83.34183523256999,113.35700225830078,824.0802921274578,0.01,1.1335700225830079,0.41204014606367917,0.8240802921274578,190673.07556886866
2018-10-31,2018-11-01,SPY,SELL,0.4581225570888683,241.555527063,241.4347492994685,113.052001953125,12510.564680281865,0.14600085022932072,16.505688405283077,6.25528234014055,12.510564680281865,187413.607591545
2018-10-31,2018-11-01,GLD,BUY,0.41332756943180055,116.33,116.38816499999999,113.052001953125,5435.811143686988,0.0635004973021021,7.178858345021655,2.717905571842945,5.435811143686988,187413.607591545
2018-10-31,2018-11-01,IEF,BUY,0.7456677190935415,83.089601947,83.1311467479735,113.052001953125,7004.389335132067,0.08182444060717328,9.250416819335515,3.5021946675658078,7.004389335132068,187413.607591545
2018-11-30,2018-12-03,SPY,SELL,0.028884154277591948,249.275342876,249.150705204562,113.41100311279295,816.571409698001,0.01,1.1341100311279295,0.4082857048489837,0.816571409698001,190602.5850568859
2018-11-30,2018-12-03,GLD,BUY,0.05071816358398075,116.6,116.65829999999998,113.41100311279295,670.6829444242248,0.01,1.1341100311279295,0.33534147221204613,0.6706829444242248,190602.5850568859
2018-11-30,2018-12-03,IEF,BUY,0.014672463955635526,84.16287619,84.204957628095,113.41100311279295,140.0486129002203,0.01,1.1341100311279295,0.070024306450104,0.1400486129002203,190602.5850568859
2018-12-31,2019-01-02,SPY,SELL,0.36229060996127627,220.047527506,219.937503742247,109.62999725341795,8739.829780112022,0.10517930594706368,11.530807022092997,4.369914890055674,8.739829780112021,183940.16575457688
2018-12-31,2019-01-02,IEF,SELL,0.28011505284299953,86.731768823,86.6884029385885,109.62999725341795,2663.4469706618984,0.032053199072423696,3.513992126273069,1.3317234853309534,2.6634469706618984,183940.16575457688
2018-12-31,2019-01-02,GLD,BUY,0.8523360175477075,121.35,121.41067499999998,109.62999725341795,11339.137585134029,0.13659715240680828,14.975145443183106,5.669568792566001,11.33913758513403,183940.16575457688
2019-01-31,2019-02-01,SPY,SELL,0.07922067795837177,241.669402211,241.54856750989453,108.9810028076172,2086.4646081481515,0.025259046486969736,2.7527562161141823,1.0432323040739013,2.0864646081481513,188090.84139972983
2019-01-31,2019-02-01,GLD,BUY,0.002139922272578516,124.89,124.952445,108.9810028076172,29.125706203223675,0.01,1.089810028076172,0.01456285310161108,0.02912570620322368,188090.84139972983
2019-01-31,2019-02-01,IEF,BUY,0.21552020981115613,87.048478323,87.0920025621615,108.9810028076172,2044.5605872516724,0.024776514397893447,2.7001693851597937,1.0222802936258168,2.0445605872516723,188090.84139972983
2019-02-28,2019-03-01,SPY,SELL,0.043496624674000006,250.874577664,250.749140375168,110.86199951171876,1209.748016722002,0.014396898445019408,1.5960689483820063,0.6048740083609492,1.2097480167220018,191245.85034450385
2019-02-28,2019-03-01,GLD,BUY,0.05834370071448284,123.48,123.54173999999999,110.86199951171876,798.6809040485241,0.01,1.1086199951171876,0.3993404520241724,0.7986809040485241,191245.85034450385
2019-02-28,2019-03-01,IEF,BUY,0.042040500725838766,86.604383069,86.64768526053449,110.86199951171876,403.63652602669674,0.01,1.1086199951171876,0.20181826301331937,0.4036365260266967,191245.85034450385
2019-03-29,2019-04-01,GLD,SELL,0.7545929911427542,122.4,122.3388,110.63700103759766,10218.674838588639,0.12185712135275606,13.481906461543536,5.109337419294275,10.218674838588639,192961.29703246613
2019-03-29,2019-04-01,IEF,SELL,0.1207920319883432,88.76273414,88.71835277293002,110.63700103759766,1186.2312298629986,0.014145740540053159,1.5650423108074485,0.5931156149313414,1.1862312298629987,192961.29703246613
2019-03-29,2019-04-01,SPY,BUY,0.40070854553132784,255.807385341,255.9352890336705,110.63700103759766,11340.757869922563,0.13537320379284518,14.977285288491931,5.670378934960668,11.340757869922562,192961.29703246613
2019-04-30,2019-05-01,GLD,SELL,0.6399656349808609,121.03,120.969485,111.677001953125,8649.946742894579,0.1021895335313592,11.412220735770534,4.324973371446947,8.64994674289458,195380.76921492856
2019-04-30,2019-05-01,IEF,SELL,0.025447510792645095,88.604569749,88.56026746412552,111.677001953125,251.80547850433507,0.01,1.11677001953125,0.1259027392521399,0.2518054785043351,195380.76921492856
2019-04-30,2019-05-01,SPY,BUY,0.2992876415045688,264.810511442,264.942916697721,111.677001953125,8850.906449451515,0.10466826568677913,11.68903811153264,4.425453224725173,8.850906449451516,195380.76921492856
2019-05-31,2019-06-03,GLD,SELL,0.08731428115415787,124.09,124.027955,109.35700225830078,1184.864435652009,0.014294823488675718,1.5632390445331215,0.5924322178259824,1.184864435652009,191876.10760780252
2019-05-31,2019-06-03,IEF,SELL,0.25029267127056726,91.457616061,91.4118872529695,109.35700225830078,2503.309842235627,0.030201237589287142,3.3027168072551523,1.2516549211175172,2.503309842235627,191876.10760780252
2019-05-31,2019-06-03,SPY,BUY,0.13557141230430908,247.370324054,247.494009216027,109.35700225830078,3667.434067777589,0.044290108323479654,4.843433475951151,1.8337170338886084,3.6674340677775894,191876.10760780252
2019-06-28,2019-07-01,SPY,SELL,0.06946057615794314,267.86779037,267.733856474815,107.74700164794922,2004.7677628972594,0.02454797126460189,2.64497030030087,1.002383881448701,2.0047677628972593,197394.66423204463
2019-06-28,2019-07-01,GLD,SELL,0.05927277075851763,131.56,131.49422,107.74700164794922,840.2031155101577,0.010288115320731712,1.1085135784171714,0.42010155775501185,0.8402031155101577,197394.66423204463
2019-06-28,2019-07-01,IEF,BUY,0.28411672665949694,92.411595318,92.457801115659,107.74700164794922,2828.9707926866263,0.034674826305392877,3.736108567069519,1.4144853963432797,2.8289707926866265,197394.66423204463
2019-07-31,2019-08-01,GLD,SELL,0.011785428013511784,132.42,132.35379,108.56199645996094,169.4247152748212,0.01,1.0856199645996094,0.08471235763739,0.1694247152748212,199575.44291206947
2019-07-31,2019-08-01,SPY,BUY,0.0006732841660758468,268.698444163,268.83279338508146,108.56199645996094,19.63999506246182,0.01,1.0856199645996094,0.009819997531229623,0.01963999506246182,199575.44291206947
2019-07-31,2019-08-01,IEF,BUY,0.014527144463115907,92.592069767,92.6383658018835,108.56199645996094,146.0265648778517,0.01,1.0856199645996094,0.07301328243892093,0.1460265648778517,199575.44291206947
2019-08-30,2019-09-03,GLD,SELL,0.20282219618478575,144.96,144.88752000000002,106.12799835205078,3120.2804823083497,0.038790054608140535,4.1167108515286985,1.5601402411538425,3.12028048230835,202297.69787136244
2019-08-30,2019-09-03,IEF,SELL,0.014494865401222502,96.168864735,96.12078030263251,106.12799835205078,147.937627423802,0.01,1.0612799835205078,0.07396881371188366,0.147937627423802,202297.69787136244
2019-08-30,2019-09-03,SPY,BUY,0.11668982711362026,262.351165727,262.4823413098635,106.12799835205078,3248.971994912619,0.04043030511673063,4.2907873548012985,1.6244859974560284,3.248971994912619,202297.69787136244
2019-09-30,2019-10-01,SPY,SELL,0.08103594690828686,270.065933125,269.9309001584375,107.94400024414062,2362.3596934134766,0.028873820044271692,3.116755637908136,1.1811798467067856,2.3623596934134765,203203.7469143754
2019-09-30,2019-10-01,GLD,BUY,0.13409691699536697,138.07,138.13903499999998,107.94400024414062,1998.5574014771848,0.024451704697483916,2.6394148178348584,0.9992787007383795,1.998557401477185,203203.7469143754
2019-09-30,2019-10-01,IEF,BUY,0.03426777479987077,94.593629932,94.64092674696599,107.94400024414062,349.9019025170422,0.01,1.0794400024414064,0.17495095125848092,0.3499019025170422,203203.7469143754
2019-10-31,2019-11-01,SPY,SELL,0.013603200637498982,276.578573012,276.440283725494,108.78900146484376,409.30271531306784,0.01,1.0878900146484376,0.20465135765652562,0.40930271531306783,208254.57975622578
2019-10-31,2019-11-01,GLD,SELL,0.04793351919934064,142.21,142.13889500000002,108.78900146484376,741.5739103706728,0.01,1.0878900146484376,0.3707869551852772,0.7415739103706728,208254.57975622578
2019-10-31,2019-11-01,IEF,BUY,0.11064941470719063,95.015889788,95.06339773289399,108.78900146484376,1143.7480095322974,0.013884696301372502,1.510502246268924,0.5718740047660726,1.1437480095322974,208254.57975622578
2019-11-29,2019-12-02,SPY,SELL,0.06885305710209487,285.349774642,285.207099754679,109.51200103759766,2151.6046606985838,0.02592134255743795,2.838698093046069,1.0758023303492397,2.1516046606985837,208514.85451767835
2019-11-29,2019-12-02,GLD,BUY,0.11193754773746097,137.32,137.38866,109.51200103759766,1683.3378851740924,0.020300213587283247,2.223117011434017,0.8416689425869748,1.6833378851740923,208514.85451767835
2019-11-29,2019-12-02,IEF,BUY,0.04424735324674748,94.038454746,94.085473973373,109.51200103759766,455.6742592388429,0.01,1.0951200103759766,0.22783712961941777,0.4556742592388429,208514.85451767835
2019-12-31,2020-01-02,SPY,SELL,0.020032123691586863,294.910737102,294.763281733449,108.68099975585938,642.0534776025742,0.01,1.0868099975585939,0.3210267388012723,0.6420534776025741,211546.8633185366
2019-12-31,2020-01-02,GLD,SELL,0.0927368540499533,143.86,143.78807000000003,108.68099975585938,1449.9266750184179,0.017601478305463103,1.9129462594187996,0.7249633375090123,1.4499266750184179,211546.8633185366
2019-12-31,2020-01-02,IEF,BUY,0.20355834213893365,94.018977784,94.065987272892,108.68099975585938,2079.9747125122626,0.025275249675630145,2.7469394038264445,1.0399873562561672,2.0799747125122625,211546.8633185366
2020-01-31,2020-02-03,GLD,SELL,0.04319046880860052,148.66,148.58567,108.8769989013672,699.0660125959985,0.01,1.088769989013672,0.3495330062980149,0.6990660125959984,216472.58888456368
2020-01-31,2020-02-03,IEF,SELL,0.056398349747777875,96.63680314,96.58848473843,108.8769989013672,593.3966529946339,0.01,1.088769989013672,0.2966983264973197,0.5933966529946338,216472.58888456368
2020-01-31,2020-02-03,SPY,BUY,0.04003482275661961,294.737549737,294.8849185118685,108.8769989013672,1284.723062287173,0.01558347838901419,1.6966823594401774,0.6423615311435099,1.284723062287173,216472.58888456368
2020-02-28,2020-03-02,GLD,SELL,0.04397424264552529,150.0,149.925,109.66000366210938,723.3323414320184,0.01,1.0966000366210937,0.3616661707159544,0.7233323414320184,217380.01290892414
2020-02-28,2020-03-02,IEF,SELL,0.3458345047438366,100.117912366,100.067853409817,109.66000366210938,3796.8930393594933,0.04568112981268703,5.0093928625485535,1.898446519679521,3.7968930393594937,217380.01290892414
2020-02-28,2020-03-02,SPY,BUY,0.15078694353799169,271.822126819,271.9580378824095,109.66000366210938,4494.65953847911,0.0541301921197988,5.93591706608782,2.247329769239232,4.49465953847911,217380.01290892414
2020-03-31,2020-04-01,SPY,SELL,0.4201437529904955,227.365590234,227.251907438883,108.03500366210938,10320.176865196561,0.1260315794306197,13.61582214532843,5.160088432598304,10.320176865196562,207584.68197228556
2020-03-31,2020-04-01,IEF,SELL,0.5391643416290699,104.153355005,104.1012783274975,108.03500366210938,6066.789366387179,0.07408856029369047,8.004157882649261,3.03339468319348,6.066789366387179,207584.68197228556
2020-03-31,2020-04-01,GLD,BUY,1.017738682387997,148.2,148.27409999999998,108.03500366210938,16294.7978177267,0.19919365905947123,21.519887685958942,8.14739890886194,16.2947978177267,207584.68197228556
2020-04-30,2020-05-01,SPY,SELL,0.1381349353478428,261.592372569,261.4615763827155,106.61000061035156,3852.357219857797,0.04767441089343434,5.082568974447186,1.926178609928885,3.8523572198577973,215308.93719061805
2020-04-30,2020-05-01,GLD,SELL,0.06031354691434651,158.0,157.92100000000002,106.61000061035156,1015.94430918945,0.012572703847783882,1.3403759648860092,0.507972154594592,1.01594430918945,215308.93719061805
2020-04-30,2020-05-01,IEF,BUY,0.43673000254661154,103.972283415,104.0242695567075,106.61000061035156,4840.92724889576,0.05996828575110156,6.393218980526674,2.4204636244473132,4.840927248895761,215308.93719061805
2020-05-29,2020-06-01,SPY,SELL,0.056377161458799806,278.380274647,278.2410845096765,107.64299774169922,1689.3803897356336,0.020706104160553147,2.2288671233938113,0.8446901948678778,1.6893803897356334,222411.81324183682
2020-05-29,2020-06-01,GLD,SELL,0.0361733180213712,162.9235,162.84203825,107.64299774169922,634.3922395478877,0.01,1.0764299774169923,0.31719611977389844,0.6343922395478877,222411.81324183682
2020-05-29,2020-06-01,IEF,BUY,0.20652270843242063,103.931206118,103.983171721059,107.64299774169922,2310.4658997247416,0.028346849856899104,3.051339895130477,1.1552329498621163,2.3104658997247416,222411.81324183682
2020-06-30,2020-07-01,SPY,SELL,0.01421822250893515,285.084915617,284.9423731591915,107.58999633789062,436.10537337450654,0.01,1.0758999633789064,0.21805268668721417,0.4361053733745065,225349.84116721814
2020-06-30,2020-07-01,GLD,SELL,0.05186842483831597,167.05,166.96647500000003,107.58999633789062,932.2264737958177,0.011431580237954006,1.2299236759377743,0.4661132368977989,0.9322264737958178,225349.84116721814
2020-06-30,2020-07-01,IEF,BUY,0.12161689770034813,103.948207792,104.000181895896,107.58999633789062,1360.137515440143,0.01669559691683503,1.796279211141179,0.68006875772008,1.360137515440143,225349.84116721814
2020-07-31,2020-08-03,SPY,SELL,0.008142560385569568,302.351905854,302.20072990107303,104.68299865722656,257.7210268481649,0.01,1.0468299865722657,0.1288605134240505,0.2577210268481649,231178.1968651618
2020-07-31,2020-08-03,GLD,SELL,0.21815168989168093,185.05,184.95747500000002,104.68299865722656,4225.94485475347,0.0532603971627398,5.575458084670444,2.1129724273766177,4.22594485475347,231178.1968651618
2020-07-31,2020-08-03,IEF,BUY,0.4060080873951564,104.882773963,104.9352153499815,104.68299865722656,4457.742769186031,0.0562380008317312,5.887162565553224,2.2288713845929835,4.457742769186031,231178.1968651618
2020-08-31,2020-09-01,GLD,SELL,0.8569582162582055,186.99,186.89650500000002,105.53500366210938,16911.20515694788,0.21141449412559452,22.31162941176762,8.455602578473044,16.91120515694788,235967.94656836812
2020-08-31,2020-09-01,SPY,BUY,0.4316249513005378,322.51054139,322.671796660695,105.53500366210938,14690.852089768456,0.18384062204604296,19.40162072087361,7.34542604488396,14.690852089768455,235967.94656836812
2020-08-31,2020-09-01,IEF,BUY,0.19363836474778617,103.996978474,104.048976963237,105.53500366210938,2125.243308635505,0.026595193353750497,2.8067238279825655,1.0626216543176163,2.125243308635505,235967.94656836812
2020-09-30,2020-10-01,IEF,SELL,0.208338000746864,104.176593287,104.12450499035651,105.66400146484376,2293.325482911227,0.028634880381951014,3.025676042624098,1.1466627414553863,2.293325482911227,231356.15491369792
2020-09-30,2020-10-01,SPY,BUY,0.0208735601147818,312.22585103,312.381963955515,105.66400146484376,688.6403059945079,0.01,1.0566400146484376,0.34432015299726176,0.6886403059945079,231356.15491369792
2020-09-30,2020-10-01,GLD,BUY,0.08428865588517215,178.71,178.799355,105.66400146484376,1591.64070171569,0.019893399644033166,2.102016209127843,0.7958203508576974,1.59164070171569,231356.15491369792
2020-10-30,2020-11-02,GLD,SELL,0.01701777790078004,177.4499,177.36117505,104.5540008544922,315.7324840534639,0.01,1.045540008544922,0.1578662420267312,0.3157324840534639,226172.93572569615
2020-10-30,2020-11-02,IEF,SELL,0.027065681080024356,103.219255848,103.16764622007601,104.5540008544922,292.0924557384278,0.01,1.045540008544922,0.1460462278691986,0.2920924557384278,226172.93572569615
2020-10-30,2020-11-02,SPY,BUY,0.018886752263337858,305.300648554,305.453298878277,104.5540008544922,602.8727675891524,0.01,1.045540008544922,0.3014363837945294,0.6028727675891524,226172.93572569615
2020-11-30,2020-12-01,SPY,SELL,0.15500801368001677,338.003507243,337.8345054893785,104.08200073242188,5453.194521620609,0.06912451345599264,7.1946176601549325,2.726597260810319,5.453194521620609,228391.5407756357
2020-11-30,2020-12-01,GLD,BUY,0.21224424247919366,169.76,169.84488,104.08200073242188,3750.135124902918,0.0475841492208318,4.952653454054287,1.8750675624514213,3.7501351249029184,228391.5407756357
2020-11-30,2020-12-01,IEF,BUY,0.15604628464288375,102.969434977,103.0209196944885,104.08200073242188,1672.3893546184047,0.02122036192163952,2.208657725070342,0.836194677309073,1.6723893546184048,228391.5407756357
2020-12-31,2021-01-04,SPY,SELL,0.005116691439728372,348.488228399,348.3139842848005,103.22599792480467,184.06297213664948,0.01,1.0322599792480467,0.09203148606832258,0.1840629721366495,232835.5243909972
2020-12-31,2021-01-04,GLD,SELL,0.15314494338184442,181.97,181.879015,103.22599792480467,2876.6799524183734,0.03676708391996723,3.795318928423657,1.4383399762090163,2.8766799524183733,232835.5243909972
2020-12-31,2021-01-04,IEF,BUY,0.2867859663627806,102.782221931,102.83361304196549,103.22599792480467,3042.741008232411,0.03892843295987753,4.0184263399322155,1.521370504116116,3.042741008232411,232835.5243909972
2021-01-29,2021-02-01,SPY,SELL,0.020156975720787184,347.011858776,346.838352846612,104.29100036621094,729.4852627246801,0.01,1.0429100036621093,0.36474263136233986,0.7294852627246801,231451.057597725
2021-01-29,2021-02-01,IEF,SELL,0.07248874718673842,101.893150353,101.8422037778235,104.29100036621094,770.3044686522189,0.01,1.0429100036621093,0.38515223432608203,0.7703044686522189,231451.057597725
2021-01-29,2021-02-01,GLD,BUY,0.08169877870771196,175.02,175.10751,104.29100036621094,1491.248696969073,0.018884012016603963,1.9694325041391756,0.7456243484843698,1.491248696969073,231451.057597725
2021-02-26,2021-03-01,SPY,SELL,0.0887963554932276,358.033561558,357.854544777221,106.37899780273438,3382.0091202497056,0.04194455677223494,4.462019912710248,1.6910045601245296,3.3820091202497053,230648.0746919936
2021-02-26,2021-03-01,GLD,BUY,0.17909702440762806,163.03,163.111515,106.37899780273438,3106.073965306437,0.03856087881771865,4.1020676430215985,1.5530369826531423,3.1060739653064373,230648.0746919936
2021-02-26,2021-03-01,IEF,BUY,0.02425706959377632,99.2819867,99.33162769335,106.37899780273438,256.1914830851557,0.01,1.0637899780273439,0.12809574154256795,0.2561914830851557,230648.0746919936
2021-03-31,2021-04-01,SPY,SELL,0.0584679259293738,371.139476016,370.953906277992,110.30500030517578,2393.5915252658665,0.02862935528042503,3.157961042944269,1.196795762632834,2.3935915252658666,238759.99009206105
2021-03-31,2021-04-01,GLD,BUY,0.028433825984841548,161.56,161.64078,110.30500030517578,506.7156827965809,0.01,1.1030500030517578,0.2533578413983039,0.5067156827965809,238759.99009206105
2021-03-31,2021-04-01,IEF,BUY,0.1743441294537302,97.393670218,97.442367053109,110.30500030517578,1872.9805209803685,0.02242482614563637,2.4735704548379336,0.936490260490155,1.8729805209803685,238759.99009206105
2021-04-30,2021-05-03,SPY,SELL,0.03613981810519514,390.730498055,390.5351328059725,108.90399932861328,1537.8256562598615,0.018630306635550816,2.0289149013298857,0.768912828129832,1.5378256562598616,242288.82291043596
2021-04-30,2021-05-03,GLD,SELL,0.035820526123952985,167.61,167.52619500000003,108.90399932861328,653.8463674605447,0.01,1.0890399932861328,0.32692318373020957,0.6538463674605447,242288.82291043596
2021-04-30,2021-05-03,IEF,BUY,0.20396052520629404,98.105005539,98.1540580417695,108.90399932861328,2179.1198515201554,0.026425810262713456,2.8778764231086083,1.089559925760046,2.1791198515201553,242288.82291043596
2021-05-28,2021-06-01,GLD,SELL,0.15868475197110812,178.76,178.67062,109.90699768066406,3117.6753398452715,0.03742503998537583,4.113273782871461,1.5588376699222373,3.1176753398452712,249981.78551115253
2021-05-28,2021-06-01,SPY,BUY,0.02194192288905256,393.655643524,393.852471345762,109.90699768066406,949.3284819763504,0.011407282333829571,1.2537401530068868,0.47466424098814003,0.9493284819763504,249981.78551115253
2021-05-28,2021-06-01,IEF,BUY,0.19892786302459087,98.374291742,98.42347888787098,109.90699768066406,2150.8126411694752,0.025844507471125343,2.840492222686878,1.0754063205844762,2.1508126411694755,249981.78551115253
2021-06-30,2021-07-01,SPY,SELL,0.041672487845141264,400.831512118,400.631096361941,110.53500366210938,1846.3376067855713,0.022037788731457758,2.435947058136476,0.9231688033927278,1.8463376067855712,248931.31913639657
2021-06-30,2021-07-01,IEF,SELL,0.21399787086407204,99.465671052,99.415938216474,110.53500366210938,2352.7863905395934,0.028082734822929032,3.104125196494507,1.1763931952698188,2.3527863905395936,248931.31913639657
2021-06-30,2021-07-01,GLD,BUY,0.22667520675833933,166.65,166.733325,110.53500366210938,4175.506542443588,0.049888490411602114,5.514424470343548,2.087753271221846,4.175506542443588,248931.31913639657
2021-07-30,2021-08-02,SPY,SELL,0.007753173239913853,411.551631138,411.345855322431,109.40899658203124,349.1056281896744,0.01,1.0940899658203125,0.1745528140948236,0.34910562818967444,251650.020434839
2021-07-30,2021-08-02,IEF,SELL,0.005419625216893688,101.640903022,101.590082570489,109.40899658203124,60.26855857639748,0.01,1.0940899658203125,0.030134279288199273,0.06026855857639748,251650.020434839
2021-07-30,2021-08-02,GLD,BUY,0.021857888868142685,169.3,169.38465,109.40899658203124,404.87243225713155,0.01,1.0940899658203125,0.20243621612852303,0.40487243225713154,251650.020434839
2021-08-31,2021-09-01,SPY,SELL,0.030307224593320612,422.972716964,422.76123060551805,109.94400024414062,1409.386336184645,0.016912789826209258,1.8594597687818497,0.7046931680922467,1.409386336184645,254507.79859688572
2021-08-31,2021-09-01,GLD,BUY,0.010609850465359899,169.94,170.02497,109.94400024414062,198.23320900202089,0.01,1.0994400024414064,0.09911660450100862,0.19823320900202088,254507.79859688572
2021-08-31,2021-09-01,IEF,BUY,0.10805308444298135,101.213155392,101.263761969696,109.94400024414062,1202.3908635213052,0.014443257606525695,1.587949517818047,0.6011954317606694,1.202390863521305,254507.79859688572
2021-09-30,2021-10-01,IEF,SELL,0.13321296607080735,99.646652415,99.59682908879252,111.93599700927734,1485.8637360779685,0.017513217498698216,1.9603594615571072,0.7429318680388,1.4858637360779685,251787.1514948918
2021-09-30,2021-10-01,SPY,BUY,0.024470128081579286,404.094105703,404.2961527558515,111.93599700927734,1106.8493900566536,0.013058995805889569,1.46177171547222,0.5534246950282427,1.1068493900566536,251787.1514948918
2021-09-30,2021-10-01,GLD,BUY,0.020123703878708397,164.27,164.352135,111.93599700927734,370.02915762939983,0.01,1.1193599700927734,0.18501457881468608,0.3700291576293998,251787.1514948918
2021-10-29,2021-11-01,SPY,SELL,0.06668958933816492,431.585031452,431.36923893627403,113.61599731445312,3270.1215973271032,0.03797354536506545,4.314402228217539,1.6350607986633974,3.270121597327103,260445.1725167224
2021-10-29,2021-11-01,GLD,BUY,0.0011049023103883327,167.38,167.46368999999999,113.61599731445312,21.011977653892245,0.01,1.1361599731445313,0.010505988826944873,0.021011977653892244,260445.1725167224
2021-10-29,2021-11-01,IEF,BUY,0.2879021294250013,98.733809223,98.78317612761148,113.61599731445312,3229.6112919316106,0.037540650521225676,4.2652184488024,1.6148056459654403,3.2296112919316107,260445.1725167224
2021-11-30,2021-12-01,IEF,SELL,0.05899845721747186,99.744027066,99.69415505246701,113.8040008544922,669.7073786055116,0.01,1.138040008544922,0.33485368930269155,0.6697073786055117,262013.2685887312
2021-11-30,2021-12-01,SPY,BUY,0.0020046473828562875,432.841438017,433.0578587360084,113.8040008544922,98.74710060210782,0.01,1.138040008544922,0.04937355030104341,0.09874710060210783,262013.2685887312
2021-11-30,2021-12-01,GLD,BUY,0.029785891200381307,166.84,166.92342,113.8040008544922,565.5464885585218,0.01,1.138040008544922,0.28277324427922573,0.5655464885585217,262013.2685887312
2021-12-31,2022-01-03,SPY,SELL,0.03476807291741749,448.159162429,447.9350828477855,115.06300354003906,1792.869198240296,0.020557468301992052,2.365404048006352,0.8964345991200778,1.792869198240296,267429.54271160567
2021-12-31,2022-01-03,GLD,SELL,0.009958126496534547,168.86,168.77557000000002,115.06300354003906,193.48180491836683,0.01,1.1506300354003907,0.09674090245918061,0.19348180491836683,267429.54271160567
2021-12-31,2022-01-03,IEF,BUY,0.17326374033051173,99.029973469,99.07948845573449,115.06300354003906,1974.2859487964556,0.022660285243034095,2.607360481137527,0.9871429743980984,1.9742859487964557,267429.54271160567
2022-01-31,2022-02-01,GLD,SELL,0.078922153168525,168.57,168.485715,115.26200103759766,1533.4349838884227,0.01755237713583875,2.0231221116433513,0.7667174919441584,1.5334349838884227,262117.59247191242
2022-01-31,2022-02-01,IEF,SELL,0.06445294614736516,97.500155957,97.45140587902151,115.26200103759766,724.3262743078375,0.01,1.1526200103759765,0.36216313715389364,0.7243262743078375,262117.59247191242
2022-01-31,2022-02-01,SPY,BUY,0.0459287287848833,424.052847624,424.26487404781193,115.26200103759766,2244.8667330971766,0.025721449159684908,2.964705699732117,1.1224333665483182,2.2448667330971768,262117.59247191242
2022-02-28,2022-03-01,SPY,SELL,0.2234531804685512,409.336892763,409.1322243166185,115.58499908447266,10572.285995808683,0.12067690371755188,13.94843980571023,5.286142997904447,10.572285995808683,265380.4493109534
2022-02-28,2022-03-01,GLD,BUY,0.46615244064056094,179.0456,179.1351228,115.58499908447266,9647.01800547661,0.11022564260091991,12.740430799112739,4.8235090027381675,9.64701800547661,265380.4493109534
2022-02-28,2022-03-01,IEF,BUY,0.0766883693957188,97.675299699,97.7241373488495,115.58499908447266,865.7963088064805,0.01,1.1558499908447266,0.43289815440313995,0.8657963088064805,265380.4493109534
2022-03-31,2022-04-01,SPY,SELL,0.0673194988064486,427.852536511,427.6386102427445,122.02100372314452,3514.5488015823644,0.038000710323612664,4.636884815879677,1.757274400790995,3.514548801582364,276101.22710231435
2022-03-31,2022-04-01,GLD,SELL,0.07517661710895271,179.5501,179.46032495,122.02100372314452,1647.0357401944493,0.017808410578218983,2.1730001334681446,0.8235178700970951,1.6470357401944493,276101.22710231435
2022-03-31,2022-04-01,IEF,BUY,0.45567900669365796,92.308102847,92.3542568984235,122.02100372314452,5132.552959804872,0.05555074278257398,6.778357391895903,2.56627647990242,5.1325529598048725,276101.22710231435
2022-04-29,2022-05-02,GLD,SELL,0.06431455870860547,173.6121,173.52529395000002,130.81100463867188,1460.6076316510298,0.014731467570831392,1.9270380727424696,0.7303038158253343,1.46060763165103,281904.7268140529
2022-04-29,2022-05-02,IEF,SELL,0.10653095472124174,88.793519152,88.74912239242401,130.81100463867188,1237.3750902968895,0.012479977935661189,1.6325184516322984,0.6186875451482866,1.2373750902968896,281904.7268140529
2022-04-29,2022-05-02,SPY,BUY,0.0527321945826416,388.928536145,389.1230004130725,130.81100463867188,2682.8101210160967,0.027085488902159772,3.5430800144211174,1.3414050605078103,2.6828101210160966,281904.7268140529
2022-05-31,2022-06-01,SPY,SELL,0.0034489080784316484,391.854443059,391.65851583747053,127.78399658203124,172.69623201274953,0.01,1.2778399658203123,0.08634811600636295,0.17269623201274953,276559.9636729854
2022-05-31,2022-06-01,IEF,SELL,0.08567001147318484,89.878556005,89.8336167269975,127.78399658203124,983.9236022365077,0.010158782007897028,1.2981297653747144,0.49196180111812227,0.9839236022365078,276559.9636729854
2022-05-31,2022-06-01,GLD,BUY,0.05221693353791379,172.2099,172.29600495,127.78399658203124,1149.0685698851319,0.011875735131905324,1.517528897504498,0.5745342849425138,1.149068569885132,276559.9636729854
2022-06-30,2022-07-01,IEF,SELL,0.3122765968592971,89.88889615,89.843951701925,136.58900451660156,3834.080481330427,0.03703413580134601,5.058455742238486,1.917040240665227,3.834080481330427,287130.2703196778
2022-06-30,2022-07-01,SPY,BUY,0.07690715130736632,356.947888358,357.12636230217896,136.58900451660156,3749.6202160424073,0.03625455395947836,4.951973434518565,1.874810108020795,3.7496202160424073,287130.2703196778
2022-06-30,2022-07-01,GLD,BUY,0.0026990689457818875,167.135,167.21856749999998,136.58900451660156,61.616513975103054,0.01,1.3658900451660156,0.030808256987546623,0.06161651397510306,287130.2703196778
2022-07-29,2022-08-01,SPY,SELL,0.07119137904707772,387.840526136,387.646605872932,134.39700317382812,3710.8224710883733,0.03642816732061722,4.8958365190057345,1.855411235543997,3.7108224710883735,289310.9238024907
2022-07-29,2022-08-01,GLD,BUY,0.1609122632278338,164.98,165.06248999999997,134.39700317382812,3567.8782595179077,0.03505996406869662,4.71195410221492,1.783939129758492,3.567878259517908,289310.9238024907
2022-07-29,2022-08-01,IEF,BUY,0.009782970155405836,91.94771722,91.99369107861,134.39700317382812,120.89303063738363,0.01,1.3439700317382812,0.06044651531868835,0.12089303063738364,289310.9238024907
2022-08-31,2022-09-01,IEF,SELL,1.2992096030850857,87.548687683,87.5049133391585,138.73399353027344,15780.172647390413,0.1500671353201191,20.81941298060807,7.890086323693631,15.780172647390414,285511.9889181118
2022-08-31,2022-09-01,SPY,BUY,0.19931396176253974,372.427384367,372.61359805918346,138.73399353027344,10298.221210890953,0.09803256201521697,13.60044882437524,5.149110605444305,10.298221210890953,285511.9889181118
2022-08-31,2022-09-01,GLD,BUY,0.2457759821132356,158.17,158.24908499999998,138.73399353027344,5393.198967155394,0.05133984805540257,7.122582147963442,2.696599483577427,5.393198967155394,285511.9889181118
2022-09-30,2022-10-03,GLD,SELL,0.09536282585389012,155.438,155.360281,144.43099975585938,2140.901709576894,0.019556585956531054,2.8245772615131797,1.0704508547884728,2.140901709576894,285904.30829780217
2022-09-30,2022-10-03,IEF,SELL,0.05947891928642045,84.756855541,84.71447711322949,144.43099975585938,728.1122243042919,0.01,1.4443099975585938,0.36405611215215494,0.7281122243042919,285904.30829780217
2022-09-30,2022-10-03,SPY,BUY,0.05746384736869776,343.680488552,343.85232879627597,144.43099975585938,2852.397153567019,0.02608198261590303,3.767046824829819,1.4261985767833758,2.852397153567019,285904.30829780217
2022-10-31,2022-11-01,SPY,SELL,0.0928493016315894,371.340162302,371.154492220849,147.81199645996094,5096.361748243755,0.045489094728175576,6.723833908927916,2.548180874121715,5.096361748243755,295445.9242243713
2022-10-31,2022-11-01,GLD,BUY,0.09335057066822097,153.82,153.89691,147.81199645996094,2122.459769896741,0.01896360097180011,2.8030477197118295,1.0612298849483435,2.122459769896741,295445.9242243713
2022-10-31,2022-11-01,IEF,BUY,0.2389467776678994,83.389184299,83.43087889114949,147.81199645996094,2945.239299338021,0.02631491236313404,3.889659733063751,1.4726196496689088,2.9452392993380205,295445.9242243713
2022-11-30,2022-12-01,GLD,SELL,0.1433788718390047,167.48,167.39626,138.7449951171875,3331.696534245304,0.03168143471970669,4.395640505491199,1.6658482671222046,3.331696534245304,292697.5926172827
2022-11-30,2022-12-01,SPY,BUY,0.009758924440797236,389.072430779,389.26696699438946,138.7449951171875,526.8048198063188,0.01,1.387449951171875,0.2634024099031081,0.5268048198063189,292697.5926172827
2022-11-30,2022-12-01,IEF,BUY,0.23375199254662973,85.886502711,85.9294459623555,138.7449951171875,2785.4641046573993,0.02651375656000968,3.6786510244568413,1.3927320523285605,2.7854641046573994,292697.5926172827
2022-12-30,2023-01-03,GLD,SELL,0.134993088823279,171.32,171.23434,130.84500122070312,3026.0544337684987,0.030512397259364537,3.9923946566481314,1.5130272168840742,3.0260544337684987,273956.4940522909
2022-12-30,2023-01-03,IEF,SELL,0.02127832338480569,85.443666355,85.40094452182251,130.84500122070312,237.88903030390793,0.01,1.3084500122070313,0.11894451515194067,0.23788903030390793,273956.4940522909
2022-12-30,2023-01-03,SPY,BUY,0.06747023372233887,367.528555547,367.7123198247735,130.84500122070312,3244.594576504045,0.03274871973273237,4.285006273405831,1.6222972882519462,3.244594576504045,273956.4940522909
2023-01-31,2023-02-01,SPY,SELL,0.016959468050750104,387.456392335,387.2626641388325,130.47900390625,857.3846205735317,0.01,1.3047900390625,0.42869231028666793,0.8573846205735317,284450.68472815654
2023-01-31,2023-02-01,GLD,SELL,0.03350116393676555,179.75,179.66012500000002,130.47900390625,785.7229304054054,0.01,1.3047900390625,0.3928614652026063,0.7857229304054053,284450.68472815654
2023-01-31,2023-02-01,IEF,BUY,0.1428139820302833,87.657344241,87.7011729131205,130.47900390625,1633.426773595037,0.016532938926832892,2.1572014028160216,0.8167133867974712,1.633426773595037,284450.68472815654
2023-02-28,2023-03-01,GLD,SELL,0.5725236327696799,170.95,170.864525,136.31700134277344,13341.742288471958,0.12912765170509483,17.60229427087259,6.670871144236167,13.34174228847196,285584.94086823147
2023-02-28,2023-03-01,IEF,SELL,0.19310571025433332,84.227082398,84.18496885680099,136.31700134277344,2217.15929883004,0.021458709629057562,2.925186949318425,1.108579649415041,2.21715929883004,285584.94086823147
2023-02-28,2023-03-01,SPY,BUY,0.3001857262503793,378.084830108,378.27387252305397,136.31700134277344,15471.389305760402,0.1498891906312368,20.432445000545528,7.735694652878629,15.471389305760402,285584.94086823147
2023-03-31,2023-04-03,GLD,SELL,0.08860486862802228,183.85,183.758075,133.2010040283203,2169.84503458174,0.021492055325021506,2.8627633479250725,1.0849225172909098,2.16984503458174,293106.74772016687
2023-03-31,2023-04-03,SPY,BUY,0.021931636864705253,392.428146845,392.6243609184225,133.2010040283203,1146.40664399261,0.011366381278427757,1.5140133984552802,0.5732033219962517,1.14640664399261,293106.74772016687
2023-03-31,2023-04-03,IEF,BUY,0.08660036384008427,87.665340739,87.7091734093695,133.2010040283203,1011.2420962672359,0.010026253154761064,1.3355069868562877,0.5056210481335821,1.011242096267236,293106.74772016687
2023-04-28,2023-05-01,SPY,SELL,0.009238346663619244,398.782248183,398.5828570589085,133.802001953125,492.93843701199523,0.01,1.33802001953125,0.24646921850600426,0.4929384370119952,297582.4117295113
2023-04-28,2023-05-01,GLD,SELL,0.0046025386548854234,186.05,185.95697500000003,133.802001953125,114.57496425710269,0.01,1.33802001953125,0.057287482128540894,0.11457496425710269,297582.4117295113
2023-04-28,2023-05-01,IEF,BUY,0.05101700568716593,88.143876678,88.187948616339,133.802001953125,601.6857472658763,0.01,1.33802001953125,0.3008428736329505,0.6016857472658763,297582.4117295113
2023-05-31,2023-06-01,SPY,SELL,0.021602874436676456,401.297013365,401.09636485831754,139.79200744628906,1211.8805362181301,0.011437581417294914,1.598882466654028,0.60594026810893,1.2118805362181302,308896.7268265455
2023-05-31,2023-06-01,GLD,BUY,0.04127311047041526,182.81,182.90140499999998,139.79200744628906,1054.7498931331793,0.01,1.3979200744628906,0.5273749465664767,1.0547498931331794,308896.7268265455
2023-05-31,2023-06-01,IEF,BUY,0.012195664163231562,87.463398357,87.5071300561785,139.79200744628906,149.11253231348135,0.01,1.3979200744628906,0.07455626615673037,0.14911253231348134,308896.7268265455
2023-06-30,2023-07-03,SPY,SELL,0.0906138200758496,426.709240058,426.495885437971,144.77999877929688,5598.027860834991,0.05101327628253974,7.385702077914037,2.79901393041686,5.598027860834991,321846.55634961434
2023-06-30,2023-07-03,GLD,BUY,0.11108966829942617,178.61,178.699305,144.77999877929688,2872.685016104326,0.026204173403480142,3.7938401933683386,1.436342508052098,2.872685016104326,321846.55634961434
2023-06-30,2023-07-03,IEF,BUY,0.21620214934055287,86.060931735,86.10396220086749,144.77999877929688,2693.8575046623887,0.024572937436826158,3.5576698521074297,1.3469287523308342,2.6938575046623887,321846.55634961434
2023-07-31,2023-08-01,SPY,SELL,0.03289406098342965,439.570633436,439.350848119282,140.75799560546875,2035.2569091687765,0.019076684340327502,2.685195850542733,1.0176284545844014,2.0352569091687767,315672.3366567467
2023-07-31,2023-08-01,GLD,SELL,0.01407915555385167,180.85,180.759575,140.75799560546875,358.40015946223866,0.01,1.4075799560546876,0.17920007973108368,0.3584001594622387,315672.3366567467
2023-07-31,2023-08-01,IEF,BUY,0.19854958994014033,85.133474708,85.17604144535399,140.75799560546875,2379.262872903703,0.02232340189424325,3.142197305729004,1.1896314364516767,2.379262872903703,315672.3366567467
2023-08-31,2023-09-01,GLD,SELL,0.010972547300584536,180.8,180.70960000000002,146.0989990234375,289.83653446537215,0.01,1.460989990234375,0.14491826723266724,0.28983653446537216,326623.7164561748
2023-08-31,2023-09-01,IEF,SELL,0.006162075877793111,84.928375587,84.8859113992065,146.0989990234375,76.4587334668322,0.01,1.460989990234375,0.038229366733415024,0.0764587334668322,326623.7164561748
2023-08-31,2023-09-01,SPY,BUY,0.005656901542062131,436.584092652,436.80238469832597,146.0989990234375,360.8226303342227,0.01,1.460989990234375,0.18041131516709874,0.3608226303342227,326623.7164561748
2023-09-29,2023-10-02,IEF,SELL,0.13185416249669313,81.82691669,81.786003231655,149.33700561523438,1611.229743486183,0.014234648947281454,2.1257598497710606,0.8056148717431426,1.611229743486183,317485.4067973437
2023-09-29,2023-10-02,SPY,BUY,0.010368786552004216,412.455739892,412.66196776194596,149.33700561523438,638.664424132061,0.01,1.4933700561523438,0.31933221206597245,0.6386644241320609,317485.4067973437
2023-09-29,2023-10-02,GLD,BUY,0.037866706661612855,170.23,170.315115,149.33700561523438,962.6337266451027,0.01,1.4933700561523438,0.48131686332256174,0.9626337266451026,317485.4067973437
2023-10-31,2023-11-01,GLD,SELL,0.23314314170865674,183.91,183.818045,149.11099243164062,6393.484985469259,0.05656980979853708,8.435180480729013,3.1967424927340895,6.393484985469259,321796.2863052349
2023-10-31,2023-11-01,SPY,BUY,0.05207452971514244,405.282092172,405.484733218086,149.11099243164062,3146.9687597458396,0.027872363361482407,4.1560757622459406,1.5734843798729248,3.14696875974584,321796.2863052349
2023-10-31,2023-11-01,IEF,BUY,0.26619022413922294,80.88698714,80.92743063357,149.11099243164062,3210.557274419185,0.028435559987157067,4.240054570034441,1.6052786372094068,3.210557274419185,321796.2863052349
2023-11-30,2023-12-01,SPY,SELL,0.054054283576477055,440.63792736,440.41760839632,147.03900146484375,3502.2289707919845,0.03142452495115362,4.620630770324697,1.75111448539577,3.5022289707919843,333539.162420384
2023-11-30,2023-12-01,GLD,BUY,0.08664098883079233,188.805,188.8994025,147.03900146484375,2405.3010245273035,0.02160368894923251,3.176584851052228,1.2026505122636653,2.4053010245273034,333539.162420384
2023-11-30,2023-12-01,IEF,BUY,0.08688318075272554,84.318286583,84.3604457262915,147.03900146484375,1077.184335818419,0.01,1.4703900146484374,0.5385921679092016,1.077184335818419,333539.162420384
2023-12-29,2024-01-02,GLD,SELL,0.23570181412840713,191.44,191.34428,140.95199584960938,6360.142417309355,0.05953225597320393,8.391190296852924,3.180071208654678,6.360142417309355,329098.4427897621
2023-12-29,2024-01-02,IEF,SELL,0.941590751564066,87.11538341,87.07182571829502,140.95199584960938,11561.874908299258,0.10822155407995111,15.254044041515545,5.780937454148304,11.561874908299258,329098.4427897621
2023-12-29,2024-01-02,SPY,BUY,0.2758566025176225,458.334607494,458.563774797747,140.95199584960938,17821.213110295754,0.1669771553384387,23.535763306243194,8.910606555146959,17.82121311029575,329098.4427897621
2024-01-31,2024-02-01,SPY,SELL,0.02800112849285377,470.439471429,470.2042516932855,147.36900329589844,1941.2677248089167,0.017379449563805792,2.5611921600493965,0.9706338624042599,1.9412677248089167,347523.60234166885
2024-01-31,2024-02-01,GLD,BUY,0.06695154026268534,189.71,189.804855,147.36900329589844,1871.7892252413444,0.01677420015689306,2.4719971582072335,0.9358946126206273,1.8717892252413444,347523.60234166885
2024-01-31,2024-02-01,IEF,BUY,0.004411944888599114,87.936893312,87.98086175865599,147.36900329589844,57.175154079142686,0.01,1.4736900329589844,0.028587577039568296,0.05717515407914268,347523.60234166885
2024-02-29,2024-03-01,SPY,SELL,0.06989577994559311,494.076475183,493.82943694540853,150.656005859375,5202.7335027438385,0.04556190362511799,6.864174419510055,2.6013667513717333,5.202733502743839,358795.65306182933
2024-02-29,2024-03-01,GLD,BUY,0.024636057359029802,190.27,190.365135,150.656005859375,706.2004242489348,0.01,1.50656005859375,0.35310021212446396,0.7062004242489348,358795.65306182933
2024-02-29,2024-03-01,IEF,BUY,0.3461634042880968,85.6483417,85.69116587085,150.656005859375,4466.697702822591,0.03915535231775562,5.898988988209683,2.233348851411128,4.466697702822591,358795.65306182933
2024-03-28,2024-04-01,SPY,SELL,0.3214100374876175,510.071479854,509.816444114073,151.44000244140625,24827.391034019234,0.21629536158715063,32.75577008682294,12.413695517009401,24.827391034019236,375409.65149747755
2024-03-28,2024-04-01,GLD,BUY,0.25698363465825,208.68,208.78434,151.44000244140625,8121.325239626574,0.07082348928985949,10.72550939096523,4.0606626198124784,8.121325239626575,375409.65149747755
2024-03-28,2024-04-01,IEF,BUY,1.2715256148169467,86.032616884,86.075633192442,151.44000244140625,16566.42713228475,0.1444705315888267,21.878617656523172,8.28321356614077,16.566427132284748,375409.65149747755
2024-04-30,2024-05-01,GLD,SELL,0.13602697449643678,212.96,212.85352000000003,156.31399536132812,4528.151413481755,0.038219042844202175,5.97417128586302,2.264075706740375,4.528151413481755,381405.18835626834
2024-04-30,2024-05-01,SPY,BUY,0.0405237075039306,488.21113447,488.45524003723494,156.31399536132812,3092.535656839158,0.026128102804361078,4.084188140561202,1.5462678284192843,3.092535656839158,381405.18835626834
2024-04-30,2024-05-01,IEF,BUY,0.10748447452404014,83.931246522,83.97321214526099,156.31399536132812,1410.1563730708065,0.011914077887618441,1.862337115659691,0.7050781865352755,1.4101563730708064,381405.18835626834
2024-05-31,2024-06-03,GLD,SELL,0.8391929694922702,215.92,215.81204,156.9530029296875,28439.655916919437,0.23906248964371565,37.52157563742849,14.219827958458586,28.43965591691944,393273.6118301035
2024-05-31,2024-06-03,SPY,BUY,0.15903971323025667,515.125163264,515.382725845632,156.9530029296875,12858.430992359994,0.10819554361745885,16.98161547437015,6.429215496179675,12.858430992359994,393273.6118301035
2024-05-31,2024-06-03,IEF,BUY,1.1517316483472886,85.309853259,85.35250818562949,156.9530029296875,15421.269439669493,0.12976020412503786,20.366253698193916,7.710634719833943,15.421269439669494,393273.6118301035
2024-06-28,2024-07-01,SPY,SELL,0.034816900787411065,533.012938635,532.7464321656824,160.68699645996094,2982.006559622416,0.024484125169098918,3.9342805343722382,1.4910032798112383,2.9820065596224157,407702.5751325566
2024-06-28,2024-07-01,GLD,BUY,0.04500998049822082,215.25,215.35762499999998,160.68699645996094,1556.7996236950569,0.01279508010183896,2.0560029910291133,0.7783998118474166,1.5567996236950568,407702.5751325566
2024-06-28,2024-07-01,IEF,BUY,0.10222057045510637,85.747240668,85.790114288334,160.68699645996094,1408.4427115216674,0.011575759036990199,1.860073951398205,0.7042213557607077,1.4084427115216676,407702.5751325566
2024-07-31,2024-08-01,GLD,SELL,0.05621201841589936,226.74,226.62663000000003,152.6699981689453,1945.85745486393,0.01681566519480304,2.5672475745001773,0.9729287274317493,1.9458574548639298,400136.64740081044
2024-07-31,2024-08-01,IEF,SELL,0.05016646416848262,88.943790526,88.899318630737,152.6699981689453,681.2128418273351,0.01,1.526699981689453,0.3406064209136768,0.6812128418273351,400136.64740081044
2024-07-31,2024-08-01,SPY,BUY,0.03169111646848094,539.792459178,540.0623554075889,152.6699981689453,2611.668513168783,0.02259203628721254,3.4491261386014846,1.3058342565843637,2.611668513168783,400136.64740081044
2024-08-30,2024-09-03,SPY,SELL,0.26386131113713596,547.509780834,547.2360259435831,146.38099670410156,21147.17201714583,0.19060062820517346,27.900309929101184,10.573586008571644,21.14717201714583,389678.6183734579
2024-08-30,2024-09-03,GLD,BUY,0.2739271131162902,230.38,230.49518999999998,146.38099670410156,9237.71361877519,0.08334332421873586,12.199878867771641,4.618856809386959,9.237713618775189,389678.6183734579
2024-08-30,2024-09-03,IEF,BUY,0.8907027912607434,90.430601235,90.4758165356175,146.38099670410156,11790.519245679003,0.10637492227542764,15.571267146998432,5.895259622839445,11.790519245679002,389678.6183734579
2024-09-30,2024-10-01,GLD,SELL,0.10146478156931453,245.2,245.0774,142.7830047607422,3552.3218547934516,0.0328240768133197,4.686720315903194,1.7761609273963954,3.552321854793451,391396.7752849793
2024-09-30,2024-10-01,SPY,BUY,0.0046587821452824625,561.858435073,562.1393642905365,142.7830047607422,373.74537296543707,0.01,1.427830047607422,0.18687268648270636,0.3737453729654371,391396.7752849793
2024-09-30,2024-10-01,IEF,BUY,0.24169664185937406,91.499699345,91.54544919467249,142.7830047607422,3157.670432365517,0.02920662049517557,4.170209033207843,1.578835216182397,3.157670432365517,391396.7752849793
2024-10-31,2024-11-01,SPY,SELL,0.004848632098516723,559.820301929,559.5403917780355,153.20399475097656,415.8512065961986,0.01,1.5320399475097657,0.20792560329809703,0.4158512065961986,416954.00868605287
2024-10-31,2024-11-01,GLD,SELL,0.12922355057601603,254.33,254.20283500000002,153.20399475097656,5035.1144938684,0.0433606706348497,6.643027956340337,2.5175572469340195,5.0351144938684005,416954.00868605287
2024-10-31,2024-11-01,IEF,BUY,0.40098730920765874,88.215446664,88.25955438733199,153.20399475097656,5419.326974358288,0.046716068817849114,7.157088361956015,2.709663487178542,5.419326974358287,416954.00868605287
2024-11-29,2024-12-02,GLD,SELL,0.040762474840800596,244.46,244.33777000000003,151.1739959716797,1506.417818655842,0.013146952107012668,1.9874772848653988,0.7532089093277571,1.506417818655842,414522.48167061177
2024-11-29,2024-12-02,IEF,SELL,1.714438247449231,88.718212469,88.6738533627655,151.1739959716797,22993.85151934033,0.2006741163950553,30.336708063526473,11.496925759668875,22.99385151934033,414522.48167061177
2024-11-29,2024-12-02,SPY,BUY,0.27275910086636684,590.83324136,591.1286579806799,151.1739959716797,24362.467040787484,0.21283115204624112,32.174535722086404,12.181233520390858,24.362467040787482,414522.48167061177
2024-12-31,2025-01-02,GLD,SELL,0.03786495875402677,244.22,244.09789,156.9949951171875,1451.792413570263,0.012200438628569352,1.9154078029197912,0.725896206785085,1.4517924135702631,424345.12545983354
2024-12-31,2025-01-02,SPY,BUY,0.009834577565072885,579.46989911,579.759634059555,156.9949951171875,894.6896200645715,0.01,1.569949951171875,0.447344810032194,0.8946896200645715,424345.12545983354
2024-12-31,2025-01-02,IEF,BUY,0.04002644083059746,87.161421724,87.20500243486198,156.9949951171875,547.7180929849758,0.01,1.569949951171875,0.27385904649241466,0.5477180929849758,424345.12545983354
2025-01-31,2025-02-03,GLD,SELL,0.11307703813835908,259.75,259.62012500000003,154.0970001220703,4526.100205460665,0.03875133870446593,5.971465045072475,2.2630501027298098,4.526100205460665,425177.8773214254
2025-01-31,2025-02-03,SPY,BUY,0.02491129599568914,582.694692997,582.9860403434984,154.0970001220703,2236.8227384735364,0.01917027791230419,2.9540823177924604,1.1184113692366495,2.2368227384735366,425177.8773214254
2025-01-31,2025-02-03,IEF,BUY,0.1673930732696624,87.762797238,87.806678636619,154.0970001220703,2263.82120723042,0.01940166332357255,2.989738115540926,1.1319106036150233,2.26382120723042,425177.8773214254
2025-02-28,2025-03-03,SPY,SELL,0.3543609477789021,586.145615724,585.852542916138,150.01199340820312,31158.55850488869,0.2740363063237042,41.108732577839845,15.57927925244529,31.15855850488869,420421.427670814
2025-02-28,2025-03-03,GLD,BUY,0.36264724353843564,265.07,265.20253499999995,150.01199340820312,14420.188615919076,0.12695095815224525,19.044166297499686,7.210094307957451,14.420188615919077,420421.427670814
2025-02-28,2025-03-03,IEF,BUY,1.231444536568439,89.660546748,89.70537702137399,150.01199340820312,16563.122781856408,0.14581669929259355,21.87425373308648,8.28156139092624,16.563122781856407,420421.427670814
2025-03-31,2025-04-01,GLD,SELL,0.21501539752175675,288.54,288.39573,149.61700439453125,9282.320164885503,0.08185256973897595,12.24653628634004,4.641160082442941,9.282320164885503,424375.14027571783
2025-03-31,2025-04-01,SPY,BUY,0.10400356799137321,549.715718507,549.9905763662534,149.61700439453125,8553.962639387813,0.07550529664091328,11.296876299333908,4.276981319692598,8.553962639387814,424375.14027571783
2025-03-31,2025-04-01,IEF,BUY,0.04990784457511914,90.47174204,90.51697791101999,149.61700439453125,675.5581252561084,0.01,1.4961700439453125,0.3377790626280346,0.6755581252561084,424375.14027571783
2025-04-30,2025-05-01,GLD,SELL,0.04497386197905883,297.41,297.261295,142.2989959716797,1903.345306678806,0.017647064758021105,2.5111595969136156,0.9516726533394461,1.9033453066788062,409450.63049832254
2025-04-30,2025-05-01,SPY,BUY,0.012996347853440293,552.595205273,552.8715028756365,142.2989959716797,1021.9514756048884,0.01,1.422989959716797,0.5109757378022936,1.0219514756048884,409450.63049832254
2025-04-30,2025-05-01,IEF,BUY,0.06695331075519124,91.351696006,91.397371854003,142.2989959716797,870.3431342902052,0.01,1.422989959716797,0.4351715671451064,0.8703431342902052,409450.63049832254
2025-05-30,2025-06-02,SPY,SELL,0.04249640942877209,579.605185594,579.315383001203,143.7790069580078,3541.440745066153,0.032496847289814654,4.672364432595578,1.7707203725327445,3.541440745066153,421045.88261879276
2025-05-30,2025-06-02,GLD,SELL,0.05910535489825793,309.21,309.055395,143.7790069580078,2627.7003559891596,0.0241122140221991,3.466830187670738,1.313850177994611,2.62770035598916,421045.88261879276
2025-05-30,2025-06-02,IEF,BUY,0.4748523974620814,89.850599104,89.89552440355199,143.7790069580078,6134.442386472013,0.05634697897506177,8.101512682118127,3.0672211932354134,6.134442386472013,421045.88261879276
2025-06-30,2025-07-01,SPY,SELL,0.039900330430427844,609.605359452,609.300556772274,144.51699829101562,3515.1527443068194,0.03209090748158776,4.637681621673758,1.757576372153299,3.51515274430682,432322.9557405846
2025-06-30,2025-07-01,GLD,BUY,0.0649967470181366,308.555,308.7092775,144.51699829101562,2898.298701346066,0.026485930431601377,3.827667162919695,1.4491493506728252,2.898298701346066,432322.9557405846
2025-06-30,2025-07-01,IEF,BUY,0.04510323786672074,91.502697458,91.548448806729,144.51699829101562,596.431468826989,0.01,1.4451699829101563,0.2982157344134858,0.5964314688269889,432322.9557405846
2025-07-31,2025-08-01,GLD,SELL,0.5258133486776356,308.61,308.45569500000005,149.2259979248047,24215.090340233815,0.2140909609167614,31.94793728948408,12.107545170114182,24.215090340233814,448904.3140578882
2025-07-31,2025-08-01,SPY,BUY,0.209963719439403,619.436427777,619.7461459908884,149.2259979248047,19408.210377468,0.17176395181503648,25.631647117106887,9.70410518873272,19.408210377468,448904.3140578882
2025-07-31,2025-08-01,IEF,BUY,0.3411590338271109,91.744403135,91.79027533656749,149.2259979248047,4670.688964618982,0.04133590777608316,6.168392088013704,2.3353444823090244,4.670688964618982,448904.3140578882
2025-08-29,2025-09-02,IEF,SELL,2.1675461117759327,92.142859619,92.0967881891905,147.0970001220703,29378.786115375202,0.2635037263934216,38.76060767345912,14.689393057688015,29.378786115375203,449856.3994281176
2025-08-29,2025-09-02,SPY,BUY,0.18046224795166646,630.513687862,630.8289447059309,147.0970001220703,16737.272922837965,0.15026986845368492,22.104246858275182,8.368636461416612,16.737272922837963,449856.3994281176
2025-08-29,2025-09-02,GLD,BUY,0.26437466104757124,320.82,320.98040999999995,147.0970001220703,12476.279005513481,0.11201399496759176,16.476922631421427,6.238139502755036,12.476279005513481,449856.3994281176
2025-09-30,2025-10-01,GLD,SELL,0.13464104368407565,356.17,355.99191500000006,148.59500122070312,7125.8882216393395,0.06326908233187443,9.401469366337649,3.562944110818733,7.1258882216393395,477163.7264160537
2025-09-30,2025-10-01,SPY,BUY,0.01143472639084041,657.720932387,658.0497928531934,148.59500122070312,1117.562037927564,0.01,1.4859500122070313,0.558781018963644,1.1175620379275641,477163.7264160537
2025-09-30,2025-10-01,IEF,BUY,0.4295937352698924,93.494124412,93.540871474206,148.59500122070312,5968.242460184412,0.05304363553764671,7.882019087467144,2.9841212300918794,5.9682424601844115,477163.7264160537
2025-10-31,2025-11-03,SPY,SELL,0.03605476791960722,680.036056682,679.696038653659,153.89999389648438,3773.403495028324,0.03234829346698495,4.978402167130669,1.8867017475140409,3.773403495028324,505209.4017966887
2025-10-31,2025-11-03,GLD,SELL,0.6768962487027936,368.91,368.72554500000007,153.89999389648438,38430.95154313499,0.329457398439039,50.70349160891972,19.21547577156303,38.43095154313499,505209.4017966887
2025-10-31,2025-11-03,IEF,BUY,2.911711137228043,93.652799955,93.6996263549775,153.89999389648438,41966.974047447555,0.3601306442077004,55.42410394550208,20.983487023719515,41.96697404744756,505209.4017966887
2025-11-28,2025-12-01,GLD,SELL,0.07923652974034355,390.61,390.41469500000005,156.28399658203125,4837.080476754927,0.04083433938069375,6.381753756201847,2.4185402383769943,4.837080476754927,518383.4389762585
2025-11-28,2025-12-01,SPY,BUY,0.03538163855538856,673.23242323,673.5690394416149,156.28399658203125,3722.6951543510945,0.03145820871022299,4.916414582545316,1.8613475771750487,3.7226951543510944,518383.4389762585
2025-11-28,2025-12-01,IEF,BUY,0.07378128943858343,94.275436169,94.3225738870845,156.28399658203125,1087.0744788840668,0.01,1.5628399658203125,0.5435372394420291,1.0870744788840667,518383.4389762585
2025-12-31,2026-01-02,SPY,SELL,0.006661178304891509,682.085646195,681.7446033719025,156.41299438476562,710.6615184819093,0.01,1.5641299438476564,0.3553307592409503,0.7106615184819093,523633.05725801905
2025-12-31,2026-01-02,GLD,SELL,0.030397012985113565,401.62,401.41919,156.41299438476562,1909.4973988122802,0.016106566516792976,2.5192762981489936,0.9547486994060922,1.90949739881228,523633.05725801905
2025-12-31,2026-01-02,IEF,BUY,0.17696617435625892,94.104596031,94.1516483290155,156.41299438476562,2604.797266357534,0.02199338725864068,3.440051557787741,1.302398633178796,2.6047972663575343,523633.05725801905
2026-01-30,2026-02-02,GLD,SELL,0.09674487841037227,434.01,433.792995,153.16200256347656,6431.003639143369,0.05539677073464102,8.484680341267412,3.215501819571268,6.431003639143369,521090.3183364172
2026-01-30,2026-02-02,SPY,BUY,0.01841533741390477,685.93519112,686.2781587155599,153.16200256347656,1934.7007545628294,0.01668221788535323,2.555081898520946,0.9673503772811674,1.9347007545628294,521090.3183364172
2026-01-30,2026-02-02,IEF,BUY,0.31042612551227994,93.80770705,93.854610903525,153.16200256347656,4460.13311899883,0.03845809865600188,5.890319404936995,2.2300665594991793,4.460133118998829,521090.3183364172
2026-02-27,2026-03-02,GLD,SELL,0.1356754220172324,490.095,489.84995250000003,155.85899353027344,10363.66390627509,0.08772799072033756,13.67319633810498,5.181831953137509,10.36366390627509,545591.0287417704
2026-02-27,2026-03-02,SPY,BUY,0.0799727511234395,675.112697893,675.4502542419465,155.85899353027344,8414.923657251871,0.07130325190395675,11.113253077186252,4.207461828625485,8.41492365725187,545591.0287417704
2026-02-27,2026-03-02,IEF,BUY,0.12665327938137166,95.767468609,95.8153523433045,155.85899353027344,1890.4548726606452,0.016018633737956662,2.496648132128007,0.9452274363301558,1.8904548726606452,545591.0287417704
2026-03-31,2026-04-01,SPY,SELL,0.017734868536368846,652.220136131,651.8940260629346,159.84100341796875,1848.8870198037182,0.015260856404468863,2.4393106007078376,0.9244435099016268,1.8488870198037182,535351.6249281766
2026-03-31,2026-04-01,IEF,SELL,0.37974335533233905,93.81733218,93.77042351391,159.84100341796875,5694.576868575037,0.047003477738060774,7.51308304578579,2.847288434286939,5.694576868575037,535351.6249281766
2026-03-31,2026-04-01,GLD,BUY,0.10788070446833613,435.0,435.2175,159.84100341796875,7501.035622470443,0.061976073055971456,9.906317705171814,3.7505178112347513,7.501035622470443,535351.6249281766
2026-04-30,2026-05-01,SPY,SELL,0.12062090493621894,719.39711452,719.0374159627399,160.1840057373047,13899.859928652906,0.11448484581128253,18.338641198268924,6.949929964326517,13.899859928652907,552624.9581125232
2026-04-30,2026-05-01,GLD,BUY,0.0955084904619063,421.412,421.62270599999994,160.1840057373047,6447.153778135515,0.053154483616771844,8.514498108632448,3.2235768890671332,6.447153778135514,552624.9581125232
2026-04-30,2026-05-01,IEF,BUY,0.4911183300341056,93.740904991,93.78777544349549,160.1840057373047,7374.531507859406,0.060800382262518625,9.739248781169602,3.6872657539294877,7.374531507859405,552624.9581125232
2026-05-29,2026-06-01,SPY,SELL,0.06210045906946741,753.419486202,753.0427764588991,159.27000427246094,7451.876536248368,0.06172887879449802,9.831558789333922,3.725938268123651,7.451876536248368,554477.8247456906
2026-05-29,2026-06-01,GLD,BUY,0.05989061520383595,409.86,410.06493,159.27000427246094,3909.563772156544,0.03241793402920766,5.163204491336261,1.9547818860781792,3.9095637721565444,554477.8247456906
2026-05-29,2026-06-01,IEF,BUY,0.23560768977056498,93.281336408,93.327977076204,159.27000427246094,3500.4043269433027,0.029025201572247767,4.622843978420942,1.7502021634713403,3.500404326943303,554477.8247456906
2026-06-30,2026-07-01,SPY,SELL,0.015159285143970658,745.0,744.6275,161.92300415039062,1828.7045585066662,0.014900187190075456,2.4126830722201853,0.9143522792531992,1.8287045585066661,552265.8491118422
2026-06-30,2026-07-01,IEF,SELL,0.4150358555114618,93.718726163,93.6718667999185,161.92300415039062,6298.259454657877,0.05131788205455103,8.309545628908323,3.149129727328608,6.2982594546578765,552265.8491118422
2026-06-30,2026-07-01,GLD,BUY,0.13444864141920077,371.205,371.39060249999994,161.92300415039062,8081.254576484837,0.06591150976341811,10.672589668980464,4.040627288241527,8.081254576484838,552265.8491118422
2026-07-31,2026-08-03,SPY,SELL,0.014413394442896276,749.44,749.0652800000001,160.18299865722656,1730.2926398034904,0.01425147681423648,2.2828442913983373,0.86514631990154,1.7302926398034901,544715.7921640346
2026-07-31,2026-08-03,GLD,BUY,0.000796126249254588,370.1,370.28505,160.18299865722656,47.19733185766381,0.01,1.6018299865722656,0.023598665928830594,0.04719733185766381,544715.7921640346
2026-07-31,2026-08-03,IEF,BUY,0.11246780540913313,92.8,92.84639999999999,160.18299865722656,1671.8319339588459,0.01378374471954287,2.207921561902089,0.8359159669792668,1.6718319339588459,544715.7921640346
