date,cash_jpy,quantity,position_value_jpy,equity_jpy,gross_equity_jpy,market_weight,usdjpy
2007-01-03,100000.0,0.0,0.0,100000.0,100000.0,0.0,119.33999633789062
2007-01-04,100000.0,0.0,0.0,100000.0,100000.0,0.0,118.83000183105467
2007-01-05,100000.0,0.0,0.0,100000.0,100000.0,0.0,118.69000244140624
2007-01-08,100000.0,0.0,0.0,100000.0,100000.0,0.0,118.69000244140624
2007-01-09,100000.0,0.0,0.0,100000.0,100000.0,0.0,119.3000030517578
2007-01-10,100000.0,0.0,0.0,100000.0,100000.0,0.0,119.51000213623048
2007-01-11,100000.0,0.0,0.0,100000.0,100000.0,0.0,120.3000030517578
2007-01-12,100000.0,0.0,0.0,100000.0,100000.0,0.0,120.3000030517578
2007-01-16,100000.0,0.0,0.0,100000.0,100000.0,0.0,120.79000091552734
2007-01-17,100000.0,0.0,0.0,100000.0,100000.0,0.0,120.62000274658205
2007-01-18,100000.0,0.0,0.0,100000.0,100000.0,0.0,121.26000213623048
2007-01-19,100000.0,0.0,0.0,100000.0,100000.0,0.0,121.20999908447266
2007-01-22,100000.0,0.0,0.0,100000.0,100000.0,0.0,121.62000274658205
2007-01-23,100000.0,0.0,0.0,100000.0,100000.0,0.0,121.68000030517578
2007-01-24,100000.0,0.0,0.0,100000.0,100000.0,0.0,120.87999725341795
2007-01-25,100000.0,0.0,0.0,100000.0,100000.0,0.0,121.62000274658205
2007-01-26,100000.0,0.0,0.0,100000.0,100000.0,0.0,121.41000366210938
2007-01-29,100000.0,0.0,0.0,100000.0,100000.0,0.0,121.7300033569336
2007-01-30,100000.0,0.0,0.0,100000.0,100000.0,0.0,121.68000030517578
2007-01-31,100000.0,0.0,0.0,100000.0,100000.0,0.0,120.73999786376952
2007-02-01,100000.0,0.0,0.0,100000.0,100000.0,0.0,120.8000030517578
2007-02-02,100000.0,0.0,0.0,100000.0,100000.0,0.0,121.12999725341795
2007-02-05,100000.0,0.0,0.0,100000.0,100000.0,0.0,120.19000244140624
2007-02-06,100000.0,0.0,0.0,100000.0,100000.0,0.0,120.0500030517578
2007-02-07,100000.0,0.0,0.0,100000.0,100000.0,0.0,120.58499908447266
2007-02-08,100000.0,0.0,0.0,100000.0,100000.0,0.0,121.12999725341795
2007-02-09,100000.0,0.0,0.0,100000.0,100000.0,0.0,121.70999908447266
2007-02-12,100000.0,0.0,0.0,100000.0,100000.0,0.0,121.7699966430664
2007-02-13,100000.0,0.0,0.0,100000.0,100000.0,0.0,121.2699966430664
2007-02-14,100000.0,0.0,0.0,100000.0,100000.0,0.0,120.30999755859376
2007-02-15,100000.0,0.0,0.0,100000.0,100000.0,0.0,119.38999938964844
2007-02-16,100000.0,0.0,0.0,100000.0,100000.0,0.0,119.41000366210938
2007-02-20,100000.0,0.0,0.0,100000.0,100000.0,0.0,120.01499938964844
2007-02-21,100000.0,0.0,0.0,100000.0,100000.0,0.0,120.94000244140624
2007-02-22,100000.0,0.0,0.0,100000.0,100000.0,0.0,121.48999786376952
2007-02-23,100000.0,0.0,0.0,100000.0,100000.0,0.0,121.08999633789062
2007-02-26,100000.0,0.0,0.0,100000.0,100000.0,0.0,120.63999938964844
2007-02-27,100000.0,0.0,0.0,100000.0,100000.0,0.0,118.08999633789062
2007-02-28,100000.0,0.0,0.0,100000.0,100000.0,0.0,118.7300033569336
2007-03-01,100000.0,0.0,0.0,100000.0,100000.0,0.0,117.72000122070312
2007-03-02,100000.0,0.0,0.0,100000.0,100000.0,0.0,117.19000244140624
2007-03-05,100000.0,0.0,0.0,100000.0,100000.0,0.0,115.58999633789062
2007-03-06,100000.0,0.0,0.0,100000.0,100000.0,0.0,116.77999877929688
2007-03-07,100000.0,0.0,0.0,100000.0,100000.0,0.0,115.69000244140624
2007-03-08,100000.0,0.0,0.0,100000.0,100000.0,0.0,117.1500015258789
2007-03-09,100000.0,0.0,0.0,100000.0,100000.0,0.0,118.31999969482422
2007-03-12,100000.0,0.0,0.0,100000.0,100000.0,0.0,117.56999969482422
2007-03-13,100000.0,0.0,0.0,100000.0,100000.0,0.0,116.0199966430664
2007-03-14,100000.0,0.0,0.0,100000.0,100000.0,0.0,117.26000213623048
2007-03-15,100000.0,0.0,0.0,100000.0,100000.0,0.0,117.1500015258789
2007-03-16,100000.0,0.0,0.0,100000.0,100000.0,0.0,116.73999786376952
2007-03-19,100000.0,0.0,0.0,100000.0,100000.0,0.0,117.61000061035156
2007-03-20,100000.0,0.0,0.0,100000.0,100000.0,0.0,117.25
2007-03-21,100000.0,0.0,0.0,100000.0,100000.0,0.0,117.41000366210938
2007-03-22,100000.0,0.0,0.0,100000.0,100000.0,0.0,118.08999633789062
2007-03-23,100000.0,0.0,0.0,100000.0,100000.0,0.0,118.0500030517578
2007-03-26,100000.0,0.0,0.0,100000.0,100000.0,0.0,118.12000274658205
2007-03-27,100000.0,0.0,0.0,100000.0,100000.0,0.0,117.75
2007-03-28,100000.0,0.0,0.0,100000.0,100000.0,0.0,116.87000274658205
2007-03-29,100000.0,0.0,0.0,100000.0,100000.0,0.0,117.9800033569336
2007-03-30,100000.0,0.0,0.0,100000.0,100000.0,0.0,117.80999755859376
2007-04-02,100000.0,0.0,0.0,100000.0,100000.0,0.0,117.76000213623048
2007-04-03,100000.0,0.0,0.0,100000.0,100000.0,0.0,118.87000274658205
2007-04-04,100000.0,0.0,0.0,100000.0,100000.0,0.0,118.7699966430664
2007-04-05,100000.0,0.0,0.0,100000.0,100000.0,0.0,118.69200134277344
2007-04-09,100000.0,0.0,0.0,100000.0,100000.0,0.0,119.22000122070312
2007-04-10,100000.0,0.0,0.0,100000.0,100000.0,0.0,119.12000274658205
2007-04-11,100000.0,0.0,0.0,100000.0,100000.0,0.0,119.29000091552734
2007-04-12,100000.0,0.0,0.0,100000.0,100000.0,0.0,119.0
2007-04-13,100000.0,0.0,0.0,100000.0,100000.0,0.0,119.2300033569336
2007-04-16,100000.0,0.0,0.0,100000.0,100000.0,0.0,119.76000213623048
2007-04-17,100000.0,0.0,0.0,100000.0,100000.0,0.0,118.9499969482422
2007-04-18,100000.0,0.0,0.0,100000.0,100000.0,0.0,118.4499969482422
2007-04-19,100000.0,0.0,0.0,100000.0,100000.0,0.0,118.25
2007-04-20,100000.0,0.0,0.0,100000.0,100000.0,0.0,118.66000366210938
2007-04-23,100000.0,0.0,0.0,100000.0,100000.0,0.0,118.56999969482422
2007-04-24,100000.0,0.0,0.0,100000.0,100000.0,0.0,118.4800033569336
2007-04-25,100000.0,0.0,0.0,100000.0,100000.0,0.0,118.68000030517578
2007-04-26,100000.0,0.0,0.0,100000.0,100000.0,0.0,119.52999877929688
2007-04-27,100000.0,0.0,0.0,100000.0,100000.0,0.0,119.4800033569336
2007-04-30,100000.0,0.0,0.0,100000.0,100000.0,0.0,119.36000061035156
2007-05-01,100000.0,0.0,0.0,100000.0,100000.0,0.0,119.8000030517578
2007-05-02,100000.0,0.0,0.0,100000.0,100000.0,0.0,120.16000366210938
2007-05-03,100000.0,0.0,0.0,100000.0,100000.0,0.0,120.36000061035156
2007-05-04,100000.0,0.0,0.0,100000.0,100000.0,0.0,120.2699966430664
2007-05-07,100000.0,0.0,0.0,100000.0,100000.0,0.0,120.0500030517578
2007-05-08,100000.0,0.0,0.0,100000.0,100000.0,0.0,119.98999786376952
2007-05-09,100000.0,0.0,0.0,100000.0,100000.0,0.0,120.11000061035156
2007-05-10,100000.0,0.0,0.0,100000.0,100000.0,0.0,119.83999633789062
2007-05-11,100000.0,0.0,0.0,100000.0,100000.0,0.0,120.19000244140624
2007-05-14,100000.0,0.0,0.0,100000.0,100000.0,0.0,120.31999969482422
2007-05-15,100000.0,0.0,0.0,100000.0,100000.0,0.0,120.22000122070312
2007-05-16,100000.0,0.0,0.0,100000.0,100000.0,0.0,120.72000122070312
2007-05-17,100000.0,0.0,0.0,100000.0,100000.0,0.0,121.29100036621094
2007-05-18,100000.0,0.0,0.0,100000.0,100000.0,0.0,121.05999755859376
2007-05-21,100000.0,0.0,0.0,100000.0,100000.0,0.0,121.47000122070312
2007-05-22,100000.0,0.0,0.0,100000.0,100000.0,0.0,121.63999938964844
2007-05-23,100000.0,0.0,0.0,100000.0,100000.0,0.0,121.5199966430664
2007-05-24,100000.0,0.0,0.0,100000.0,100000.0,0.0,121.35800170898438
2007-05-25,100000.0,0.0,0.0,100000.0,100000.0,0.0,121.76000213623048
2007-05-29,100000.0,0.0,0.0,100000.0,100000.0,0.0,121.58999633789062
2007-05-30,100000.0,0.0,0.0,100000.0,100000.0,0.0,121.58999633789062
2007-05-31,100000.0,0.0,0.0,100000.0,100000.0,0.0,121.75
2007-06-01,100000.0,0.0,0.0,100000.0,100000.0,0.0,122.12999725341795
2007-06-04,100000.0,0.0,0.0,100000.0,100000.0,0.0,121.72000122070312
2007-06-05,100000.0,0.0,0.0,100000.0,100000.0,0.0,121.33999633789062
2007-06-06,100000.0,0.0,0.0,100000.0,100000.0,0.0,121.01000213623048
2007-06-07,100000.0,0.0,0.0,100000.0,100000.0,0.0,120.87999725341795
2007-06-08,100000.0,0.0,0.0,100000.0,100000.0,0.0,121.70999908447266
2007-06-11,100000.0,0.0,0.0,100000.0,100000.0,0.0,121.76000213623048
2007-06-12,100000.0,0.0,0.0,100000.0,100000.0,0.0,121.62000274658205
2007-06-13,100000.0,0.0,0.0,100000.0,100000.0,0.0,122.56999969482422
2007-06-14,100000.0,0.0,0.0,100000.0,100000.0,0.0,122.95500183105467
2007-06-15,100000.0,0.0,0.0,100000.0,100000.0,0.0,123.4000015258789
2007-06-18,100000.0,0.0,0.0,100000.0,100000.0,0.0,123.68000030517578
2007-06-19,100000.0,0.0,0.0,100000.0,100000.0,0.0,123.41999816894533
2007-06-20,100000.0,0.0,0.0,100000.0,100000.0,0.0,123.47000122070312
2007-06-21,100000.0,0.0,0.0,100000.0,100000.0,0.0,123.73999786376952
2007-06-22,100000.0,0.0,0.0,100000.0,100000.0,0.0,123.69000244140624
2007-06-25,100000.0,0.0,0.0,100000.0,100000.0,0.0,123.58000183105467
2007-06-26,100000.0,0.0,0.0,100000.0,100000.0,0.0,123.04000091552734
2007-06-27,100000.0,0.0,0.0,100000.0,100000.0,0.0,123.1500015258789
2007-06-28,100000.0,0.0,0.0,100000.0,100000.0,0.0,123.16000366210938
2007-06-29,100000.0,0.0,0.0,100000.0,100000.0,0.0,123.16000366210938
2007-07-02,100000.0,0.0,0.0,100000.0,100000.0,0.0,122.2300033569336
2007-07-03,100000.0,0.0,0.0,100000.0,100000.0,0.0,122.47000122070312
2007-07-05,100000.0,0.0,0.0,100000.0,100000.0,0.0,122.9499969482422
2007-07-06,100000.0,0.0,0.0,100000.0,100000.0,0.0,123.36000061035156
2007-07-09,100000.0,0.0,0.0,100000.0,100000.0,0.0,123.37000274658205
2007-07-10,100000.0,0.0,0.0,100000.0,100000.0,0.0,121.29000091552734
2007-07-11,100000.0,0.0,0.0,100000.0,100000.0,0.0,122.2699966430664
2007-07-12,100000.0,0.0,0.0,100000.0,100000.0,0.0,122.4000015258789
2007-07-13,100000.0,0.0,0.0,100000.0,100000.0,0.0,121.9000015258789
2007-07-16,100000.0,0.0,0.0,100000.0,100000.0,0.0,121.8000030517578
2007-07-17,100000.0,0.0,0.0,100000.0,100000.0,0.0,122.0
2007-07-18,100000.0,0.0,0.0,100000.0,100000.0,0.0,121.9000015258789
2007-07-19,100000.0,0.0,0.0,100000.0,100000.0,0.0,122.10900115966795
2007-07-20,100000.0,0.0,0.0,100000.0,100000.0,0.0,121.2699966430664
2007-07-23,100000.0,0.0,0.0,100000.0,100000.0,0.0,121.0500030517578
2007-07-24,100000.0,0.0,0.0,100000.0,100000.0,0.0,120.11000061035156
2007-07-25,100000.0,0.0,0.0,100000.0,100000.0,0.0,120.45999908447266
2007-07-26,100000.0,0.0,0.0,100000.0,100000.0,0.0,118.45999908447266
2007-07-27,100000.0,0.0,0.0,100000.0,100000.0,0.0,118.95999908447266
2007-07-30,100000.0,0.0,0.0,100000.0,100000.0,0.0,119.1500015258789
2007-07-31,100000.0,0.0,0.0,100000.0,100000.0,0.0,118.41999816894533
2007-08-01,100000.0,0.0,0.0,100000.0,100000.0,0.0,118.9800033569336
2007-08-02,100000.0,0.0,0.0,100000.0,100000.0,0.0,119.13999938964844
2007-08-03,100000.0,0.0,0.0,100000.0,100000.0,0.0,118.04000091552734
2007-08-06,100000.0,0.0,0.0,100000.0,100000.0,0.0,118.81999969482422
2007-08-07,100000.0,0.0,0.0,100000.0,100000.0,0.0,118.8000030517578
2007-08-08,100000.0,0.0,0.0,100000.0,100000.0,0.0,119.69000244140624
2007-08-09,100000.0,0.0,0.0,100000.0,100000.0,0.0,118.29000091552734
2007-08-10,100000.0,0.0,0.0,100000.0,100000.0,0.0,118.51000213623048
2007-08-13,100000.0,0.0,0.0,100000.0,100000.0,0.0,118.20999908447266
2007-08-14,100000.0,0.0,0.0,100000.0,100000.0,0.0,117.41999816894533
2007-08-15,100000.0,0.0,0.0,100000.0,100000.0,0.0,116.31999969482422
2007-08-16,100000.0,0.0,0.0,100000.0,100000.0,0.0,114.05999755859376
2007-08-17,100000.0,0.0,0.0,100000.0,100000.0,0.0,114.25
2007-08-20,100000.0,0.0,0.0,100000.0,100000.0,0.0,114.83999633789062
2007-08-21,100000.0,0.0,0.0,100000.0,100000.0,0.0,114.1500015258789
2007-08-22,100000.0,0.0,0.0,100000.0,100000.0,0.0,115.62000274658205
2007-08-23,100000.0,0.0,0.0,100000.0,100000.0,0.0,116.0199966430664
2007-08-24,100000.0,0.0,0.0,100000.0,100000.0,0.0,116.37999725341795
2007-08-27,100000.0,0.0,0.0,100000.0,100000.0,0.0,115.5500030517578
2007-08-28,100000.0,0.0,0.0,100000.0,100000.0,0.0,114.33999633789062
2007-08-29,100000.0,0.0,0.0,100000.0,100000.0,0.0,115.83999633789062
2007-08-30,100000.0,0.0,0.0,100000.0,100000.0,0.0,115.94000244140624
2007-08-31,100000.0,0.0,0.0,100000.0,100000.0,0.0,115.7699966430664
2007-09-04,100000.0,0.0,0.0,100000.0,100000.0,0.0,116.23999786376952
2007-09-05,100000.0,0.0,0.0,100000.0,100000.0,0.0,115.12000274658205
2007-09-06,100000.0,0.0,0.0,100000.0,100000.0,0.0,115.38999938964844
2007-09-07,100000.0,0.0,0.0,100000.0,100000.0,0.0,113.38999938964844
2007-09-10,100000.0,0.0,0.0,100000.0,100000.0,0.0,113.38999938964844
2007-09-11,100000.0,0.0,0.0,100000.0,100000.0,0.0,114.26000213623048
2007-09-12,100000.0,0.0,0.0,100000.0,100000.0,0.0,114.12000274658205
2007-09-13,100000.0,0.0,0.0,100000.0,100000.0,0.0,114.58999633789062
2007-09-14,100000.0,0.0,0.0,100000.0,100000.0,0.0,115.26000213623048
2007-09-17,100000.0,0.0,0.0,100000.0,100000.0,0.0,115.02999877929688
2007-09-18,100000.0,0.0,0.0,100000.0,100000.0,0.0,115.91000366210938
2007-09-19,100000.0,0.0,0.0,100000.0,100000.0,0.0,116.01000213623048
2007-09-20,100000.0,0.0,0.0,100000.0,100000.0,0.0,114.63999938964844
2007-09-21,100000.0,0.0,0.0,100000.0,100000.0,0.0,115.4800033569336
2007-09-24,100000.0,0.0,0.0,100000.0,100000.0,0.0,114.86000061035156
2007-09-25,100000.0,0.0,0.0,100000.0,100000.0,0.0,114.66000366210938
2007-09-26,100000.0,0.0,0.0,100000.0,100000.0,0.0,115.44000244140624
2007-09-27,100000.0,0.0,0.0,100000.0,100000.0,0.0,115.5500030517578
2007-09-28,100000.0,0.0,0.0,100000.0,100000.0,0.0,114.73999786376952
2007-10-01,100000.0,0.0,0.0,100000.0,100000.0,0.0,115.8000030517578
2007-10-02,100000.0,0.0,0.0,100000.0,100000.0,0.0,115.70999908447266
2007-10-03,100000.0,0.0,0.0,100000.0,100000.0,0.0,116.55999755859376
2007-10-04,100000.0,0.0,0.0,100000.0,100000.0,0.0,116.41000366210938
2007-10-05,100000.0,0.0,0.0,100000.0,100000.0,0.0,116.87999725341795
2007-10-08,100000.0,0.0,0.0,100000.0,100000.0,0.0,117.31999969482422
2007-10-09,100000.0,0.0,0.0,100000.0,100000.0,0.0,117.19000244140624
2007-10-10,100000.0,0.0,0.0,100000.0,100000.0,0.0,117.14800262451172
2007-10-11,100000.0,0.0,0.0,100000.0,100000.0,0.0,117.37000274658205
2007-10-12,100000.0,0.0,0.0,100000.0,100000.0,0.0,117.58999633789062
2007-10-15,100000.0,0.0,0.0,100000.0,100000.0,0.0,117.31999969482422
2007-10-16,100000.0,0.0,0.0,100000.0,100000.0,0.0,116.94000244140624
2007-10-17,100000.0,0.0,0.0,100000.0,100000.0,0.0,116.48999786376952
2007-10-18,100000.0,0.0,0.0,100000.0,100000.0,0.0,115.45999908447266
2007-10-19,100000.0,0.0,0.0,100000.0,100000.0,0.0,114.55999755859376
2007-10-22,100000.0,0.0,0.0,100000.0,100000.0,0.0,114.44200134277344
2007-10-23,100000.0,0.0,0.0,100000.0,100000.0,0.0,114.86000061035156
2007-10-24,100000.0,0.0,0.0,100000.0,100000.0,0.0,114.18000030517578
2007-10-25,100000.0,0.0,0.0,100000.0,100000.0,0.0,113.96299743652344
2007-10-26,100000.0,0.0,0.0,100000.0,100000.0,0.0,114.20999908447266
2007-10-29,100000.0,0.0,0.0,100000.0,100000.0,0.0,114.6999969482422
2007-10-30,100000.0,0.0,0.0,100000.0,100000.0,0.0,114.77999877929688
2007-10-31,100000.0,0.0,0.0,100000.0,100000.0,0.0,115.38999938964844
2007-11-01,100000.0,0.0,0.0,100000.0,100000.0,0.0,114.45999908447266
2007-11-02,100000.0,0.0,0.0,100000.0,100000.0,0.0,114.72000122070312
2007-11-05,100000.0,0.0,0.0,100000.0,100000.0,0.0,114.3000030517578
2007-11-06,100000.0,0.0,0.0,100000.0,100000.0,0.0,114.70999908447266
2007-11-07,100000.0,0.0,0.0,100000.0,100000.0,0.0,112.61000061035156
2007-11-08,100000.0,0.0,0.0,100000.0,100000.0,0.0,112.70999908447266
2007-11-09,100000.0,0.0,0.0,100000.0,100000.0,0.0,110.66000366210938
2007-11-12,100000.0,0.0,0.0,100000.0,100000.0,0.0,109.62000274658205
2007-11-13,100000.0,0.0,0.0,100000.0,100000.0,0.0,111.13999938964844
2007-11-14,100000.0,0.0,0.0,100000.0,100000.0,0.0,111.2699966430664
2007-11-15,100000.0,0.0,0.0,100000.0,100000.0,0.0,110.4800033569336
2007-11-16,100000.0,0.0,0.0,100000.0,100000.0,0.0,110.9800033569336
2007-11-19,100000.0,0.0,0.0,100000.0,100000.0,0.0,109.7699966430664
2007-11-20,100000.0,0.0,0.0,100000.0,100000.0,0.0,109.72000122070312
2007-11-21,100000.0,0.0,0.0,100000.0,100000.0,0.0,108.3499984741211
2007-11-23,100000.0,0.0,0.0,100000.0,100000.0,0.0,108.12000274658205
2007-11-26,100000.0,0.0,0.0,100000.0,100000.0,0.0,108.12000274658205
2007-11-27,100000.0,0.0,0.0,100000.0,100000.0,0.0,108.8000030517578
2007-11-28,100000.0,0.0,0.0,100000.0,100000.0,0.0,109.95999908447266
2007-11-29,100000.0,0.0,0.0,100000.0,100000.0,0.0,109.76000213623048
2007-11-30,100000.0,0.0,0.0,100000.0,100000.0,0.0,111.76000213623048
2007-12-03,100000.0,0.0,0.0,100000.0,100000.0,0.0,110.44000244140624
2007-12-04,100000.0,0.0,0.0,100000.0,100000.0,0.0,109.86000061035156
2007-12-05,100000.0,0.0,0.0,100000.0,100000.0,0.0,110.91000366210938
2007-12-06,100000.0,0.0,0.0,100000.0,100000.0,0.0,111.36000061035156
2007-12-07,100000.0,0.0,0.0,100000.0,100000.0,0.0,111.66000366210938
2007-12-10,100000.0,0.0,0.0,100000.0,100000.0,0.0,111.79000091552734
2007-12-11,100000.0,0.0,0.0,100000.0,100000.0,0.0,110.87999725341795
2007-12-12,100000.0,0.0,0.0,100000.0,100000.0,0.0,111.98999786376952
2007-12-13,100000.0,0.0,0.0,100000.0,100000.0,0.0,112.30999755859376
2007-12-14,100000.0,0.0,0.0,100000.0,100000.0,0.0,113.26000213623048
2007-12-17,100000.0,0.0,0.0,100000.0,100000.0,0.0,112.8499984741211
2007-12-18,100000.0,0.0,0.0,100000.0,100000.0,0.0,112.8499984741211
2007-12-19,100000.0,0.0,0.0,100000.0,100000.0,0.0,113.29000091552734
2007-12-20,100000.0,0.0,0.0,100000.0,100000.0,0.0,113.16000366210938
2007-12-21,100000.0,0.0,0.0,100000.0,100000.0,0.0,114.0500030517578
2007-12-24,100000.0,0.0,0.0,100000.0,100000.0,0.0,114.16000366210938
2007-12-26,100000.0,0.0,0.0,100000.0,100000.0,0.0,114.22000122070312
2007-12-27,100000.0,0.0,0.0,100000.0,100000.0,0.0,113.83999633789062
2007-12-28,100000.0,0.0,0.0,100000.0,100000.0,0.0,112.37000274658205
2007-12-31,100000.0,0.0,0.0,100000.0,100000.0,0.0,111.6500015258789
2008-01-02,100000.0,0.0,0.0,100000.0,100000.0,0.0,109.26300048828124
2008-01-03,100000.0,0.0,0.0,100000.0,100000.0,0.0,109.51000213623048
2008-01-04,100000.0,0.0,0.0,100000.0,100000.0,0.0,108.62999725341795
2008-01-07,100000.0,0.0,0.0,100000.0,100000.0,0.0,109.2300033569336
2008-01-08,100000.0,0.0,0.0,100000.0,100000.0,0.0,107.66000366210938
2008-01-09,100000.0,0.0,0.0,100000.0,100000.0,0.0,109.87999725341795
2008-01-10,100000.0,0.0,0.0,100000.0,100000.0,0.0,109.62000274658205
2008-01-11,100000.0,0.0,0.0,100000.0,100000.0,0.0,108.95999908447266
2008-01-14,100000.0,0.0,0.0,100000.0,100000.0,0.0,108.25
2008-01-15,100000.0,0.0,0.0,100000.0,100000.0,0.0,106.7699966430664
2008-01-16,100000.0,0.0,0.0,100000.0,100000.0,0.0,107.34500122070312
2008-01-17,100000.0,0.0,0.0,100000.0,100000.0,0.0,106.4000015258789
2008-01-18,100000.0,0.0,0.0,100000.0,100000.0,0.0,106.83000183105467
2008-01-22,100000.0,0.0,0.0,100000.0,100000.0,0.0,107.05999755859376
2008-01-23,100000.0,0.0,0.0,100000.0,100000.0,0.0,106.75
2008-01-24,100000.0,0.0,0.0,100000.0,100000.0,0.0,107.1500015258789
2008-01-25,100000.0,0.0,0.0,100000.0,100000.0,0.0,106.8000030517578
2008-01-28,100000.0,0.0,0.0,100000.0,100000.0,0.0,106.97000122070312
2008-01-29,100000.0,0.0,0.0,100000.0,100000.0,0.0,107.04000091552734
2008-01-30,100000.0,0.0,0.0,100000.0,100000.0,0.0,106.2300033569336
2008-01-31,100000.0,0.0,0.0,100000.0,100000.0,0.0,106.2509994506836
2008-02-01,100000.0,0.0,0.0,100000.0,100000.0,0.0,106.51000213623048
2008-02-04,100000.0,0.0,0.0,100000.0,100000.0,0.0,106.69000244140624
2008-02-05,100000.0,0.0,0.0,100000.0,100000.0,0.0,106.53099822998048
2008-02-06,100000.0,0.0,0.0,100000.0,100000.0,0.0,106.37999725341795
2008-02-07,100000.0,0.0,0.0,100000.0,100000.0,0.0,107.30999755859376
2008-02-08,100000.0,0.0,0.0,100000.0,100000.0,0.0,107.73999786376952
2008-02-11,100000.0,0.0,0.0,100000.0,100000.0,0.0,106.83000183105467
2008-02-12,100000.0,0.0,0.0,100000.0,100000.0,0.0,107.33999633789062
2008-02-13,100000.0,0.0,0.0,100000.0,100000.0,0.0,108.28199768066406
2008-02-14,100000.0,0.0,0.0,100000.0,100000.0,0.0,107.79000091552734
2008-02-15,100000.0,0.0,0.0,100000.0,100000.0,0.0,107.8000030517578
2008-02-19,100000.0,0.0,0.0,100000.0,100000.0,0.0,107.91999816894533
2008-02-20,100000.0,0.0,0.0,100000.0,100000.0,0.0,108.0500030517578
2008-02-21,100000.0,0.0,0.0,100000.0,100000.0,0.0,107.41000366210938
2008-02-22,100000.0,0.0,0.0,100000.0,100000.0,0.0,107.19000244140624
2008-02-25,100000.0,0.0,0.0,100000.0,100000.0,0.0,108.02999877929688
2008-02-26,100000.0,0.0,0.0,100000.0,100000.0,0.0,107.3499984741211
2008-02-27,100000.0,0.0,0.0,100000.0,100000.0,0.0,106.37000274658205
2008-02-28,100000.0,0.0,0.0,100000.0,100000.0,0.0,104.9499969482422
2008-02-29,100000.0,0.0,0.0,100000.0,100000.0,0.0,103.7699966430664
2008-03-03,100000.0,0.0,0.0,100000.0,100000.0,0.0,103.5199966430664
2008-03-04,100000.0,0.0,0.0,100000.0,100000.0,0.0,103.37000274658205
2008-03-05,100000.0,0.0,0.0,100000.0,100000.0,0.0,103.91000366210938
2008-03-06,100000.0,0.0,0.0,100000.0,100000.0,0.0,102.58000183105467
2008-03-07,100000.0,0.0,0.0,100000.0,100000.0,0.0,102.6999969482422
2008-03-10,100000.0,0.0,0.0,100000.0,100000.0,0.0,101.41999816894533
2008-03-11,100000.0,0.0,0.0,100000.0,100000.0,0.0,103.2699966430664
2008-03-12,100000.0,0.0,0.0,100000.0,100000.0,0.0,101.4800033569336
2008-03-13,100000.0,0.0,0.0,100000.0,100000.0,0.0,100.68000030517578
2008-03-14,100000.0,0.0,0.0,100000.0,100000.0,0.0,99.02999877929688
2008-03-17,100000.0,0.0,0.0,100000.0,100000.0,0.0,97.0999984741211
2008-03-18,100000.0,0.0,0.0,100000.0,100000.0,0.0,99.81999969482422
2008-03-19,100000.0,0.0,0.0,100000.0,100000.0,0.0,98.62000274658205
2008-03-20,100000.0,0.0,0.0,100000.0,100000.0,0.0,99.37999725341795
2008-03-24,100000.0,0.0,0.0,100000.0,100000.0,0.0,100.73999786376952
2008-03-25,100000.0,0.0,0.0,100000.0,100000.0,0.0,100.08000183105467
2008-03-26,100000.0,0.0,0.0,100000.0,100000.0,0.0,99.16000366210938
2008-03-27,100000.0,0.0,0.0,100000.0,100000.0,0.0,99.52999877929688
2008-03-28,100000.0,0.0,0.0,100000.0,100000.0,0.0,99.12000274658205
2008-03-31,100000.0,0.0,0.0,100000.0,100000.0,0.0,99.8499984741211
2008-04-01,100000.0,0.0,0.0,100000.0,100000.0,0.0,99.8499984741211
2008-04-02,100000.0,0.0,0.0,100000.0,100000.0,0.0,102.29000091552734
2008-04-03,100000.0,0.0,0.0,100000.0,100000.0,0.0,102.29000091552734
2008-04-04,100000.0,0.0,0.0,100000.0,100000.0,0.0,101.5199966430664
2008-04-07,100000.0,0.0,0.0,100000.0,100000.0,0.0,102.44000244140624
2008-04-08,100000.0,0.0,0.0,100000.0,100000.0,0.0,108.18000030517578
2008-04-09,100000.0,0.0,0.0,100000.0,100000.0,0.0,101.8219985961914
2008-04-10,100000.0,0.0,0.0,100000.0,100000.0,0.0,102.05999755859376
2008-04-11,100000.0,0.0,0.0,100000.0,100000.0,0.0,100.9499969482422
2008-04-14,100000.0,0.0,0.0,100000.0,100000.0,0.0,101.16000366210938
2008-04-15,100000.0,0.0,0.0,100000.0,100000.0,0.0,101.81999969482422
2008-04-16,100000.0,0.0,0.0,100000.0,100000.0,0.0,101.8000030517578
2008-04-17,100000.0,0.0,0.0,100000.0,100000.0,0.0,102.4800033569336
2008-04-18,100000.0,0.0,0.0,100000.0,100000.0,0.0,103.75
2008-04-21,100000.0,0.0,0.0,100000.0,100000.0,0.0,103.3030014038086
2008-04-22,100000.0,0.0,0.0,100000.0,100000.0,0.0,102.87000274658205
2008-04-23,100000.0,0.0,0.0,100000.0,100000.0,0.0,103.4520034790039
2008-04-24,100000.0,0.0,0.0,100000.0,100000.0,0.0,104.24700164794922
2008-04-25,100000.0,0.0,0.0,100000.0,100000.0,0.0,104.4000015258789
2008-04-28,100000.0,0.0,0.0,100000.0,100000.0,0.0,104.20999908447266
2008-04-29,100000.0,0.0,0.0,100000.0,100000.0,0.0,104.0
2008-04-30,100000.0,0.0,0.0,100000.0,100000.0,0.0,103.94300079345705
2008-05-01,100000.0,0.0,0.0,100000.0,100000.0,0.0,103.94300079345705
2008-05-02,100000.0,0.0,0.0,100000.0,100000.0,0.0,105.3000030517578
2008-05-05,100000.0,0.0,0.0,100000.0,100000.0,0.0,104.91000366210938
2008-05-06,100000.0,0.0,0.0,100000.0,100000.0,0.0,104.68399810791016
2008-05-07,100000.0,0.0,0.0,100000.0,100000.0,0.0,104.77899932861328
2008-05-08,100000.0,0.0,0.0,100000.0,100000.0,0.0,108.2699966430664
2008-05-09,100000.0,0.0,0.0,100000.0,100000.0,0.0,102.8000030517578
2008-05-12,100000.0,0.0,0.0,100000.0,100000.0,0.0,103.7699966430664
2008-05-13,100000.0,0.0,0.0,100000.0,100000.0,0.0,104.62000274658205
2008-05-14,100000.0,0.0,0.0,100000.0,100000.0,0.0,105.0500030517578
2008-05-15,100000.0,0.0,0.0,100000.0,100000.0,0.0,104.8000030517578
2008-05-16,100000.0,0.0,0.0,100000.0,100000.0,0.0,104.0199966430664
2008-05-19,100000.0,0.0,0.0,100000.0,100000.0,0.0,104.39099884033205
2008-05-20,100000.0,0.0,0.0,100000.0,100000.0,0.0,103.56999969482422
2008-05-21,100000.0,0.0,0.0,100000.0,100000.0,0.0,103.04000091552734
2008-05-22,100000.0,0.0,0.0,100000.0,100000.0,0.0,104.04000091552734
2008-05-23,100000.0,0.0,0.0,100000.0,100000.0,0.0,103.3000030517578
2008-05-27,100000.0,0.0,0.0,100000.0,100000.0,0.0,104.19100189208984
2008-05-28,100000.0,0.0,0.0,100000.0,100000.0,0.0,104.6500015258789
2008-05-29,100000.0,0.0,0.0,100000.0,100000.0,0.0,105.48999786376952
2008-05-30,100000.0,0.0,0.0,100000.0,100000.0,0.0,105.5
2008-06-02,100000.0,0.0,0.0,100000.0,100000.0,0.0,104.4800033569336
2008-06-03,100000.0,0.0,0.0,100000.0,100000.0,0.0,105.12999725341795
2008-06-04,100000.0,0.0,0.0,100000.0,100000.0,0.0,105.23999786376952
2008-06-05,100000.0,0.0,0.0,100000.0,100000.0,0.0,105.91999816894533
2008-06-06,100000.0,0.0,0.0,100000.0,100000.0,0.0,104.9000015258789
2008-06-09,100000.0,0.0,0.0,100000.0,100000.0,0.0,106.31999969482422
2008-06-10,100000.0,0.0,0.0,100000.0,100000.0,0.0,107.33999633789062
2008-06-11,100000.0,0.0,0.0,100000.0,100000.0,0.0,106.95999908447266
2008-06-12,100000.0,0.0,0.0,100000.0,100000.0,0.0,107.8000030517578
2008-06-13,100000.0,0.0,0.0,100000.0,100000.0,0.0,108.1500015258789
2008-06-16,100000.0,0.0,0.0,100000.0,100000.0,0.0,108.13999938964844
2008-06-17,100000.0,0.0,0.0,100000.0,100000.0,0.0,107.97000122070312
2008-06-18,100000.0,0.0,0.0,100000.0,100000.0,0.0,107.81999969482422
2008-06-19,100000.0,0.0,0.0,100000.0,100000.0,0.0,107.91999816894533
2008-06-20,100000.0,0.0,0.0,100000.0,100000.0,0.0,107.30999755859376
2008-06-23,100000.0,0.0,0.0,100000.0,100000.0,0.0,107.83000183105467
2008-06-24,100000.0,0.0,0.0,100000.0,100000.0,0.0,107.77999877929688
2008-06-25,100000.0,0.0,0.0,100000.0,100000.0,0.0,107.8000030517578
2008-06-26,100000.0,0.0,0.0,100000.0,100000.0,0.0,106.9469985961914
2008-06-27,100000.0,0.0,0.0,100000.0,100000.0,0.0,106.12000274658205
2008-06-30,100000.0,0.0,0.0,100000.0,100000.0,0.0,106.12000274658205
2008-07-01,100000.0,0.0,0.0,100000.0,100000.0,0.0,106.12000274658205
2008-07-02,100000.0,0.0,0.0,100000.0,100000.0,0.0,105.94000244140624
2008-07-03,100000.0,0.0,0.0,100000.0,100000.0,0.0,106.73999786376952
2008-07-07,100000.0,0.0,0.0,100000.0,100000.0,0.0,107.16000366210938
2008-07-08,100000.0,0.0,0.0,100000.0,100000.0,0.0,109.41000366210938
2008-07-09,100000.0,0.0,0.0,100000.0,100000.0,0.0,106.87100219726562
2008-07-10,100000.0,0.0,0.0,100000.0,100000.0,0.0,107.06600189208984
2008-07-11,100000.0,0.0,0.0,100000.0,100000.0,0.0,106.20999908447266
2008-07-14,100000.0,0.0,0.0,100000.0,100000.0,0.0,106.22000122070312
2008-07-15,100000.0,0.0,0.0,100000.0,100000.0,0.0,104.80999755859376
2008-07-16,100000.0,0.0,0.0,100000.0,100000.0,0.0,105.18000030517578
2008-07-17,100000.0,0.0,0.0,100000.0,100000.0,0.0,106.22799682617188
2008-07-18,100000.0,0.0,0.0,100000.0,100000.0,0.0,106.9499969482422
2008-07-21,100000.0,0.0,0.0,100000.0,100000.0,0.0,106.49600219726562
2008-07-22,100000.0,0.0,0.0,100000.0,100000.0,0.0,107.2300033569336
2008-07-23,100000.0,0.0,0.0,100000.0,100000.0,0.0,107.88999938964844
2008-07-24,100000.0,0.0,0.0,100000.0,100000.0,0.0,107.37999725341795
2008-07-25,100000.0,0.0,0.0,100000.0,100000.0,0.0,107.8499984741211
2008-07-28,100000.0,0.0,0.0,100000.0,100000.0,0.0,107.45999908447266
2008-07-29,100000.0,0.0,0.0,100000.0,100000.0,0.0,108.08000183105467
2008-07-30,100000.0,0.0,0.0,100000.0,100000.0,0.0,108.1500015258789
2008-07-31,100000.0,0.0,0.0,100000.0,100000.0,0.0,107.80999755859376
2008-08-01,100000.0,0.0,0.0,100000.0,100000.0,0.0,107.80999755859376
2008-08-04,100000.0,0.0,0.0,100000.0,100000.0,0.0,107.80999755859376
2008-08-05,100000.0,0.0,0.0,100000.0,100000.0,0.0,107.80999755859376
2008-08-06,100000.0,0.0,0.0,100000.0,100000.0,0.0,107.80999755859376
2008-08-07,100000.0,0.0,0.0,100000.0,100000.0,0.0,107.80999755859376
2008-08-08,100000.0,0.0,0.0,100000.0,100000.0,0.0,110.16999816894533
2008-08-11,100000.0,0.0,0.0,100000.0,100000.0,0.0,110.16999816894533
2008-08-12,100000.0,0.0,0.0,100000.0,100000.0,0.0,110.16999816894533
2008-08-13,100000.0,0.0,0.0,100000.0,100000.0,0.0,110.16999816894533
2008-08-14,100000.0,0.0,0.0,100000.0,100000.0,0.0,110.16999816894533
2008-08-15,100000.0,0.0,0.0,100000.0,100000.0,0.0,110.16999816894533
2008-08-18,100000.0,0.0,0.0,100000.0,100000.0,0.0,110.16999816894533
2008-08-19,100000.0,0.0,0.0,100000.0,100000.0,0.0,110.16999816894533
2008-08-20,100000.0,0.0,0.0,100000.0,100000.0,0.0,110.16999816894533
2008-08-21,100000.0,0.0,0.0,100000.0,100000.0,0.0,110.16999816894533
2008-08-22,100000.0,0.0,0.0,100000.0,100000.0,0.0,110.16999816894533
2008-08-25,100000.0,0.0,0.0,100000.0,100000.0,0.0,110.16999816894533
2008-08-26,100000.0,0.0,0.0,100000.0,100000.0,0.0,109.61000061035156
2008-08-27,100000.0,0.0,0.0,100000.0,100000.0,0.0,109.54000091552734
2008-08-28,100000.0,0.0,0.0,100000.0,100000.0,0.0,109.41999816894533
2008-08-29,100000.0,0.0,0.0,100000.0,100000.0,0.0,108.79000091552734
2008-09-02,100000.0,0.0,0.0,100000.0,100000.0,0.0,108.6500015258789
2008-09-03,100000.0,0.0,0.0,100000.0,100000.0,0.0,108.3499984741211
2008-09-04,100000.0,0.0,0.0,100000.0,100000.0,0.0,106.7300033569336
2008-09-05,100000.0,0.0,0.0,100000.0,100000.0,0.0,107.68000030517578
2008-09-08,100000.0,0.0,0.0,100000.0,100000.0,0.0,108.11000061035156
2008-09-09,100000.0,0.0,0.0,100000.0,100000.0,0.0,107.27999877929688
2008-09-10,100000.0,0.0,0.0,100000.0,100000.0,0.0,107.72000122070312
2008-09-11,100000.0,0.0,0.0,100000.0,100000.0,0.0,106.9800033569336
2008-09-12,100000.0,0.0,0.0,100000.0,100000.0,0.0,107.94000244140624
2008-09-15,100000.0,0.0,0.0,100000.0,100000.0,0.0,104.2509994506836
2008-09-16,100000.0,0.0,0.0,100000.0,100000.0,0.0,105.5199966430664
2008-09-17,100000.0,0.0,0.0,100000.0,100000.0,0.0,104.31900024414062
2008-09-18,100000.0,0.0,0.0,100000.0,100000.0,0.0,105.5
2008-09-19,100000.0,0.0,0.0,100000.0,100000.0,0.0,107.41999816894533
2008-09-22,100000.0,0.0,0.0,100000.0,100000.0,0.0,105.55999755859376
2008-09-23,100000.0,0.0,0.0,100000.0,100000.0,0.0,105.71900177001952
2008-09-24,100000.0,0.0,0.0,100000.0,100000.0,0.0,106.08000183105467
2008-09-25,100000.0,0.0,0.0,100000.0,100000.0,0.0,106.31999969482422
2008-09-26,100000.0,0.0,0.0,100000.0,100000.0,0.0,106.0500030517578
2008-09-29,100000.0,0.0,0.0,100000.0,100000.0,0.0,103.84300231933594
2008-09-30,100000.0,0.0,0.0,100000.0,100000.0,0.0,106.06999969482422
2008-10-01,100000.0,0.0,0.0,100000.0,100000.0,0.0,105.94000244140624
2008-10-02,100000.0,0.0,0.0,100000.0,100000.0,0.0,105.20999908447266
2008-10-03,100000.0,0.0,0.0,100000.0,100000.0,0.0,105.3000030517578
2008-10-06,100000.0,0.0,0.0,100000.0,100000.0,0.0,101.87999725341795
2008-10-07,100000.0,0.0,0.0,100000.0,100000.0,0.0,101.45999908447266
2008-10-08,100000.0,0.0,0.0,100000.0,100000.0,0.0,110.08999633789062
2008-10-09,100000.0,0.0,0.0,100000.0,100000.0,0.0,99.51000213623048
2008-10-10,100000.0,0.0,0.0,100000.0,100000.0,0.0,101.0999984741211
2008-10-13,100000.0,0.0,0.0,100000.0,100000.0,0.0,102.27999877929688
2008-10-14,100000.0,0.0,0.0,100000.0,100000.0,0.0,101.95999908447266
2008-10-15,100000.0,0.0,0.0,100000.0,100000.0,0.0,99.72000122070312
2008-10-16,100000.0,0.0,0.0,100000.0,100000.0,0.0,101.23999786376952
2008-10-17,100000.0,0.0,0.0,100000.0,100000.0,0.0,101.6500015258789
2008-10-20,100000.0,0.0,0.0,100000.0,100000.0,0.0,101.97000122070312
2008-10-21,100000.0,0.0,0.0,100000.0,100000.0,0.0,100.3270034790039
2008-10-22,100000.0,0.0,0.0,100000.0,100000.0,0.0,97.86000061035156
2008-10-23,100000.0,0.0,0.0,100000.0,100000.0,0.0,97.47799682617188
2008-10-24,100000.0,0.0,0.0,100000.0,100000.0,0.0,94.2699966430664
2008-10-27,100000.0,0.0,0.0,100000.0,100000.0,0.0,93.19400024414062
2008-10-28,100000.0,0.0,0.0,100000.0,100000.0,0.0,98.1999969482422
2008-10-29,100000.0,0.0,0.0,100000.0,100000.0,0.0,97.5199966430664
2008-10-30,100000.0,0.0,0.0,100000.0,100000.0,0.0,98.79000091552734
2008-10-31,100000.0,0.0,0.0,100000.0,100000.0,0.0,98.44000244140624
2008-11-03,100000.0,0.0,0.0,100000.0,100000.0,0.0,99.0
2008-11-04,100000.0,0.0,0.0,100000.0,100000.0,0.0,99.73300170898438
2008-11-05,100000.0,0.0,0.0,100000.0,100000.0,0.0,98.22000122070312
2008-11-06,100000.0,0.0,0.0,100000.0,100000.0,0.0,97.2760009765625
2008-11-07,100000.0,0.0,0.0,100000.0,100000.0,0.0,98.08999633789062
2008-11-10,100000.0,0.0,0.0,100000.0,100000.0,0.0,97.97000122070312
2008-11-11,100000.0,0.0,0.0,100000.0,100000.0,0.0,97.29100036621094
2008-11-12,100000.0,0.0,0.0,100000.0,100000.0,0.0,94.8000030517578
2008-11-13,100000.0,0.0,0.0,100000.0,100000.0,0.0,97.56999969482422
2008-11-14,100000.0,0.0,0.0,100000.0,100000.0,0.0,97.0199966430664
2008-11-17,100000.0,0.0,0.0,100000.0,100000.0,0.0,96.41000366210938
2008-11-18,100000.0,0.0,0.0,100000.0,100000.0,0.0,96.74600219726562
2008-11-19,100000.0,0.0,0.0,100000.0,100000.0,0.0,96.00299835205078
2008-11-20,100000.0,0.0,0.0,100000.0,100000.0,0.0,94.0500030517578
2008-11-21,100000.0,0.0,0.0,100000.0,100000.0,0.0,95.91000366210938
2008-11-24,100000.0,0.0,0.0,100000.0,100000.0,0.0,96.87000274658205
2008-11-25,100000.0,0.0,0.0,100000.0,100000.0,0.0,95.4469985961914
2008-11-26,100000.0,0.0,0.0,100000.0,100000.0,0.0,95.60700225830078
2008-11-28,100000.0,0.0,0.0,100000.0,100000.0,0.0,95.5
2008-12-01,100000.0,0.0,0.0,100000.0,100000.0,0.0,93.13999938964844
2008-12-02,100000.0,0.0,0.0,100000.0,100000.0,0.0,93.1510009765625
2008-12-03,100000.0,0.0,0.0,100000.0,100000.0,0.0,93.13999938964844
2008-12-04,100000.0,0.0,0.0,100000.0,100000.0,0.0,92.4499969482422
2008-12-05,100000.0,0.0,0.0,100000.0,100000.0,0.0,92.81999969482422
2008-12-08,100000.0,0.0,0.0,100000.0,100000.0,0.0,109.23999786376952
2008-12-09,100000.0,0.0,0.0,100000.0,100000.0,0.0,92.3030014038086
2008-12-10,100000.0,0.0,0.0,100000.0,100000.0,0.0,92.83999633789062
2008-12-11,100000.0,0.0,0.0,100000.0,100000.0,0.0,91.52999877929688
2008-12-12,100000.0,0.0,0.0,100000.0,100000.0,0.0,91.06999969482422
2008-12-15,100000.0,0.0,0.0,100000.0,100000.0,0.0,90.5
2008-12-16,100000.0,0.0,0.0,100000.0,100000.0,0.0,88.68000030517578
2008-12-17,100000.0,0.0,0.0,100000.0,100000.0,0.0,87.31999969482422
2008-12-18,100000.0,0.0,0.0,100000.0,100000.0,0.0,89.50499725341797
2008-12-19,100000.0,0.0,0.0,100000.0,100000.0,0.0,89.2699966430664
2008-12-22,100000.0,0.0,0.0,100000.0,100000.0,0.0,90.16000366210938
2008-12-23,100000.0,0.0,0.0,100000.0,100000.0,0.0,90.83999633789062
2008-12-24,100000.0,0.0,0.0,100000.0,100000.0,0.0,90.5
2008-12-26,100000.0,0.0,0.0,100000.0,100000.0,0.0,90.7699966430664
2008-12-29,100000.0,0.0,0.0,100000.0,100000.0,0.0,90.6520004272461
2008-12-30,100000.0,0.0,0.0,100000.0,100000.0,0.0,90.29000091552734
2008-12-31,100000.0,0.0,0.0,100000.0,100000.0,0.0,90.6500015258789
2009-01-02,100000.0,0.0,0.0,100000.0,100000.0,0.0,91.79000091552734
2009-01-05,100000.0,0.0,0.0,100000.0,100000.0,0.0,93.21700286865234
2009-01-06,100000.0,0.0,0.0,100000.0,100000.0,0.0,93.37999725341795
2009-01-07,100000.0,0.0,0.0,100000.0,100000.0,0.0,92.68000030517578
2009-01-08,100000.0,0.0,0.0,100000.0,100000.0,0.0,91.36000061035156
2009-01-09,100000.0,0.0,0.0,100000.0,100000.0,0.0,90.37000274658205
2009-01-12,100000.0,0.0,0.0,100000.0,100000.0,0.0,89.43000030517578
2009-01-13,100000.0,0.0,0.0,100000.0,100000.0,0.0,89.34100341796875
2009-01-14,100000.0,0.0,0.0,100000.0,100000.0,0.0,89.16000366210938
2009-01-15,100000.0,0.0,0.0,100000.0,100000.0,0.0,89.94000244140625
2009-01-16,100000.0,0.0,0.0,100000.0,100000.0,0.0,90.9000015258789
2009-01-20,100000.0,0.0,0.0,100000.0,100000.0,0.0,89.80999755859375
2009-01-21,100000.0,0.0,0.0,100000.0,100000.0,0.0,89.05000305175781
2009-01-22,100000.0,0.0,0.0,100000.0,100000.0,0.0,89.1259994506836
2009-01-23,100000.0,0.0,0.0,100000.0,100000.0,0.0,88.76000213623047
2009-01-26,100000.0,0.0,0.0,100000.0,100000.0,0.0,89.23999786376953
2009-01-27,100000.0,0.0,0.0,100000.0,100000.0,0.0,89.33000183105469
2009-01-28,100000.0,0.0,0.0,100000.0,100000.0,0.0,90.46199798583984
2009-01-29,100000.0,0.0,0.0,100000.0,100000.0,0.0,89.91000366210938
2009-01-30,100000.0,0.0,0.0,100000.0,100000.0,0.0,89.9000015258789
2009-02-02,100000.0,0.0,0.0,100000.0,100000.0,0.0,89.36000061035156
2009-02-03,100000.0,0.0,0.0,100000.0,100000.0,0.0,89.37000274658203
2009-02-04,100000.0,0.0,0.0,100000.0,100000.0,0.0,89.41999816894531
2009-02-05,100000.0,0.0,0.0,100000.0,100000.0,0.0,91.1500015258789
2009-02-06,100000.0,0.0,0.0,100000.0,100000.0,0.0,91.91999816894533
2009-02-09,100000.0,0.0,0.0,100000.0,100000.0,0.0,91.30999755859376
2009-02-10,100000.0,0.0,0.0,100000.0,100000.0,0.0,90.44400024414062
2009-02-11,100000.0,0.0,0.0,100000.0,100000.0,0.0,90.29000091552734
2009-02-12,100000.0,0.0,0.0,100000.0,100000.0,0.0,90.66999816894533
2009-02-13,100000.0,0.0,0.0,100000.0,100000.0,0.0,91.86000061035156
2009-02-17,100000.0,0.0,0.0,100000.0,100000.0,0.0,92.2760009765625
2009-02-18,100000.0,0.0,0.0,100000.0,100000.0,0.0,93.62999725341795
2009-02-19,100000.0,0.0,0.0,100000.0,100000.0,0.0,94.01100158691406
2009-02-20,100000.0,0.0,0.0,100000.0,100000.0,0.0,93.33999633789062
2009-02-23,100000.0,0.0,0.0,100000.0,100000.0,0.0,94.4000015258789
2009-02-24,100000.0,0.0,0.0,100000.0,100000.0,0.0,96.5500030517578
2009-02-25,100000.0,0.0,0.0,100000.0,100000.0,0.0,97.38999938964844
2009-02-26,100000.0,0.0,0.0,100000.0,100000.0,0.0,98.33399963378906
2009-02-27,100000.0,0.0,0.0,100000.0,100000.0,0.0,97.62000274658205
2009-03-02,100000.0,0.0,0.0,100000.0,100000.0,0.0,97.0540008544922
2009-03-03,100000.0,0.0,0.0,100000.0,100000.0,0.0,98.53500366210938
2009-03-04,100000.0,0.0,0.0,100000.0,100000.0,0.0,98.99199676513672
2009-03-05,100000.0,0.0,0.0,100000.0,100000.0,0.0,98.12999725341795
2009-03-06,100000.0,0.0,0.0,100000.0,100000.0,0.0,98.33999633789062
2009-03-09,100000.0,0.0,0.0,100000.0,100000.0,0.0,98.91999816894533
2009-03-10,100000.0,0.0,0.0,100000.0,100000.0,0.0,98.77999877929688
2009-03-11,100000.0,0.0,0.0,100000.0,100000.0,0.0,97.25
2009-03-12,100000.0,0.0,0.0,100000.0,100000.0,0.0,97.31999969482422
2009-03-13,100000.0,0.0,0.0,100000.0,100000.0,0.0,97.94000244140624
2009-03-16,100000.0,0.0,0.0,100000.0,100000.0,0.0,98.1999969482422
2009-03-17,100000.0,0.0,0.0,100000.0,100000.0,0.0,98.78099822998048
2009-03-18,100000.0,0.0,0.0,100000.0,100000.0,0.0,96.4010009765625
2009-03-19,100000.0,0.0,0.0,100000.0,100000.0,0.0,94.4499969482422
2009-03-20,100000.0,0.0,0.0,100000.0,100000.0,0.0,95.93000030517578
2009-03-23,100000.0,0.0,0.0,100000.0,100000.0,0.0,97.09200286865234
2009-03-24,100000.0,0.0,0.0,100000.0,100000.0,0.0,98.33999633789062
2009-03-25,100000.0,0.0,0.0,100000.0,100000.0,0.0,97.7300033569336
2009-03-26,100000.0,0.0,0.0,100000.0,100000.0,0.0,98.6999969482422
2009-03-27,100000.0,0.0,0.0,100000.0,100000.0,0.0,97.8499984741211
2009-03-30,100000.0,0.0,0.0,100000.0,100000.0,0.0,97.43199920654295
2009-03-31,100000.0,0.0,0.0,100000.0,100000.0,0.0,98.97000122070312
2009-04-01,100000.0,0.0,0.0,100000.0,100000.0,0.0,98.66000366210938
2009-04-02,100000.0,0.0,0.0,100000.0,100000.0,0.0,99.55999755859376
2009-04-03,100000.0,0.0,0.0,100000.0,100000.0,0.0,100.3000030517578
2009-04-06,100000.0,0.0,0.0,100000.0,100000.0,0.0,100.76000213623048
2009-04-07,100000.0,0.0,0.0,100000.0,100000.0,0.0,100.69000244140624
2009-04-08,100000.0,0.0,0.0,100000.0,100000.0,0.0,99.73999786376952
2009-04-09,100000.0,0.0,0.0,100000.0,100000.0,0.0,100.44000244140624
2009-04-13,100000.0,0.0,0.0,100000.0,100000.0,0.0,100.0199966430664
2009-04-14,100000.0,0.0,0.0,100000.0,100000.0,0.0,98.97000122070312
2009-04-15,100000.0,0.0,0.0,100000.0,100000.0,0.0,99.2300033569336
2009-04-16,100000.0,0.0,0.0,100000.0,100000.0,0.0,99.33000183105467
2009-04-17,100000.0,0.0,0.0,100000.0,100000.0,0.0,99.08000183105467
2009-04-20,100000.0,0.0,0.0,100000.0,100000.0,0.0,98.06600189208984
2009-04-21,100000.0,0.0,0.0,100000.0,100000.0,0.0,98.63999938964844
2009-04-22,100000.0,0.0,0.0,100000.0,100000.0,0.0,98.12999725341795
2009-04-23,100000.0,0.0,0.0,100000.0,100000.0,0.0,97.91999816894533
2009-04-24,100000.0,0.0,0.0,100000.0,100000.0,0.0,97.20999908447266
2009-04-27,100000.0,0.0,0.0,100000.0,100000.0,0.0,96.52999877929688
2009-04-28,100000.0,0.0,0.0,100000.0,100000.0,0.0,96.52999877929688
2009-04-29,100000.0,0.0,0.0,100000.0,100000.0,0.0,97.47000122070312
2009-04-30,100000.0,0.0,0.0,100000.0,100000.0,0.0,98.69000244140624
2009-05-01,100000.0,0.0,0.0,100000.0,100000.0,0.0,99.19000244140624
2009-05-04,100000.0,0.0,0.0,100000.0,100000.0,0.0,98.83000183105467
2009-05-05,100000.0,0.0,0.0,100000.0,100000.0,0.0,98.91999816894533
2009-05-06,100000.0,0.0,0.0,100000.0,100000.0,0.0,98.41000366210938
2009-05-07,100000.0,0.0,0.0,100000.0,100000.0,0.0,99.12799835205078
2009-05-08,100000.0,0.0,0.0,100000.0,100000.0,0.0,98.4499969482422
2009-05-11,100000.0,0.0,0.0,100000.0,100000.0,0.0,97.5
2009-05-12,100000.0,0.0,0.0,100000.0,100000.0,0.0,96.45999908447266
2009-05-13,100000.0,0.0,0.0,100000.0,100000.0,0.0,95.37000274658205
2009-05-14,100000.0,0.0,0.0,100000.0,100000.0,0.0,96.0
2009-05-15,100000.0,0.0,0.0,100000.0,100000.0,0.0,95.11000061035156
2009-05-18,100000.0,0.0,0.0,100000.0,100000.0,0.0,96.3730010986328
2009-05-19,100000.0,0.0,0.0,100000.0,100000.0,0.0,96.11699676513672
2009-05-20,100000.0,0.0,0.0,100000.0,100000.0,0.0,94.91100311279295
2009-05-21,100000.0,0.0,0.0,100000.0,100000.0,0.0,94.12999725341795
2009-05-22,100000.0,0.0,0.0,100000.0,100000.0,0.0,94.73999786376952
2009-05-26,100000.0,0.0,0.0,100000.0,100000.0,0.0,95.0500030517578
2009-05-27,100000.0,0.0,0.0,100000.0,100000.0,0.0,95.37999725341795
2009-05-28,100000.0,0.0,0.0,100000.0,100000.0,0.0,96.7979965209961
2009-05-29,100000.0,0.0,0.0,100000.0,100000.0,0.0,95.43000030517578
2009-06-01,100000.0,0.0,0.0,100000.0,100000.0,0.0,96.52200317382812
2009-06-02,100000.0,0.0,0.0,100000.0,100000.0,0.0,95.60099792480467
2009-06-03,100000.0,0.0,0.0,100000.0,100000.0,0.0,96.06999969482422
2009-06-04,100000.0,0.0,0.0,100000.0,100000.0,0.0,96.64299774169922
2009-06-05,100000.0,0.0,0.0,100000.0,100000.0,0.0,98.80999755859376
2009-06-08,100000.0,0.0,0.0,100000.0,100000.0,0.0,98.45700073242188
2009-06-09,100000.0,0.0,0.0,100000.0,100000.0,0.0,97.47699737548828
2009-06-10,100000.0,0.0,0.0,100000.0,100000.0,0.0,98.14900207519533
2009-06-11,100000.0,0.0,0.0,100000.0,100000.0,0.0,97.62999725341795
2009-06-12,100000.0,0.0,0.0,100000.0,100000.0,0.0,98.37000274658205
2009-06-15,100000.0,0.0,0.0,100000.0,100000.0,0.0,97.81900024414062
2009-06-16,100000.0,0.0,0.0,100000.0,100000.0,0.0,96.5
2009-06-17,100000.0,0.0,0.0,100000.0,100000.0,0.0,95.73999786376952
2009-06-18,100000.0,0.0,0.0,100000.0,100000.0,0.0,96.56999969482422
2009-06-19,100000.0,0.0,0.0,100000.0,100000.0,0.0,96.76000213623048
2009-06-22,100000.0,0.0,0.0,100000.0,100000.0,0.0,95.8499984741211
2009-06-23,100000.0,0.0,0.0,100000.0,100000.0,0.0,95.11900329589844
2009-06-24,100000.0,0.0,0.0,100000.0,100000.0,0.0,95.8479995727539
2009-06-25,100000.0,0.0,0.0,100000.0,100000.0,0.0,95.94300079345705
2009-06-26,100000.0,0.0,0.0,100000.0,100000.0,0.0,95.20999908447266
2009-06-29,100000.0,0.0,0.0,100000.0,100000.0,0.0,96.09200286865234
2009-06-30,100000.0,0.0,0.0,100000.0,100000.0,0.0,96.33100128173828
2009-07-01,100000.0,0.0,0.0,100000.0,100000.0,0.0,96.62000274658205
2009-07-02,100000.0,0.0,0.0,100000.0,100000.0,0.0,95.9520034790039
2009-07-06,100000.0,0.0,0.0,100000.0,100000.0,0.0,95.16999816894533
2009-07-07,100000.0,0.0,0.0,100000.0,100000.0,0.0,94.7689971923828
2009-07-08,100000.0,0.0,0.0,100000.0,100000.0,0.0,92.77200317382812
2009-07-09,100000.0,0.0,0.0,100000.0,100000.0,0.0,93.04000091552734
2009-07-10,100000.0,0.0,0.0,100000.0,100000.0,0.0,92.52999877929688
2009-07-13,100000.0,0.0,0.0,100000.0,100000.0,0.0,93.02200317382812
2009-07-14,100000.0,0.0,0.0,100000.0,100000.0,0.0,93.4209976196289
2009-07-15,100000.0,0.0,0.0,100000.0,100000.0,0.0,94.177001953125
2009-07-16,100000.0,0.0,0.0,100000.0,100000.0,0.0,93.7760009765625
2009-07-17,100000.0,0.0,0.0,100000.0,100000.0,0.0,94.20999908447266
2009-07-20,100000.0,0.0,0.0,100000.0,100000.0,0.0,94.13999938964844
2009-07-21,100000.0,0.0,0.0,100000.0,100000.0,0.0,93.53299713134766
2009-07-22,100000.0,0.0,0.0,100000.0,100000.0,0.0,93.56900024414062
2009-07-23,100000.0,0.0,0.0,100000.0,100000.0,0.0,94.93000030517578
2009-07-24,100000.0,0.0,0.0,100000.0,100000.0,0.0,94.87000274658205
2009-07-27,100000.0,0.0,0.0,100000.0,100000.0,0.0,95.16000366210938
2009-07-28,100000.0,0.0,0.0,100000.0,100000.0,0.0,94.37999725341795
2009-07-29,100000.0,0.0,0.0,100000.0,100000.0,0.0,95.0999984741211
2009-07-30,100000.0,0.0,0.0,100000.0,100000.0,0.0,95.55999755859376
2009-07-31,100000.0,0.0,0.0,100000.0,100000.0,0.0,94.63999938964844
2009-08-03,100000.0,0.0,0.0,100000.0,100000.0,0.0,95.16699981689452
2009-08-04,100000.0,0.0,0.0,100000.0,100000.0,0.0,95.29000091552734
2009-08-05,100000.0,0.0,0.0,100000.0,100000.0,0.0,94.7959976196289
2009-08-06,100000.0,0.0,0.0,100000.0,100000.0,0.0,95.48400115966795
2009-08-07,100000.0,0.0,0.0,100000.0,100000.0,0.0,97.43000030517578
2009-08-10,100000.0,0.0,0.0,100000.0,100000.0,0.0,97.01000213623048
2009-08-12,100000.0,0.0,0.0,100000.0,100000.0,0.0,96.15699768066406
2009-08-13,100000.0,0.0,0.0,100000.0,100000.0,0.0,95.2699966430664
2009-08-14,100000.0,0.0,0.0,100000.0,100000.0,0.0,94.86000061035156
2009-08-17,100000.0,0.0,0.0,100000.0,100000.0,0.0,94.43000030517578
2009-08-18,100000.0,0.0,0.0,100000.0,100000.0,0.0,94.83999633789062
2009-08-19,100000.0,0.0,0.0,100000.0,100000.0,0.0,94.11000061035156
2009-08-20,100000.0,0.0,0.0,100000.0,100000.0,0.0,94.25700378417967
2009-08-21,100000.0,0.0,0.0,100000.0,100000.0,0.0,94.37000274658205
2009-08-24,100000.0,0.0,0.0,100000.0,100000.0,0.0,94.38999938964844
2009-08-25,100000.0,0.0,0.0,100000.0,100000.0,0.0,93.9000015258789
2009-08-26,100000.0,0.0,0.0,100000.0,100000.0,0.0,94.08000183105467
2009-08-27,100000.0,0.0,0.0,100000.0,100000.0,0.0,93.62999725341795
2009-08-28,100000.0,0.0,0.0,100000.0,100000.0,0.0,93.55999755859376
2009-08-31,100000.0,0.0,0.0,100000.0,100000.0,0.0,92.87000274658205
2009-09-01,100000.0,0.0,0.0,100000.0,100000.0,0.0,92.70700073242188
2009-09-02,100000.0,0.0,0.0,100000.0,100000.0,0.0,92.20899963378906
2009-09-03,100000.0,0.0,0.0,100000.0,100000.0,0.0,92.68699645996094
2009-09-04,100000.0,0.0,0.0,100000.0,100000.0,0.0,92.97000122070312
2009-09-08,100000.0,0.0,0.0,100000.0,100000.0,0.0,92.30999755859376
2009-09-09,100000.0,0.0,0.0,100000.0,100000.0,0.0,92.12999725341795
2009-09-10,100000.0,0.0,0.0,100000.0,100000.0,0.0,91.68699645996094
2009-09-11,100000.0,0.0,0.0,100000.0,100000.0,0.0,90.66000366210938
2009-09-14,100000.0,0.0,0.0,100000.0,100000.0,0.0,90.87000274658205
2009-09-15,100000.0,0.0,0.0,100000.0,100000.0,0.0,90.89800262451172
2009-09-16,100000.0,0.0,0.0,100000.0,100000.0,0.0,91.0199966430664
2009-09-17,100000.0,0.0,0.0,100000.0,100000.0,0.0,91.20600128173828
2009-09-18,100000.0,0.0,0.0,100000.0,100000.0,0.0,91.2699966430664
2009-09-21,100000.0,0.0,0.0,100000.0,100000.0,0.0,92.0260009765625
2009-09-22,100000.0,0.0,0.0,100000.0,100000.0,0.0,90.70999908447266
2009-09-23,100000.0,0.0,0.0,100000.0,100000.0,0.0,91.3270034790039
2009-09-24,100000.0,0.0,0.0,100000.0,100000.0,0.0,90.822998046875
2009-09-25,100000.0,0.0,0.0,100000.0,100000.0,0.0,89.80999755859375
2009-09-28,100000.0,0.0,0.0,100000.0,100000.0,0.0,89.86199951171875
2009-09-29,100000.0,0.0,0.0,100000.0,100000.0,0.0,90.22100067138672
2009-09-30,100000.0,0.0,0.0,100000.0,100000.0,0.0,89.87000274658203
2009-10-01,100000.0,0.0,0.0,100000.0,100000.0,0.0,89.5469970703125
2009-10-02,100000.0,0.0,0.0,100000.0,100000.0,0.0,89.61000061035156
2009-10-05,100000.0,0.0,0.0,100000.0,100000.0,0.0,89.62000274658203
2009-10-06,100000.0,0.0,0.0,100000.0,100000.0,0.0,88.80000305175781
2009-10-07,100000.0,0.0,0.0,100000.0,100000.0,0.0,88.53800201416016
2009-10-08,100000.0,0.0,0.0,100000.0,100000.0,0.0,88.76899719238281
2009-10-09,100000.0,0.0,0.0,100000.0,100000.0,0.0,89.73999786376953
2009-10-12,100000.0,0.0,0.0,100000.0,100000.0,0.0,89.70999908447266
2009-10-13,100000.0,0.0,0.0,100000.0,100000.0,0.0,89.81999969482422
2009-10-14,100000.0,0.0,0.0,100000.0,100000.0,0.0,89.41000366210938
2009-10-15,100000.0,0.0,0.0,100000.0,100000.0,0.0,90.8270034790039
2009-10-16,100000.0,0.0,0.0,100000.0,100000.0,0.0,90.91000366210938
2009-10-19,100000.0,0.0,0.0,100000.0,100000.0,0.0,90.77300262451172
2009-10-20,100000.0,0.0,0.0,100000.0,100000.0,0.0,90.7979965209961
2009-10-21,100000.0,0.0,0.0,100000.0,100000.0,0.0,90.87999725341795
2009-10-22,100000.0,0.0,0.0,100000.0,100000.0,0.0,91.39600372314452
2009-10-23,100000.0,0.0,0.0,100000.0,100000.0,0.0,92.0500030517578
2009-10-26,100000.0,0.0,0.0,100000.0,100000.0,0.0,92.1999969482422
2009-10-27,100000.0,0.0,0.0,100000.0,100000.0,0.0,91.6240005493164
2009-10-28,100000.0,0.0,0.0,100000.0,100000.0,0.0,90.56999969482422
2009-10-29,100000.0,0.0,0.0,100000.0,100000.0,0.0,91.48999786376952
2009-10-30,100000.0,0.0,0.0,100000.0,100000.0,0.0,90.08999633789062
2009-11-02,100000.0,0.0,0.0,100000.0,100000.0,0.0,90.38999938964844
2009-11-03,100000.0,0.0,0.0,100000.0,100000.0,0.0,90.38999938964844
2009-11-04,100000.0,0.0,0.0,100000.0,100000.0,0.0,90.697998046875
2009-11-05,100000.0,0.0,0.0,100000.0,100000.0,0.0,90.7699966430664
2009-11-06,100000.0,0.0,0.0,100000.0,100000.0,0.0,89.87999725341797
2009-11-09,100000.0,0.0,0.0,100000.0,100000.0,0.0,89.8290023803711
2009-11-10,100000.0,0.0,0.0,100000.0,100000.0,0.0,89.70999908447266
2009-11-11,100000.0,0.0,0.0,100000.0,100000.0,0.0,89.91000366210938
2009-11-12,100000.0,0.0,0.0,100000.0,100000.0,0.0,90.27999877929688
2009-11-13,100000.0,0.0,0.0,100000.0,100000.0,0.0,89.66000366210938
2009-11-16,100000.0,0.0,0.0,100000.0,100000.0,0.0,89.01000213623047
2009-11-17,100000.0,0.0,0.0,100000.0,100000.0,0.0,89.2300033569336
2009-11-18,100000.0,0.0,0.0,100000.0,100000.0,0.0,89.39800262451172
2009-11-19,100000.0,0.0,0.0,100000.0,100000.0,0.0,88.9000015258789
2009-11-20,100000.0,0.0,0.0,100000.0,100000.0,0.0,88.83000183105469
2009-11-23,100000.0,0.0,0.0,100000.0,100000.0,0.0,88.9000015258789
2009-11-24,100000.0,0.0,0.0,100000.0,100000.0,0.0,88.59300231933594
2009-11-25,100000.0,0.0,0.0,100000.0,100000.0,0.0,87.36000061035156
2009-11-27,100000.0,0.0,0.0,100000.0,100000.0,0.0,86.4800033569336
2009-11-30,100000.0,0.0,0.0,100000.0,100000.0,0.0,86.25
2009-12-01,100000.0,0.0,0.0,100000.0,100000.0,0.0,86.6500015258789
2009-12-02,100000.0,0.0,0.0,100000.0,100000.0,0.0,87.55999755859375
2009-12-03,100000.0,0.0,0.0,100000.0,100000.0,0.0,88.25900268554688
2009-12-04,100000.0,0.0,0.0,100000.0,100000.0,0.0,90.5199966430664
2009-12-07,100000.0,0.0,0.0,100000.0,100000.0,0.0,89.29000091552734
2009-12-08,100000.0,0.0,0.0,100000.0,100000.0,0.0,88.37999725341797
2009-12-09,100000.0,0.0,0.0,100000.0,100000.0,0.0,88.08999633789062
2009-12-10,100000.0,0.0,0.0,100000.0,100000.0,0.0,88.2300033569336
2009-12-11,100000.0,0.0,0.0,100000.0,100000.0,0.0,89.08999633789062
2009-12-14,100000.0,0.0,0.0,100000.0,100000.0,0.0,88.69000244140625
2009-12-15,100000.0,0.0,0.0,100000.0,100000.0,0.0,89.51100158691406
2009-12-16,100000.0,0.0,0.0,100000.0,100000.0,0.0,89.8499984741211
2009-12-17,100000.0,0.0,0.0,100000.0,100000.0,0.0,89.63999938964844
2009-12-18,100000.0,0.0,0.0,100000.0,100000.0,0.0,90.44000244140624
2009-12-21,100000.0,0.0,0.0,100000.0,100000.0,0.0,91.05699920654295
2009-12-22,100000.0,0.0,0.0,100000.0,100000.0,0.0,91.80500030517578
2009-12-23,100000.0,0.0,0.0,100000.0,100000.0,0.0,91.63999938964844
2009-12-24,100000.0,0.0,0.0,100000.0,100000.0,0.0,91.44400024414062
2009-12-28,100000.0,0.0,0.0,100000.0,100000.0,0.0,91.69000244140624
2009-12-29,100000.0,0.0,0.0,100000.0,100000.0,0.0,91.97000122070312
2009-12-30,100000.0,0.0,0.0,100000.0,100000.0,0.0,92.41999816894533
2010-01-04,100000.0,0.0,0.0,100000.0,100000.0,0.0,92.49500274658205
2010-01-05,100000.0,0.0,0.0,100000.0,100000.0,0.0,91.58499908447266
2010-01-06,100000.0,0.0,0.0,100000.0,100000.0,0.0,92.3560028076172
2010-01-07,100000.0,0.0,0.0,100000.0,100000.0,0.0,93.38999938964844
2010-01-08,100000.0,0.0,0.0,100000.0,100000.0,0.0,92.66000366210938
2010-01-11,100000.0,0.0,0.0,100000.0,100000.0,0.0,92.09200286865234
2010-01-12,100000.0,0.0,0.0,100000.0,100000.0,0.0,91.08000183105467
2010-01-13,100000.0,0.0,0.0,100000.0,100000.0,0.0,91.43299865722656
2010-01-14,100000.0,0.0,0.0,100000.0,100000.0,0.0,91.26699829101562
2010-01-19,100000.0,0.0,0.0,100000.0,100000.0,0.0,91.1989974975586
2010-01-20,100000.0,0.0,0.0,100000.0,100000.0,0.0,91.19200134277344
2010-01-21,100000.0,0.0,0.0,100000.0,100000.0,0.0,90.39299774169922
2010-01-22,100000.0,0.0,0.0,100000.0,100000.0,0.0,89.80999755859375
2010-01-25,50000.00000000001,6.158209861603679,49994.84196896268,99994.84196896269,100135.86041991087,0.49997420851448054,90.41500091552734
2010-01-26,50000.00000000001,6.158209861603679,49353.08693789869,99353.0869378987,99492.29521610096,0.49674437361716967,89.62999725341797
2010-01-27,50000.00000000001,6.158209861603679,49764.90521751268,99764.90521751269,99905.27509506352,0.4988217560976239,89.94999694824219
2010-01-28,50000.00000000001,6.158209861603679,49099.922683879064,99099.92268387906,99238.4168717966,0.4954587385552655,89.77799987792969
2010-01-29,50000.00000000001,6.158209861603679,48832.42743603772,98832.42743603772,98970.16711080946,0.4940931706614314,90.2699966430664
2010-02-01,99039.36542110171,0.0,0.0,99039.36542110171,99316.72942550891,0.0,90.76000213623048
2010-02-02,99039.36542110171,0.0,0.0,99039.36542110171,99316.72942550891,0.0,90.4280014038086
2010-02-03,99039.36542110171,0.0,0.0,99039.36542110171,99316.72942550891,0.0,90.83999633789062
2010-02-04,99039.36542110171,0.0,0.0,99039.36542110171,99316.72942550891,0.0,89.41000366210938
2010-02-05,99039.36542110171,0.0,0.0,99039.36542110171,99316.72942550891,0.0,89.22000122070312
2010-02-08,99039.36542110171,0.0,0.0,99039.36542110171,99316.72942550891,0.0,89.22000122070312
2010-02-09,99039.36542110171,0.0,0.0,99039.36542110171,99316.72942550891,0.0,89.76799774169922
2010-02-10,99039.36542110171,0.0,0.0,99039.36542110171,99316.72942550891,0.0,89.93000030517578
2010-02-11,99039.36542110171,0.0,0.0,99039.36542110171,99316.72942550891,0.0,89.80999755859375
2010-02-16,99039.36542110171,0.0,0.0,99039.36542110171,99316.72942550891,0.0,90.24400329589844
2010-02-17,99039.36542110171,0.0,0.0,99039.36542110171,99316.72942550891,0.0,91.0500030517578
2010-02-18,99039.36542110171,0.0,0.0,99039.36542110171,99316.72942550891,0.0,91.97699737548828
2010-02-19,99039.36542110171,0.0,0.0,99039.36542110171,99316.72942550891,0.0,91.54000091552734
2010-02-22,99039.36542110171,0.0,0.0,99039.36542110171,99316.72942550891,0.0,91.23500061035156
2010-02-23,99039.36542110171,0.0,0.0,99039.36542110171,99316.72942550891,0.0,90.16000366210938
2010-02-24,99039.36542110171,0.0,0.0,99039.36542110171,99316.72942550891,0.0,90.27899932861328
2010-02-25,99039.36542110171,0.0,0.0,99039.36542110171,99316.72942550891,0.0,89.2699966430664
2010-02-26,99039.36542110171,0.0,0.0,99039.36542110171,99316.72942550891,0.0,88.9209976196289
2010-03-01,99039.36542110171,0.0,0.0,99039.36542110171,99316.72942550891,0.0,89.1500015258789
2010-03-02,99039.36542110171,0.0,0.0,99039.36542110171,99316.72942550891,0.0,88.73999786376953
2010-03-03,99039.36542110171,0.0,0.0,99039.36542110171,99316.72942550891,0.0,88.56999969482422
2010-03-04,99039.36542110171,0.0,0.0,99039.36542110171,99316.72942550891,0.0,89.16000366210938
2010-03-05,99039.36542110171,0.0,0.0,99039.36542110171,99316.72942550891,0.0,90.22000122070312
2010-03-08,99039.36542110171,0.0,0.0,99039.36542110171,99316.72942550891,0.0,90.28600311279295
2010-03-09,99039.36542110171,0.0,0.0,99039.36542110171,99316.72942550891,0.0,89.98899841308594
2010-03-10,99039.36542110171,0.0,0.0,99039.36542110171,99316.72942550891,0.0,90.47000122070312
2010-03-11,99039.36542110171,0.0,0.0,99039.36542110171,99316.72942550891,0.0,90.64800262451172
2010-03-12,99039.36542110171,0.0,0.0,99039.36542110171,99316.72942550891,0.0,90.54000091552734
2010-03-15,99039.36542110171,0.0,0.0,99039.36542110171,99316.72942550891,0.0,90.31999969482422
2010-03-16,99039.36542110171,0.0,0.0,99039.36542110171,99316.72942550891,0.0,90.29000091552734
2010-03-17,99039.36542110171,0.0,0.0,99039.36542110171,99316.72942550891,0.0,90.40299987792967
2010-03-18,99039.36542110171,0.0,0.0,99039.36542110171,99316.72942550891,0.0,90.4800033569336
2010-03-19,99039.36542110171,0.0,0.0,99039.36542110171,99316.72942550891,0.0,90.5199966430664
2010-03-22,99039.36542110171,0.0,0.0,99039.36542110171,99316.72942550891,0.0,90.33999633789062
2010-03-23,99039.36542110171,0.0,0.0,99039.36542110171,99316.72942550891,0.0,90.36599731445312
2010-03-24,99039.36542110171,0.0,0.0,99039.36542110171,99316.72942550891,0.0,92.01399993896484
2010-03-25,99039.36542110171,0.0,0.0,99039.36542110171,99316.72942550891,0.0,92.51300048828124
2010-03-26,99039.36542110171,0.0,0.0,99039.36542110171,99316.72942550891,0.0,92.50700378417967
2010-03-29,99039.36542110171,0.0,0.0,99039.36542110171,99316.72942550891,0.0,92.48999786376952
2010-03-30,99039.36542110171,0.0,0.0,99039.36542110171,99316.72942550891,0.0,92.81999969482422
2010-03-31,99039.36542110171,0.0,0.0,99039.36542110171,99316.72942550891,0.0,93.5199966430664
2010-04-05,99039.36542110171,0.0,0.0,99039.36542110171,99316.72942550891,0.0,94.33000183105467
2010-04-06,99039.36542110171,0.0,0.0,99039.36542110171,99316.72942550891,0.0,93.79399871826172
2010-04-07,99039.36542110171,0.0,0.0,99039.36542110171,99316.72942550891,0.0,93.30899810791016
2010-04-08,99039.36542110171,0.0,0.0,99039.36542110171,99316.72942550891,0.0,93.41999816894533
2010-04-09,99039.36542110171,0.0,0.0,99039.36542110171,99316.72942550891,0.0,93.16000366210938
2010-04-12,99039.36542110171,0.0,0.0,99039.36542110171,99316.72942550891,0.0,93.18299865722656
2010-04-13,99039.36542110171,0.0,0.0,99039.36542110171,99316.72942550891,0.0,93.18000030517578
2010-04-14,99039.36542110171,0.0,0.0,99039.36542110171,99316.72942550891,0.0,93.31800079345705
2010-04-15,99039.36542110171,0.0,0.0,99039.36542110171,99316.72942550891,0.0,93.04000091552734
2010-04-16,99039.36542110171,0.0,0.0,99039.36542110171,99316.72942550891,0.0,92.1500015258789
2010-04-19,99039.36542110171,0.0,0.0,99039.36542110171,99316.72942550891,0.0,92.45999908447266
2010-04-20,99039.36542110171,0.0,0.0,99039.36542110171,99316.72942550891,0.0,93.1709976196289
2010-04-21,99039.36542110171,0.0,0.0,99039.36542110171,99316.72942550891,0.0,93.0540008544922
2010-04-22,99039.36542110171,0.0,0.0,99039.36542110171,99316.72942550891,0.0,93.39800262451172
2010-04-23,99039.36542110171,0.0,0.0,99039.36542110171,99316.72942550891,0.0,93.9499969482422
2010-04-26,99039.36542110171,0.0,0.0,99039.36542110171,99316.72942550891,0.0,93.9000015258789
2010-04-27,99039.36542110171,0.0,0.0,99039.36542110171,99316.72942550891,0.0,93.1439971923828
2010-04-28,99039.36542110171,0.0,0.0,99039.36542110171,99316.72942550891,0.0,93.95999908447266
2010-04-29,99039.36542110171,0.0,0.0,99039.36542110171,99316.72942550891,0.0,94.01300048828124
2010-04-30,99039.36542110171,0.0,0.0,99039.36542110171,99316.72942550891,0.0,93.83000183105467
2010-05-03,99039.36542110171,0.0,0.0,99039.36542110171,99316.72942550891,0.0,94.69200134277344
2010-05-04,99039.36542110171,0.0,0.0,99039.36542110171,99316.72942550891,0.0,94.70999908447266
2010-05-05,99039.36542110171,0.0,0.0,99039.36542110171,99316.72942550891,0.0,93.78099822998048
2010-05-06,99039.36542110171,0.0,0.0,99039.36542110171,99316.72942550891,0.0,90.83000183105467
2010-05-07,49519.68271055086,5.900462520698058,49178.16496393382,98697.84767448468,99113.35860353251,0.4982698825016762,91.58000183105467
2010-05-10,49519.68271055086,5.900462520698058,52241.05355263277,101760.73626318363,102193.48850576309,0.5133714187908568,93.18000030517578
2010-05-11,101124.62342807837,0.0,0.0,101124.62342807837,101700.51945491643,0.0,92.48999786376952
2010-05-12,101124.62342807837,0.0,0.0,101124.62342807837,101700.51945491643,0.0,93.16899871826172
2010-05-13,101124.62342807837,0.0,0.0,101124.62342807837,101700.51945491643,0.0,92.7770004272461
2010-05-14,101124.62342807837,0.0,0.0,101124.62342807837,101700.51945491643,0.0,92.45999908447266
2010-05-17,101124.62342807837,0.0,0.0,101124.62342807837,101700.51945491643,0.0,92.5500030517578
2010-05-18,101124.62342807837,0.0,0.0,101124.62342807837,101700.51945491643,0.0,91.9010009765625
2010-05-19,101124.62342807837,0.0,0.0,101124.62342807837,101700.51945491643,0.0,91.54000091552734
2010-05-20,101124.62342807837,0.0,0.0,101124.62342807837,101700.51945491643,0.0,89.37000274658203
2010-05-21,101124.62342807837,0.0,0.0,101124.62342807837,101700.51945491643,0.0,89.98600006103516
2010-05-24,101124.62342807837,0.0,0.0,101124.62342807837,101700.51945491643,0.0,90.19000244140624
2010-05-25,101124.62342807837,0.0,0.0,101124.62342807837,101700.51945491643,0.0,90.33200073242188
2010-05-26,101124.62342807837,0.0,0.0,101124.62342807837,101700.51945491643,0.0,89.97000122070312
2010-05-27,101124.62342807837,0.0,0.0,101124.62342807837,101700.51945491643,0.0,90.87899780273438
2010-06-01,101124.62342807837,0.0,0.0,101124.62342807837,101700.51945491643,0.0,91.0999984741211
2010-06-02,101124.62342807837,0.0,0.0,101124.62342807837,101700.51945491643,0.0,92.19000244140624
2010-06-03,101124.62342807837,0.0,0.0,101124.62342807837,101700.51945491643,0.0,92.6230010986328
2010-06-04,101124.62342807837,0.0,0.0,101124.62342807837,101700.51945491643,0.0,91.87999725341795
2010-06-07,101124.62342807837,0.0,0.0,101124.62342807837,101700.51945491643,0.0,91.51599884033205
2010-06-08,101124.62342807837,0.0,0.0,101124.62342807837,101700.51945491643,0.0,91.41000366210938
2010-06-09,101124.62342807837,0.0,0.0,101124.62342807837,101700.51945491643,0.0,91.36499786376952
2010-06-10,101124.62342807837,0.0,0.0,101124.62342807837,101700.51945491643,0.0,91.30899810791016
2010-06-11,101124.62342807837,0.0,0.0,101124.62342807837,101700.51945491643,0.0,91.62000274658205
2010-06-14,101124.62342807837,0.0,0.0,101124.62342807837,101700.51945491643,0.0,91.62000274658205
2010-06-15,101124.62342807837,0.0,0.0,101124.62342807837,101700.51945491643,0.0,91.4739990234375
2010-06-16,101124.62342807837,0.0,0.0,101124.62342807837,101700.51945491643,0.0,91.39600372314452
2010-06-17,101124.62342807837,0.0,0.0,101124.62342807837,101700.51945491643,0.0,90.83999633789062
2010-06-18,101124.62342807837,0.0,0.0,101124.62342807837,101700.51945491643,0.0,90.6999969482422
2010-06-21,101124.62342807837,0.0,0.0,101124.62342807837,101700.51945491643,0.0,90.99500274658205
2010-06-22,101124.62342807837,0.0,0.0,101124.62342807837,101700.51945491643,0.0,90.54000091552734
2010-06-23,101124.62342807837,0.0,0.0,101124.62342807837,101700.51945491643,0.0,89.91000366210938
2010-06-24,101124.62342807837,0.0,0.0,101124.62342807837,101700.51945491643,0.0,89.62999725341797
2010-06-25,101124.62342807837,0.0,0.0,101124.62342807837,101700.51945491643,0.0,89.1500015258789
2010-06-28,101124.62342807837,0.0,0.0,101124.62342807837,101700.51945491643,0.0,89.31300354003906
2010-06-29,101124.62342807837,0.0,0.0,101124.62342807837,101700.51945491643,0.0,88.64900207519531
2010-06-30,101124.62342807837,0.0,0.0,101124.62342807837,101700.51945491643,0.0,88.43000030517578
2010-07-01,101124.62342807837,0.0,0.0,101124.62342807837,101700.51945491643,0.0,87.5999984741211
2010-07-06,101124.62342807837,0.0,0.0,101124.62342807837,101700.51945491643,0.0,87.4800033569336
2010-07-07,101124.62342807837,0.0,0.0,101124.62342807837,101700.51945491643,0.0,87.68000030517578
2010-07-08,101124.62342807837,0.0,0.0,101124.62342807837,101700.51945491643,0.0,88.41000366210938
2010-07-09,101124.62342807837,0.0,0.0,101124.62342807837,101700.51945491643,0.0,88.56999969482422
2010-07-12,101124.62342807837,0.0,0.0,101124.62342807837,101700.51945491643,0.0,88.63899993896484
2010-07-13,101124.62342807837,0.0,0.0,101124.62342807837,101700.51945491643,0.0,88.79299926757812
2010-07-14,101124.62342807837,0.0,0.0,101124.62342807837,101700.51945491643,0.0,88.2699966430664
2010-07-15,101124.62342807837,0.0,0.0,101124.62342807837,101700.51945491643,0.0,87.33999633789062
2010-07-16,101124.62342807837,0.0,0.0,101124.62342807837,101700.51945491643,0.0,86.55999755859375
2010-07-19,101124.62342807837,0.0,0.0,101124.62342807837,101700.51945491643,0.0,86.76000213623047
2010-07-20,101124.62342807837,0.0,0.0,101124.62342807837,101700.51945491643,0.0,87.24199676513672
2010-07-21,101124.62342807837,0.0,0.0,101124.62342807837,101700.51945491643,0.0,86.86100006103516
2010-07-22,101124.62342807837,0.0,0.0,101124.62342807837,101700.51945491643,0.0,87.1240005493164
2010-07-23,101124.62342807837,0.0,0.0,101124.62342807837,101700.51945491643,0.0,87.5199966430664
2010-07-26,101124.62342807837,0.0,0.0,101124.62342807837,101700.51945491643,0.0,86.99800109863281
2010-07-27,101124.62342807837,0.0,0.0,101124.62342807837,101700.51945491643,0.0,87.81600189208984
2010-07-28,101124.62342807837,0.0,0.0,101124.62342807837,101700.51945491643,0.0,87.4520034790039
2010-07-29,101124.62342807837,0.0,0.0,101124.62342807837,101700.51945491643,0.0,86.68299865722656
2010-07-30,101124.62342807837,0.0,0.0,101124.62342807837,101700.51945491643,0.0,86.44000244140625
2010-08-02,101124.62342807837,0.0,0.0,101124.62342807837,101700.51945491643,0.0,86.5979995727539
2010-08-03,101124.62342807837,0.0,0.0,101124.62342807837,101700.51945491643,0.0,85.77999877929688
2010-08-04,101124.62342807837,0.0,0.0,101124.62342807837,101700.51945491643,0.0,85.77999877929688
2010-08-05,101124.62342807837,0.0,0.0,101124.62342807837,101700.51945491643,0.0,86.30000305175781
2010-08-06,101124.62342807837,0.0,0.0,101124.62342807837,101700.51945491643,0.0,85.83300018310547
2010-08-09,101124.62342807837,0.0,0.0,101124.62342807837,101700.51945491643,0.0,85.34400177001953
2010-08-10,101124.62342807837,0.0,0.0,101124.62342807837,101700.51945491643,0.0,85.89700317382812
2010-08-11,101124.62342807837,0.0,0.0,101124.62342807837,101700.51945491643,0.0,85.36000061035156
2010-08-12,101124.62342807837,0.0,0.0,101124.62342807837,101700.51945491643,0.0,85.1719970703125
2010-08-13,101124.62342807837,0.0,0.0,101124.62342807837,101700.51945491643,0.0,86.0739974975586
2010-08-16,101124.62342807837,0.0,0.0,101124.62342807837,101700.51945491643,0.0,86.13999938964844
2010-08-17,101124.62342807837,0.0,0.0,101124.62342807837,101700.51945491643,0.0,85.30699920654297
2010-08-18,101124.62342807837,0.0,0.0,101124.62342807837,101700.51945491643,0.0,85.59500122070312
2010-08-19,101124.62342807837,0.0,0.0,101124.62342807837,101700.51945491643,0.0,85.44000244140625
2010-08-20,101124.62342807837,0.0,0.0,101124.62342807837,101700.51945491643,0.0,85.34400177001953
2010-08-23,101124.62342807837,0.0,0.0,101124.62342807837,101700.51945491643,0.0,85.55999755859375
2010-08-24,101124.62342807837,0.0,0.0,101124.62342807837,101700.51945491643,0.0,85.14099884033203
2010-08-25,101124.62342807837,0.0,0.0,101124.62342807837,101700.51945491643,0.0,84.1780014038086
2010-08-26,101124.62342807837,0.0,0.0,101124.62342807837,101700.51945491643,0.0,84.68399810791016
2010-08-27,101124.62342807837,0.0,0.0,101124.62342807837,101700.51945491643,0.0,84.34600067138672
2010-08-30,101124.62342807837,0.0,0.0,101124.62342807837,101700.51945491643,0.0,85.5009994506836
2010-08-31,101124.62342807837,0.0,0.0,101124.62342807837,101700.51945491643,0.0,84.53199768066406
2010-09-01,101124.62342807837,0.0,0.0,101124.62342807837,101700.51945491643,0.0,84.13999938964844
2010-09-02,101124.62342807837,0.0,0.0,101124.62342807837,101700.51945491643,0.0,84.40699768066406
2010-09-07,101124.62342807837,0.0,0.0,101124.62342807837,101700.51945491643,0.0,84.12000274658203
2010-09-08,101124.62342807837,0.0,0.0,101124.62342807837,101700.51945491643,0.0,83.73200225830078
2010-09-09,101124.62342807837,0.0,0.0,101124.62342807837,101700.51945491643,0.0,83.94999694824219
2010-09-10,101124.62342807837,0.0,0.0,101124.62342807837,101700.51945491643,0.0,83.93000030517578
2010-09-13,101124.62342807837,0.0,0.0,101124.62342807837,101700.51945491643,0.0,84.30699920654297
2010-09-14,101124.62342807837,0.0,0.0,101124.62342807837,101700.51945491643,0.0,83.68099975585938
2010-09-15,101124.62342807837,0.0,0.0,101124.62342807837,101700.51945491643,0.0,83.0479965209961
2010-09-16,101124.62342807837,0.0,0.0,101124.62342807837,101700.51945491643,0.0,85.69999694824219
2010-09-17,101124.62342807837,0.0,0.0,101124.62342807837,101700.51945491643,0.0,85.8479995727539
2010-09-20,101124.62342807837,0.0,0.0,101124.62342807837,101700.51945491643,0.0,85.69000244140625
2010-09-21,101124.62342807837,0.0,0.0,101124.62342807837,101700.51945491643,0.0,85.7020034790039
2010-09-22,101124.62342807837,0.0,0.0,101124.62342807837,101700.51945491643,0.0,85.11299896240234
2010-09-23,101124.62342807837,0.0,0.0,101124.62342807837,101700.51945491643,0.0,84.4800033569336
2010-09-24,101124.62342807837,0.0,0.0,101124.62342807837,101700.51945491643,0.0,84.51000213623047
2010-09-27,101124.62342807837,0.0,0.0,101124.62342807837,101700.51945491643,0.0,84.31600189208984
2010-09-28,101124.62342807837,0.0,0.0,101124.62342807837,101700.51945491643,0.0,84.2750015258789
2010-09-29,101124.62342807837,0.0,0.0,101124.62342807837,101700.51945491643,0.0,83.89199829101562
2010-09-30,101124.62342807837,0.0,0.0,101124.62342807837,101700.51945491643,0.0,83.76599884033203
2010-10-01,101124.62342807837,0.0,0.0,101124.62342807837,101700.51945491643,0.0,83.56999969482422
2010-10-04,101124.62342807837,0.0,0.0,101124.62342807837,101700.51945491643,0.0,83.33300018310547
2010-10-05,101124.62342807837,0.0,0.0,101124.62342807837,101700.51945491643,0.0,83.50299835205078
2010-10-06,101124.62342807837,0.0,0.0,101124.62342807837,101700.51945491643,0.0,83.19000244140625
2010-10-07,101124.62342807837,0.0,0.0,101124.62342807837,101700.51945491643,0.0,82.96700286865234
2010-10-08,101124.62342807837,0.0,0.0,101124.62342807837,101700.51945491643,0.0,82.37999725341797
2010-10-11,101124.62342807837,0.0,0.0,101124.62342807837,101700.51945491643,0.0,81.81999969482422
2010-10-12,101124.62342807837,0.0,0.0,101124.62342807837,101700.51945491643,0.0,82.08899688720703
2010-10-13,101124.62342807837,0.0,0.0,101124.62342807837,101700.51945491643,0.0,81.77999877929688
2010-10-14,101124.62342807837,0.0,0.0,101124.62342807837,101700.51945491643,0.0,81.7979965209961
2010-10-15,101124.62342807837,0.0,0.0,101124.62342807837,101700.51945491643,0.0,81.47000122070312
2010-10-18,101124.62342807837,0.0,0.0,101124.62342807837,101700.51945491643,0.0,81.37799835205078
2010-10-19,101124.62342807837,0.0,0.0,101124.62342807837,101700.51945491643,0.0,81.197998046875
2010-10-20,101124.62342807837,0.0,0.0,101124.62342807837,101700.51945491643,0.0,81.54199981689453
2010-10-21,101124.62342807837,0.0,0.0,101124.62342807837,101700.51945491643,0.0,81.05500030517578
2010-10-22,101124.62342807837,0.0,0.0,101124.62342807837,101700.51945491643,0.0,81.30000305175781
2010-10-25,101124.62342807837,0.0,0.0,101124.62342807837,101700.51945491643,0.0,81.30899810791016
2010-10-26,101124.62342807837,0.0,0.0,101124.62342807837,101700.51945491643,0.0,80.82499694824219
2010-10-27,101124.62342807837,0.0,0.0,101124.62342807837,101700.51945491643,0.0,81.33699798583984
2010-10-28,101124.62342807837,0.0,0.0,101124.62342807837,101700.51945491643,0.0,81.67900085449219
2010-10-29,101124.62342807837,0.0,0.0,101124.62342807837,101700.51945491643,0.0,81.67900085449219
2010-11-01,101124.62342807837,0.0,0.0,101124.62342807837,101700.51945491643,0.0,80.40599822998047
2010-11-02,101124.62342807837,0.0,0.0,101124.62342807837,101700.51945491643,0.0,80.55899810791016
2010-11-03,101124.62342807837,0.0,0.0,101124.62342807837,101700.51945491643,0.0,80.66799926757812
2010-11-04,101124.62342807837,0.0,0.0,101124.62342807837,101700.51945491643,0.0,81.05000305175781
2010-11-05,101124.62342807837,0.0,0.0,101124.62342807837,101700.51945491643,0.0,80.7760009765625
2010-11-08,101124.62342807837,0.0,0.0,101124.62342807837,101700.51945491643,0.0,81.13999938964844
2010-11-09,101124.62342807837,0.0,0.0,101124.62342807837,101700.51945491643,0.0,81.08999633789062
2010-11-10,101124.62342807837,0.0,0.0,101124.62342807837,101700.51945491643,0.0,81.58300018310547
2010-11-11,101124.62342807837,0.0,0.0,101124.62342807837,101700.51945491643,0.0,82.2040023803711
2010-11-12,101124.62342807837,0.0,0.0,101124.62342807837,101700.51945491643,0.0,82.41000366210938
2010-11-15,101124.62342807837,0.0,0.0,101124.62342807837,101700.51945491643,0.0,82.47000122070312
2010-11-16,101124.62342807837,0.0,0.0,101124.62342807837,101700.51945491643,0.0,83.16200256347656
2010-11-17,101124.62342807837,0.0,0.0,101124.62342807837,101700.51945491643,0.0,83.37999725341797
2010-11-18,101124.62342807837,0.0,0.0,101124.62342807837,101700.51945491643,0.0,83.0999984741211
2010-11-19,101124.62342807837,0.0,0.0,101124.62342807837,101700.51945491643,0.0,83.54000091552734
2010-11-22,101124.62342807837,0.0,0.0,101124.62342807837,101700.51945491643,0.0,83.48500061035156
2010-11-23,101124.62342807837,0.0,0.0,101124.62342807837,101700.51945491643,0.0,83.29000091552734
2010-11-26,101124.62342807837,0.0,0.0,101124.62342807837,101700.51945491643,0.0,83.62999725341797
2010-11-29,101124.62342807837,0.0,0.0,101124.62342807837,101700.51945491643,0.0,84.15699768066406
2010-11-30,101124.62342807837,0.0,0.0,101124.62342807837,101700.51945491643,0.0,84.25399780273438
2010-12-01,101124.62342807837,0.0,0.0,101124.62342807837,101700.51945491643,0.0,83.6780014038086
2010-12-02,101124.62342807837,0.0,0.0,101124.62342807837,101700.51945491643,0.0,84.12300109863281
2010-12-03,101124.62342807837,0.0,0.0,101124.62342807837,101700.51945491643,0.0,83.7490005493164
2010-12-06,101124.62342807837,0.0,0.0,101124.62342807837,101700.51945491643,0.0,82.77999877929688
2010-12-07,101124.62342807837,0.0,0.0,101124.62342807837,101700.51945491643,0.0,82.66999816894531
2010-12-08,101124.62342807837,0.0,0.0,101124.62342807837,101700.51945491643,0.0,83.47899627685547
2010-12-09,101124.62342807837,0.0,0.0,101124.62342807837,101700.51945491643,0.0,84.0999984741211
2010-12-10,101124.62342807837,0.0,0.0,101124.62342807837,101700.51945491643,0.0,83.81600189208984
2010-12-13,101124.62342807837,0.0,0.0,101124.62342807837,101700.51945491643,0.0,83.9729995727539
2010-12-14,101124.62342807837,0.0,0.0,101124.62342807837,101700.51945491643,0.0,83.44000244140625
2010-12-15,101124.62342807837,0.0,0.0,101124.62342807837,101700.51945491643,0.0,83.79000091552734
2010-12-16,101124.62342807837,0.0,0.0,101124.62342807837,101700.51945491643,0.0,84.26899719238281
2010-12-17,101124.62342807837,0.0,0.0,101124.62342807837,101700.51945491643,0.0,84.05000305175781
2010-12-20,101124.62342807837,0.0,0.0,101124.62342807837,101700.51945491643,0.0,84.01000213623047
2010-12-21,101124.62342807837,0.0,0.0,101124.62342807837,101700.51945491643,0.0,83.77100372314453
2010-12-22,101124.62342807837,0.0,0.0,101124.62342807837,101700.51945491643,0.0,83.79000091552734
2010-12-27,101124.62342807837,0.0,0.0,101124.62342807837,101700.51945491643,0.0,82.91899871826172
2010-12-28,101124.62342807837,0.0,0.0,101124.62342807837,101700.51945491643,0.0,82.72000122070312
2010-12-29,101124.62342807837,0.0,0.0,101124.62342807837,101700.51945491643,0.0,82.35600280761719
2010-12-30,101124.62342807837,0.0,0.0,101124.62342807837,101700.51945491643,0.0,81.61799621582031
2010-12-31,101124.62342807837,0.0,0.0,101124.62342807837,101700.51945491643,0.0,81.4800033569336
2011-01-03,101124.62342807837,0.0,0.0,101124.62342807837,101700.51945491643,0.0,81.12300109863281
2011-01-04,101124.62342807837,0.0,0.0,101124.62342807837,101700.51945491643,0.0,81.66999816894531
2011-01-05,101124.62342807837,0.0,0.0,101124.62342807837,101700.51945491643,0.0,82.03800201416016
2011-01-06,101124.62342807837,0.0,0.0,101124.62342807837,101700.51945491643,0.0,83.18900299072266
2011-01-07,101124.62342807837,0.0,0.0,101124.62342807837,101700.51945491643,0.0,83.30000305175781
2011-01-10,101124.62342807837,0.0,0.0,101124.62342807837,101700.51945491643,0.0,83.02999877929688
2011-01-11,101124.62342807837,0.0,0.0,101124.62342807837,101700.51945491643,0.0,82.70999908447266
2011-01-12,101124.62342807837,0.0,0.0,101124.62342807837,101700.51945491643,0.0,83.33999633789062
2011-01-13,101124.62342807837,0.0,0.0,101124.62342807837,101700.51945491643,0.0,83.06999969482422
2011-01-18,101124.62342807837,0.0,0.0,101124.62342807837,101700.51945491643,0.0,82.66999816894531
2011-01-19,101124.62342807837,0.0,0.0,101124.62342807837,101700.51945491643,0.0,82.61199951171875
2011-01-20,101124.62342807837,0.0,0.0,101124.62342807837,101700.51945491643,0.0,82.15499877929688
2011-01-21,101124.62342807837,0.0,0.0,101124.62342807837,101700.51945491643,0.0,82.91999816894531
2011-01-24,101124.62342807837,0.0,0.0,101124.62342807837,101700.51945491643,0.0,82.58599853515625
2011-01-25,101124.62342807837,0.0,0.0,101124.62342807837,101700.51945491643,0.0,82.54199981689453
2011-01-26,101124.62342807837,0.0,0.0,101124.62342807837,101700.51945491643,0.0,82.26000213623047
2011-01-27,101124.62342807837,0.0,0.0,101124.62342807837,101700.51945491643,0.0,82.16300201416016
2011-01-28,101124.62342807837,0.0,0.0,101124.62342807837,101700.51945491643,0.0,82.88500213623047
2011-01-31,101124.62342807837,0.0,0.0,101124.62342807837,101700.51945491643,0.0,82.08899688720703
2011-02-01,101124.62342807837,0.0,0.0,101124.62342807837,101700.51945491643,0.0,82.06999969482422
2011-02-02,101124.62342807837,0.0,0.0,101124.62342807837,101700.51945491643,0.0,81.39099884033203
2011-02-03,101124.62342807837,0.0,0.0,101124.62342807837,101700.51945491643,0.0,81.49299621582031
2011-02-04,101124.62342807837,0.0,0.0,101124.62342807837,101700.51945491643,0.0,81.6500015258789
2011-02-07,101124.62342807837,0.0,0.0,101124.62342807837,101700.51945491643,0.0,82.22000122070312
2011-02-08,101124.62342807837,0.0,0.0,101124.62342807837,101700.51945491643,0.0,82.28900146484375
2011-02-09,101124.62342807837,0.0,0.0,101124.62342807837,101700.51945491643,0.0,82.3030014038086
2011-02-10,101124.62342807837,0.0,0.0,101124.62342807837,101700.51945491643,0.0,82.41899871826172
2011-02-11,101124.62342807837,0.0,0.0,101124.62342807837,101700.51945491643,0.0,83.33999633789062
2011-02-14,101124.62342807837,0.0,0.0,101124.62342807837,101700.51945491643,0.0,83.44400024414062
2011-02-15,101124.62342807837,0.0,0.0,101124.62342807837,101700.51945491643,0.0,83.41300201416016
2011-02-16,101124.62342807837,0.0,0.0,101124.62342807837,101700.51945491643,0.0,83.71600341796875
2011-02-17,101124.62342807837,0.0,0.0,101124.62342807837,101700.51945491643,0.0,83.61000061035156
2011-02-22,101124.62342807837,0.0,0.0,101124.62342807837,101700.51945491643,0.0,83.06600189208984
2011-02-23,101124.62342807837,0.0,0.0,101124.62342807837,101700.51945491643,0.0,82.76000213623047
2011-02-24,101124.62342807837,0.0,0.0,101124.62342807837,101700.51945491643,0.0,82.43800354003906
2011-02-25,101124.62342807837,0.0,0.0,101124.62342807837,101700.51945491643,0.0,82.0469970703125
2011-02-28,101124.62342807837,0.0,0.0,101124.62342807837,101700.51945491643,0.0,81.62200164794922
2011-03-01,101124.62342807837,0.0,0.0,101124.62342807837,101700.51945491643,0.0,81.87300109863281
2011-03-02,101124.62342807837,0.0,0.0,101124.62342807837,101700.51945491643,0.0,81.89800262451172
2011-03-03,101124.62342807837,0.0,0.0,101124.62342807837,101700.51945491643,0.0,81.8280029296875
2011-03-04,101124.62342807837,0.0,0.0,101124.62342807837,101700.51945491643,0.0,82.36699676513672
2011-03-07,101124.62342807837,0.0,0.0,101124.62342807837,101700.51945491643,0.0,82.34300231933594
2011-03-08,101124.62342807837,0.0,0.0,101124.62342807837,101700.51945491643,0.0,82.29199981689453
2011-03-09,101124.62342807837,0.0,0.0,101124.62342807837,101700.51945491643,0.0,82.80000305175781
2011-03-10,101124.62342807837,0.0,0.0,101124.62342807837,101700.51945491643,0.0,82.83300018310547
2011-03-11,101124.62342807837,0.0,0.0,101124.62342807837,101700.51945491643,0.0,82.91799926757812
2011-03-14,101124.62342807837,0.0,0.0,101124.62342807837,101700.51945491643,0.0,81.28399658203125
2011-03-15,101124.62342807837,0.0,0.0,101124.62342807837,101700.51945491643,0.0,81.81999969482422
2011-03-16,101124.62342807837,0.0,0.0,101124.62342807837,101700.51945491643,0.0,81.05599975585938
2011-03-17,101124.62342807837,0.0,0.0,101124.62342807837,101700.51945491643,0.0,79.12799835205078
2011-03-18,101124.62342807837,0.0,0.0,101124.62342807837,101700.51945491643,0.0,79.5
2011-03-21,101124.62342807837,0.0,0.0,101124.62342807837,101700.51945491643,0.0,81.01499938964844
2011-03-22,101124.62342807837,0.0,0.0,101124.62342807837,101700.51945491643,0.0,81.20899963378906
2011-03-23,101124.62342807837,0.0,0.0,101124.62342807837,101700.51945491643,0.0,81.03900146484375
2011-03-24,101124.62342807837,0.0,0.0,101124.62342807837,101700.51945491643,0.0,80.86699676513672
2011-03-25,101124.62342807837,0.0,0.0,101124.62342807837,101700.51945491643,0.0,81.01399993896484
2011-03-28,101124.62342807837,0.0,0.0,101124.62342807837,101700.51945491643,0.0,81.4489974975586
2011-03-29,101124.62342807837,0.0,0.0,101124.62342807837,101700.51945491643,0.0,81.76000213623047
2011-03-30,101124.62342807837,0.0,0.0,101124.62342807837,101700.51945491643,0.0,82.41100311279297
2011-03-31,101124.62342807837,0.0,0.0,101124.62342807837,101700.51945491643,0.0,83.1500015258789
2011-04-01,101124.62342807837,0.0,0.0,101124.62342807837,101700.51945491643,0.0,83.36000061035156
2011-04-04,101124.62342807837,0.0,0.0,101124.62342807837,101700.51945491643,0.0,84.22000122070312
2011-04-05,101124.62342807837,0.0,0.0,101124.62342807837,101700.51945491643,0.0,84.12999725341797
2011-04-06,101124.62342807837,0.0,0.0,101124.62342807837,101700.51945491643,0.0,85.16000366210938
2011-04-07,101124.62342807837,0.0,0.0,101124.62342807837,101700.51945491643,0.0,85.31999969482422
2011-04-08,101124.62342807837,0.0,0.0,101124.62342807837,101700.51945491643,0.0,84.95999908447266
2011-04-11,101124.62342807837,0.0,0.0,101124.62342807837,101700.51945491643,0.0,85.04000091552734
2011-04-12,101124.62342807837,0.0,0.0,101124.62342807837,101700.51945491643,0.0,84.62999725341797
2011-04-13,101124.62342807837,0.0,0.0,101124.62342807837,101700.51945491643,0.0,83.5999984741211
2011-04-14,101124.62342807837,0.0,0.0,101124.62342807837,101700.51945491643,0.0,83.78299713134766
2011-04-15,101124.62342807837,0.0,0.0,101124.62342807837,101700.51945491643,0.0,83.78299713134766
2011-04-18,101124.62342807837,0.0,0.0,101124.62342807837,101700.51945491643,0.0,83.14700317382812
2011-04-19,101124.62342807837,0.0,0.0,101124.62342807837,101700.51945491643,0.0,82.33399963378906
2011-04-20,101124.62342807837,0.0,0.0,101124.62342807837,101700.51945491643,0.0,82.58000183105469
2011-04-25,101124.62342807837,0.0,0.0,101124.62342807837,101700.51945491643,0.0,81.87000274658203
2011-04-26,101124.62342807837,0.0,0.0,101124.62342807837,101700.51945491643,0.0,81.83999633789062
2011-04-27,101124.62342807837,0.0,0.0,101124.62342807837,101700.51945491643,0.0,81.51100158691406
2011-04-28,101124.62342807837,0.0,0.0,101124.62342807837,101700.51945491643,0.0,82.2040023803711
2011-04-29,101124.62342807837,0.0,0.0,101124.62342807837,101700.51945491643,0.0,81.52999877929688
2011-05-02,101124.62342807837,0.0,0.0,101124.62342807837,101700.51945491643,0.0,81.22699737548828
2011-05-03,101124.62342807837,0.0,0.0,101124.62342807837,101700.51945491643,0.0,81.18000030517578
2011-05-04,101124.62342807837,0.0,0.0,101124.62342807837,101700.51945491643,0.0,80.96900177001953
2011-05-05,101124.62342807837,0.0,0.0,101124.62342807837,101700.51945491643,0.0,80.63999938964844
2011-05-06,101124.62342807837,0.0,0.0,101124.62342807837,101700.51945491643,0.0,80.41699981689453
2011-05-09,101124.62342807837,0.0,0.0,101124.62342807837,101700.51945491643,0.0,80.73400115966797
2011-05-10,101124.62342807837,0.0,0.0,101124.62342807837,101700.51945491643,0.0,80.24199676513672
2011-05-11,101124.62342807837,0.0,0.0,101124.62342807837,101700.51945491643,0.0,81.01100158691406
2011-05-12,101124.62342807837,0.0,0.0,101124.62342807837,101700.51945491643,0.0,81.01000213623047
2011-05-13,101124.62342807837,0.0,0.0,101124.62342807837,101700.51945491643,0.0,81.04000091552734
2011-05-16,101124.62342807837,0.0,0.0,101124.62342807837,101700.51945491643,0.0,80.81700134277344
2011-05-17,101124.62342807837,0.0,0.0,101124.62342807837,101700.51945491643,0.0,80.78199768066406
2011-05-18,101124.62342807837,0.0,0.0,101124.62342807837,101700.51945491643,0.0,81.4209976196289
2011-05-19,101124.62342807837,0.0,0.0,101124.62342807837,101700.51945491643,0.0,81.66100311279297
2011-05-20,101124.62342807837,0.0,0.0,101124.62342807837,101700.51945491643,0.0,81.71399688720703
2011-05-23,101124.62342807837,0.0,0.0,101124.62342807837,101700.51945491643,0.0,81.73999786376953
2011-05-24,101124.62342807837,0.0,0.0,101124.62342807837,101700.51945491643,0.0,81.95700073242188
2011-05-25,101124.62342807837,0.0,0.0,101124.62342807837,101700.51945491643,0.0,82.0479965209961
2011-05-26,101124.62342807837,0.0,0.0,101124.62342807837,101700.51945491643,0.0,82.02200317382812
2011-05-31,101124.62342807837,0.0,0.0,101124.62342807837,101700.51945491643,0.0,80.87999725341797
2011-06-01,101124.62342807837,0.0,0.0,101124.62342807837,101700.51945491643,0.0,81.4530029296875
2011-06-02,101124.62342807837,0.0,0.0,101124.62342807837,101700.51945491643,0.0,80.89399719238281
2011-06-03,101124.62342807837,0.0,0.0,101124.62342807837,101700.51945491643,0.0,80.97000122070312
2011-06-06,101124.62342807837,0.0,0.0,101124.62342807837,101700.51945491643,0.0,80.22000122070312
2011-06-07,101124.62342807837,0.0,0.0,101124.62342807837,101700.51945491643,0.0,80.12000274658203
2011-06-08,101124.62342807837,0.0,0.0,101124.62342807837,101700.51945491643,0.0,80.16999816894531
2011-06-09,101124.62342807837,0.0,0.0,101124.62342807837,101700.51945491643,0.0,79.88999938964844
2011-06-10,101124.62342807837,0.0,0.0,101124.62342807837,101700.51945491643,0.0,80.29000091552734
2011-06-13,101124.62342807837,0.0,0.0,101124.62342807837,101700.51945491643,0.0,80.33999633789062
2011-06-14,101124.62342807837,0.0,0.0,101124.62342807837,101700.51945491643,0.0,80.1760025024414
2011-06-15,101124.62342807837,0.0,0.0,101124.62342807837,101700.51945491643,0.0,80.54000091552734
2011-06-16,101124.62342807837,0.0,0.0,101124.62342807837,101700.51945491643,0.0,80.87999725341797
2011-06-17,101124.62342807837,0.0,0.0,101124.62342807837,101700.51945491643,0.0,80.5770034790039
2011-06-20,101124.62342807837,0.0,0.0,101124.62342807837,101700.51945491643,0.0,80.07599639892578
2011-06-21,101124.62342807837,0.0,0.0,101124.62342807837,101700.51945491643,0.0,80.23400115966797
2011-06-22,101124.62342807837,0.0,0.0,101124.62342807837,101700.51945491643,0.0,80.22100067138672
2011-06-23,101124.62342807837,0.0,0.0,101124.62342807837,101700.51945491643,0.0,80.38300323486328
2011-06-24,101124.62342807837,0.0,0.0,101124.62342807837,101700.51945491643,0.0,80.44000244140625
2011-06-27,101124.62342807837,0.0,0.0,101124.62342807837,101700.51945491643,0.0,80.45999908447266
2011-06-28,101124.62342807837,0.0,0.0,101124.62342807837,101700.51945491643,0.0,80.8499984741211
2011-06-29,101124.62342807837,0.0,0.0,101124.62342807837,101700.51945491643,0.0,81.08000183105469
2011-06-30,101124.62342807837,0.0,0.0,101124.62342807837,101700.51945491643,0.0,80.70999908447266
2011-07-04,101124.62342807837,0.0,0.0,101124.62342807837,101700.51945491643,0.0,80.87999725341797
2011-07-05,101124.62342807837,0.0,0.0,101124.62342807837,101700.51945491643,0.0,80.73300170898438
2011-07-06,101124.62342807837,0.0,0.0,101124.62342807837,101700.51945491643,0.0,81.06999969482422
2011-07-07,101124.62342807837,0.0,0.0,101124.62342807837,101700.51945491643,0.0,80.93800354003906
2011-07-08,101124.62342807837,0.0,0.0,101124.62342807837,101700.51945491643,0.0,81.2300033569336
2011-07-11,101124.62342807837,0.0,0.0,101124.62342807837,101700.51945491643,0.0,80.6500015258789
2011-07-12,101124.62342807837,0.0,0.0,101124.62342807837,101700.51945491643,0.0,80.29000091552734
2011-07-13,101124.62342807837,0.0,0.0,101124.62342807837,101700.51945491643,0.0,79.31800079345703
2011-07-14,101124.62342807837,0.0,0.0,101124.62342807837,101700.51945491643,0.0,78.91999816894531
2011-07-15,101124.62342807837,0.0,0.0,101124.62342807837,101700.51945491643,0.0,79.18000030517578
2011-07-28,101124.62342807837,0.0,0.0,101124.62342807837,101700.51945491643,0.0,77.93000030517578
2011-07-29,101124.62342807837,0.0,0.0,101124.62342807837,101700.51945491643,0.0,77.7300033569336
2011-08-01,101124.62342807837,0.0,0.0,101124.62342807837,101700.51945491643,0.0,77.21299743652344
2011-08-02,101124.62342807837,0.0,0.0,101124.62342807837,101700.51945491643,0.0,77.45999908447266
2011-08-03,101124.62342807837,0.0,0.0,101124.62342807837,101700.51945491643,0.0,77.33499908447266
2011-08-04,101124.62342807837,0.0,0.0,101124.62342807837,101700.51945491643,0.0,77.11199951171875
2011-08-05,101124.62342807837,0.0,0.0,101124.62342807837,101700.51945491643,0.0,79.29000091552734
2011-08-08,101124.62342807837,0.0,0.0,101124.62342807837,101700.51945491643,0.0,78.25399780273438
2011-08-09,101124.62342807837,0.0,0.0,101124.62342807837,101700.51945491643,0.0,77.58499908447266
2011-08-10,101124.62342807837,0.0,0.0,101124.62342807837,101700.51945491643,0.0,77.05000305175781
2011-08-11,101124.62342807837,0.0,0.0,101124.62342807837,101700.51945491643,0.0,76.75900268554688
2011-08-12,101124.62342807837,0.0,0.0,101124.62342807837,101700.51945491643,0.0,76.86000061035156
2011-08-15,101124.62342807837,0.0,0.0,101124.62342807837,101700.51945491643,0.0,76.81999969482422
2011-08-16,101124.62342807837,0.0,0.0,101124.62342807837,101700.51945491643,0.0,76.83999633789062
2011-08-17,101124.62342807837,0.0,0.0,101124.62342807837,101700.51945491643,0.0,76.75399780273438
2011-08-18,101124.62342807837,0.0,0.0,101124.62342807837,101700.51945491643,0.0,76.5469970703125
2011-08-19,101124.62342807837,0.0,0.0,101124.62342807837,101700.51945491643,0.0,76.63700103759766
2011-08-22,101124.62342807837,0.0,0.0,101124.62342807837,101700.51945491643,0.0,76.78600311279297
2011-08-23,101124.62342807837,0.0,0.0,101124.62342807837,101700.51945491643,0.0,76.83200073242188
2011-08-24,101124.62342807837,0.0,0.0,101124.62342807837,101700.51945491643,0.0,76.66000366210938
2011-08-25,101124.62342807837,0.0,0.0,101124.62342807837,101700.51945491643,0.0,77.0530014038086
2011-08-26,101124.62342807837,0.0,0.0,101124.62342807837,101700.51945491643,0.0,77.43499755859375
2011-08-29,101124.62342807837,0.0,0.0,101124.62342807837,101700.51945491643,0.0,76.68199920654297
2011-08-30,101124.62342807837,0.0,0.0,101124.62342807837,101700.51945491643,0.0,76.93299865722656
2011-08-31,101124.62342807837,0.0,0.0,101124.62342807837,101700.51945491643,0.0,76.70099639892578
2011-09-01,101124.62342807837,0.0,0.0,101124.62342807837,101700.51945491643,0.0,76.7300033569336
2011-09-02,101124.62342807837,0.0,0.0,101124.62342807837,101700.51945491643,0.0,76.86000061035156
2011-09-06,101124.62342807837,0.0,0.0,101124.62342807837,101700.51945491643,0.0,76.9020004272461
2011-09-07,101124.62342807837,0.0,0.0,101124.62342807837,101700.51945491643,0.0,77.61799621582031
2011-09-08,101124.62342807837,0.0,0.0,101124.62342807837,101700.51945491643,0.0,77.3010025024414
2011-09-09,101124.62342807837,0.0,0.0,101124.62342807837,101700.51945491643,0.0,77.50800323486328
2011-09-12,101124.62342807837,0.0,0.0,101124.62342807837,101700.51945491643,0.0,77.46299743652344
2011-09-13,101124.62342807837,0.0,0.0,101124.62342807837,101700.51945491643,0.0,77.18000030517578
2011-09-14,101124.62342807837,0.0,0.0,101124.62342807837,101700.51945491643,0.0,76.93199920654297
2011-09-15,101124.62342807837,0.0,0.0,101124.62342807837,101700.51945491643,0.0,76.677001953125
2011-09-16,101124.62342807837,0.0,0.0,101124.62342807837,101700.51945491643,0.0,76.73400115966797
2011-09-19,101124.62342807837,0.0,0.0,101124.62342807837,101700.51945491643,0.0,76.91000366210938
2011-09-20,101124.62342807837,0.0,0.0,101124.62342807837,101700.51945491643,0.0,76.59600067138672
2011-09-21,101124.62342807837,0.0,0.0,101124.62342807837,101700.51945491643,0.0,76.46299743652344
2011-09-22,101124.62342807837,0.0,0.0,101124.62342807837,101700.51945491643,0.0,76.53800201416016
2011-09-23,101124.62342807837,0.0,0.0,101124.62342807837,101700.51945491643,0.0,76.30599975585938
2011-09-26,101124.62342807837,0.0,0.0,101124.62342807837,101700.51945491643,0.0,76.54000091552734
2011-09-27,101124.62342807837,0.0,0.0,101124.62342807837,101700.51945491643,0.0,76.33599853515625
2011-09-28,101124.62342807837,0.0,0.0,101124.62342807837,101700.51945491643,0.0,76.80799865722656
2011-09-29,101124.62342807837,0.0,0.0,101124.62342807837,101700.51945491643,0.0,76.54000091552734
2011-09-30,101124.62342807837,0.0,0.0,101124.62342807837,101700.51945491643,0.0,76.76499938964844
2011-10-03,101124.62342807837,0.0,0.0,101124.62342807837,101700.51945491643,0.0,77.19000244140625
2011-10-04,101124.62342807837,0.0,0.0,101124.62342807837,101700.51945491643,0.0,76.59200286865234
2011-10-05,101124.62342807837,0.0,0.0,101124.62342807837,101700.51945491643,0.0,76.76000213623047
2011-10-06,101124.62342807837,0.0,0.0,101124.62342807837,101700.51945491643,0.0,76.78199768066406
2011-10-07,101124.62342807837,0.0,0.0,101124.62342807837,101700.51945491643,0.0,76.65799713134766
2011-10-10,101124.62342807837,0.0,0.0,101124.62342807837,101700.51945491643,0.0,76.7699966430664
2011-10-11,101124.62342807837,0.0,0.0,101124.62342807837,101700.51945491643,0.0,76.66000366210938
2011-10-12,101124.62342807837,0.0,0.0,101124.62342807837,101700.51945491643,0.0,76.66699981689453
2011-10-13,101124.62342807837,0.0,0.0,101124.62342807837,101700.51945491643,0.0,77.18000030517578
2011-10-14,101124.62342807837,0.0,0.0,101124.62342807837,101700.51945491643,0.0,76.87999725341797
2011-10-17,101124.62342807837,0.0,0.0,101124.62342807837,101700.51945491643,0.0,77.22000122070312
2011-10-18,101124.62342807837,0.0,0.0,101124.62342807837,101700.51945491643,0.0,76.83100128173828
2011-10-19,101124.62342807837,0.0,0.0,101124.62342807837,101700.51945491643,0.0,76.7770004272461
2011-10-20,101124.62342807837,0.0,0.0,101124.62342807837,101700.51945491643,0.0,76.80000305175781
2011-10-21,101124.62342807837,0.0,0.0,101124.62342807837,101700.51945491643,0.0,76.86000061035156
2011-10-24,101124.62342807837,0.0,0.0,101124.62342807837,101700.51945491643,0.0,76.20999908447266
2011-10-25,101124.62342807837,0.0,0.0,101124.62342807837,101700.51945491643,0.0,76.13200378417969
2011-10-26,101124.62342807837,0.0,0.0,101124.62342807837,101700.51945491643,0.0,76.10900115966797
2011-10-27,101124.62342807837,0.0,0.0,101124.62342807837,101700.51945491643,0.0,76.18399810791016
2011-10-28,101124.62342807837,0.0,0.0,101124.62342807837,101700.51945491643,0.0,75.93000030517578
2011-10-31,101124.62342807837,0.0,0.0,101124.62342807837,101700.51945491643,0.0,75.73999786376953
2011-11-01,101124.62342807837,0.0,0.0,101124.62342807837,101700.51945491643,0.0,78.30799865722656
2011-11-02,101124.62342807837,0.0,0.0,101124.62342807837,101700.51945491643,0.0,78.30599975585938
2011-11-03,101124.62342807837,0.0,0.0,101124.62342807837,101700.51945491643,0.0,78.13899993896484
2011-11-04,101124.62342807837,0.0,0.0,101124.62342807837,101700.51945491643,0.0,78.0530014038086
2011-11-08,101124.62342807837,0.0,0.0,101124.62342807837,101700.51945491643,0.0,78.0770034790039
2011-11-09,101124.62342807837,0.0,0.0,101124.62342807837,101700.51945491643,0.0,77.70800018310547
2011-11-10,101124.62342807837,0.0,0.0,101124.62342807837,101700.51945491643,0.0,77.75800323486328
2011-11-11,101124.62342807837,0.0,0.0,101124.62342807837,101700.51945491643,0.0,77.6520004272461
2011-11-14,101124.62342807837,0.0,0.0,101124.62342807837,101700.51945491643,0.0,77.15599822998047
2011-11-15,101124.62342807837,0.0,0.0,101124.62342807837,101700.51945491643,0.0,77.0790023803711
2011-11-16,101124.62342807837,0.0,0.0,101124.62342807837,101700.51945491643,0.0,77.05999755859375
2011-11-17,101124.62342807837,0.0,0.0,101124.62342807837,101700.51945491643,0.0,77.06099700927734
2011-11-18,101124.62342807837,0.0,0.0,101124.62342807837,101700.51945491643,0.0,76.95800018310547
2011-11-21,101124.62342807837,0.0,0.0,101124.62342807837,101700.51945491643,0.0,76.83899688720703
2011-11-22,101124.62342807837,0.0,0.0,101124.62342807837,101700.51945491643,0.0,76.9000015258789
2011-11-23,101124.62342807837,0.0,0.0,101124.62342807837,101700.51945491643,0.0,76.97000122070312
2011-11-25,101124.62342807837,0.0,0.0,101124.62342807837,101700.51945491643,0.0,77.16600036621094
2011-11-28,101124.62342807837,0.0,0.0,101124.62342807837,101700.51945491643,0.0,77.66699981689453
2011-11-29,101124.62342807837,0.0,0.0,101124.62342807837,101700.51945491643,0.0,78.08100128173828
2011-11-30,101124.62342807837,0.0,0.0,101124.62342807837,101700.51945491643,0.0,77.95999908447266
2011-12-01,101124.62342807837,0.0,0.0,101124.62342807837,101700.51945491643,0.0,77.58300018310547
2011-12-02,101124.62342807837,0.0,0.0,101124.62342807837,101700.51945491643,0.0,77.75
2011-12-05,101124.62342807837,0.0,0.0,101124.62342807837,101700.51945491643,0.0,78.08000183105469
2011-12-06,101124.62342807837,0.0,0.0,101124.62342807837,101700.51945491643,0.0,77.81199645996094
2011-12-07,101124.62342807837,0.0,0.0,101124.62342807837,101700.51945491643,0.0,77.75
2011-12-08,101124.62342807837,0.0,0.0,101124.62342807837,101700.51945491643,0.0,77.6729965209961
2011-12-09,101124.62342807837,0.0,0.0,101124.62342807837,101700.51945491643,0.0,77.68000030517578
2011-12-12,101124.62342807837,0.0,0.0,101124.62342807837,101700.51945491643,0.0,77.61199951171875
2011-12-13,101124.62342807837,0.0,0.0,101124.62342807837,101700.51945491643,0.0,77.93900299072266
2011-12-14,101124.62342807837,0.0,0.0,101124.62342807837,101700.51945491643,0.0,77.96099853515625
2011-12-15,101124.62342807837,0.0,0.0,101124.62342807837,101700.51945491643,0.0,78.10800170898438
2011-12-16,101124.62342807837,0.0,0.0,101124.62342807837,101700.51945491643,0.0,77.83999633789062
2011-12-19,101124.62342807837,0.0,0.0,101124.62342807837,101700.51945491643,0.0,77.80999755859375
2011-12-20,101124.62342807837,0.0,0.0,101124.62342807837,101700.51945491643,0.0,78.01000213623047
2011-12-21,101124.62342807837,0.0,0.0,101124.62342807837,101700.51945491643,0.0,77.83999633789062
2011-12-22,101124.62342807837,0.0,0.0,101124.62342807837,101700.51945491643,0.0,78.06999969482422
2011-12-23,101124.62342807837,0.0,0.0,101124.62342807837,101700.51945491643,0.0,78.16000366210938
2011-12-27,101124.62342807837,0.0,0.0,101124.62342807837,101700.51945491643,0.0,78.02999877929688
2011-12-28,101124.62342807837,0.0,0.0,101124.62342807837,101700.51945491643,0.0,77.87000274658203
2011-12-29,101124.62342807837,0.0,0.0,101124.62342807837,101700.51945491643,0.0,77.94599914550781
2011-12-30,101124.62342807837,0.0,0.0,101124.62342807837,101700.51945491643,0.0,77.65899658203125
2012-01-03,101124.62342807837,0.0,0.0,101124.62342807837,101700.51945491643,0.0,76.93000030517578
2012-01-04,101124.62342807837,0.0,0.0,101124.62342807837,101700.51945491643,0.0,76.72200012207031
2012-01-05,101124.62342807837,0.0,0.0,101124.62342807837,101700.51945491643,0.0,76.70999908447266
2012-01-06,101124.62342807837,0.0,0.0,101124.62342807837,101700.51945491643,0.0,77.1510009765625
2012-01-09,101124.62342807837,0.0,0.0,101124.62342807837,101700.51945491643,0.0,76.91000366210938
2012-01-10,101124.62342807837,0.0,0.0,101124.62342807837,101700.51945491643,0.0,76.86000061035156
2012-01-11,101124.62342807837,0.0,0.0,101124.62342807837,101700.51945491643,0.0,76.8499984741211
2012-01-12,101124.62342807837,0.0,0.0,101124.62342807837,101700.51945491643,0.0,76.85800170898438
2012-01-13,101124.62342807837,0.0,0.0,101124.62342807837,101700.51945491643,0.0,76.77899932861328
2012-01-17,101124.62342807837,0.0,0.0,101124.62342807837,101700.51945491643,0.0,76.81999969482422
2012-01-18,101124.62342807837,0.0,0.0,101124.62342807837,101700.51945491643,0.0,76.81999969482422
2012-01-19,101124.62342807837,0.0,0.0,101124.62342807837,101700.51945491643,0.0,76.76699829101562
2012-01-20,101124.62342807837,0.0,0.0,101124.62342807837,101700.51945491643,0.0,77.08000183105469
2012-01-23,101124.62342807837,0.0,0.0,101124.62342807837,101700.51945491643,0.0,76.95999908447266
2012-01-24,101124.62342807837,0.0,0.0,101124.62342807837,101700.51945491643,0.0,77.0
2012-01-25,101124.62342807837,0.0,0.0,101124.62342807837,101700.51945491643,0.0,77.68699645996094
2012-01-26,101124.62342807837,0.0,0.0,101124.62342807837,101700.51945491643,0.0,77.7699966430664
2012-01-27,101124.62342807837,0.0,0.0,101124.62342807837,101700.51945491643,0.0,77.45999908447266
2012-01-30,101124.62342807837,0.0,0.0,101124.62342807837,101700.51945491643,0.0,76.73200225830078
2012-01-31,101124.62342807837,0.0,0.0,101124.62342807837,101700.51945491643,0.0,76.36000061035156
2012-02-01,101124.62342807837,0.0,0.0,101124.62342807837,101700.51945491643,0.0,76.2699966430664
2012-02-02,101124.62342807837,0.0,0.0,101124.62342807837,101700.51945491643,0.0,76.18900299072266
2012-02-03,101124.62342807837,0.0,0.0,101124.62342807837,101700.51945491643,0.0,76.18000030517578
2012-02-06,101124.62342807837,0.0,0.0,101124.62342807837,101700.51945491643,0.0,76.5510025024414
2012-02-07,101124.62342807837,0.0,0.0,101124.62342807837,101700.51945491643,0.0,76.55000305175781
2012-02-08,101124.62342807837,0.0,0.0,101124.62342807837,101700.51945491643,0.0,76.79000091552734
2012-02-09,101124.62342807837,0.0,0.0,101124.62342807837,101700.51945491643,0.0,77.05999755859375
2012-02-10,101124.62342807837,0.0,0.0,101124.62342807837,101700.51945491643,0.0,77.63200378417969
2012-02-13,101124.62342807837,0.0,0.0,101124.62342807837,101700.51945491643,0.0,77.69999694824219
2012-02-14,101124.62342807837,0.0,0.0,101124.62342807837,101700.51945491643,0.0,77.51000213623047
2012-02-15,101124.62342807837,0.0,0.0,101124.62342807837,101700.51945491643,0.0,78.36000061035156
2012-02-16,101124.62342807837,0.0,0.0,101124.62342807837,101700.51945491643,0.0,78.4800033569336
2012-02-17,101124.62342807837,0.0,0.0,101124.62342807837,101700.51945491643,0.0,78.8239974975586
2012-02-21,101124.62342807837,0.0,0.0,101124.62342807837,101700.51945491643,0.0,79.58599853515625
2012-02-22,101124.62342807837,0.0,0.0,101124.62342807837,101700.51945491643,0.0,79.83000183105469
2012-02-23,101124.62342807837,0.0,0.0,101124.62342807837,101700.51945491643,0.0,80.27999877929688
2012-02-24,101124.62342807837,0.0,0.0,101124.62342807837,101700.51945491643,0.0,79.93000030517578
2012-02-27,101124.62342807837,0.0,0.0,101124.62342807837,101700.51945491643,0.0,81.47100067138672
2012-02-28,101124.62342807837,0.0,0.0,101124.62342807837,101700.51945491643,0.0,80.46399688720703
2012-02-29,101124.62342807837,0.0,0.0,101124.62342807837,101700.51945491643,0.0,80.4800033569336
2012-03-01,101124.62342807837,0.0,0.0,101124.62342807837,101700.51945491643,0.0,81.2760009765625
2012-03-02,101124.62342807837,0.0,0.0,101124.62342807837,101700.51945491643,0.0,81.12000274658203
2012-03-05,101124.62342807837,0.0,0.0,101124.62342807837,101700.51945491643,0.0,81.62699890136719
2012-03-06,101124.62342807837,0.0,0.0,101124.62342807837,101700.51945491643,0.0,81.51799774169922
2012-03-07,101124.62342807837,0.0,0.0,101124.62342807837,101700.51945491643,0.0,80.66000366210938
2012-03-08,101124.62342807837,0.0,0.0,101124.62342807837,101700.51945491643,0.0,81.33799743652344
2012-03-09,101124.62342807837,0.0,0.0,101124.62342807837,101700.51945491643,0.0,81.58000183105469
2012-03-12,101124.62342807837,0.0,0.0,101124.62342807837,101700.51945491643,0.0,82.37300109863281
2012-03-13,101124.62342807837,0.0,0.0,101124.62342807837,101700.51945491643,0.0,82.36299896240234
2012-03-14,101124.62342807837,0.0,0.0,101124.62342807837,101700.51945491643,0.0,82.95999908447266
2012-03-15,101124.62342807837,0.0,0.0,101124.62342807837,101700.51945491643,0.0,83.83999633789062
2012-03-16,101124.62342807837,0.0,0.0,101124.62342807837,101700.51945491643,0.0,83.49199676513672
2012-03-19,101124.62342807837,0.0,0.0,101124.62342807837,101700.51945491643,0.0,83.44999694824219
2012-03-20,101124.62342807837,0.0,0.0,101124.62342807837,101700.51945491643,0.0,83.37000274658203
2012-03-21,101124.62342807837,0.0,0.0,101124.62342807837,101700.51945491643,0.0,83.6500015258789
2012-03-22,101124.62342807837,0.0,0.0,101124.62342807837,101700.51945491643,0.0,83.2030029296875
2012-03-23,101124.62342807837,0.0,0.0,101124.62342807837,101700.51945491643,0.0,82.51000213623047
2012-03-26,101124.62342807837,0.0,0.0,101124.62342807837,101700.51945491643,0.0,82.58899688720703
2012-03-27,101124.62342807837,0.0,0.0,101124.62342807837,101700.51945491643,0.0,82.98699951171875
2012-03-28,101124.62342807837,0.0,0.0,101124.62342807837,101700.51945491643,0.0,83.0479965209961
2012-03-29,101124.62342807837,0.0,0.0,101124.62342807837,101700.51945491643,0.0,82.83200073242188
2012-03-30,101124.62342807837,0.0,0.0,101124.62342807837,101700.51945491643,0.0,82.27300262451172
2012-04-02,101124.62342807837,0.0,0.0,101124.62342807837,101700.51945491643,0.0,82.87000274658203
2012-04-03,101124.62342807837,0.0,0.0,101124.62342807837,101700.51945491643,0.0,81.54000091552734
2012-04-04,101124.62342807837,0.0,0.0,101124.62342807837,101700.51945491643,0.0,82.83000183105469
2012-04-05,101124.62342807837,0.0,0.0,101124.62342807837,101700.51945491643,0.0,82.44000244140625
2012-04-06,101124.62342807837,0.0,0.0,101124.62342807837,101700.51945491643,0.0,82.2699966430664
2012-04-09,101124.62342807837,0.0,0.0,101124.62342807837,101700.51945491643,0.0,81.33000183105469
2012-04-10,101124.62342807837,0.0,0.0,101124.62342807837,101700.51945491643,0.0,81.64299774169922
2012-04-11,101124.62342807837,0.0,0.0,101124.62342807837,101700.51945491643,0.0,80.69400024414062
2012-04-12,101124.62342807837,0.0,0.0,101124.62342807837,101700.51945491643,0.0,81.00800323486328
2012-04-13,101124.62342807837,0.0,0.0,101124.62342807837,101700.51945491643,0.0,80.93000030517578
2012-04-16,101124.62342807837,0.0,0.0,101124.62342807837,101700.51945491643,0.0,80.9020004272461
2012-04-17,101124.62342807837,0.0,0.0,101124.62342807837,101700.51945491643,0.0,80.38099670410156
2012-04-18,101124.62342807837,0.0,0.0,101124.62342807837,101700.51945491643,0.0,81.05999755859375
2012-04-19,101124.62342807837,0.0,0.0,101124.62342807837,101700.51945491643,0.0,81.30000305175781
2012-04-20,101124.62342807837,0.0,0.0,101124.62342807837,101700.51945491643,0.0,81.60900115966797
2012-04-23,101124.62342807837,0.0,0.0,101124.62342807837,101700.51945491643,0.0,81.5999984741211
2012-04-24,101124.62342807837,0.0,0.0,101124.62342807837,101700.51945491643,0.0,81.08000183105469
2012-04-25,101124.62342807837,0.0,0.0,101124.62342807837,101700.51945491643,0.0,81.38999938964844
2012-04-26,101124.62342807837,0.0,0.0,101124.62342807837,101700.51945491643,0.0,81.30000305175781
2012-04-27,101124.62342807837,0.0,0.0,101124.62342807837,101700.51945491643,0.0,81.05799865722656
2012-04-30,101124.62342807837,0.0,0.0,101124.62342807837,101700.51945491643,0.0,80.3499984741211
2012-05-01,101124.62342807837,0.0,0.0,101124.62342807837,101700.51945491643,0.0,79.9209976196289
2012-05-02,101124.62342807837,0.0,0.0,101124.62342807837,101700.51945491643,0.0,80.20999908447266
2012-05-03,101124.62342807837,0.0,0.0,101124.62342807837,101700.51945491643,0.0,80.12100219726562
2012-05-04,101124.62342807837,0.0,0.0,101124.62342807837,101700.51945491643,0.0,80.20999908447266
2012-05-07,101124.62342807837,0.0,0.0,101124.62342807837,101700.51945491643,0.0,79.81800079345703
2012-05-08,101124.62342807837,0.0,0.0,101124.62342807837,101700.51945491643,0.0,79.91999816894531
2012-05-09,101124.62342807837,0.0,0.0,101124.62342807837,101700.51945491643,0.0,79.86000061035156
2012-05-10,101124.62342807837,0.0,0.0,101124.62342807837,101700.51945491643,0.0,79.70999908447266
2012-05-11,101124.62342807837,0.0,0.0,101124.62342807837,101700.51945491643,0.0,79.86900329589844
2012-05-14,101124.62342807837,0.0,0.0,101124.62342807837,101700.51945491643,0.0,80.02999877929688
2012-05-15,101124.62342807837,0.0,0.0,101124.62342807837,101700.51945491643,0.0,79.8499984741211
2012-05-16,101124.62342807837,0.0,0.0,101124.62342807837,101700.51945491643,0.0,80.32499694824219
2012-05-17,101124.62342807837,0.0,0.0,101124.62342807837,101700.51945491643,0.0,80.3499984741211
2012-05-18,101124.62342807837,0.0,0.0,101124.62342807837,101700.51945491643,0.0,79.40799713134766
2012-05-21,101124.62342807837,0.0,0.0,101124.62342807837,101700.51945491643,0.0,79.16999816894531
2012-05-22,101124.62342807837,0.0,0.0,101124.62342807837,101700.51945491643,0.0,79.41000366210938
2012-05-23,101124.62342807837,0.0,0.0,101124.62342807837,101700.51945491643,0.0,80.00399780273438
2012-05-24,101124.62342807837,0.0,0.0,101124.62342807837,101700.51945491643,0.0,79.41999816894531
2012-05-25,101124.62342807837,0.0,0.0,101124.62342807837,101700.51945491643,0.0,79.66000366210938
2012-05-28,101124.62342807837,0.0,0.0,101124.62342807837,101700.51945491643,0.0,79.58999633789062
2012-05-30,101124.62342807837,0.0,0.0,101124.62342807837,101700.51945491643,0.0,79.5
2012-05-31,101124.62342807837,0.0,0.0,101124.62342807837,101700.51945491643,0.0,78.98200225830078
2012-06-01,101124.62342807837,0.0,0.0,101124.62342807837,101700.51945491643,0.0,78.52799987792969
2012-06-04,101124.62342807837,0.0,0.0,101124.62342807837,101700.51945491643,0.0,78.0999984741211
2012-06-05,101124.62342807837,0.0,0.0,101124.62342807837,101700.51945491643,0.0,78.36100006103516
2012-06-06,101124.62342807837,0.0,0.0,101124.62342807837,101700.51945491643,0.0,78.7300033569336
2012-06-07,101124.62342807837,0.0,0.0,101124.62342807837,101700.51945491643,0.0,79.2699966430664
2012-06-08,101124.62342807837,0.0,0.0,101124.62342807837,101700.51945491643,0.0,79.69000244140625
2012-06-11,101124.62342807837,0.0,0.0,101124.62342807837,101700.51945491643,0.0,79.55999755859375
2012-06-12,101124.62342807837,0.0,0.0,101124.62342807837,101700.51945491643,0.0,79.30699920654297
2012-06-13,101124.62342807837,0.0,0.0,101124.62342807837,101700.51945491643,0.0,79.5270004272461
2012-06-14,101124.62342807837,0.0,0.0,101124.62342807837,101700.51945491643,0.0,79.37200164794922
2012-06-15,101124.62342807837,0.0,0.0,101124.62342807837,101700.51945491643,0.0,79.4219970703125
2012-06-18,101124.62342807837,0.0,0.0,101124.62342807837,101700.51945491643,0.0,79.052001953125
2012-06-19,101124.62342807837,0.0,0.0,101124.62342807837,101700.51945491643,0.0,79.0
2012-06-20,101124.62342807837,0.0,0.0,101124.62342807837,101700.51945491643,0.0,79.03399658203125
2012-06-21,101124.62342807837,0.0,0.0,101124.62342807837,101700.51945491643,0.0,79.4209976196289
2012-06-22,101124.62342807837,0.0,0.0,101124.62342807837,101700.51945491643,0.0,80.0199966430664
2012-06-25,101124.62342807837,0.0,0.0,101124.62342807837,101700.51945491643,0.0,80.55999755859375
2012-06-26,101124.62342807837,0.0,0.0,101124.62342807837,101700.51945491643,0.0,79.6500015258789
2012-06-27,101124.62342807837,0.0,0.0,101124.62342807837,101700.51945491643,0.0,79.45999908447266
2012-06-28,101124.62342807837,0.0,0.0,101124.62342807837,101700.51945491643,0.0,79.68499755859375
2012-06-29,101124.62342807837,0.0,0.0,101124.62342807837,101700.51945491643,0.0,79.31300354003906
2012-07-02,101124.62342807837,0.0,0.0,101124.62342807837,101700.51945491643,0.0,79.83899688720703
2012-07-03,101124.62342807837,0.0,0.0,101124.62342807837,101700.51945491643,0.0,79.44000244140625
2012-07-05,101124.62342807837,0.0,0.0,101124.62342807837,101700.51945491643,0.0,79.94000244140625
2012-07-06,101124.62342807837,0.0,0.0,101124.62342807837,101700.51945491643,0.0,79.86000061035156
2012-07-09,101124.62342807837,0.0,0.0,101124.62342807837,101700.51945491643,0.0,79.47799682617188
2012-07-10,101124.62342807837,0.0,0.0,101124.62342807837,101700.51945491643,0.0,79.55799865722656
2012-07-11,101124.62342807837,0.0,0.0,101124.62342807837,101700.51945491643,0.0,79.3499984741211
2012-07-12,101124.62342807837,0.0,0.0,101124.62342807837,101700.51945491643,0.0,79.61000061035156
2012-07-13,101124.62342807837,0.0,0.0,101124.62342807837,101700.51945491643,0.0,79.30999755859375
2012-07-16,101124.62342807837,0.0,0.0,101124.62342807837,101700.51945491643,0.0,79.16999816894531
2012-07-17,101124.62342807837,0.0,0.0,101124.62342807837,101700.51945491643,0.0,78.81999969482422
2012-07-19,101124.62342807837,0.0,0.0,101124.62342807837,101700.51945491643,0.0,78.79900360107422
2012-07-20,101124.62342807837,0.0,0.0,101124.62342807837,101700.51945491643,0.0,78.73999786376953
2012-07-23,101124.62342807837,0.0,0.0,101124.62342807837,101700.51945491643,0.0,78.44999694824219
2012-07-24,101124.62342807837,0.0,0.0,101124.62342807837,101700.51945491643,0.0,78.31099700927734
2012-07-25,101124.62342807837,0.0,0.0,101124.62342807837,101700.51945491643,0.0,78.10700225830078
2012-07-26,101124.62342807837,0.0,0.0,101124.62342807837,101700.51945491643,0.0,78.10299682617188
2012-07-27,101124.62342807837,0.0,0.0,101124.62342807837,101700.51945491643,0.0,78.3239974975586
2012-07-30,101124.62342807837,0.0,0.0,101124.62342807837,101700.51945491643,0.0,78.5
2012-07-31,101124.62342807837,0.0,0.0,101124.62342807837,101700.51945491643,0.0,78.10099792480469
2012-08-01,101124.62342807837,0.0,0.0,101124.62342807837,101700.51945491643,0.0,78.12000274658203
2012-08-02,101124.62342807837,0.0,0.0,101124.62342807837,101700.51945491643,0.0,78.37999725341797
2012-08-03,101124.62342807837,0.0,0.0,101124.62342807837,101700.51945491643,0.0,78.22000122070312
2012-08-06,101124.62342807837,0.0,0.0,101124.62342807837,101700.51945491643,0.0,78.61000061035156
2012-08-07,101124.62342807837,0.0,0.0,101124.62342807837,101700.51945491643,0.0,78.19999694824219
2012-08-08,101124.62342807837,0.0,0.0,101124.62342807837,101700.51945491643,0.0,78.61000061035156
2012-08-09,101124.62342807837,0.0,0.0,101124.62342807837,101700.51945491643,0.0,78.4000015258789
2012-08-10,101124.62342807837,0.0,0.0,101124.62342807837,101700.51945491643,0.0,78.61000061035156
2012-08-13,101124.62342807837,0.0,0.0,101124.62342807837,101700.51945491643,0.0,78.25
2012-08-14,101124.62342807837,0.0,0.0,101124.62342807837,101700.51945491643,0.0,78.33000183105469
2012-08-15,101124.62342807837,0.0,0.0,101124.62342807837,101700.51945491643,0.0,78.81500244140625
2012-08-16,101124.62342807837,0.0,0.0,101124.62342807837,101700.51945491643,0.0,78.98999786376953
2012-08-17,101124.62342807837,0.0,0.0,101124.62342807837,101700.51945491643,0.0,79.25
2012-08-20,101124.62342807837,0.0,0.0,101124.62342807837,101700.51945491643,0.0,79.51000213623047
2012-08-21,101124.62342807837,0.0,0.0,101124.62342807837,101700.51945491643,0.0,79.33000183105469
2012-08-22,101124.62342807837,0.0,0.0,101124.62342807837,101700.51945491643,0.0,79.24199676513672
2012-08-23,101124.62342807837,0.0,0.0,101124.62342807837,101700.51945491643,0.0,78.53900146484375
2012-08-24,101124.62342807837,0.0,0.0,101124.62342807837,101700.51945491643,0.0,78.5999984741211
2012-08-27,101124.62342807837,0.0,0.0,101124.62342807837,101700.51945491643,0.0,78.7300033569336
2012-08-28,101124.62342807837,0.0,0.0,101124.62342807837,101700.51945491643,0.0,78.75
2012-08-29,101124.62342807837,0.0,0.0,101124.62342807837,101700.51945491643,0.0,78.56999969482422
2012-08-30,101124.62342807837,0.0,0.0,101124.62342807837,101700.51945491643,0.0,78.72000122070312
2012-08-31,101124.62342807837,0.0,0.0,101124.62342807837,101700.51945491643,0.0,78.52999877929688
2012-09-04,101124.62342807837,0.0,0.0,101124.62342807837,101700.51945491643,0.0,78.33899688720703
2012-09-05,101124.62342807837,0.0,0.0,101124.62342807837,101700.51945491643,0.0,78.47000122070312
2012-09-06,101124.62342807837,0.0,0.0,101124.62342807837,101700.51945491643,0.0,78.41999816894531
2012-09-07,101124.62342807837,0.0,0.0,101124.62342807837,101700.51945491643,0.0,78.88999938964844
2012-09-10,101124.62342807837,0.0,0.0,101124.62342807837,101700.51945491643,0.0,78.21900177001953
2012-09-11,101124.62342807837,0.0,0.0,101124.62342807837,101700.51945491643,0.0,78.22599792480469
2012-09-12,101124.62342807837,0.0,0.0,101124.62342807837,101700.51945491643,0.0,77.75
2012-09-13,101124.62342807837,0.0,0.0,101124.62342807837,101700.51945491643,0.0,77.83000183105469
2012-09-14,101124.62342807837,0.0,0.0,101124.62342807837,101700.51945491643,0.0,77.64800262451172
2012-09-17,101124.62342807837,0.0,0.0,101124.62342807837,101700.51945491643,0.0,78.33300018310547
2012-09-18,101124.62342807837,0.0,0.0,101124.62342807837,101700.51945491643,0.0,78.6729965209961
2012-09-19,101124.62342807837,0.0,0.0,101124.62342807837,101700.51945491643,0.0,78.7699966430664
2012-09-20,101124.62342807837,0.0,0.0,101124.62342807837,101700.51945491643,0.0,78.39700317382812
2012-09-21,101124.62342807837,0.0,0.0,101124.62342807837,101700.51945491643,0.0,78.19999694824219
2012-09-24,101124.62342807837,0.0,0.0,101124.62342807837,101700.51945491643,0.0,78.08000183105469
2012-09-25,101124.62342807837,0.0,0.0,101124.62342807837,101700.51945491643,0.0,77.86399841308594
2012-09-26,101124.62342807837,0.0,0.0,101124.62342807837,101700.51945491643,0.0,77.72799682617188
2012-09-27,101124.62342807837,0.0,0.0,101124.62342807837,101700.51945491643,0.0,77.697998046875
2012-09-28,101124.62342807837,0.0,0.0,101124.62342807837,101700.51945491643,0.0,77.61000061035156
2012-10-01,101124.62342807837,0.0,0.0,101124.62342807837,101700.51945491643,0.0,77.95899963378906
2012-10-02,101124.62342807837,0.0,0.0,101124.62342807837,101700.51945491643,0.0,78.04100036621094
2012-10-03,101124.62342807837,0.0,0.0,101124.62342807837,101700.51945491643,0.0,78.21499633789062
2012-10-04,101124.62342807837,0.0,0.0,101124.62342807837,101700.51945491643,0.0,78.41500091552734
2012-10-05,101124.62342807837,0.0,0.0,101124.62342807837,101700.51945491643,0.0,78.48400115966797
2012-10-08,101124.62342807837,0.0,0.0,101124.62342807837,101700.51945491643,0.0,78.7020034790039
2012-10-09,101124.62342807837,0.0,0.0,101124.62342807837,101700.51945491643,0.0,78.28600311279297
2012-10-10,101124.62342807837,0.0,0.0,101124.62342807837,101700.51945491643,0.0,78.21900177001953
2012-10-11,101124.62342807837,0.0,0.0,101124.62342807837,101700.51945491643,0.0,78.07499694824219
2012-10-12,101124.62342807837,0.0,0.0,101124.62342807837,101700.51945491643,0.0,78.4020004272461
2012-10-15,101124.62342807837,0.0,0.0,101124.62342807837,101700.51945491643,0.0,78.46800231933594
2012-10-16,101124.62342807837,0.0,0.0,101124.62342807837,101700.51945491643,0.0,78.78900146484375
2012-10-17,101124.62342807837,0.0,0.0,101124.62342807837,101700.51945491643,0.0,78.82499694824219
2012-10-18,101124.62342807837,0.0,0.0,101124.62342807837,101700.51945491643,0.0,79.05999755859375
2012-10-19,101124.62342807837,0.0,0.0,101124.62342807837,101700.51945491643,0.0,79.30799865722656
2012-10-22,101124.62342807837,0.0,0.0,101124.62342807837,101700.51945491643,0.0,79.25700378417969
2012-10-23,101124.62342807837,0.0,0.0,101124.62342807837,101700.51945491643,0.0,79.98999786376953
2012-10-24,101124.62342807837,0.0,0.0,101124.62342807837,101700.51945491643,0.0,79.81999969482422
2012-10-25,101124.62342807837,0.0,0.0,101124.62342807837,101700.51945491643,0.0,79.83799743652344
2012-10-26,101124.62342807837,0.0,0.0,101124.62342807837,101700.51945491643,0.0,80.23500061035156
2012-10-31,101124.62342807837,0.0,0.0,101124.62342807837,101700.51945491643,0.0,79.68399810791016
2012-11-01,101124.62342807837,0.0,0.0,101124.62342807837,101700.51945491643,0.0,79.86000061035156
2012-11-02,101124.62342807837,0.0,0.0,101124.62342807837,101700.51945491643,0.0,80.22000122070312
2012-11-05,101124.62342807837,0.0,0.0,101124.62342807837,101700.51945491643,0.0,80.5
2012-11-06,101124.62342807837,0.0,0.0,101124.62342807837,101700.51945491643,0.0,80.16000366210938
2012-11-07,101124.62342807837,0.0,0.0,101124.62342807837,101700.51945491643,0.0,80.29000091552734
2012-11-08,101124.62342807837,0.0,0.0,101124.62342807837,101700.51945491643,0.0,79.97000122070312
2012-11-09,101124.62342807837,0.0,0.0,101124.62342807837,101700.51945491643,0.0,79.47899627685547
2012-11-12,101124.62342807837,0.0,0.0,101124.62342807837,101700.51945491643,0.0,79.45999908447266
2012-11-13,101124.62342807837,0.0,0.0,101124.62342807837,101700.51945491643,0.0,79.5979995727539
2012-11-14,101124.62342807837,0.0,0.0,101124.62342807837,101700.51945491643,0.0,79.45999908447266
2012-11-15,101124.62342807837,0.0,0.0,101124.62342807837,101700.51945491643,0.0,80.19999694824219
2012-11-16,101124.62342807837,0.0,0.0,101124.62342807837,101700.51945491643,0.0,81.12000274658203
2012-11-19,101124.62342807837,0.0,0.0,101124.62342807837,101700.51945491643,0.0,81.5260009765625
2012-11-20,101124.62342807837,0.0,0.0,101124.62342807837,101700.51945491643,0.0,81.3499984741211
2012-11-21,101124.62342807837,0.0,0.0,101124.62342807837,101700.51945491643,0.0,81.75499725341797
2012-11-23,101124.62342807837,0.0,0.0,101124.62342807837,101700.51945491643,0.0,82.35900115966797
2012-11-26,101124.62342807837,0.0,0.0,101124.62342807837,101700.51945491643,0.0,82.5459976196289
2012-11-27,101124.62342807837,0.0,0.0,101124.62342807837,101700.51945491643,0.0,81.87300109863281
2012-11-28,101124.62342807837,0.0,0.0,101124.62342807837,101700.51945491643,0.0,82.08000183105469
2012-11-29,101124.62342807837,0.0,0.0,101124.62342807837,101700.51945491643,0.0,82.1500015258789
2012-11-30,101124.62342807837,0.0,0.0,101124.62342807837,101700.51945491643,0.0,82.1510009765625
2012-12-03,101124.62342807837,0.0,0.0,101124.62342807837,101700.51945491643,0.0,82.45600128173828
2012-12-04,101124.62342807837,0.0,0.0,101124.62342807837,101700.51945491643,0.0,82.13300323486328
2012-12-05,101124.62342807837,0.0,0.0,101124.62342807837,101700.51945491643,0.0,81.81600189208984
2012-12-06,101124.62342807837,0.0,0.0,101124.62342807837,101700.51945491643,0.0,82.43599700927734
2012-12-07,101124.62342807837,0.0,0.0,101124.62342807837,101700.51945491643,0.0,82.43000030517578
2012-12-10,101124.62342807837,0.0,0.0,101124.62342807837,101700.51945491643,0.0,82.55999755859375
2012-12-11,101124.62342807837,0.0,0.0,101124.62342807837,101700.51945491643,0.0,82.3499984741211
2012-12-12,101124.62342807837,0.0,0.0,101124.62342807837,101700.51945491643,0.0,82.5199966430664
2012-12-13,101124.62342807837,0.0,0.0,101124.62342807837,101700.51945491643,0.0,83.20999908447266
2012-12-14,101124.62342807837,0.0,0.0,101124.62342807837,101700.51945491643,0.0,83.66699981689453
2012-12-17,101124.62342807837,0.0,0.0,101124.62342807837,101700.51945491643,0.0,84.15799713134766
2012-12-18,101124.62342807837,0.0,0.0,101124.62342807837,101700.51945491643,0.0,83.90299987792969
2012-12-19,101124.62342807837,0.0,0.0,101124.62342807837,101700.51945491643,0.0,84.36100006103516
2012-12-20,101124.62342807837,0.0,0.0,101124.62342807837,101700.51945491643,0.0,84.22599792480469
2012-12-21,101124.62342807837,0.0,0.0,101124.62342807837,101700.51945491643,0.0,84.41999816894531
2012-12-24,101124.62342807837,0.0,0.0,101124.62342807837,101700.51945491643,0.0,84.41000366210938
2012-12-26,101124.62342807837,0.0,0.0,101124.62342807837,101700.51945491643,0.0,85.0
2012-12-27,101124.62342807837,0.0,0.0,101124.62342807837,101700.51945491643,0.0,85.66799926757812
2012-12-28,101124.62342807837,0.0,0.0,101124.62342807837,101700.51945491643,0.0,86.50700378417969
2012-12-31,101124.62342807837,0.0,0.0,101124.62342807837,101700.51945491643,0.0,85.95999908447266
2013-01-02,101124.62342807837,0.0,0.0,101124.62342807837,101700.51945491643,0.0,86.5999984741211
2013-01-03,101124.62342807837,0.0,0.0,101124.62342807837,101700.51945491643,0.0,87.2750015258789
2013-01-04,101124.62342807837,0.0,0.0,101124.62342807837,101700.51945491643,0.0,87.73999786376953
2013-01-07,101124.62342807837,0.0,0.0,101124.62342807837,101700.51945491643,0.0,88.197998046875
2013-01-08,101124.62342807837,0.0,0.0,101124.62342807837,101700.51945491643,0.0,87.25299835205078
2013-01-09,101124.62342807837,0.0,0.0,101124.62342807837,101700.51945491643,0.0,86.86799621582031
2013-01-10,101124.62342807837,0.0,0.0,101124.62342807837,101700.51945491643,0.0,88.13300323486328
2013-01-11,101124.62342807837,0.0,0.0,101124.62342807837,101700.51945491643,0.0,89.24600219726562
2013-01-14,101124.62342807837,0.0,0.0,101124.62342807837,101700.51945491643,0.0,89.52300262451172
2013-01-15,101124.62342807837,0.0,0.0,101124.62342807837,101700.51945491643,0.0,89.45999908447266
2013-01-16,101124.62342807837,0.0,0.0,101124.62342807837,101700.51945491643,0.0,88.75
2013-01-17,101124.62342807837,0.0,0.0,101124.62342807837,101700.51945491643,0.0,88.62999725341797
2013-01-18,101124.62342807837,0.0,0.0,101124.62342807837,101700.51945491643,0.0,89.82099914550781
2013-01-22,101124.62342807837,0.0,0.0,101124.62342807837,101700.51945491643,0.0,89.5999984741211
2013-01-23,101124.62342807837,0.0,0.0,101124.62342807837,101700.51945491643,0.0,88.52899932861328
2013-01-24,101124.62342807837,0.0,0.0,101124.62342807837,101700.51945491643,0.0,88.58000183105469
2013-01-25,101124.62342807837,0.0,0.0,101124.62342807837,101700.51945491643,0.0,90.55799865722656
2013-01-28,101124.62342807837,0.0,0.0,101124.62342807837,101700.51945491643,0.0,91.1790008544922
2013-01-29,101124.62342807837,0.0,0.0,101124.62342807837,101700.51945491643,0.0,90.45999908447266
2013-01-30,101124.62342807837,0.0,0.0,101124.62342807837,101700.51945491643,0.0,90.79000091552734
2013-01-31,101124.62342807837,0.0,0.0,101124.62342807837,101700.51945491643,0.0,91.02100372314452
2013-02-01,101124.62342807837,0.0,0.0,101124.62342807837,101700.51945491643,0.0,91.70700073242188
2013-02-04,101124.62342807837,0.0,0.0,101124.62342807837,101700.51945491643,0.0,92.7699966430664
2013-02-05,101124.62342807837,0.0,0.0,101124.62342807837,101700.51945491643,0.0,92.15299987792967
2013-02-06,101124.62342807837,0.0,0.0,101124.62342807837,101700.51945491643,0.0,93.56999969482422
2013-02-07,101124.62342807837,0.0,0.0,101124.62342807837,101700.51945491643,0.0,93.43499755859376
2013-02-08,101124.62342807837,0.0,0.0,101124.62342807837,101700.51945491643,0.0,93.63300323486328
2013-02-11,101124.62342807837,0.0,0.0,101124.62342807837,101700.51945491643,0.0,92.53500366210938
2013-02-12,101124.62342807837,0.0,0.0,101124.62342807837,101700.51945491643,0.0,94.19100189208984
2013-02-13,101124.62342807837,0.0,0.0,101124.62342807837,101700.51945491643,0.0,93.30500030517578
2013-02-14,101124.62342807837,0.0,0.0,101124.62342807837,101700.51945491643,0.0,93.25599670410156
2013-02-15,101124.62342807837,0.0,0.0,101124.62342807837,101700.51945491643,0.0,92.95700073242188
2013-02-19,101124.62342807837,0.0,0.0,101124.62342807837,101700.51945491643,0.0,93.6500015258789
2013-02-20,101124.62342807837,0.0,0.0,101124.62342807837,101700.51945491643,0.0,93.70800018310548
2013-02-21,101124.62342807837,0.0,0.0,101124.62342807837,101700.51945491643,0.0,93.66000366210938
2013-02-22,101124.62342807837,0.0,0.0,101124.62342807837,101700.51945491643,0.0,93.1500015258789
2013-02-25,101124.62342807837,0.0,0.0,101124.62342807837,101700.51945491643,0.0,94.22000122070312
2013-02-26,101124.62342807837,0.0,0.0,101124.62342807837,101700.51945491643,0.0,92.39700317382812
2013-02-27,101124.62342807837,0.0,0.0,101124.62342807837,101700.51945491643,0.0,92.11000061035156
2013-02-28,101124.62342807837,0.0,0.0,101124.62342807837,101700.51945491643,0.0,92.3030014038086
2013-03-01,101124.62342807837,0.0,0.0,101124.62342807837,101700.51945491643,0.0,92.58200073242188
2013-03-04,101124.62342807837,0.0,0.0,101124.62342807837,101700.51945491643,0.0,93.56400299072266
2013-03-05,101124.62342807837,0.0,0.0,101124.62342807837,101700.51945491643,0.0,93.4010009765625
2013-03-06,101124.62342807837,0.0,0.0,101124.62342807837,101700.51945491643,0.0,93.28900146484376
2013-03-07,101124.62342807837,0.0,0.0,101124.62342807837,101700.51945491643,0.0,93.927001953125
2013-03-08,101124.62342807837,0.0,0.0,101124.62342807837,101700.51945491643,0.0,94.9280014038086
2013-03-11,101124.62342807837,0.0,0.0,101124.62342807837,101700.51945491643,0.0,96.16999816894533
2013-03-12,101124.62342807837,0.0,0.0,101124.62342807837,101700.51945491643,0.0,96.61900329589844
2013-03-13,101124.62342807837,0.0,0.0,101124.62342807837,101700.51945491643,0.0,95.81999969482422
2013-03-14,101124.62342807837,0.0,0.0,101124.62342807837,101700.51945491643,0.0,96.0199966430664
2013-03-15,101124.62342807837,0.0,0.0,101124.62342807837,101700.51945491643,0.0,95.96199798583984
2013-03-18,101124.62342807837,0.0,0.0,101124.62342807837,101700.51945491643,0.0,94.88899993896484
2013-03-19,101124.62342807837,0.0,0.0,101124.62342807837,101700.51945491643,0.0,95.34300231933594
2013-03-20,101124.62342807837,0.0,0.0,101124.62342807837,101700.51945491643,0.0,95.0500030517578
2013-03-21,101124.62342807837,0.0,0.0,101124.62342807837,101700.51945491643,0.0,95.95500183105467
2013-03-22,101124.62342807837,0.0,0.0,101124.62342807837,101700.51945491643,0.0,94.91000366210938
2013-03-25,101124.62342807837,0.0,0.0,101124.62342807837,101700.51945491643,0.0,94.8280029296875
2013-03-26,101124.62342807837,0.0,0.0,101124.62342807837,101700.51945491643,0.0,93.96299743652344
2013-03-27,101124.62342807837,0.0,0.0,101124.62342807837,101700.51945491643,0.0,94.63500213623048
2013-03-28,101124.62342807837,0.0,0.0,101124.62342807837,101700.51945491643,0.0,94.31600189208984
2013-04-01,101124.62342807837,0.0,0.0,101124.62342807837,101700.51945491643,0.0,94.28199768066406
2013-04-02,101124.62342807837,0.0,0.0,101124.62342807837,101700.51945491643,0.0,93.18000030517578
2013-04-03,101124.62342807837,0.0,0.0,101124.62342807837,101700.51945491643,0.0,93.36199951171876
2013-04-04,101124.62342807837,0.0,0.0,101124.62342807837,101700.51945491643,0.0,92.88899993896484
2013-04-05,101124.62342807837,0.0,0.0,101124.62342807837,101700.51945491643,0.0,96.43699645996094
2013-04-08,101124.62342807837,0.0,0.0,101124.62342807837,101700.51945491643,0.0,98.7509994506836
2013-04-09,101124.62342807837,0.0,0.0,101124.62342807837,101700.51945491643,0.0,99.27999877929688
2013-04-10,101124.62342807837,0.0,0.0,101124.62342807837,101700.51945491643,0.0,98.9499969482422
2013-04-11,101124.62342807837,0.0,0.0,101124.62342807837,101700.51945491643,0.0,99.66600036621094
2013-04-12,101124.62342807837,0.0,0.0,101124.62342807837,101700.51945491643,0.0,99.62100219726562
2013-04-15,101124.62342807837,0.0,0.0,101124.62342807837,101700.51945491643,0.0,98.40599822998048
2013-04-16,101124.62342807837,0.0,0.0,101124.62342807837,101700.51945491643,0.0,96.8000030517578
2013-04-17,101124.62342807837,0.0,0.0,101124.62342807837,101700.51945491643,0.0,97.61000061035156
2013-04-18,101124.62342807837,0.0,0.0,101124.62342807837,101700.51945491643,0.0,98.02899932861328
2013-04-19,101124.62342807837,0.0,0.0,101124.62342807837,101700.51945491643,0.0,98.2030029296875
2013-04-22,101124.62342807837,0.0,0.0,101124.62342807837,101700.51945491643,0.0,99.7969970703125
2013-04-23,101124.62342807837,0.0,0.0,101124.62342807837,101700.51945491643,0.0,99.16000366210938
2013-04-24,101124.62342807837,0.0,0.0,101124.62342807837,101700.51945491643,0.0,99.677001953125
2013-04-25,101124.62342807837,0.0,0.0,101124.62342807837,101700.51945491643,0.0,99.41999816894533
2013-04-26,101124.62342807837,0.0,0.0,101124.62342807837,101700.51945491643,0.0,99.34200286865234
2013-04-29,101124.62342807837,0.0,0.0,101124.62342807837,101700.51945491643,0.0,97.84200286865234
2013-04-30,101124.62342807837,0.0,0.0,101124.62342807837,101700.51945491643,0.0,97.86399841308594
2013-05-01,101124.62342807837,0.0,0.0,101124.62342807837,101700.51945491643,0.0,97.2689971923828
2013-05-02,101124.62342807837,0.0,0.0,101124.62342807837,101700.51945491643,0.0,97.13200378417967
2013-05-03,101124.62342807837,0.0,0.0,101124.62342807837,101700.51945491643,0.0,97.9459991455078
2013-05-06,101124.62342807837,0.0,0.0,101124.62342807837,101700.51945491643,0.0,99.0999984741211
2013-05-07,101124.62342807837,0.0,0.0,101124.62342807837,101700.51945491643,0.0,99.34400177001952
2013-05-08,101124.62342807837,0.0,0.0,101124.62342807837,101700.51945491643,0.0,98.7760009765625
2013-05-09,101124.62342807837,0.0,0.0,101124.62342807837,101700.51945491643,0.0,98.87799835205078
2013-05-10,101124.62342807837,0.0,0.0,101124.62342807837,101700.51945491643,0.0,100.76499938964844
2013-05-13,101124.62342807837,0.0,0.0,101124.62342807837,101700.51945491643,0.0,101.9229965209961
2013-05-14,101124.62342807837,0.0,0.0,101124.62342807837,101700.51945491643,0.0,101.66699981689452
2013-05-15,101124.62342807837,0.0,0.0,101124.62342807837,101700.51945491643,0.0,102.20999908447266
2013-05-16,101124.62342807837,0.0,0.0,101124.62342807837,101700.51945491643,0.0,102.25800323486328
2013-05-17,101124.62342807837,0.0,0.0,101124.62342807837,101700.51945491643,0.0,102.13500213623048
2013-05-20,101124.62342807837,0.0,0.0,101124.62342807837,101700.51945491643,0.0,102.70099639892578
2013-05-21,101124.62342807837,0.0,0.0,101124.62342807837,101700.51945491643,0.0,102.16600036621094
2013-05-22,101124.62342807837,0.0,0.0,101124.62342807837,101700.51945491643,0.0,102.44200134277344
2013-05-23,101124.62342807837,0.0,0.0,101124.62342807837,101700.51945491643,0.0,103.1760025024414
2013-05-24,101124.62342807837,0.0,0.0,101124.62342807837,101700.51945491643,0.0,102.41000366210938
2013-05-28,101124.62342807837,0.0,0.0,101124.62342807837,101700.51945491643,0.0,101.1050033569336
2013-05-29,101124.62342807837,0.0,0.0,101124.62342807837,101700.51945491643,0.0,102.4459991455078
2013-05-30,101124.62342807837,0.0,0.0,101124.62342807837,101700.51945491643,0.0,100.91600036621094
2013-05-31,101124.62342807837,0.0,0.0,101124.62342807837,101700.51945491643,0.0,101.0999984741211
2013-06-03,101124.62342807837,0.0,0.0,101124.62342807837,101700.51945491643,0.0,100.47599792480467
2013-06-04,101124.62342807837,0.0,0.0,101124.62342807837,101700.51945491643,0.0,99.73799896240234
2013-06-05,101124.62342807837,0.0,0.0,101124.62342807837,101700.51945491643,0.0,100.25
2013-06-06,101124.62342807837,0.0,0.0,101124.62342807837,101700.51945491643,0.0,98.9520034790039
2013-06-07,101124.62342807837,0.0,0.0,101124.62342807837,101700.51945491643,0.0,97.3270034790039
2013-06-10,101124.62342807837,0.0,0.0,101124.62342807837,101700.51945491643,0.0,98.23799896240234
2013-06-11,101124.62342807837,0.0,0.0,101124.62342807837,101700.51945491643,0.0,98.8489990234375
2013-06-12,101124.62342807837,0.0,0.0,101124.62342807837,101700.51945491643,0.0,96.10199737548828
2013-06-13,101124.62342807837,0.0,0.0,101124.62342807837,101700.51945491643,0.0,95.9290008544922
2013-06-14,101124.62342807837,0.0,0.0,101124.62342807837,101700.51945491643,0.0,95.49400329589844
2013-06-17,101124.62342807837,0.0,0.0,101124.62342807837,101700.51945491643,0.0,94.24199676513672
2013-06-18,101124.62342807837,0.0,0.0,101124.62342807837,101700.51945491643,0.0,94.68000030517578
2013-06-19,101124.62342807837,0.0,0.0,101124.62342807837,101700.51945491643,0.0,95.51699829101562
2013-06-20,101124.62342807837,0.0,0.0,101124.62342807837,101700.51945491643,0.0,96.58999633789062
2013-06-21,101124.62342807837,0.0,0.0,101124.62342807837,101700.51945491643,0.0,97.14099884033205
2013-06-24,101124.62342807837,0.0,0.0,101124.62342807837,101700.51945491643,0.0,98.4229965209961
2013-06-25,101124.62342807837,0.0,0.0,101124.62342807837,101700.51945491643,0.0,97.53099822998048
2013-06-26,101124.62342807837,0.0,0.0,101124.62342807837,101700.51945491643,0.0,98.14700317382812
2013-06-27,101124.62342807837,0.0,0.0,101124.62342807837,101700.51945491643,0.0,97.7699966430664
2013-06-28,101124.62342807837,0.0,0.0,101124.62342807837,101700.51945491643,0.0,98.47599792480467
2013-07-01,101124.62342807837,0.0,0.0,101124.62342807837,101700.51945491643,0.0,99.37999725341795
2013-07-02,101124.62342807837,0.0,0.0,101124.62342807837,101700.51945491643,0.0,99.65699768066406
2013-07-03,101124.62342807837,0.0,0.0,101124.62342807837,101700.51945491643,0.0,100.73300170898438
2013-07-05,101124.62342807837,0.0,0.0,101124.62342807837,101700.51945491643,0.0,100.22000122070312
2013-07-08,101124.62342807837,0.0,0.0,101124.62342807837,101700.51945491643,0.0,101.38600158691406
2013-07-09,101124.62342807837,0.0,0.0,101124.62342807837,101700.51945491643,0.0,100.8499984741211
2013-07-10,101124.62342807837,0.0,0.0,101124.62342807837,101700.51945491643,0.0,101.15299987792967
2013-07-11,101124.62342807837,0.0,0.0,101124.62342807837,101700.51945491643,0.0,98.5510025024414
2013-07-12,101124.62342807837,0.0,0.0,101124.62342807837,101700.51945491643,0.0,99.04000091552734
2013-07-15,101124.62342807837,0.0,0.0,101124.62342807837,101700.51945491643,0.0,99.1969985961914
2013-07-16,101124.62342807837,0.0,0.0,101124.62342807837,101700.51945491643,0.0,99.9459991455078
2013-07-17,101124.62342807837,0.0,0.0,101124.62342807837,101700.51945491643,0.0,99.16000366210938
2013-07-18,101124.62342807837,0.0,0.0,101124.62342807837,101700.51945491643,0.0,99.66000366210938
2013-07-19,101124.62342807837,0.0,0.0,101124.62342807837,101700.51945491643,0.0,100.52200317382812
2013-07-22,101124.62342807837,0.0,0.0,101124.62342807837,101700.51945491643,0.0,100.38899993896484
2013-07-23,101124.62342807837,0.0,0.0,101124.62342807837,101700.51945491643,0.0,99.3239974975586
2013-07-24,101124.62342807837,0.0,0.0,101124.62342807837,101700.51945491643,0.0,99.49700164794922
2013-07-25,101124.62342807837,0.0,0.0,101124.62342807837,101700.51945491643,0.0,100.4520034790039
2013-07-26,101124.62342807837,0.0,0.0,101124.62342807837,101700.51945491643,0.0,99.2750015258789
2013-07-29,101124.62342807837,0.0,0.0,101124.62342807837,101700.51945491643,0.0,97.95999908447266
2013-07-30,101124.62342807837,0.0,0.0,101124.62342807837,101700.51945491643,0.0,98.04299926757812
2013-07-31,101124.62342807837,0.0,0.0,101124.62342807837,101700.51945491643,0.0,98.01599884033205
2013-08-01,101124.62342807837,0.0,0.0,101124.62342807837,101700.51945491643,0.0,97.83300018310548
2013-08-02,101124.62342807837,0.0,0.0,101124.62342807837,101700.51945491643,0.0,99.41999816894533
2013-08-05,101124.62342807837,0.0,0.0,101124.62342807837,101700.51945491643,0.0,98.93499755859376
2013-08-06,101124.62342807837,0.0,0.0,101124.62342807837,101700.51945491643,0.0,98.23200225830078
2013-08-07,101124.62342807837,0.0,0.0,101124.62342807837,101700.51945491643,0.0,97.30799865722656
2013-08-08,101124.62342807837,0.0,0.0,101124.62342807837,101700.51945491643,0.0,96.56999969482422
2013-08-09,101124.62342807837,0.0,0.0,101124.62342807837,101700.51945491643,0.0,96.73999786376952
2013-08-12,101124.62342807837,0.0,0.0,101124.62342807837,101700.51945491643,0.0,96.04399871826172
2013-08-13,101124.62342807837,0.0,0.0,101124.62342807837,101700.51945491643,0.0,97.1999969482422
2013-08-14,101124.62342807837,0.0,0.0,101124.62342807837,101700.51945491643,0.0,98.15299987792967
2013-08-15,101124.62342807837,0.0,0.0,101124.62342807837,101700.51945491643,0.0,97.85299682617188
2013-08-16,101124.62342807837,0.0,0.0,101124.62342807837,101700.51945491643,0.0,97.05500030517578
2013-08-19,101124.62342807837,0.0,0.0,101124.62342807837,101700.51945491643,0.0,97.66699981689452
2013-08-20,101124.62342807837,0.0,0.0,101124.62342807837,101700.51945491643,0.0,97.5790023803711
2013-08-21,101124.62342807837,0.0,0.0,101124.62342807837,101700.51945491643,0.0,97.30999755859376
2013-08-22,101124.62342807837,0.0,0.0,101124.62342807837,101700.51945491643,0.0,97.80999755859376
2013-08-23,101124.62342807837,0.0,0.0,101124.62342807837,101700.51945491643,0.0,98.87899780273438
2013-08-26,101124.62342807837,0.0,0.0,101124.62342807837,101700.51945491643,0.0,98.70500183105467
2013-08-27,101124.62342807837,0.0,0.0,101124.62342807837,101700.51945491643,0.0,98.25800323486328
2013-08-28,101124.62342807837,0.0,0.0,101124.62342807837,101700.51945491643,0.0,96.89199829101562
2013-08-29,101124.62342807837,0.0,0.0,101124.62342807837,101700.51945491643,0.0,97.72799682617188
2013-08-30,101124.62342807837,0.0,0.0,101124.62342807837,101700.51945491643,0.0,98.29199981689452
2013-09-03,101124.62342807837,0.0,0.0,101124.62342807837,101700.51945491643,0.0,99.56999969482422
2013-09-04,101124.62342807837,0.0,0.0,101124.62342807837,101700.51945491643,0.0,99.5540008544922
2013-09-05,101124.62342807837,0.0,0.0,101124.62342807837,101700.51945491643,0.0,99.72799682617188
2013-09-06,101124.62342807837,0.0,0.0,101124.62342807837,101700.51945491643,0.0,100.11599731445312
2013-09-09,101124.62342807837,0.0,0.0,101124.62342807837,101700.51945491643,0.0,99.97699737548828
2013-09-10,101124.62342807837,0.0,0.0,101124.62342807837,101700.51945491643,0.0,99.71900177001952
2013-09-11,101124.62342807837,0.0,0.0,101124.62342807837,101700.51945491643,0.0,100.28500366210938
2013-09-12,101124.62342807837,0.0,0.0,101124.62342807837,101700.51945491643,0.0,99.83000183105467
2013-09-13,101124.62342807837,0.0,0.0,101124.62342807837,101700.51945491643,0.0,99.5780029296875
2013-09-16,101124.62342807837,0.0,0.0,101124.62342807837,101700.51945491643,0.0,99.01499938964844
2013-09-17,101124.62342807837,0.0,0.0,101124.62342807837,101700.51945491643,0.0,99.06999969482422
2013-09-18,101124.62342807837,0.0,0.0,101124.62342807837,101700.51945491643,0.0,99.12799835205078
2013-09-19,101124.62342807837,0.0,0.0,101124.62342807837,101700.51945491643,0.0,98.20999908447266
2013-09-20,101124.62342807837,0.0,0.0,101124.62342807837,101700.51945491643,0.0,99.38999938964844
2013-09-23,101124.62342807837,0.0,0.0,101124.62342807837,101700.51945491643,0.0,99.2770004272461
2013-09-24,101124.62342807837,0.0,0.0,101124.62342807837,101700.51945491643,0.0,98.73999786376952
2013-09-25,101124.62342807837,0.0,0.0,101124.62342807837,101700.51945491643,0.0,98.74500274658205
2013-09-26,101124.62342807837,0.0,0.0,101124.62342807837,101700.51945491643,0.0,98.43499755859376
2013-09-27,101124.62342807837,0.0,0.0,101124.62342807837,101700.51945491643,0.0,98.90499877929688
2013-09-30,101124.62342807837,0.0,0.0,101124.62342807837,101700.51945491643,0.0,97.8270034790039
2013-10-01,101124.62342807837,0.0,0.0,101124.62342807837,101700.51945491643,0.0,98.4000015258789
2013-10-02,101124.62342807837,0.0,0.0,101124.62342807837,101700.51945491643,0.0,97.9260025024414
2013-10-03,101124.62342807837,0.0,0.0,101124.62342807837,101700.51945491643,0.0,97.3000030517578
2013-10-04,101124.62342807837,0.0,0.0,101124.62342807837,101700.51945491643,0.0,97.25900268554688
2013-10-07,101124.62342807837,0.0,0.0,101124.62342807837,101700.51945491643,0.0,97.29000091552734
2013-10-08,101124.62342807837,0.0,0.0,101124.62342807837,101700.51945491643,0.0,97.29000091552734
2013-10-09,101124.62342807837,0.0,0.0,101124.62342807837,101700.51945491643,0.0,96.9010009765625
2013-10-10,101124.62342807837,0.0,0.0,101124.62342807837,101700.51945491643,0.0,97.47899627685548
2013-10-11,101124.62342807837,0.0,0.0,101124.62342807837,101700.51945491643,0.0,98.18499755859376
2013-10-14,101124.62342807837,0.0,0.0,101124.62342807837,101700.51945491643,0.0,98.31400299072266
2013-10-15,101124.62342807837,0.0,0.0,101124.62342807837,101700.51945491643,0.0,98.6500015258789
2013-10-16,101124.62342807837,0.0,0.0,101124.62342807837,101700.51945491643,0.0,98.54399871826172
2013-10-17,101124.62342807837,0.0,0.0,101124.62342807837,101700.51945491643,0.0,98.94000244140624
2013-10-18,101124.62342807837,0.0,0.0,101124.62342807837,101700.51945491643,0.0,97.98999786376952
2013-10-21,101124.62342807837,0.0,0.0,101124.62342807837,101700.51945491643,0.0,97.927001953125
2013-10-22,101124.62342807837,0.0,0.0,101124.62342807837,101700.51945491643,0.0,98.19400024414062
2013-10-23,101124.62342807837,0.0,0.0,101124.62342807837,101700.51945491643,0.0,98.13300323486328
2013-10-24,101124.62342807837,0.0,0.0,101124.62342807837,101700.51945491643,0.0,97.41999816894533
2013-10-25,101124.62342807837,0.0,0.0,101124.62342807837,101700.51945491643,0.0,97.38500213623048
2013-10-28,101124.62342807837,0.0,0.0,101124.62342807837,101700.51945491643,0.0,97.56999969482422
2013-10-29,101124.62342807837,0.0,0.0,101124.62342807837,101700.51945491643,0.0,97.62000274658205
2013-10-30,101124.62342807837,0.0,0.0,101124.62342807837,101700.51945491643,0.0,98.19400024414062
2013-10-31,101124.62342807837,0.0,0.0,101124.62342807837,101700.51945491643,0.0,98.50700378417967
2013-11-01,101124.62342807837,0.0,0.0,101124.62342807837,101700.51945491643,0.0,98.3209991455078
2013-11-04,101124.62342807837,0.0,0.0,101124.62342807837,101700.51945491643,0.0,98.69200134277344
2013-11-05,101124.62342807837,0.0,0.0,101124.62342807837,101700.51945491643,0.0,98.6269989013672
2013-11-06,101124.62342807837,0.0,0.0,101124.62342807837,101700.51945491643,0.0,98.45600128173828
2013-11-07,101124.62342807837,0.0,0.0,101124.62342807837,101700.51945491643,0.0,98.6500015258789
2013-11-08,101124.62342807837,0.0,0.0,101124.62342807837,101700.51945491643,0.0,98.1709976196289
2013-11-11,101124.62342807837,0.0,0.0,101124.62342807837,101700.51945491643,0.0,99.1989974975586
2013-11-12,101124.62342807837,0.0,0.0,101124.62342807837,101700.51945491643,0.0,99.13800048828124
2013-11-13,101124.62342807837,0.0,0.0,101124.62342807837,101700.51945491643,0.0,99.61699676513672
2013-11-14,101124.62342807837,0.0,0.0,101124.62342807837,101700.51945491643,0.0,99.21800231933594
2013-11-15,101124.62342807837,0.0,0.0,101124.62342807837,101700.51945491643,0.0,100.23999786376952
2013-11-18,101124.62342807837,0.0,0.0,101124.62342807837,101700.51945491643,0.0,100.35399627685548
2013-11-19,101124.62342807837,0.0,0.0,101124.62342807837,101700.51945491643,0.0,99.86299896240234
2013-11-20,101124.62342807837,0.0,0.0,101124.62342807837,101700.51945491643,0.0,100.18099975585938
2013-11-21,101124.62342807837,0.0,0.0,101124.62342807837,101700.51945491643,0.0,100.20700073242188
2013-11-22,101124.62342807837,0.0,0.0,101124.62342807837,101700.51945491643,0.0,101.31900024414062
2013-11-25,101124.62342807837,0.0,0.0,101124.62342807837,101700.51945491643,0.0,101.29000091552734
2013-11-26,101124.62342807837,0.0,0.0,101124.62342807837,101700.51945491643,0.0,101.3499984741211
2013-11-27,101124.62342807837,0.0,0.0,101124.62342807837,101700.51945491643,0.0,101.23400115966795
2013-11-29,101124.62342807837,0.0,0.0,101124.62342807837,101700.51945491643,0.0,102.29199981689452
2013-12-02,101124.62342807837,0.0,0.0,101124.62342807837,101700.51945491643,0.0,102.47100067138672
2013-12-03,101124.62342807837,0.0,0.0,101124.62342807837,101700.51945491643,0.0,102.93299865722656
2013-12-04,101124.62342807837,0.0,0.0,101124.62342807837,101700.51945491643,0.0,102.35099792480467
2013-12-05,101124.62342807837,0.0,0.0,101124.62342807837,101700.51945491643,0.0,102.40399932861328
2013-12-06,101124.62342807837,0.0,0.0,101124.62342807837,101700.51945491643,0.0,101.74199676513672
2013-12-09,101124.62342807837,0.0,0.0,101124.62342807837,101700.51945491643,0.0,103.13099670410156
2013-12-10,101124.62342807837,0.0,0.0,101124.62342807837,101700.51945491643,0.0,103.26599884033205
2013-12-11,101124.62342807837,0.0,0.0,101124.62342807837,101700.51945491643,0.0,102.7979965209961
2013-12-12,101124.62342807837,0.0,0.0,101124.62342807837,101700.51945491643,0.0,102.50800323486328
2013-12-13,101124.62342807837,0.0,0.0,101124.62342807837,101700.51945491643,0.0,103.54000091552734
2013-12-16,101124.62342807837,0.0,0.0,101124.62342807837,101700.51945491643,0.0,103.2699966430664
2013-12-17,101124.62342807837,0.0,0.0,101124.62342807837,101700.51945491643,0.0,103.0270004272461
2013-12-18,101124.62342807837,0.0,0.0,101124.62342807837,101700.51945491643,0.0,102.6240005493164
2013-12-19,101124.62342807837,0.0,0.0,101124.62342807837,101700.51945491643,0.0,104.21299743652344
2013-12-20,101124.62342807837,0.0,0.0,101124.62342807837,101700.51945491643,0.0,104.2760009765625
2013-12-23,101124.62342807837,0.0,0.0,101124.62342807837,101700.51945491643,0.0,104.02999877929688
2013-12-24,101124.62342807837,0.0,0.0,101124.62342807837,101700.51945491643,0.0,104.1760025024414
2013-12-26,101124.62342807837,0.0,0.0,101124.62342807837,101700.51945491643,0.0,104.52400207519533
2013-12-27,101124.62342807837,0.0,0.0,101124.62342807837,101700.51945491643,0.0,104.87899780273438
2013-12-30,101124.62342807837,0.0,0.0,101124.62342807837,101700.51945491643,0.0,105.31999969482422
2013-12-31,101124.62342807837,0.0,0.0,101124.62342807837,101700.51945491643,0.0,104.93399810791016
2014-01-02,101124.62342807837,0.0,0.0,101124.62342807837,101700.51945491643,0.0,105.3239974975586
2014-01-03,101124.62342807837,0.0,0.0,101124.62342807837,101700.51945491643,0.0,104.83300018310548
2014-01-06,101124.62342807837,0.0,0.0,101124.62342807837,101700.51945491643,0.0,104.91200256347656
2014-01-07,101124.62342807837,0.0,0.0,101124.62342807837,101700.51945491643,0.0,104.20999908447266
2014-01-08,101124.62342807837,0.0,0.0,101124.62342807837,101700.51945491643,0.0,104.71199798583984
2014-01-09,101124.62342807837,0.0,0.0,101124.62342807837,101700.51945491643,0.0,104.84400177001952
2014-01-10,101124.62342807837,0.0,0.0,101124.62342807837,101700.51945491643,0.0,104.83000183105467
2014-01-13,101124.62342807837,0.0,0.0,101124.62342807837,101700.51945491643,0.0,103.9489974975586
2014-01-14,101124.62342807837,0.0,0.0,101124.62342807837,101700.51945491643,0.0,103.11599731445312
2014-01-15,101124.62342807837,0.0,0.0,101124.62342807837,101700.51945491643,0.0,104.1790008544922
2014-01-16,101124.62342807837,0.0,0.0,101124.62342807837,101700.51945491643,0.0,104.5709991455078
2014-01-17,101124.62342807837,0.0,0.0,101124.62342807837,101700.51945491643,0.0,104.29499816894533
2014-01-21,101124.62342807837,0.0,0.0,101124.62342807837,101700.51945491643,0.0,104.2249984741211
2014-01-22,101124.62342807837,0.0,0.0,101124.62342807837,101700.51945491643,0.0,104.2229995727539
2014-01-23,101124.62342807837,0.0,0.0,101124.62342807837,101700.51945491643,0.0,104.63500213623048
2014-01-24,101124.62342807837,0.0,0.0,101124.62342807837,101700.51945491643,0.0,103.37000274658205
2014-01-27,101124.62342807837,0.0,0.0,101124.62342807837,101700.51945491643,0.0,102.0500030517578
2014-01-28,101124.62342807837,0.0,0.0,101124.62342807837,101700.51945491643,0.0,102.66100311279295
2014-01-29,101124.62342807837,0.0,0.0,101124.62342807837,101700.51945491643,0.0,103.2310028076172
2014-01-30,101124.62342807837,0.0,0.0,101124.62342807837,101700.51945491643,0.0,102.3000030517578
2014-01-31,101124.62342807837,0.0,0.0,101124.62342807837,101700.51945491643,0.0,102.75800323486328
2014-02-03,101124.62342807837,0.0,0.0,101124.62342807837,101700.51945491643,0.0,102.19200134277344
2014-02-04,101124.62342807837,0.0,0.0,101124.62342807837,101700.51945491643,0.0,101.14199829101562
2014-02-05,101124.62342807837,0.0,0.0,101124.62342807837,101700.51945491643,0.0,101.68900299072266
2014-02-06,101124.62342807837,0.0,0.0,101124.62342807837,101700.51945491643,0.0,101.46600341796876
2014-02-07,101124.62342807837,0.0,0.0,101124.62342807837,101700.51945491643,0.0,102.03900146484376
2014-02-10,101124.62342807837,0.0,0.0,101124.62342807837,101700.51945491643,0.0,102.52400207519533
2014-02-11,101124.62342807837,0.0,0.0,101124.62342807837,101700.51945491643,0.0,102.13300323486328
2014-02-12,101124.62342807837,0.0,0.0,101124.62342807837,101700.51945491643,0.0,102.5199966430664
2014-02-13,101124.62342807837,0.0,0.0,101124.62342807837,101700.51945491643,0.0,102.46900177001952
2014-02-14,101124.62342807837,0.0,0.0,101124.62342807837,101700.51945491643,0.0,102.18800354003906
2014-02-18,101124.62342807837,0.0,0.0,101124.62342807837,101700.51945491643,0.0,102.06199645996094
2014-02-19,101124.62342807837,0.0,0.0,101124.62342807837,101700.51945491643,0.0,102.33200073242188
2014-02-20,101124.62342807837,0.0,0.0,101124.62342807837,101700.51945491643,0.0,102.31099700927734
2014-02-21,101124.62342807837,0.0,0.0,101124.62342807837,101700.51945491643,0.0,102.31199645996094
2014-02-24,101124.62342807837,0.0,0.0,101124.62342807837,101700.51945491643,0.0,102.51300048828124
2014-02-25,101124.62342807837,0.0,0.0,101124.62342807837,101700.51945491643,0.0,102.48200225830078
2014-02-26,101124.62342807837,0.0,0.0,101124.62342807837,101700.51945491643,0.0,102.1500015258789
2014-02-27,101124.62342807837,0.0,0.0,101124.62342807837,101700.51945491643,0.0,102.29900360107422
2014-02-28,101124.62342807837,0.0,0.0,101124.62342807837,101700.51945491643,0.0,102.11000061035156
2014-03-03,101124.62342807837,0.0,0.0,101124.62342807837,101700.51945491643,0.0,101.30500030517578
2014-03-04,101124.62342807837,0.0,0.0,101124.62342807837,101700.51945491643,0.0,101.41200256347656
2014-03-05,101124.62342807837,0.0,0.0,101124.62342807837,101700.51945491643,0.0,102.1780014038086
2014-03-06,101124.62342807837,0.0,0.0,101124.62342807837,101700.51945491643,0.0,102.36699676513672
2014-03-07,101124.62342807837,0.0,0.0,101124.62342807837,101700.51945491643,0.0,103.03199768066406
2014-03-10,101124.62342807837,0.0,0.0,101124.62342807837,101700.51945491643,0.0,103.19000244140624
2014-03-11,101124.62342807837,0.0,0.0,101124.62342807837,101700.51945491643,0.0,103.23600006103516
2014-03-12,101124.62342807837,0.0,0.0,101124.62342807837,101700.51945491643,0.0,102.83999633789062
2014-03-13,101124.62342807837,0.0,0.0,101124.62342807837,101700.51945491643,0.0,102.78299713134766
2014-03-14,101124.62342807837,0.0,0.0,101124.62342807837,101700.51945491643,0.0,101.77999877929688
2014-03-17,101124.62342807837,0.0,0.0,101124.62342807837,101700.51945491643,0.0,101.33000183105467
2014-03-18,101124.62342807837,0.0,0.0,101124.62342807837,101700.51945491643,0.0,101.85900115966795
2014-03-19,101124.62342807837,0.0,0.0,101124.62342807837,101700.51945491643,0.0,101.44000244140624
2014-03-20,101124.62342807837,0.0,0.0,101124.62342807837,101700.51945491643,0.0,102.46800231933594
2014-03-21,101124.62342807837,0.0,0.0,101124.62342807837,101700.51945491643,0.0,102.40699768066406
2014-03-24,101124.62342807837,0.0,0.0,101124.62342807837,101700.51945491643,0.0,102.24099731445312
2014-03-25,101124.62342807837,0.0,0.0,101124.62342807837,101700.51945491643,0.0,102.20700073242188
2014-03-26,101124.62342807837,0.0,0.0,101124.62342807837,101700.51945491643,0.0,102.28500366210938
2014-03-27,101124.62342807837,0.0,0.0,101124.62342807837,101700.51945491643,0.0,101.90299987792967
2014-03-28,101124.62342807837,0.0,0.0,101124.62342807837,101700.51945491643,0.0,102.14700317382812
2014-03-31,101124.62342807837,0.0,0.0,101124.62342807837,101700.51945491643,0.0,102.88899993896484
2014-04-01,101124.62342807837,0.0,0.0,101124.62342807837,101700.51945491643,0.0,103.21399688720705
2014-04-02,101124.62342807837,0.0,0.0,101124.62342807837,101700.51945491643,0.0,103.63300323486328
2014-04-03,101124.62342807837,0.0,0.0,101124.62342807837,101700.51945491643,0.0,103.86699676513672
2014-04-04,101124.62342807837,0.0,0.0,101124.62342807837,101700.51945491643,0.0,103.89600372314452
2014-04-07,101124.62342807837,0.0,0.0,101124.62342807837,101700.51945491643,0.0,103.31999969482422
2014-04-08,101124.62342807837,0.0,0.0,101124.62342807837,101700.51945491643,0.0,103.06900024414062
2014-04-09,101124.62342807837,0.0,0.0,101124.62342807837,101700.51945491643,0.0,101.95500183105467
2014-04-10,101124.62342807837,0.0,0.0,101124.62342807837,101700.51945491643,0.0,102.10700225830078
2014-04-11,101124.62342807837,0.0,0.0,101124.62342807837,101700.51945491643,0.0,101.37999725341795
2014-04-14,101124.62342807837,0.0,0.0,101124.62342807837,101700.51945491643,0.0,101.44200134277344
2014-04-15,101124.62342807837,0.0,0.0,101124.62342807837,101700.51945491643,0.0,101.90399932861328
2014-04-16,101124.62342807837,0.0,0.0,101124.62342807837,101700.51945491643,0.0,101.8769989013672
2014-04-17,101124.62342807837,0.0,0.0,101124.62342807837,101700.51945491643,0.0,102.20099639892578
2014-04-21,101124.62342807837,0.0,0.0,101124.62342807837,101700.51945491643,0.0,102.55999755859376
2014-04-22,101124.62342807837,0.0,0.0,101124.62342807837,101700.51945491643,0.0,102.66999816894533
2014-04-23,101124.62342807837,0.0,0.0,101124.62342807837,101700.51945491643,0.0,102.62100219726562
2014-04-24,101124.62342807837,0.0,0.0,101124.62342807837,101700.51945491643,0.0,102.4800033569336
2014-04-25,101124.62342807837,0.0,0.0,101124.62342807837,101700.51945491643,0.0,102.302001953125
2014-04-28,101124.62342807837,0.0,0.0,101124.62342807837,101700.51945491643,0.0,102.1050033569336
2014-04-29,101124.62342807837,0.0,0.0,101124.62342807837,101700.51945491643,0.0,102.51599884033205
2014-04-30,101124.62342807837,0.0,0.0,101124.62342807837,101700.51945491643,0.0,102.56400299072266
2014-05-01,101124.62342807837,0.0,0.0,101124.62342807837,101700.51945491643,0.0,102.22000122070312
2014-05-02,101124.62342807837,0.0,0.0,101124.62342807837,101700.51945491643,0.0,102.26599884033205
2014-05-05,101124.62342807837,0.0,0.0,101124.62342807837,101700.51945491643,0.0,102.1999969482422
2014-05-06,101124.62342807837,0.0,0.0,101124.62342807837,101700.51945491643,0.0,102.13999938964844
2014-05-07,101124.62342807837,0.0,0.0,101124.62342807837,101700.51945491643,0.0,101.69300079345705
2014-05-08,101124.62342807837,0.0,0.0,101124.62342807837,101700.51945491643,0.0,101.87200164794922
2014-05-09,101124.62342807837,0.0,0.0,101124.62342807837,101700.51945491643,0.0,101.59300231933594
2014-05-12,101124.62342807837,0.0,0.0,101124.62342807837,101700.51945491643,0.0,101.9000015258789
2014-05-13,101124.62342807837,0.0,0.0,101124.62342807837,101700.51945491643,0.0,102.18499755859376
2014-05-14,101124.62342807837,0.0,0.0,101124.62342807837,101700.51945491643,0.0,102.23200225830078
2014-05-15,101124.62342807837,0.0,0.0,101124.62342807837,101700.51945491643,0.0,101.81500244140624
2014-05-16,101124.62342807837,0.0,0.0,101124.62342807837,101700.51945491643,0.0,101.4990005493164
2014-05-19,101124.62342807837,0.0,0.0,101124.62342807837,101700.51945491643,0.0,101.54199981689452
2014-05-20,101124.62342807837,0.0,0.0,101124.62342807837,101700.51945491643,0.0,101.5
2014-05-21,101124.62342807837,0.0,0.0,101124.62342807837,101700.51945491643,0.0,101.26200103759766
2014-05-22,101124.62342807837,0.0,0.0,101124.62342807837,101700.51945491643,0.0,101.41999816894533
2014-05-23,101124.62342807837,0.0,0.0,101124.62342807837,101700.51945491643,0.0,101.76499938964844
2014-05-27,101124.62342807837,0.0,0.0,101124.62342807837,101700.51945491643,0.0,101.8939971923828
2014-05-28,101124.62342807837,0.0,0.0,101124.62342807837,101700.51945491643,0.0,101.97699737548828
2014-05-29,101124.62342807837,0.0,0.0,101124.62342807837,101700.51945491643,0.0,101.7300033569336
2014-05-30,101124.62342807837,0.0,0.0,101124.62342807837,101700.51945491643,0.0,101.72000122070312
2014-06-02,101124.62342807837,0.0,0.0,101124.62342807837,101700.51945491643,0.0,101.8759994506836
2014-06-03,101124.62342807837,0.0,0.0,101124.62342807837,101700.51945491643,0.0,102.41999816894533
2014-06-04,101124.62342807837,0.0,0.0,101124.62342807837,101700.51945491643,0.0,102.54000091552734
2014-06-05,101124.62342807837,0.0,0.0,101124.62342807837,101700.51945491643,0.0,102.68099975585938
2014-06-06,101124.62342807837,0.0,0.0,101124.62342807837,101700.51945491643,0.0,102.4229965209961
2014-06-09,101124.62342807837,0.0,0.0,101124.62342807837,101700.51945491643,0.0,102.4800033569336
2014-06-10,101124.62342807837,0.0,0.0,101124.62342807837,101700.51945491643,0.0,102.4800033569336
2014-06-11,101124.62342807837,0.0,0.0,101124.62342807837,101700.51945491643,0.0,102.31400299072266
2014-06-12,101124.62342807837,0.0,0.0,101124.62342807837,101700.51945491643,0.0,102.0
2014-06-13,101124.62342807837,0.0,0.0,101124.62342807837,101700.51945491643,0.0,101.6999969482422
2014-06-16,101124.62342807837,0.0,0.0,101124.62342807837,101700.51945491643,0.0,101.96700286865234
2014-06-17,101124.62342807837,0.0,0.0,101124.62342807837,101700.51945491643,0.0,101.87000274658205
2014-06-18,101124.62342807837,0.0,0.0,101124.62342807837,101700.51945491643,0.0,102.17400360107422
2014-06-19,101124.62342807837,0.0,0.0,101124.62342807837,101700.51945491643,0.0,101.88999938964844
2014-06-20,101124.62342807837,0.0,0.0,101124.62342807837,101700.51945491643,0.0,101.93000030517578
2014-06-23,101124.62342807837,0.0,0.0,101124.62342807837,101700.51945491643,0.0,102.06600189208984
2014-06-24,101124.62342807837,0.0,0.0,101124.62342807837,101700.51945491643,0.0,101.87000274658205
2014-06-25,101124.62342807837,0.0,0.0,101124.62342807837,101700.51945491643,0.0,101.91000366210938
2014-06-26,101124.62342807837,0.0,0.0,101124.62342807837,101700.51945491643,0.0,101.8000030517578
2014-06-27,101124.62342807837,0.0,0.0,101124.62342807837,101700.51945491643,0.0,101.63700103759766
2014-06-30,101124.62342807837,0.0,0.0,101124.62342807837,101700.51945491643,0.0,101.44300079345705
2014-07-01,101124.62342807837,0.0,0.0,101124.62342807837,101700.51945491643,0.0,101.29000091552734
2014-07-02,101124.62342807837,0.0,0.0,101124.62342807837,101700.51945491643,0.0,101.54000091552734
2014-07-03,101124.62342807837,0.0,0.0,101124.62342807837,101700.51945491643,0.0,101.83000183105467
2014-07-07,101124.62342807837,0.0,0.0,101124.62342807837,101700.51945491643,0.0,102.11000061035156
2014-07-08,101124.62342807837,0.0,0.0,101124.62342807837,101700.51945491643,0.0,101.8000030517578
2014-07-09,101124.62342807837,0.0,0.0,101124.62342807837,101700.51945491643,0.0,101.45999908447266
2014-07-10,101124.62342807837,0.0,0.0,101124.62342807837,101700.51945491643,0.0,101.53500366210938
2014-07-11,101124.62342807837,0.0,0.0,101124.62342807837,101700.51945491643,0.0,101.28299713134766
2014-07-14,101124.62342807837,0.0,0.0,101124.62342807837,101700.51945491643,0.0,101.37000274658205
2014-07-15,101124.62342807837,0.0,0.0,101124.62342807837,101700.51945491643,0.0,101.5199966430664
2014-07-16,101124.62342807837,0.0,0.0,101124.62342807837,101700.51945491643,0.0,101.66000366210938
2014-07-17,101124.62342807837,0.0,0.0,101124.62342807837,101700.51945491643,0.0,101.62999725341795
2014-07-18,101124.62342807837,0.0,0.0,101124.62342807837,101700.51945491643,0.0,101.2300033569336
2014-07-21,101124.62342807837,0.0,0.0,101124.62342807837,101700.51945491643,0.0,101.33999633789062
2014-07-22,101124.62342807837,0.0,0.0,101124.62342807837,101700.51945491643,0.0,101.4000015258789
2014-07-23,101124.62342807837,0.0,0.0,101124.62342807837,101700.51945491643,0.0,101.47000122070312
2014-07-24,101124.62342807837,0.0,0.0,101124.62342807837,101700.51945491643,0.0,101.5199966430664
2014-07-25,101124.62342807837,0.0,0.0,101124.62342807837,101700.51945491643,0.0,101.76000213623048
2014-07-28,101124.62342807837,0.0,0.0,101124.62342807837,101700.51945491643,0.0,101.7490005493164
2014-07-29,101124.62342807837,0.0,0.0,101124.62342807837,101700.51945491643,0.0,101.80999755859376
2014-07-30,101124.62342807837,0.0,0.0,101124.62342807837,101700.51945491643,0.0,102.07599639892578
2014-07-31,101124.62342807837,0.0,0.0,101124.62342807837,101700.51945491643,0.0,102.83999633789062
2014-08-01,101124.62342807837,0.0,0.0,101124.62342807837,101700.51945491643,0.0,102.77300262451172
2014-08-04,101124.62342807837,0.0,0.0,101124.62342807837,101700.51945491643,0.0,102.56300354003906
2014-08-05,101124.62342807837,0.0,0.0,101124.62342807837,101700.51945491643,0.0,102.54199981689452
2014-08-06,101124.62342807837,0.0,0.0,101124.62342807837,101700.51945491643,0.0,102.58899688720705
2014-08-07,101124.62342807837,0.0,0.0,101124.62342807837,101700.51945491643,0.0,102.11299896240234
2014-08-08,101124.62342807837,0.0,0.0,101124.62342807837,101700.51945491643,0.0,102.12899780273438
2014-08-11,101124.62342807837,0.0,0.0,101124.62342807837,101700.51945491643,0.0,102.15499877929688
2014-08-12,101124.62342807837,0.0,0.0,101124.62342807837,101700.51945491643,0.0,102.20500183105467
2014-08-13,101124.62342807837,0.0,0.0,101124.62342807837,101700.51945491643,0.0,102.28199768066406
2014-08-14,101124.62342807837,0.0,0.0,101124.62342807837,101700.51945491643,0.0,102.40799713134766
2014-08-15,101124.62342807837,0.0,0.0,101124.62342807837,101700.51945491643,0.0,102.49600219726562
2014-08-18,101124.62342807837,0.0,0.0,101124.62342807837,101700.51945491643,0.0,102.41000366210938
2014-08-19,101124.62342807837,0.0,0.0,101124.62342807837,101700.51945491643,0.0,102.61000061035156
2014-08-20,101124.62342807837,0.0,0.0,101124.62342807837,101700.51945491643,0.0,102.91000366210938
2014-08-21,101124.62342807837,0.0,0.0,101124.62342807837,101700.51945491643,0.0,103.70099639892578
2014-08-22,101124.62342807837,0.0,0.0,101124.62342807837,101700.51945491643,0.0,103.8489990234375
2014-08-25,101124.62342807837,0.0,0.0,101124.62342807837,101700.51945491643,0.0,104.20099639892578
2014-08-26,101124.62342807837,0.0,0.0,101124.62342807837,101700.51945491643,0.0,104.06999969482422
2014-08-27,101124.62342807837,0.0,0.0,101124.62342807837,101700.51945491643,0.0,104.08999633789062
2014-08-28,101124.62342807837,0.0,0.0,101124.62342807837,101700.51945491643,0.0,103.87799835205078
2014-08-29,101124.62342807837,0.0,0.0,101124.62342807837,101700.51945491643,0.0,103.6959991455078
2014-09-02,101124.62342807837,0.0,0.0,101124.62342807837,101700.51945491643,0.0,104.33999633789062
2014-09-03,101124.62342807837,0.0,0.0,101124.62342807837,101700.51945491643,0.0,105.23699951171876
2014-09-04,101124.62342807837,0.0,0.0,101124.62342807837,101700.51945491643,0.0,104.87100219726562
2014-09-05,101124.62342807837,0.0,0.0,101124.62342807837,101700.51945491643,0.0,105.58200073242188
2014-09-08,101124.62342807837,0.0,0.0,101124.62342807837,101700.51945491643,0.0,105.18000030517578
2014-09-09,101124.62342807837,0.0,0.0,101124.62342807837,101700.51945491643,0.0,106.16000366210938
2014-09-10,101124.62342807837,0.0,0.0,101124.62342807837,101700.51945491643,0.0,106.1230010986328
2014-09-11,101124.62342807837,0.0,0.0,101124.62342807837,101700.51945491643,0.0,106.82599639892578
2014-09-12,101124.62342807837,0.0,0.0,101124.62342807837,101700.51945491643,0.0,107.1050033569336
2014-09-15,101124.62342807837,0.0,0.0,101124.62342807837,101700.51945491643,0.0,107.33000183105467
2014-09-16,101124.62342807837,0.0,0.0,101124.62342807837,101700.51945491643,0.0,107.13800048828124
2014-09-17,101124.62342807837,0.0,0.0,101124.62342807837,101700.51945491643,0.0,107.1500015258789
2014-09-18,101124.62342807837,0.0,0.0,101124.62342807837,101700.51945491643,0.0,108.51599884033205
2014-09-19,101124.62342807837,0.0,0.0,101124.62342807837,101700.51945491643,0.0,108.8000030517578
2014-09-22,101124.62342807837,0.0,0.0,101124.62342807837,101700.51945491643,0.0,108.94000244140624
2014-09-23,101124.62342807837,0.0,0.0,101124.62342807837,101700.51945491643,0.0,108.75
2014-09-24,101124.62342807837,0.0,0.0,101124.62342807837,101700.51945491643,0.0,108.54199981689452
2014-09-25,101124.62342807837,0.0,0.0,101124.62342807837,101700.51945491643,0.0,109.31600189208984
2014-09-26,101124.62342807837,0.0,0.0,101124.62342807837,101700.51945491643,0.0,108.61000061035156
2014-09-29,101124.62342807837,0.0,0.0,101124.62342807837,101700.51945491643,0.0,109.41100311279295
2014-09-30,101124.62342807837,0.0,0.0,101124.62342807837,101700.51945491643,0.0,109.38999938964844
2014-10-01,101124.62342807837,0.0,0.0,101124.62342807837,101700.51945491643,0.0,109.66000366210938
2014-10-02,101124.62342807837,0.0,0.0,101124.62342807837,101700.51945491643,0.0,109.0199966430664
2014-10-03,101124.62342807837,0.0,0.0,101124.62342807837,101700.51945491643,0.0,108.52300262451172
2014-10-06,101124.62342807837,0.0,0.0,101124.62342807837,101700.51945491643,0.0,109.802001953125
2014-10-07,101124.62342807837,0.0,0.0,101124.62342807837,101700.51945491643,0.0,108.86799621582033
2014-10-08,101124.62342807837,0.0,0.0,101124.62342807837,101700.51945491643,0.0,108.0719985961914
2014-10-09,101124.62342807837,0.0,0.0,101124.62342807837,101700.51945491643,0.0,108.1269989013672
2014-10-10,101124.62342807837,0.0,0.0,101124.62342807837,101700.51945491643,0.0,107.83000183105467
2014-10-13,101124.62342807837,0.0,0.0,101124.62342807837,101700.51945491643,0.0,107.33799743652344
2014-10-14,101124.62342807837,0.0,0.0,101124.62342807837,101700.51945491643,0.0,107.06300354003906
2014-10-15,101124.62342807837,0.0,0.0,101124.62342807837,101700.51945491643,0.0,107.31400299072266
2014-10-16,101124.62342807837,0.0,0.0,101124.62342807837,101700.51945491643,0.0,105.9800033569336
2014-10-17,101124.62342807837,0.0,0.0,101124.62342807837,101700.51945491643,0.0,106.40499877929688
2014-10-20,101124.62342807837,0.0,0.0,101124.62342807837,101700.51945491643,0.0,107.1439971923828
2014-10-21,101124.62342807837,0.0,0.0,101124.62342807837,101700.51945491643,0.0,106.91000366210938
2014-10-22,101124.62342807837,0.0,0.0,101124.62342807837,101700.51945491643,0.0,107.02100372314452
2014-10-23,101124.62342807837,0.0,0.0,101124.62342807837,101700.51945491643,0.0,107.14800262451172
2014-10-24,101124.62342807837,0.0,0.0,101124.62342807837,101700.51945491643,0.0,108.16100311279295
2014-10-27,101124.62342807837,0.0,0.0,101124.62342807837,101700.51945491643,0.0,108.2020034790039
2014-10-28,101124.62342807837,0.0,0.0,101124.62342807837,101700.51945491643,0.0,107.84300231933594
2014-10-29,101124.62342807837,0.0,0.0,101124.62342807837,101700.51945491643,0.0,108.11199951171876
2014-10-30,101124.62342807837,0.0,0.0,101124.62342807837,101700.51945491643,0.0,108.84600067138672
2014-10-31,101124.62342807837,0.0,0.0,101124.62342807837,101700.51945491643,0.0,109.21299743652344
2014-11-03,101124.62342807837,0.0,0.0,101124.62342807837,101700.51945491643,0.0,112.84100341796876
2014-11-04,101124.62342807837,0.0,0.0,101124.62342807837,101700.51945491643,0.0,113.64800262451172
2014-11-05,101124.62342807837,0.0,0.0,101124.62342807837,101700.51945491643,0.0,113.4800033569336
2014-11-06,101124.62342807837,0.0,0.0,101124.62342807837,101700.51945491643,0.0,114.65499877929688
2014-11-07,101124.62342807837,0.0,0.0,101124.62342807837,101700.51945491643,0.0,115.1760025024414
2014-11-10,101124.62342807837,0.0,0.0,101124.62342807837,101700.51945491643,0.0,114.53299713134766
2014-11-11,101124.62342807837,0.0,0.0,101124.62342807837,101700.51945491643,0.0,114.75299835205078
2014-11-12,101124.62342807837,0.0,0.0,101124.62342807837,101700.51945491643,0.0,115.72100067138672
2014-11-13,101124.62342807837,0.0,0.0,101124.62342807837,101700.51945491643,0.0,115.56999969482422
2014-11-14,101124.62342807837,0.0,0.0,101124.62342807837,101700.51945491643,0.0,115.8239974975586
2014-11-17,101124.62342807837,0.0,0.0,101124.62342807837,101700.51945491643,0.0,116.89600372314452
2014-11-18,101124.62342807837,0.0,0.0,101124.62342807837,101700.51945491643,0.0,116.64600372314452
2014-11-19,101124.62342807837,0.0,0.0,101124.62342807837,101700.51945491643,0.0,116.86900329589844
2014-11-20,101124.62342807837,0.0,0.0,101124.62342807837,101700.51945491643,0.0,118.14800262451172
2014-11-21,101124.62342807837,0.0,0.0,101124.62342807837,101700.51945491643,0.0,118.23600006103516
2014-11-24,101124.62342807837,0.0,0.0,101124.62342807837,101700.51945491643,0.0,117.74400329589844
2014-11-25,101124.62342807837,0.0,0.0,101124.62342807837,101700.51945491643,0.0,118.4540023803711
2014-11-26,101124.62342807837,0.0,0.0,101124.62342807837,101700.51945491643,0.0,117.8010025024414
2014-11-28,101124.62342807837,0.0,0.0,101124.62342807837,101700.51945491643,0.0,117.83999633789062
2014-12-01,101124.62342807837,0.0,0.0,101124.62342807837,101700.51945491643,0.0,118.86399841308594
2014-12-02,101124.62342807837,0.0,0.0,101124.62342807837,101700.51945491643,0.0,118.30799865722656
2014-12-03,101124.62342807837,0.0,0.0,101124.62342807837,101700.51945491643,0.0,119.19400024414062
2014-12-04,101124.62342807837,0.0,0.0,101124.62342807837,101700.51945491643,0.0,119.86100006103516
2014-12-05,101124.62342807837,0.0,0.0,101124.62342807837,101700.51945491643,0.0,119.81199645996094
2014-12-08,101124.62342807837,0.0,0.0,101124.62342807837,101700.51945491643,0.0,121.56099700927734
2014-12-09,101124.62342807837,0.0,0.0,101124.62342807837,101700.51945491643,0.0,120.6500015258789
2014-12-10,101124.62342807837,0.0,0.0,101124.62342807837,101700.51945491643,0.0,119.34200286865234
2014-12-11,101124.62342807837,0.0,0.0,101124.62342807837,101700.51945491643,0.0,117.70899963378906
2014-12-12,101124.62342807837,0.0,0.0,101124.62342807837,101700.51945491643,0.0,119.00700378417967
2014-12-15,101124.62342807837,0.0,0.0,101124.62342807837,101700.51945491643,0.0,118.16500091552734
2014-12-16,101124.62342807837,0.0,0.0,101124.62342807837,101700.51945491643,0.0,117.74099731445312
2014-12-17,101124.62342807837,0.0,0.0,101124.62342807837,101700.51945491643,0.0,116.61299896240234
2014-12-18,101124.62342807837,0.0,0.0,101124.62342807837,101700.51945491643,0.0,118.7959976196289
2014-12-19,101124.62342807837,0.0,0.0,101124.62342807837,101700.51945491643,0.0,118.93800354003906
2014-12-22,101124.62342807837,0.0,0.0,101124.62342807837,101700.51945491643,0.0,119.49700164794922
2014-12-23,101124.62342807837,0.0,0.0,101124.62342807837,101700.51945491643,0.0,120.1500015258789
2014-12-24,101124.62342807837,0.0,0.0,101124.62342807837,101700.51945491643,0.0,120.69000244140624
2014-12-26,101124.62342807837,0.0,0.0,101124.62342807837,101700.51945491643,0.0,120.37000274658205
2014-12-29,101124.62342807837,0.0,0.0,101124.62342807837,101700.51945491643,0.0,120.42400360107422
2014-12-30,101124.62342807837,0.0,0.0,101124.62342807837,101700.51945491643,0.0,120.63200378417967
2014-12-31,101124.62342807837,0.0,0.0,101124.62342807837,101700.51945491643,0.0,119.45800018310548
2015-01-02,101124.62342807837,0.0,0.0,101124.62342807837,101700.51945491643,0.0,119.87000274658205
2015-01-05,101124.62342807837,0.0,0.0,101124.62342807837,101700.51945491643,0.0,120.43399810791016
2015-01-06,101124.62342807837,0.0,0.0,101124.62342807837,101700.51945491643,0.0,119.4250030517578
2015-01-07,101124.62342807837,0.0,0.0,101124.62342807837,101700.51945491643,0.0,118.6729965209961
2015-01-08,101124.62342807837,0.0,0.0,101124.62342807837,101700.51945491643,0.0,119.28900146484376
2015-01-09,101124.62342807837,0.0,0.0,101124.62342807837,101700.51945491643,0.0,119.79199981689452
2015-01-12,101124.62342807837,0.0,0.0,101124.62342807837,101700.51945491643,0.0,118.21199798583984
2015-01-13,101124.62342807837,0.0,0.0,101124.62342807837,101700.51945491643,0.0,118.3280029296875
2015-01-14,101124.62342807837,0.0,0.0,101124.62342807837,101700.51945491643,0.0,117.79499816894533
2015-01-15,101124.62342807837,0.0,0.0,101124.62342807837,101700.51945491643,0.0,117.38999938964844
2015-01-16,101124.62342807837,0.0,0.0,101124.62342807837,101700.51945491643,0.0,116.12999725341795
2015-01-20,101124.62342807837,0.0,0.0,101124.62342807837,101700.51945491643,0.0,117.71199798583984
2015-01-21,101124.62342807837,0.0,0.0,101124.62342807837,101700.51945491643,0.0,118.64900207519533
2015-01-22,101124.62342807837,0.0,0.0,101124.62342807837,101700.51945491643,0.0,117.86000061035156
2015-01-23,101124.62342807837,0.0,0.0,101124.62342807837,101700.51945491643,0.0,118.7509994506836
2015-01-26,101124.62342807837,0.0,0.0,101124.62342807837,101700.51945491643,0.0,117.36100006103516
2015-01-27,101124.62342807837,0.0,0.0,101124.62342807837,101700.51945491643,0.0,118.5199966430664
2015-01-28,101124.62342807837,0.0,0.0,101124.62342807837,101700.51945491643,0.0,117.7750015258789
2015-01-29,101124.62342807837,0.0,0.0,101124.62342807837,101700.51945491643,0.0,117.59200286865234
2015-01-30,101124.62342807837,0.0,0.0,101124.62342807837,101700.51945491643,0.0,118.2480010986328
2015-02-02,101124.62342807837,0.0,0.0,101124.62342807837,101700.51945491643,0.0,117.18399810791016
2015-02-03,101124.62342807837,0.0,0.0,101124.62342807837,101700.51945491643,0.0,117.5749969482422
2015-02-04,101124.62342807837,0.0,0.0,101124.62342807837,101700.51945491643,0.0,117.64600372314452
2015-02-05,101124.62342807837,0.0,0.0,101124.62342807837,101700.51945491643,0.0,117.28800201416016
2015-02-06,101124.62342807837,0.0,0.0,101124.62342807837,101700.51945491643,0.0,117.53500366210938
2015-02-09,101124.62342807837,0.0,0.0,101124.62342807837,101700.51945491643,0.0,118.97000122070312
2015-02-10,101124.62342807837,0.0,0.0,101124.62342807837,101700.51945491643,0.0,118.56300354003906
2015-02-11,101124.62342807837,0.0,0.0,101124.62342807837,101700.51945491643,0.0,119.35800170898438
2015-02-12,101124.62342807837,0.0,0.0,101124.62342807837,101700.51945491643,0.0,120.16999816894533
2015-02-13,101124.62342807837,0.0,0.0,101124.62342807837,101700.51945491643,0.0,118.91600036621094
2015-02-17,101124.62342807837,0.0,0.0,101124.62342807837,101700.51945491643,0.0,118.49199676513672
2015-02-18,101124.62342807837,0.0,0.0,101124.62342807837,101700.51945491643,0.0,119.20800018310548
2015-02-19,101124.62342807837,0.0,0.0,101124.62342807837,101700.51945491643,0.0,118.68900299072266
2015-02-20,101124.62342807837,0.0,0.0,101124.62342807837,101700.51945491643,0.0,118.98799896240234
2015-02-23,101124.62342807837,0.0,0.0,101124.62342807837,101700.51945491643,0.0,119.07599639892578
2015-02-24,101124.62342807837,0.0,0.0,101124.62342807837,101700.51945491643,0.0,118.90299987792967
2015-02-25,101124.62342807837,0.0,0.0,101124.62342807837,101700.51945491643,0.0,118.89199829101562
2015-02-26,101124.62342807837,0.0,0.0,101124.62342807837,101700.51945491643,0.0,118.8219985961914
2015-02-27,101124.62342807837,0.0,0.0,101124.62342807837,101700.51945491643,0.0,119.3769989013672
2015-03-02,101124.62342807837,0.0,0.0,101124.62342807837,101700.51945491643,0.0,119.82599639892578
2015-03-03,101124.62342807837,0.0,0.0,101124.62342807837,101700.51945491643,0.0,120.2040023803711
2015-03-04,101124.62342807837,0.0,0.0,101124.62342807837,101700.51945491643,0.0,119.63700103759766
2015-03-05,101124.62342807837,0.0,0.0,101124.62342807837,101700.51945491643,0.0,119.6510009765625
2015-03-06,101124.62342807837,0.0,0.0,101124.62342807837,101700.51945491643,0.0,120.04499816894533
2015-03-09,101124.62342807837,0.0,0.0,101124.62342807837,101700.51945491643,0.0,120.73899841308594
2015-03-10,101124.62342807837,0.0,0.0,101124.62342807837,101700.51945491643,0.0,121.40799713134766
2015-03-11,101124.62342807837,0.0,0.0,101124.62342807837,101700.51945491643,0.0,121.03800201416016
2015-03-12,101124.62342807837,0.0,0.0,101124.62342807837,101700.51945491643,0.0,121.41100311279295
2015-03-13,101124.62342807837,0.0,0.0,101124.62342807837,101700.51945491643,0.0,121.31800079345705
2015-03-16,101124.62342807837,0.0,0.0,101124.62342807837,101700.51945491643,0.0,121.34300231933594
2015-03-17,101124.62342807837,0.0,0.0,101124.62342807837,101700.51945491643,0.0,121.36699676513672
2015-03-18,101124.62342807837,0.0,0.0,101124.62342807837,101700.51945491643,0.0,121.27999877929688
2015-03-19,101124.62342807837,0.0,0.0,101124.62342807837,101700.51945491643,0.0,120.06400299072266
2015-03-20,101124.62342807837,0.0,0.0,101124.62342807837,101700.51945491643,0.0,120.76200103759766
2015-03-23,101124.62342807837,0.0,0.0,101124.62342807837,101700.51945491643,0.0,120.0270004272461
2015-03-24,101124.62342807837,0.0,0.0,101124.62342807837,101700.51945491643,0.0,119.75
2015-03-25,101124.62342807837,0.0,0.0,101124.62342807837,101700.51945491643,0.0,119.79100036621094
2015-03-26,101124.62342807837,0.0,0.0,101124.62342807837,101700.51945491643,0.0,119.51799774169922
2015-03-27,101124.62342807837,0.0,0.0,101124.62342807837,101700.51945491643,0.0,119.18299865722656
2015-03-30,101124.62342807837,0.0,0.0,101124.62342807837,101700.51945491643,0.0,119.25
2015-03-31,101124.62342807837,0.0,0.0,101124.62342807837,101700.51945491643,0.0,120.01300048828124
2015-04-01,101124.62342807837,0.0,0.0,101124.62342807837,101700.51945491643,0.0,120.02200317382812
2015-04-02,101124.62342807837,0.0,0.0,101124.62342807837,101700.51945491643,0.0,119.5739974975586
2015-04-06,101124.62342807837,0.0,0.0,101124.62342807837,101700.51945491643,0.0,118.822998046875
2015-04-07,101124.62342807837,0.0,0.0,101124.62342807837,101700.51945491643,0.0,119.47699737548828
2015-04-08,101124.62342807837,0.0,0.0,101124.62342807837,101700.51945491643,0.0,120.29000091552734
2015-04-09,101124.62342807837,0.0,0.0,101124.62342807837,101700.51945491643,0.0,120.09400177001952
2015-04-10,101124.62342807837,0.0,0.0,101124.62342807837,101700.51945491643,0.0,120.5500030517578
2015-04-13,101124.62342807837,0.0,0.0,101124.62342807837,101700.51945491643,0.0,120.20899963378906
2015-04-14,101124.62342807837,0.0,0.0,101124.62342807837,101700.51945491643,0.0,120.05899810791016
2015-04-15,101124.62342807837,0.0,0.0,101124.62342807837,101700.51945491643,0.0,119.45700073242188
2015-04-16,101124.62342807837,0.0,0.0,101124.62342807837,101700.51945491643,0.0,119.14299774169922
2015-04-17,101124.62342807837,0.0,0.0,101124.62342807837,101700.51945491643,0.0,119.04399871826172
2015-04-20,101124.62342807837,0.0,0.0,101124.62342807837,101700.51945491643,0.0,118.81800079345705
2015-04-21,101124.62342807837,0.0,0.0,101124.62342807837,101700.51945491643,0.0,119.19499969482422
2015-04-22,101124.62342807837,0.0,0.0,101124.62342807837,101700.51945491643,0.0,119.63300323486328
2015-04-23,101124.62342807837,0.0,0.0,101124.62342807837,101700.51945491643,0.0,119.9499969482422
2015-04-24,101124.62342807837,0.0,0.0,101124.62342807837,101700.51945491643,0.0,119.5709991455078
2015-04-27,101124.62342807837,0.0,0.0,101124.62342807837,101700.51945491643,0.0,118.927001953125
2015-04-28,101124.62342807837,0.0,0.0,101124.62342807837,101700.51945491643,0.0,119.1259994506836
2015-04-29,101124.62342807837,0.0,0.0,101124.62342807837,101700.51945491643,0.0,118.822998046875
2015-04-30,101124.62342807837,0.0,0.0,101124.62342807837,101700.51945491643,0.0,118.97000122070312
2015-05-01,101124.62342807837,0.0,0.0,101124.62342807837,101700.51945491643,0.0,119.4520034790039
2015-05-04,101124.62342807837,0.0,0.0,101124.62342807837,101700.51945491643,0.0,120.13600158691406
2015-05-05,101124.62342807837,0.0,0.0,101124.62342807837,101700.51945491643,0.0,120.0999984741211
2015-05-06,101124.62342807837,0.0,0.0,101124.62342807837,101700.51945491643,0.0,119.9219970703125
2015-05-07,101124.62342807837,0.0,0.0,101124.62342807837,101700.51945491643,0.0,119.39700317382812
2015-05-08,101124.62342807837,0.0,0.0,101124.62342807837,101700.51945491643,0.0,119.70899963378906
2015-05-11,101124.62342807837,0.0,0.0,101124.62342807837,101700.51945491643,0.0,119.77999877929688
2015-05-12,101124.62342807837,0.0,0.0,101124.62342807837,101700.51945491643,0.0,120.13099670410156
2015-05-13,101124.62342807837,0.0,0.0,101124.62342807837,101700.51945491643,0.0,119.83499908447266
2015-05-14,101124.62342807837,0.0,0.0,101124.62342807837,101700.51945491643,0.0,119.16000366210938
2015-05-15,101124.62342807837,0.0,0.0,101124.62342807837,101700.51945491643,0.0,119.19100189208984
2015-05-18,101124.62342807837,0.0,0.0,101124.62342807837,101700.51945491643,0.0,119.33000183105467
2015-05-19,101124.62342807837,0.0,0.0,101124.62342807837,101700.51945491643,0.0,119.9000015258789
2015-05-20,101124.62342807837,0.0,0.0,101124.62342807837,101700.51945491643,0.0,120.6520004272461
2015-05-21,101124.62342807837,0.0,0.0,101124.62342807837,101700.51945491643,0.0,121.21199798583984
2015-05-22,101124.62342807837,0.0,0.0,101124.62342807837,101700.51945491643,0.0,121.03900146484376
2015-05-26,101124.62342807837,0.0,0.0,101124.62342807837,101700.51945491643,0.0,121.5999984741211
2015-05-27,101124.62342807837,0.0,0.0,101124.62342807837,101700.51945491643,0.0,122.98600006103516
2015-05-28,101124.62342807837,0.0,0.0,101124.62342807837,101700.51945491643,0.0,123.73999786376952
2015-05-29,101124.62342807837,0.0,0.0,101124.62342807837,101700.51945491643,0.0,123.81999969482422
2015-06-01,101124.62342807837,0.0,0.0,101124.62342807837,101700.51945491643,0.0,124.19300079345705
2015-06-02,101124.62342807837,0.0,0.0,101124.62342807837,101700.51945491643,0.0,124.84700012207033
2015-06-03,101124.62342807837,0.0,0.0,101124.62342807837,101700.51945491643,0.0,124.03600311279295
2015-06-04,101124.62342807837,0.0,0.0,101124.62342807837,101700.51945491643,0.0,124.3040008544922
2015-06-05,101124.62342807837,0.0,0.0,101124.62342807837,101700.51945491643,0.0,124.37999725341795
2015-06-08,101124.62342807837,0.0,0.0,101124.62342807837,101700.51945491643,0.0,125.62899780273438
2015-06-09,101124.62342807837,0.0,0.0,101124.62342807837,101700.51945491643,0.0,124.56300354003906
2015-06-10,101124.62342807837,0.0,0.0,101124.62342807837,101700.51945491643,0.0,124.33899688720705
2015-06-11,101124.62342807837,0.0,0.0,101124.62342807837,101700.51945491643,0.0,122.86599731445312
2015-06-12,101124.62342807837,0.0,0.0,101124.62342807837,101700.51945491643,0.0,123.58100128173828
2015-06-15,101124.62342807837,0.0,0.0,101124.62342807837,101700.51945491643,0.0,123.29000091552734
2015-06-16,101124.62342807837,0.0,0.0,101124.62342807837,101700.51945491643,0.0,123.41999816894533
2015-06-17,101124.62342807837,0.0,0.0,101124.62342807837,101700.51945491643,0.0,123.43900299072266
2015-06-18,101124.62342807837,0.0,0.0,101124.62342807837,101700.51945491643,0.0,123.52999877929688
2015-06-19,101124.62342807837,0.0,0.0,101124.62342807837,101700.51945491643,0.0,123.0019989013672
2015-06-22,101124.62342807837,0.0,0.0,101124.62342807837,101700.51945491643,0.0,122.7509994506836
2015-06-23,101124.62342807837,0.0,0.0,101124.62342807837,101700.51945491643,0.0,123.37899780273438
2015-06-24,101124.62342807837,0.0,0.0,101124.62342807837,101700.51945491643,0.0,123.86000061035156
2015-06-25,101124.62342807837,0.0,0.0,101124.62342807837,101700.51945491643,0.0,123.85099792480467
2015-06-26,101124.62342807837,0.0,0.0,101124.62342807837,101700.51945491643,0.0,123.5979995727539
2015-06-29,101124.62342807837,0.0,0.0,101124.62342807837,101700.51945491643,0.0,122.61199951171876
2015-06-30,101124.62342807837,0.0,0.0,101124.62342807837,101700.51945491643,0.0,122.66999816894533
2015-07-01,101124.62342807837,0.0,0.0,101124.62342807837,101700.51945491643,0.0,122.38600158691406
2015-07-02,101124.62342807837,0.0,0.0,101124.62342807837,101700.51945491643,0.0,123.31999969482422
2015-07-06,101124.62342807837,0.0,0.0,101124.62342807837,101700.51945491643,0.0,122.40699768066406
2015-07-07,101124.62342807837,0.0,0.0,101124.62342807837,101700.51945491643,0.0,122.61100006103516
2015-07-08,101124.62342807837,0.0,0.0,101124.62342807837,101700.51945491643,0.0,122.48999786376952
2015-07-09,101124.62342807837,0.0,0.0,101124.62342807837,101700.51945491643,0.0,120.86199951171876
2015-07-10,101124.62342807837,0.0,0.0,101124.62342807837,101700.51945491643,0.0,121.6999969482422
2015-07-13,101124.62342807837,0.0,0.0,101124.62342807837,101700.51945491643,0.0,122.49600219726562
2015-07-14,101124.62342807837,0.0,0.0,101124.62342807837,101700.51945491643,0.0,123.56999969482422
2015-07-15,101124.62342807837,0.0,0.0,101124.62342807837,101700.51945491643,0.0,123.31999969482422
2015-07-16,101124.62342807837,0.0,0.0,101124.62342807837,101700.51945491643,0.0,123.87000274658205
2015-07-17,101124.62342807837,0.0,0.0,101124.62342807837,101700.51945491643,0.0,124.14900207519533
2015-07-20,101124.62342807837,0.0,0.0,101124.62342807837,101700.51945491643,0.0,124.14199829101562
2015-07-21,101124.62342807837,0.0,0.0,101124.62342807837,101700.51945491643,0.0,124.29399871826172
2015-07-22,101124.62342807837,0.0,0.0,101124.62342807837,101700.51945491643,0.0,123.86000061035156
2015-07-23,101124.62342807837,0.0,0.0,101124.62342807837,101700.51945491643,0.0,124.06800079345705
2015-07-24,101124.62342807837,0.0,0.0,101124.62342807837,101700.51945491643,0.0,123.8759994506836
2015-07-27,101124.62342807837,0.0,0.0,101124.62342807837,101700.51945491643,0.0,123.76300048828124
2015-07-28,101124.62342807837,0.0,0.0,101124.62342807837,101700.51945491643,0.0,123.23999786376952
2015-07-29,101124.62342807837,0.0,0.0,101124.62342807837,101700.51945491643,0.0,123.57599639892578
2015-07-30,101124.62342807837,0.0,0.0,101124.62342807837,101700.51945491643,0.0,123.94000244140624
2015-07-31,101124.62342807837,0.0,0.0,101124.62342807837,101700.51945491643,0.0,124.0709991455078
2015-08-03,101124.62342807837,0.0,0.0,101124.62342807837,101700.51945491643,0.0,124.04000091552734
2015-08-04,101124.62342807837,0.0,0.0,101124.62342807837,101700.51945491643,0.0,123.94499969482422
2015-08-05,101124.62342807837,0.0,0.0,101124.62342807837,101700.51945491643,0.0,124.27400207519533
2015-08-06,101124.62342807837,0.0,0.0,101124.62342807837,101700.51945491643,0.0,124.7300033569336
2015-08-07,101124.62342807837,0.0,0.0,101124.62342807837,101700.51945491643,0.0,124.73400115966795
2015-08-10,101124.62342807837,0.0,0.0,101124.62342807837,101700.51945491643,0.0,124.3000030517578
2015-08-11,101124.62342807837,0.0,0.0,101124.62342807837,101700.51945491643,0.0,124.61299896240234
2015-08-12,101124.62342807837,0.0,0.0,101124.62342807837,101700.51945491643,0.0,125.06999969482422
2015-08-13,101124.62342807837,0.0,0.0,101124.62342807837,101700.51945491643,0.0,124.25499725341795
2015-08-14,101124.62342807837,0.0,0.0,101124.62342807837,101700.51945491643,0.0,124.36299896240234
2015-08-17,101124.62342807837,0.0,0.0,101124.62342807837,101700.51945491643,0.0,124.3499984741211
2015-08-18,101124.62342807837,0.0,0.0,101124.62342807837,101700.51945491643,0.0,124.43800354003906
2015-08-19,101124.62342807837,0.0,0.0,101124.62342807837,101700.51945491643,0.0,124.37100219726562
2015-08-20,101124.62342807837,0.0,0.0,101124.62342807837,101700.51945491643,0.0,123.89700317382812
2015-08-21,101124.62342807837,0.0,0.0,101124.62342807837,101700.51945491643,0.0,123.41999816894533
2015-08-24,101124.62342807837,0.0,0.0,101124.62342807837,101700.51945491643,0.0,121.73200225830078
2015-08-25,101124.62342807837,0.0,0.0,101124.62342807837,101700.51945491643,0.0,118.88400268554688
2015-08-26,101124.62342807837,0.0,0.0,101124.62342807837,101700.51945491643,0.0,118.54000091552734
2015-08-27,101124.62342807837,0.0,0.0,101124.62342807837,101700.51945491643,0.0,120.05799865722656
2015-08-28,101124.62342807837,0.0,0.0,101124.62342807837,101700.51945491643,0.0,121.00299835205078
2015-08-31,101124.62342807837,0.0,0.0,101124.62342807837,101700.51945491643,0.0,121.28900146484376
2015-09-01,101124.62342807837,0.0,0.0,101124.62342807837,101700.51945491643,0.0,121.08899688720705
2015-09-02,101124.62342807837,0.0,0.0,101124.62342807837,101700.51945491643,0.0,119.71499633789062
2015-09-03,101124.62342807837,0.0,0.0,101124.62342807837,101700.51945491643,0.0,120.58000183105467
2015-09-04,101124.62342807837,0.0,0.0,101124.62342807837,101700.51945491643,0.0,120.05599975585938
2015-09-08,101124.62342807837,0.0,0.0,101124.62342807837,101700.51945491643,0.0,119.40299987792967
2015-09-09,101124.62342807837,0.0,0.0,101124.62342807837,101700.51945491643,0.0,120.08899688720705
2015-09-10,101124.62342807837,0.0,0.0,101124.62342807837,101700.51945491643,0.0,120.27799987792967
2015-09-11,101124.62342807837,0.0,0.0,101124.62342807837,101700.51945491643,0.0,120.61900329589844
2015-09-14,101124.62342807837,0.0,0.0,101124.62342807837,101700.51945491643,0.0,120.7959976196289
2015-09-15,101124.62342807837,0.0,0.0,101124.62342807837,101700.51945491643,0.0,120.36000061035156
2015-09-16,101124.62342807837,0.0,0.0,101124.62342807837,101700.51945491643,0.0,120.43399810791016
2015-09-17,101124.62342807837,0.0,0.0,101124.62342807837,101700.51945491643,0.0,120.52300262451172
2015-09-18,101124.62342807837,0.0,0.0,101124.62342807837,101700.51945491643,0.0,120.0459976196289
2015-09-21,101124.62342807837,0.0,0.0,101124.62342807837,101700.51945491643,0.0,120.0009994506836
2015-09-22,101124.62342807837,0.0,0.0,101124.62342807837,101700.51945491643,0.0,120.4980010986328
2015-09-23,101124.62342807837,0.0,0.0,101124.62342807837,101700.51945491643,0.0,120.08000183105467
2015-09-24,101124.62342807837,0.0,0.0,101124.62342807837,101700.51945491643,0.0,120.1999969482422
2015-09-25,101124.62342807837,0.0,0.0,101124.62342807837,101700.51945491643,0.0,120.23999786376952
2015-09-28,101124.62342807837,0.0,0.0,101124.62342807837,101700.51945491643,0.0,120.36799621582033
2015-09-29,101124.62342807837,0.0,0.0,101124.62342807837,101700.51945491643,0.0,119.83999633789062
2015-09-30,101124.62342807837,0.0,0.0,101124.62342807837,101700.51945491643,0.0,119.86000061035156
2015-10-01,101124.62342807837,0.0,0.0,101124.62342807837,101700.51945491643,0.0,119.85900115966795
2015-10-02,101124.62342807837,0.0,0.0,101124.62342807837,101700.51945491643,0.0,119.80999755859376
2015-10-05,101124.62342807837,0.0,0.0,101124.62342807837,101700.51945491643,0.0,119.99500274658205
2015-10-06,101124.62342807837,0.0,0.0,101124.62342807837,101700.51945491643,0.0,120.46099853515624
2015-10-07,101124.62342807837,0.0,0.0,101124.62342807837,101700.51945491643,0.0,120.23999786376952
2015-10-08,101124.62342807837,0.0,0.0,101124.62342807837,101700.51945491643,0.0,119.91500091552734
2015-10-09,101124.62342807837,0.0,0.0,101124.62342807837,101700.51945491643,0.0,119.9290008544922
2015-10-12,101124.62342807837,0.0,0.0,101124.62342807837,101700.51945491643,0.0,120.1790008544922
2015-10-13,101124.62342807837,0.0,0.0,101124.62342807837,101700.51945491643,0.0,120.01100158691406
2015-10-14,101124.62342807837,0.0,0.0,101124.62342807837,101700.51945491643,0.0,119.72000122070312
2015-10-15,101124.62342807837,0.0,0.0,101124.62342807837,101700.51945491643,0.0,118.83000183105467
2015-10-16,101124.62342807837,0.0,0.0,101124.62342807837,101700.51945491643,0.0,119.0500030517578
2015-10-19,101124.62342807837,0.0,0.0,101124.62342807837,101700.51945491643,0.0,119.2699966430664
2015-10-20,101124.62342807837,0.0,0.0,101124.62342807837,101700.51945491643,0.0,119.50299835205078
2015-10-21,101124.62342807837,0.0,0.0,101124.62342807837,101700.51945491643,0.0,119.77999877929688
2015-10-22,101124.62342807837,0.0,0.0,101124.62342807837,101700.51945491643,0.0,119.84200286865234
2015-10-23,101124.62342807837,0.0,0.0,101124.62342807837,101700.51945491643,0.0,120.86000061035156
2015-10-26,101124.62342807837,0.0,0.0,101124.62342807837,101700.51945491643,0.0,121.2959976196289
2015-10-27,101124.62342807837,0.0,0.0,101124.62342807837,101700.51945491643,0.0,120.9489974975586
2015-10-28,101124.62342807837,0.0,0.0,101124.62342807837,101700.51945491643,0.0,120.47699737548828
2015-10-29,101124.62342807837,0.0,0.0,101124.62342807837,101700.51945491643,0.0,120.86000061035156
2015-10-30,101124.62342807837,0.0,0.0,101124.62342807837,101700.51945491643,0.0,121.0
2015-11-02,101124.62342807837,0.0,0.0,101124.62342807837,101700.51945491643,0.0,120.49500274658205
2015-11-03,101124.62342807837,0.0,0.0,101124.62342807837,101700.51945491643,0.0,120.78800201416016
2015-11-04,101124.62342807837,0.0,0.0,101124.62342807837,101700.51945491643,0.0,121.09500122070312
2015-11-05,101124.62342807837,0.0,0.0,101124.62342807837,101700.51945491643,0.0,121.48999786376952
2015-11-06,101124.62342807837,0.0,0.0,101124.62342807837,101700.51945491643,0.0,121.66999816894533
2015-11-09,101124.62342807837,0.0,0.0,101124.62342807837,101700.51945491643,0.0,123.1999969482422
2015-11-10,101124.62342807837,0.0,0.0,101124.62342807837,101700.51945491643,0.0,123.0770034790039
2015-11-11,101124.62342807837,0.0,0.0,101124.62342807837,101700.51945491643,0.0,123.08399963378906
2015-11-12,101124.62342807837,0.0,0.0,101124.62342807837,101700.51945491643,0.0,122.75700378417967
2015-11-13,101124.62342807837,0.0,0.0,101124.62342807837,101700.51945491643,0.0,122.55999755859376
2015-11-16,101124.62342807837,0.0,0.0,101124.62342807837,101700.51945491643,0.0,122.36399841308594
2015-11-17,101124.62342807837,0.0,0.0,101124.62342807837,101700.51945491643,0.0,123.26599884033205
2015-11-18,101124.62342807837,0.0,0.0,101124.62342807837,101700.51945491643,0.0,123.44499969482422
2015-11-19,101124.62342807837,0.0,0.0,101124.62342807837,101700.51945491643,0.0,123.5250015258789
2015-11-20,101124.62342807837,0.0,0.0,101124.62342807837,101700.51945491643,0.0,122.91200256347656
2015-11-23,101124.62342807837,0.0,0.0,101124.62342807837,101700.51945491643,0.0,122.9229965209961
2015-11-24,101124.62342807837,0.0,0.0,101124.62342807837,101700.51945491643,0.0,122.91500091552734
2015-11-25,101124.62342807837,0.0,0.0,101124.62342807837,101700.51945491643,0.0,122.50499725341795
2015-11-27,101124.62342807837,0.0,0.0,101124.62342807837,101700.51945491643,0.0,122.63400268554688
2015-11-30,101124.62342807837,0.0,0.0,101124.62342807837,101700.51945491643,0.0,122.83000183105467
2015-12-01,101124.62342807837,0.0,0.0,101124.62342807837,101700.51945491643,0.0,123.20999908447266
2015-12-02,101124.62342807837,0.0,0.0,101124.62342807837,101700.51945491643,0.0,122.91500091552734
2015-12-03,101124.62342807837,0.0,0.0,101124.62342807837,101700.51945491643,0.0,123.22599792480467
2015-12-04,101124.62342807837,0.0,0.0,101124.62342807837,101700.51945491643,0.0,122.65299987792967
2015-12-07,101124.62342807837,0.0,0.0,101124.62342807837,101700.51945491643,0.0,123.19000244140624
2015-12-08,101124.62342807837,0.0,0.0,101124.62342807837,101700.51945491643,0.0,123.27999877929688
2015-12-09,101124.62342807837,0.0,0.0,101124.62342807837,101700.51945491643,0.0,122.91200256347656
2015-12-10,101124.62342807837,0.0,0.0,101124.62342807837,101700.51945491643,0.0,121.6999969482422
2015-12-11,101124.62342807837,0.0,0.0,101124.62342807837,101700.51945491643,0.0,121.70999908447266
2015-12-14,101124.62342807837,0.0,0.0,101124.62342807837,101700.51945491643,0.0,120.89299774169922
2015-12-15,101124.62342807837,0.0,0.0,101124.62342807837,101700.51945491643,0.0,121.08999633789062
2015-12-16,101124.62342807837,0.0,0.0,101124.62342807837,101700.51945491643,0.0,121.6750030517578
2015-12-17,101124.62342807837,0.0,0.0,101124.62342807837,101700.51945491643,0.0,122.46299743652344
2015-12-18,101124.62342807837,0.0,0.0,101124.62342807837,101700.51945491643,0.0,122.4499969482422
2015-12-21,101124.62342807837,0.0,0.0,101124.62342807837,101700.51945491643,0.0,121.3000030517578
2015-12-22,101124.62342807837,0.0,0.0,101124.62342807837,101700.51945491643,0.0,121.20600128173828
2015-12-23,101124.62342807837,0.0,0.0,101124.62342807837,101700.51945491643,0.0,121.02999877929688
2015-12-24,101124.62342807837,0.0,0.0,101124.62342807837,101700.51945491643,0.0,120.93499755859376
2015-12-28,101124.62342807837,0.0,0.0,101124.62342807837,101700.51945491643,0.0,120.2310028076172
2015-12-29,101124.62342807837,0.0,0.0,101124.62342807837,101700.51945491643,0.0,120.3499984741211
2015-12-30,101124.62342807837,0.0,0.0,101124.62342807837,101700.51945491643,0.0,120.52899932861328
2015-12-31,101124.62342807837,0.0,0.0,101124.62342807837,101700.51945491643,0.0,120.4499969482422
2016-01-04,101124.62342807837,0.0,0.0,101124.62342807837,101700.51945491643,0.0,120.31099700927734
2016-01-05,101124.62342807837,0.0,0.0,101124.62342807837,101700.51945491643,0.0,119.46700286865234
2016-01-06,101124.62342807837,0.0,0.0,101124.62342807837,101700.51945491643,0.0,119.10199737548828
2016-01-07,101124.62342807837,0.0,0.0,101124.62342807837,101700.51945491643,0.0,118.61000061035156
2016-01-08,101124.62342807837,0.0,0.0,101124.62342807837,101700.51945491643,0.0,117.54000091552734
2016-01-11,101124.62342807837,0.0,0.0,101124.62342807837,101700.51945491643,0.0,117.08000183105467
2016-01-12,101124.62342807837,0.0,0.0,101124.62342807837,101700.51945491643,0.0,117.6500015258789
2016-01-13,101124.62342807837,0.0,0.0,101124.62342807837,101700.51945491643,0.0,117.83000183105467
2016-01-14,101124.62342807837,0.0,0.0,101124.62342807837,101700.51945491643,0.0,117.4250030517578
2016-01-15,101124.62342807837,0.0,0.0,101124.62342807837,101700.51945491643,0.0,118.2030029296875
2016-01-19,101124.62342807837,0.0,0.0,101124.62342807837,101700.51945491643,0.0,117.38400268554688
2016-01-20,101124.62342807837,0.0,0.0,101124.62342807837,101700.51945491643,0.0,117.56500244140624
2016-01-21,101124.62342807837,0.0,0.0,101124.62342807837,101700.51945491643,0.0,117.13400268554688
2016-01-22,101124.62342807837,0.0,0.0,101124.62342807837,101700.51945491643,0.0,117.92400360107422
2016-01-25,101124.62342807837,0.0,0.0,101124.62342807837,101700.51945491643,0.0,118.5719985961914
2016-01-26,101124.62342807837,0.0,0.0,101124.62342807837,101700.51945491643,0.0,118.22799682617188
2016-01-27,101124.62342807837,0.0,0.0,101124.62342807837,101700.51945491643,0.0,118.37999725341795
2016-01-28,101124.62342807837,0.0,0.0,101124.62342807837,101700.51945491643,0.0,118.46700286865234
2016-01-29,101124.62342807837,0.0,0.0,101124.62342807837,101700.51945491643,0.0,118.93000030517578
2016-02-01,101124.62342807837,0.0,0.0,101124.62342807837,101700.51945491643,0.0,121.33999633789062
2016-02-02,101124.62342807837,0.0,0.0,101124.62342807837,101700.51945491643,0.0,120.83999633789062
2016-02-03,101124.62342807837,0.0,0.0,101124.62342807837,101700.51945491643,0.0,119.8560028076172
2016-02-04,101124.62342807837,0.0,0.0,101124.62342807837,101700.51945491643,0.0,118.12000274658205
2016-02-05,101124.62342807837,0.0,0.0,101124.62342807837,101700.51945491643,0.0,116.86599731445312
2016-02-08,101124.62342807837,0.0,0.0,101124.62342807837,101700.51945491643,0.0,116.9499969482422
2016-02-09,101124.62342807837,0.0,0.0,101124.62342807837,101700.51945491643,0.0,115.66799926757812
2016-02-10,101124.62342807837,0.0,0.0,101124.62342807837,101700.51945491643,0.0,115.19100189208984
2016-02-11,101124.62342807837,0.0,0.0,101124.62342807837,101700.51945491643,0.0,113.2519989013672
2016-02-12,101124.62342807837,0.0,0.0,101124.62342807837,101700.51945491643,0.0,112.49700164794922
2016-02-16,101124.62342807837,0.0,0.0,101124.62342807837,101700.51945491643,0.0,114.3219985961914
2016-02-17,101124.62342807837,0.0,0.0,101124.62342807837,101700.51945491643,0.0,114.08000183105467
2016-02-18,101124.62342807837,0.0,0.0,101124.62342807837,101700.51945491643,0.0,114.27999877929688
2016-02-19,101124.62342807837,0.0,0.0,101124.62342807837,101700.51945491643,0.0,113.25
2016-02-22,101124.62342807837,0.0,0.0,101124.62342807837,101700.51945491643,0.0,112.48899841308594
2016-02-23,101124.62342807837,0.0,0.0,101124.62342807837,101700.51945491643,0.0,112.97100067138672
2016-02-24,101124.62342807837,0.0,0.0,101124.62342807837,101700.51945491643,0.0,111.87999725341795
2016-02-25,101124.62342807837,0.0,0.0,101124.62342807837,101700.51945491643,0.0,112.10099792480467
2016-02-26,101124.62342807837,0.0,0.0,101124.62342807837,101700.51945491643,0.0,113.11799621582033
2016-02-29,101124.62342807837,0.0,0.0,101124.62342807837,101700.51945491643,0.0,113.66000366210938
2016-03-01,101124.62342807837,0.0,0.0,101124.62342807837,101700.51945491643,0.0,112.43000030517578
2016-03-02,101124.62342807837,0.0,0.0,101124.62342807837,101700.51945491643,0.0,113.93000030517578
2016-03-03,101124.62342807837,0.0,0.0,101124.62342807837,101700.51945491643,0.0,113.46600341796876
2016-03-04,101124.62342807837,0.0,0.0,101124.62342807837,101700.51945491643,0.0,113.66999816894533
2016-03-07,101124.62342807837,0.0,0.0,101124.62342807837,101700.51945491643,0.0,113.8030014038086
2016-03-08,101124.62342807837,0.0,0.0,101124.62342807837,101700.51945491643,0.0,113.4520034790039
2016-03-09,101124.62342807837,0.0,0.0,101124.62342807837,101700.51945491643,0.0,112.66000366210938
2016-03-10,101124.62342807837,0.0,0.0,101124.62342807837,101700.51945491643,0.0,113.25299835205078
2016-03-11,101124.62342807837,0.0,0.0,101124.62342807837,101700.51945491643,0.0,112.86000061035156
2016-03-14,101124.62342807837,0.0,0.0,101124.62342807837,101700.51945491643,0.0,113.77799987792967
2016-03-15,101124.62342807837,0.0,0.0,101124.62342807837,101700.51945491643,0.0,113.83000183105467
2016-03-16,101124.62342807837,0.0,0.0,101124.62342807837,101700.51945491643,0.0,113.1050033569336
2016-03-17,101124.62342807837,0.0,0.0,101124.62342807837,101700.51945491643,0.0,112.7519989013672
2016-03-18,101124.62342807837,0.0,0.0,101124.62342807837,101700.51945491643,0.0,111.3499984741211
2016-03-21,101124.62342807837,0.0,0.0,101124.62342807837,101700.51945491643,0.0,111.44499969482422
2016-03-22,101124.62342807837,0.0,0.0,101124.62342807837,101700.51945491643,0.0,112.13899993896484
2016-03-23,101124.62342807837,0.0,0.0,101124.62342807837,101700.51945491643,0.0,112.2519989013672
2016-03-24,101124.62342807837,0.0,0.0,101124.62342807837,101700.51945491643,0.0,112.4000015258789
2016-03-28,101124.62342807837,0.0,0.0,101124.62342807837,101700.51945491643,0.0,113.4499969482422
2016-03-29,101124.62342807837,0.0,0.0,101124.62342807837,101700.51945491643,0.0,113.36399841308594
2016-03-30,101124.62342807837,0.0,0.0,101124.62342807837,101700.51945491643,0.0,112.68000030517578
2016-03-31,101124.62342807837,0.0,0.0,101124.62342807837,101700.51945491643,0.0,112.36599731445312
2016-04-01,101124.62342807837,0.0,0.0,101124.62342807837,101700.51945491643,0.0,112.4800033569336
2016-04-04,101124.62342807837,0.0,0.0,101124.62342807837,101700.51945491643,0.0,111.72200012207033
2016-04-05,101124.62342807837,0.0,0.0,101124.62342807837,101700.51945491643,0.0,111.25
2016-04-06,101124.62342807837,0.0,0.0,101124.62342807837,101700.51945491643,0.0,110.37799835205078
2016-04-07,101124.62342807837,0.0,0.0,101124.62342807837,101700.51945491643,0.0,109.6989974975586
2016-04-08,101124.62342807837,0.0,0.0,101124.62342807837,101700.51945491643,0.0,108.427001953125
2016-04-11,101124.62342807837,0.0,0.0,101124.62342807837,101700.51945491643,0.0,108.31099700927734
2016-04-12,101124.62342807837,0.0,0.0,101124.62342807837,101700.51945491643,0.0,107.93000030517578
2016-04-13,101124.62342807837,0.0,0.0,101124.62342807837,101700.51945491643,0.0,108.63999938964844
2016-04-14,101124.62342807837,0.0,0.0,101124.62342807837,101700.51945491643,0.0,109.41999816894533
2016-04-15,101124.62342807837,0.0,0.0,101124.62342807837,101700.51945491643,0.0,109.31600189208984
2016-04-18,101124.62342807837,0.0,0.0,101124.62342807837,101700.51945491643,0.0,108.01699829101562
2016-04-19,101124.62342807837,0.0,0.0,101124.62342807837,101700.51945491643,0.0,109.072998046875
2016-04-20,101124.62342807837,0.0,0.0,101124.62342807837,101700.51945491643,0.0,109.23999786376952
2016-04-21,101124.62342807837,0.0,0.0,101124.62342807837,101700.51945491643,0.0,109.83799743652344
2016-04-22,101124.62342807837,0.0,0.0,101124.62342807837,101700.51945491643,0.0,109.43699645996094
2016-04-25,101124.62342807837,0.0,0.0,101124.62342807837,101700.51945491643,0.0,111.43599700927734
2016-04-26,101124.62342807837,0.0,0.0,101124.62342807837,101700.51945491643,0.0,111.13600158691406
2016-04-27,101124.62342807837,0.0,0.0,101124.62342807837,101700.51945491643,0.0,111.2300033569336
2016-04-28,101124.62342807837,0.0,0.0,101124.62342807837,101700.51945491643,0.0,111.5199966430664
2016-04-29,101124.62342807837,0.0,0.0,101124.62342807837,101700.51945491643,0.0,108.07599639892578
2016-05-02,101124.62342807837,0.0,0.0,101124.62342807837,101700.51945491643,0.0,106.4530029296875
2016-05-03,101124.62342807837,0.0,0.0,101124.62342807837,101700.51945491643,0.0,106.39600372314452
2016-05-04,101124.62342807837,0.0,0.0,101124.62342807837,101700.51945491643,0.0,106.68000030517578
2016-05-05,101124.62342807837,0.0,0.0,101124.62342807837,101700.51945491643,0.0,106.91999816894533
2016-05-06,101124.62342807837,0.0,0.0,101124.62342807837,101700.51945491643,0.0,107.2750015258789
2016-05-09,101124.62342807837,0.0,0.0,101124.62342807837,101700.51945491643,0.0,107.36000061035156
2016-05-10,101124.62342807837,0.0,0.0,101124.62342807837,101700.51945491643,0.0,108.33100128173828
2016-05-11,101124.62342807837,0.0,0.0,101124.62342807837,101700.51945491643,0.0,109.19400024414062
2016-05-12,101124.62342807837,0.0,0.0,101124.62342807837,101700.51945491643,0.0,108.41500091552734
2016-05-13,101124.62342807837,0.0,0.0,101124.62342807837,101700.51945491643,0.0,109.0999984741211
2016-05-16,101124.62342807837,0.0,0.0,101124.62342807837,101700.51945491643,0.0,108.66100311279295
2016-05-17,101124.62342807837,0.0,0.0,101124.62342807837,101700.51945491643,0.0,109.08000183105467
2016-05-18,101124.62342807837,0.0,0.0,101124.62342807837,101700.51945491643,0.0,108.9499969482422
2016-05-19,101124.62342807837,0.0,0.0,101124.62342807837,101700.51945491643,0.0,110.13999938964844
2016-05-20,101124.62342807837,0.0,0.0,101124.62342807837,101700.51945491643,0.0,109.88099670410156
2016-05-23,101124.62342807837,0.0,0.0,101124.62342807837,101700.51945491643,0.0,110.0500030517578
2016-05-24,101124.62342807837,0.0,0.0,101124.62342807837,101700.51945491643,0.0,109.3740005493164
2016-05-25,101124.62342807837,0.0,0.0,101124.62342807837,101700.51945491643,0.0,110.16999816894533
2016-05-26,101124.62342807837,0.0,0.0,101124.62342807837,101700.51945491643,0.0,110.11100006103516
2016-05-27,101124.62342807837,0.0,0.0,101124.62342807837,101700.51945491643,0.0,109.71299743652344
2016-05-31,101124.62342807837,0.0,0.0,101124.62342807837,101700.51945491643,0.0,110.84100341796876
2016-06-01,101124.62342807837,0.0,0.0,101124.62342807837,101700.51945491643,0.0,110.66999816894533
2016-06-02,101124.62342807837,0.0,0.0,101124.62342807837,101700.51945491643,0.0,109.47699737548828
2016-06-03,101124.62342807837,0.0,0.0,101124.62342807837,101700.51945491643,0.0,108.86000061035156
2016-06-06,101124.62342807837,0.0,0.0,101124.62342807837,101700.51945491643,0.0,106.72100067138672
2016-06-07,101124.62342807837,0.0,0.0,101124.62342807837,101700.51945491643,0.0,107.43800354003906
2016-06-08,101124.62342807837,0.0,0.0,101124.62342807837,101700.51945491643,0.0,107.25399780273438
2016-06-09,101124.62342807837,0.0,0.0,101124.62342807837,101700.51945491643,0.0,106.77999877929688
2016-06-10,101124.62342807837,0.0,0.0,101124.62342807837,101700.51945491643,0.0,107.08999633789062
2016-06-13,101124.62342807837,0.0,0.0,101124.62342807837,101700.51945491643,0.0,106.50399780273438
2016-06-14,101124.62342807837,0.0,0.0,101124.62342807837,101700.51945491643,0.0,106.22599792480467
2016-06-15,101124.62342807837,0.0,0.0,101124.62342807837,101700.51945491643,0.0,106.08699798583984
2016-06-16,101124.62342807837,0.0,0.0,101124.62342807837,101700.51945491643,0.0,105.8499984741211
2016-06-17,101124.62342807837,0.0,0.0,101124.62342807837,101700.51945491643,0.0,104.74299621582033
2016-06-20,101124.62342807837,0.0,0.0,101124.62342807837,101700.51945491643,0.0,104.64800262451172
2016-06-21,101124.62342807837,0.0,0.0,101124.62342807837,101700.51945491643,0.0,103.8239974975586
2016-06-22,101124.62342807837,0.0,0.0,101124.62342807837,101700.51945491643,0.0,104.66999816894533
2016-06-23,101124.62342807837,0.0,0.0,101124.62342807837,101700.51945491643,0.0,104.6500015258789
2016-06-24,101124.62342807837,0.0,0.0,101124.62342807837,101700.51945491643,0.0,104.89600372314452
2016-06-27,101124.62342807837,0.0,0.0,101124.62342807837,101700.51945491643,0.0,102.1269989013672
2016-06-28,101124.62342807837,0.0,0.0,101124.62342807837,101700.51945491643,0.0,101.81199645996094
2016-06-29,101124.62342807837,0.0,0.0,101124.62342807837,101700.51945491643,0.0,102.70099639892578
2016-06-30,101124.62342807837,0.0,0.0,101124.62342807837,101700.51945491643,0.0,102.77799987792967
2016-07-01,101124.62342807837,0.0,0.0,101124.62342807837,101700.51945491643,0.0,103.072998046875
2016-07-05,101124.62342807837,0.0,0.0,101124.62342807837,101700.51945491643,0.0,102.51799774169922
2016-07-06,101124.62342807837,0.0,0.0,101124.62342807837,101700.51945491643,0.0,101.14099884033205
2016-07-07,101124.62342807837,0.0,0.0,101124.62342807837,101700.51945491643,0.0,101.1500015258789
2016-07-08,101124.62342807837,0.0,0.0,101124.62342807837,101700.51945491643,0.0,100.79000091552734
2016-07-11,101124.62342807837,0.0,0.0,101124.62342807837,101700.51945491643,0.0,100.69200134277344
2016-07-12,101124.62342807837,0.0,0.0,101124.62342807837,101700.51945491643,0.0,102.52400207519533
2016-07-13,101124.62342807837,0.0,0.0,101124.62342807837,101700.51945491643,0.0,104.75599670410156
2016-07-14,101124.62342807837,0.0,0.0,101124.62342807837,101700.51945491643,0.0,104.07599639892578
2016-07-15,101124.62342807837,0.0,0.0,101124.62342807837,101700.51945491643,0.0,105.19100189208984
2016-07-18,101124.62342807837,0.0,0.0,101124.62342807837,101700.51945491643,0.0,105.45899963378906
2016-07-19,101124.62342807837,0.0,0.0,101124.62342807837,101700.51945491643,0.0,106.14600372314452
2016-07-20,101124.62342807837,0.0,0.0,101124.62342807837,101700.51945491643,0.0,106.13700103759766
2016-07-21,101124.62342807837,0.0,0.0,101124.62342807837,101700.51945491643,0.0,107.2040023803711
2016-07-22,101124.62342807837,0.0,0.0,101124.62342807837,101700.51945491643,0.0,105.81099700927734
2016-07-25,101124.62342807837,0.0,0.0,101124.62342807837,101700.51945491643,0.0,106.32599639892578
2016-07-26,101124.62342807837,0.0,0.0,101124.62342807837,101700.51945491643,0.0,105.5780029296875
2016-07-27,101124.62342807837,0.0,0.0,101124.62342807837,101700.51945491643,0.0,104.8489990234375
2016-07-28,101124.62342807837,0.0,0.0,101124.62342807837,101700.51945491643,0.0,104.95099639892578
2016-07-29,101124.62342807837,0.0,0.0,101124.62342807837,101700.51945491643,0.0,104.74500274658205
2016-08-01,101124.62342807837,0.0,0.0,101124.62342807837,101700.51945491643,0.0,102.33200073242188
2016-08-02,101124.62342807837,0.0,0.0,101124.62342807837,101700.51945491643,0.0,102.35900115966795
2016-08-03,101124.62342807837,0.0,0.0,101124.62342807837,101700.51945491643,0.0,101.06800079345705
2016-08-04,101124.62342807837,0.0,0.0,101124.62342807837,101700.51945491643,0.0,101.33699798583984
2016-08-05,101124.62342807837,0.0,0.0,101124.62342807837,101700.51945491643,0.0,101.1989974975586
2016-08-08,101124.62342807837,0.0,0.0,101124.62342807837,101700.51945491643,0.0,102.1449966430664
2016-08-09,101124.62342807837,0.0,0.0,101124.62342807837,101700.51945491643,0.0,102.28800201416016
2016-08-10,101124.62342807837,0.0,0.0,101124.62342807837,101700.51945491643,0.0,101.91500091552734
2016-08-11,101124.62342807837,0.0,0.0,101124.62342807837,101700.51945491643,0.0,101.13300323486328
2016-08-12,101124.62342807837,0.0,0.0,101124.62342807837,101700.51945491643,0.0,101.80799865722656
2016-08-15,101124.62342807837,0.0,0.0,101124.62342807837,101700.51945491643,0.0,101.28299713134766
2016-08-16,101124.62342807837,0.0,0.0,101124.62342807837,101700.51945491643,0.0,101.23999786376952
2016-08-17,101124.62342807837,0.0,0.0,101124.62342807837,101700.51945491643,0.0,100.1999969482422
2016-08-18,101124.62342807837,0.0,0.0,101124.62342807837,101700.51945491643,0.0,99.90599822998048
2016-08-19,101124.62342807837,0.0,0.0,101124.62342807837,101700.51945491643,0.0,100.11199951171876
2016-08-22,101124.62342807837,0.0,0.0,101124.62342807837,101700.51945491643,0.0,100.5540008544922
2016-08-23,101124.62342807837,0.0,0.0,101124.62342807837,101700.51945491643,0.0,100.2509994506836
2016-08-24,101124.62342807837,0.0,0.0,101124.62342807837,101700.51945491643,0.0,100.31099700927734
2016-08-25,101124.62342807837,0.0,0.0,101124.62342807837,101700.51945491643,0.0,100.552001953125
2016-08-26,101124.62342807837,0.0,0.0,101124.62342807837,101700.51945491643,0.0,100.55500030517578
2016-08-29,101124.62342807837,0.0,0.0,101124.62342807837,101700.51945491643,0.0,101.91999816894533
2016-08-30,101124.62342807837,0.0,0.0,101124.62342807837,101700.51945491643,0.0,101.80899810791016
2016-08-31,101124.62342807837,0.0,0.0,101124.62342807837,101700.51945491643,0.0,102.86799621582033
2016-09-01,101124.62342807837,0.0,0.0,101124.62342807837,101700.51945491643,0.0,103.302001953125
2016-09-02,101124.62342807837,0.0,0.0,101124.62342807837,101700.51945491643,0.0,103.25800323486328
2016-09-06,101124.62342807837,0.0,0.0,101124.62342807837,101700.51945491643,0.0,103.51000213623048
2016-09-07,101124.62342807837,0.0,0.0,101124.62342807837,101700.51945491643,0.0,101.5250015258789
2016-09-08,101124.62342807837,0.0,0.0,101124.62342807837,101700.51945491643,0.0,101.8290023803711
2016-09-09,101124.62342807837,0.0,0.0,101124.62342807837,101700.51945491643,0.0,102.30599975585938
2016-09-12,101124.62342807837,0.0,0.0,101124.62342807837,101700.51945491643,0.0,102.43800354003906
2016-09-13,101124.62342807837,0.0,0.0,101124.62342807837,101700.51945491643,0.0,101.7509994506836
2016-09-14,101124.62342807837,0.0,0.0,101124.62342807837,101700.51945491643,0.0,102.50399780273438
2016-09-15,101124.62342807837,0.0,0.0,101124.62342807837,101700.51945491643,0.0,102.5479965209961
2016-09-16,101124.62342807837,0.0,0.0,101124.62342807837,101700.51945491643,0.0,102.00800323486328
2016-09-19,101124.62342807837,0.0,0.0,101124.62342807837,101700.51945491643,0.0,102.30699920654295
2016-09-20,101124.62342807837,0.0,0.0,101124.62342807837,101700.51945491643,0.0,101.84600067138672
2016-09-21,101124.62342807837,0.0,0.0,101124.62342807837,101700.51945491643,0.0,101.5469970703125
2016-09-22,101124.62342807837,0.0,0.0,101124.62342807837,101700.51945491643,0.0,100.39299774169922
2016-09-23,101124.62342807837,0.0,0.0,101124.62342807837,101700.51945491643,0.0,100.83100128173828
2016-09-26,101124.62342807837,0.0,0.0,101124.62342807837,101700.51945491643,0.0,100.88899993896484
2016-09-27,101124.62342807837,0.0,0.0,101124.62342807837,101700.51945491643,0.0,100.35900115966795
2016-09-28,101124.62342807837,0.0,0.0,101124.62342807837,101700.51945491643,0.0,100.46800231933594
2016-09-29,101124.62342807837,0.0,0.0,101124.62342807837,101700.51945491643,0.0,100.93499755859376
2016-09-30,101124.62342807837,0.0,0.0,101124.62342807837,101700.51945491643,0.0,101.1989974975586
2016-10-03,101124.62342807837,0.0,0.0,101124.62342807837,101700.51945491643,0.0,101.56300354003906
2016-10-04,101124.62342807837,0.0,0.0,101124.62342807837,101700.51945491643,0.0,101.81700134277344
2016-10-05,101124.62342807837,0.0,0.0,101124.62342807837,101700.51945491643,0.0,102.87999725341795
2016-10-06,101124.62342807837,0.0,0.0,101124.62342807837,101700.51945491643,0.0,103.45999908447266
2016-10-07,101124.62342807837,0.0,0.0,101124.62342807837,101700.51945491643,0.0,103.76499938964844
2016-10-10,101124.62342807837,0.0,0.0,101124.62342807837,101700.51945491643,0.0,103.01799774169922
2016-10-11,101124.62342807837,0.0,0.0,101124.62342807837,101700.51945491643,0.0,103.6969985961914
2016-10-12,101124.62342807837,0.0,0.0,101124.62342807837,101700.51945491643,0.0,103.34200286865234
2016-10-13,101124.62342807837,0.0,0.0,101124.62342807837,101700.51945491643,0.0,104.3040008544922
2016-10-14,101124.62342807837,0.0,0.0,101124.62342807837,101700.51945491643,0.0,103.72200012207033
2016-10-17,101124.62342807837,0.0,0.0,101124.62342807837,101700.51945491643,0.0,104.03900146484376
2016-10-18,101124.62342807837,0.0,0.0,101124.62342807837,101700.51945491643,0.0,103.85099792480467
2016-10-19,101124.62342807837,0.0,0.0,101124.62342807837,101700.51945491643,0.0,103.86499786376952
2016-10-20,101124.62342807837,0.0,0.0,101124.62342807837,101700.51945491643,0.0,103.39099884033205
2016-10-21,101124.62342807837,0.0,0.0,101124.62342807837,101700.51945491643,0.0,104.10900115966795
2016-10-24,101124.62342807837,0.0,0.0,101124.62342807837,101700.51945491643,0.0,103.91699981689452
2016-10-25,101124.62342807837,0.0,0.0,101124.62342807837,101700.51945491643,0.0,104.3209991455078
2016-10-26,101124.62342807837,0.0,0.0,101124.62342807837,101700.51945491643,0.0,104.15399932861328
2016-10-27,101124.62342807837,0.0,0.0,101124.62342807837,101700.51945491643,0.0,104.56300354003906
2016-10-28,101124.62342807837,0.0,0.0,101124.62342807837,101700.51945491643,0.0,105.20899963378906
2016-10-31,101124.62342807837,0.0,0.0,101124.62342807837,101700.51945491643,0.0,104.56500244140624
2016-11-01,101124.62342807837,0.0,0.0,101124.62342807837,101700.51945491643,0.0,104.81999969482422
2016-11-02,101124.62342807837,0.0,0.0,101124.62342807837,101700.51945491643,0.0,104.09200286865234
2016-11-03,101124.62342807837,0.0,0.0,101124.62342807837,101700.51945491643,0.0,103.37799835205078
2016-11-04,101124.62342807837,0.0,0.0,101124.62342807837,101700.51945491643,0.0,103.052001953125
2016-11-07,101124.62342807837,0.0,0.0,101124.62342807837,101700.51945491643,0.0,104.19499969482422
2016-11-08,101124.62342807837,0.0,0.0,101124.62342807837,101700.51945491643,0.0,104.43800354003906
2016-11-09,101124.62342807837,0.0,0.0,101124.62342807837,101700.51945491643,0.0,105.02999877929688
2016-11-10,101124.62342807837,0.0,0.0,101124.62342807837,101700.51945491643,0.0,105.85299682617188
2016-11-11,101124.62342807837,0.0,0.0,101124.62342807837,101700.51945491643,0.0,106.8560028076172
2016-11-14,101124.62342807837,0.0,0.0,101124.62342807837,101700.51945491643,0.0,106.87100219726562
2016-11-15,101124.62342807837,0.0,0.0,101124.62342807837,101700.51945491643,0.0,108.2020034790039
2016-11-16,101124.62342807837,0.0,0.0,101124.62342807837,101700.51945491643,0.0,109.03800201416016
2016-11-17,101124.62342807837,0.0,0.0,101124.62342807837,101700.51945491643,0.0,108.78500366210938
2016-11-18,101124.62342807837,0.0,0.0,101124.62342807837,101700.51945491643,0.0,110.25599670410156
2016-11-21,101124.62342807837,0.0,0.0,101124.62342807837,101700.51945491643,0.0,110.9729995727539
2016-11-22,101124.62342807837,0.0,0.0,101124.62342807837,101700.51945491643,0.0,110.6500015258789
2016-11-23,101124.62342807837,0.0,0.0,101124.62342807837,101700.51945491643,0.0,111.00599670410156
2016-11-25,101124.62342807837,0.0,0.0,101124.62342807837,101700.51945491643,0.0,113.29199981689452
2016-11-28,101124.62342807837,0.0,0.0,101124.62342807837,101700.51945491643,0.0,112.6520004272461
2016-11-29,101124.62342807837,0.0,0.0,101124.62342807837,101700.51945491643,0.0,111.69000244140624
2016-11-30,101124.62342807837,0.0,0.0,101124.62342807837,101700.51945491643,0.0,112.47000122070312
2016-12-01,101124.62342807837,0.0,0.0,101124.62342807837,101700.51945491643,0.0,114.69400024414062
2016-12-02,101124.62342807837,0.0,0.0,101124.62342807837,101700.51945491643,0.0,113.90899658203124
2016-12-05,101124.62342807837,0.0,0.0,101124.62342807837,101700.51945491643,0.0,113.50499725341795
2016-12-06,101124.62342807837,0.0,0.0,101124.62342807837,101700.51945491643,0.0,113.86299896240234
2016-12-07,101124.62342807837,0.0,0.0,101124.62342807837,101700.51945491643,0.0,114.052001953125
2016-12-08,101124.62342807837,0.0,0.0,101124.62342807837,101700.51945491643,0.0,113.71299743652344
2016-12-09,101124.62342807837,0.0,0.0,101124.62342807837,101700.51945491643,0.0,114.0749969482422
2016-12-12,101124.62342807837,0.0,0.0,101124.62342807837,101700.51945491643,0.0,115.41200256347656
2016-12-13,101124.62342807837,0.0,0.0,101124.62342807837,101700.51945491643,0.0,115.0019989013672
2016-12-14,101124.62342807837,0.0,0.0,101124.62342807837,101700.51945491643,0.0,115.2239990234375
2016-12-15,101124.62342807837,0.0,0.0,101124.62342807837,101700.51945491643,0.0,117.21099853515624
2016-12-16,101124.62342807837,0.0,0.0,101124.62342807837,101700.51945491643,0.0,118.24099731445312
2016-12-19,101124.62342807837,0.0,0.0,101124.62342807837,101700.51945491643,0.0,117.79100036621094
2016-12-20,101124.62342807837,0.0,0.0,101124.62342807837,101700.51945491643,0.0,117.03700256347656
2016-12-21,101124.62342807837,0.0,0.0,101124.62342807837,101700.51945491643,0.0,117.875
2016-12-22,101124.62342807837,0.0,0.0,101124.62342807837,101700.51945491643,0.0,117.60399627685548
2016-12-23,101124.62342807837,0.0,0.0,101124.62342807837,101700.51945491643,0.0,117.54199981689452
2016-12-27,101124.62342807837,0.0,0.0,101124.62342807837,101700.51945491643,0.0,117.19200134277344
2016-12-28,101124.62342807837,0.0,0.0,101124.62342807837,101700.51945491643,0.0,117.4800033569336
2016-12-29,101124.62342807837,0.0,0.0,101124.62342807837,101700.51945491643,0.0,117.08699798583984
2016-12-30,101124.62342807837,0.0,0.0,101124.62342807837,101700.51945491643,0.0,116.26699829101562
2017-01-03,101124.62342807837,0.0,0.0,101124.62342807837,101700.51945491643,0.0,117.49500274658205
2017-01-04,101124.62342807837,0.0,0.0,101124.62342807837,101700.51945491643,0.0,117.65899658203124
2017-01-05,101124.62342807837,0.0,0.0,101124.62342807837,101700.51945491643,0.0,117.11299896240234
2017-01-06,101124.62342807837,0.0,0.0,101124.62342807837,101700.51945491643,0.0,115.26499938964844
2017-01-09,101124.62342807837,0.0,0.0,101124.62342807837,101700.51945491643,0.0,117.1500015258789
2017-01-10,101124.62342807837,0.0,0.0,101124.62342807837,101700.51945491643,0.0,115.98500061035156
2017-01-11,101124.62342807837,0.0,0.0,101124.62342807837,101700.51945491643,0.0,115.87200164794922
2017-01-12,101124.62342807837,0.0,0.0,101124.62342807837,101700.51945491643,0.0,115.0979995727539
2017-01-13,101124.62342807837,0.0,0.0,101124.62342807837,101700.51945491643,0.0,114.66400146484376
2017-01-17,101124.62342807837,0.0,0.0,101124.62342807837,101700.51945491643,0.0,114.1520004272461
2017-01-18,101124.62342807837,0.0,0.0,101124.62342807837,101700.51945491643,0.0,112.87799835205078
2017-01-19,101124.62342807837,0.0,0.0,101124.62342807837,101700.51945491643,0.0,114.76200103759766
2017-01-20,101124.62342807837,0.0,0.0,101124.62342807837,101700.51945491643,0.0,114.9800033569336
2017-01-23,101124.62342807837,0.0,0.0,101124.62342807837,101700.51945491643,0.0,113.80999755859376
2017-01-24,101124.62342807837,0.0,0.0,101124.62342807837,101700.51945491643,0.0,112.77999877929688
2017-01-25,101124.62342807837,0.0,0.0,101124.62342807837,101700.51945491643,0.0,113.83999633789062
2017-01-26,101124.62342807837,0.0,0.0,101124.62342807837,101700.51945491643,0.0,113.29299926757812
2017-01-27,101124.62342807837,0.0,0.0,101124.62342807837,101700.51945491643,0.0,114.45500183105467
2017-01-30,101124.62342807837,0.0,0.0,101124.62342807837,101700.51945491643,0.0,114.66799926757812
2017-01-31,101124.62342807837,0.0,0.0,101124.62342807837,101700.51945491643,0.0,113.6500015258789
2017-02-01,101124.62342807837,0.0,0.0,101124.62342807837,101700.51945491643,0.0,112.74299621582033
2017-02-02,101124.62342807837,0.0,0.0,101124.62342807837,101700.51945491643,0.0,113.31099700927734
2017-02-03,101124.62342807837,0.0,0.0,101124.62342807837,101700.51945491643,0.0,112.78900146484376
2017-02-06,101124.62342807837,0.0,0.0,101124.62342807837,101700.51945491643,0.0,112.63899993896484
2017-02-07,101124.62342807837,0.0,0.0,101124.62342807837,101700.51945491643,0.0,111.8270034790039
2017-02-08,101124.62342807837,0.0,0.0,101124.62342807837,101700.51945491643,0.0,112.38700103759766
2017-02-09,101124.62342807837,0.0,0.0,101124.62342807837,101700.51945491643,0.0,111.9520034790039
2017-02-10,101124.62342807837,0.0,0.0,101124.62342807837,101700.51945491643,0.0,113.43399810791016
2017-02-13,101124.62342807837,0.0,0.0,101124.62342807837,101700.51945491643,0.0,113.91400146484376
2017-02-14,101124.62342807837,0.0,0.0,101124.62342807837,101700.51945491643,0.0,113.70500183105467
2017-02-15,101124.62342807837,0.0,0.0,101124.62342807837,101700.51945491643,0.0,114.3010025024414
2017-02-16,101124.62342807837,0.0,0.0,101124.62342807837,101700.51945491643,0.0,114.11199951171876
2017-02-17,101124.62342807837,0.0,0.0,101124.62342807837,101700.51945491643,0.0,113.30500030517578
2017-02-21,101124.62342807837,0.0,0.0,101124.62342807837,101700.51945491643,0.0,113.27999877929688
2017-02-22,101124.62342807837,0.0,0.0,101124.62342807837,101700.51945491643,0.0,113.66899871826172
2017-02-23,101124.62342807837,0.0,0.0,101124.62342807837,101700.51945491643,0.0,113.41699981689452
2017-02-24,101124.62342807837,0.0,0.0,101124.62342807837,101700.51945491643,0.0,112.68199920654295
2017-02-27,101124.62342807837,0.0,0.0,101124.62342807837,101700.51945491643,0.0,112.18800354003906
2017-02-28,101124.62342807837,0.0,0.0,101124.62342807837,101700.51945491643,0.0,112.74500274658205
2017-03-01,101124.62342807837,0.0,0.0,101124.62342807837,101700.51945491643,0.0,113.0770034790039
2017-03-02,101124.62342807837,0.0,0.0,101124.62342807837,101700.51945491643,0.0,114.12100219726562
2017-03-03,101124.62342807837,0.0,0.0,101124.62342807837,101700.51945491643,0.0,114.34200286865234
2017-03-06,101124.62342807837,0.0,0.0,101124.62342807837,101700.51945491643,0.0,113.84700012207033
2017-03-07,101124.62342807837,0.0,0.0,101124.62342807837,101700.51945491643,0.0,113.91699981689452
2017-03-08,101124.62342807837,0.0,0.0,101124.62342807837,101700.51945491643,0.0,113.9260025024414
2017-03-09,101124.62342807837,0.0,0.0,101124.62342807837,101700.51945491643,0.0,114.41100311279295
2017-03-10,101124.62342807837,0.0,0.0,101124.62342807837,101700.51945491643,0.0,115.14900207519533
2017-03-13,101124.62342807837,0.0,0.0,101124.62342807837,101700.51945491643,0.0,114.73200225830078
2017-03-14,101124.62342807837,0.0,0.0,101124.62342807837,101700.51945491643,0.0,114.91500091552734
2017-03-15,101124.62342807837,0.0,0.0,101124.62342807837,101700.51945491643,0.0,114.65899658203124
2017-03-16,101124.62342807837,0.0,0.0,101124.62342807837,101700.51945491643,0.0,113.4020004272461
2017-03-17,101124.62342807837,0.0,0.0,101124.62342807837,101700.51945491643,0.0,113.33999633789062
2017-03-20,101124.62342807837,0.0,0.0,101124.62342807837,101700.51945491643,0.0,112.67400360107422
2017-03-21,101124.62342807837,0.0,0.0,101124.62342807837,101700.51945491643,0.0,112.572998046875
2017-03-22,101124.62342807837,0.0,0.0,101124.62342807837,101700.51945491643,0.0,111.53199768066406
2017-03-23,101124.62342807837,0.0,0.0,101124.62342807837,101700.51945491643,0.0,111.36900329589844
2017-03-24,101124.62342807837,0.0,0.0,101124.62342807837,101700.51945491643,0.0,111.00399780273438
2017-03-27,101124.62342807837,0.0,0.0,101124.62342807837,101700.51945491643,0.0,110.552001953125
2017-03-28,101124.62342807837,0.0,0.0,101124.62342807837,101700.51945491643,0.0,110.77100372314452
2017-03-29,101124.62342807837,0.0,0.0,101124.62342807837,101700.51945491643,0.0,111.22599792480467
2017-03-30,101124.62342807837,0.0,0.0,101124.62342807837,101700.51945491643,0.0,111.15399932861328
2017-03-31,101124.62342807837,0.0,0.0,101124.62342807837,101700.51945491643,0.0,111.7760009765625
2017-04-03,101124.62342807837,0.0,0.0,101124.62342807837,101700.51945491643,0.0,111.26499938964844
2017-04-04,101124.62342807837,0.0,0.0,101124.62342807837,101700.51945491643,0.0,110.70899963378906
2017-04-05,101124.62342807837,0.0,0.0,101124.62342807837,101700.51945491643,0.0,110.85399627685548
2017-04-06,101124.62342807837,0.0,0.0,101124.62342807837,101700.51945491643,0.0,110.38099670410156
2017-04-07,101124.62342807837,0.0,0.0,101124.62342807837,101700.51945491643,0.0,110.89700317382812
2017-04-10,101124.62342807837,0.0,0.0,101124.62342807837,101700.51945491643,0.0,111.2249984741211
2017-04-11,101124.62342807837,0.0,0.0,101124.62342807837,101700.51945491643,0.0,110.71700286865234
2017-04-12,101124.62342807837,0.0,0.0,101124.62342807837,101700.51945491643,0.0,109.58699798583984
2017-04-13,101124.62342807837,0.0,0.0,101124.62342807837,101700.51945491643,0.0,108.9020004272461
2017-04-17,101124.62342807837,0.0,0.0,101124.62342807837,101700.51945491643,0.0,108.322998046875
2017-04-18,101124.62342807837,0.0,0.0,101124.62342807837,101700.51945491643,0.0,109.11199951171876
2017-04-19,101124.62342807837,0.0,0.0,101124.62342807837,101700.51945491643,0.0,108.53500366210938
2017-04-20,101124.62342807837,0.0,0.0,101124.62342807837,101700.51945491643,0.0,108.83399963378906
2017-04-21,101124.62342807837,0.0,0.0,101124.62342807837,101700.51945491643,0.0,109.375
2017-04-24,101124.62342807837,0.0,0.0,101124.62342807837,101700.51945491643,0.0,109.97799682617188
2017-04-25,101124.62342807837,0.0,0.0,101124.62342807837,101700.51945491643,0.0,109.64099884033205
2017-04-26,101124.62342807837,0.0,0.0,101124.62342807837,101700.51945491643,0.0,111.0459976196289
2017-04-27,101124.62342807837,0.0,0.0,101124.62342807837,101700.51945491643,0.0,111.19100189208984
2017-04-28,101124.62342807837,0.0,0.0,101124.62342807837,101700.51945491643,0.0,111.22599792480467
2017-05-01,101124.62342807837,0.0,0.0,101124.62342807837,101700.51945491643,0.0,111.302001953125
2017-05-02,101124.62342807837,0.0,0.0,101124.62342807837,101700.51945491643,0.0,111.81199645996094
2017-05-03,101124.62342807837,0.0,0.0,101124.62342807837,101700.51945491643,0.0,111.96900177001952
2017-05-04,101124.62342807837,0.0,0.0,101124.62342807837,101700.51945491643,0.0,112.78299713134766
2017-05-05,101124.62342807837,0.0,0.0,101124.62342807837,101700.51945491643,0.0,112.53700256347656
2017-05-08,101124.62342807837,0.0,0.0,101124.62342807837,101700.51945491643,0.0,112.68399810791016
2017-05-09,101124.62342807837,0.0,0.0,101124.62342807837,101700.51945491643,0.0,113.2300033569336
2017-05-10,101124.62342807837,0.0,0.0,101124.62342807837,101700.51945491643,0.0,113.697998046875
2017-05-11,101124.62342807837,0.0,0.0,101124.62342807837,101700.51945491643,0.0,114.3280029296875
2017-05-12,101124.62342807837,0.0,0.0,101124.62342807837,101700.51945491643,0.0,113.80899810791016
2017-05-15,101124.62342807837,0.0,0.0,101124.62342807837,101700.51945491643,0.0,113.27100372314452
2017-05-16,101124.62342807837,0.0,0.0,101124.62342807837,101700.51945491643,0.0,113.64199829101562
2017-05-17,101124.62342807837,0.0,0.0,101124.62342807837,101700.51945491643,0.0,112.64600372314452
2017-05-18,101124.62342807837,0.0,0.0,101124.62342807837,101700.51945491643,0.0,111.1259994506836
2017-05-19,101124.62342807837,0.0,0.0,101124.62342807837,101700.51945491643,0.0,111.4010009765625
2017-05-22,101124.62342807837,0.0,0.0,101124.62342807837,101700.51945491643,0.0,111.28399658203124
2017-05-23,101124.62342807837,0.0,0.0,101124.62342807837,101700.51945491643,0.0,110.89099884033205
2017-05-24,101124.62342807837,0.0,0.0,101124.62342807837,101700.51945491643,0.0,111.95700073242188
2017-05-25,101124.62342807837,0.0,0.0,101124.62342807837,101700.51945491643,0.0,111.52400207519533
2017-05-26,101124.62342807837,0.0,0.0,101124.62342807837,101700.51945491643,0.0,111.7300033569336
2017-05-30,101124.62342807837,0.0,0.0,101124.62342807837,101700.51945491643,0.0,111.17400360107422
2017-05-31,101124.62342807837,0.0,0.0,101124.62342807837,101700.51945491643,0.0,110.83899688720705
2017-06-01,101124.62342807837,0.0,0.0,101124.62342807837,101700.51945491643,0.0,110.7959976196289
2017-06-02,101124.62342807837,0.0,0.0,101124.62342807837,101700.51945491643,0.0,111.43699645996094
2017-06-05,101124.62342807837,0.0,0.0,101124.62342807837,101700.51945491643,0.0,110.46299743652344
2017-06-06,101124.62342807837,0.0,0.0,101124.62342807837,101700.51945491643,0.0,110.38099670410156
2017-06-07,101124.62342807837,0.0,0.0,101124.62342807837,101700.51945491643,0.0,109.50900268554688
2017-06-08,101124.62342807837,0.0,0.0,101124.62342807837,101700.51945491643,0.0,109.9000015258789
2017-06-09,101124.62342807837,0.0,0.0,101124.62342807837,101700.51945491643,0.0,109.85900115966795
2017-06-12,101124.62342807837,0.0,0.0,101124.62342807837,101700.51945491643,0.0,110.28800201416016
2017-06-13,101124.62342807837,0.0,0.0,101124.62342807837,101700.51945491643,0.0,109.9209976196289
2017-06-14,101124.62342807837,0.0,0.0,101124.62342807837,101700.51945491643,0.0,110.05500030517578
2017-06-15,101124.62342807837,0.0,0.0,101124.62342807837,101700.51945491643,0.0,109.4459991455078
2017-06-16,101124.62342807837,0.0,0.0,101124.62342807837,101700.51945491643,0.0,110.9520034790039
2017-06-19,101124.62342807837,0.0,0.0,101124.62342807837,101700.51945491643,0.0,110.9540023803711
2017-06-20,101124.62342807837,0.0,0.0,101124.62342807837,101700.51945491643,0.0,111.6729965209961
2017-06-21,101124.62342807837,0.0,0.0,101124.62342807837,101700.51945491643,0.0,111.33399963378906
2017-06-22,101124.62342807837,0.0,0.0,101124.62342807837,101700.51945491643,0.0,111.30999755859376
2017-06-23,101124.62342807837,0.0,0.0,101124.62342807837,101700.51945491643,0.0,111.29000091552734
2017-06-26,101124.62342807837,0.0,0.0,101124.62342807837,101700.51945491643,0.0,111.23899841308594
2017-06-27,101124.62342807837,0.0,0.0,101124.62342807837,101700.51945491643,0.0,111.85800170898438
2017-06-28,101124.62342807837,0.0,0.0,101124.62342807837,101700.51945491643,0.0,112.18800354003906
2017-06-29,101124.62342807837,0.0,0.0,101124.62342807837,101700.51945491643,0.0,112.35399627685548
2017-06-30,101124.62342807837,0.0,0.0,101124.62342807837,101700.51945491643,0.0,112.00900268554688
2017-07-03,101124.62342807837,0.0,0.0,101124.62342807837,101700.51945491643,0.0,112.26200103759766
2017-07-05,101124.62342807837,0.0,0.0,101124.62342807837,101700.51945491643,0.0,112.96199798583984
2017-07-06,101124.62342807837,0.0,0.0,101124.62342807837,101700.51945491643,0.0,113.18699645996094
2017-07-07,101124.62342807837,0.0,0.0,101124.62342807837,101700.51945491643,0.0,113.14900207519533
2017-07-10,101124.62342807837,0.0,0.0,101124.62342807837,101700.51945491643,0.0,113.98500061035156
2017-07-11,101124.62342807837,0.0,0.0,101124.62342807837,101700.51945491643,0.0,113.98500061035156
2017-07-12,101124.62342807837,0.0,0.0,101124.62342807837,101700.51945491643,0.0,113.7480010986328
2017-07-13,101124.62342807837,0.0,0.0,101124.62342807837,101700.51945491643,0.0,113.33499908447266
2017-07-14,101124.62342807837,0.0,0.0,101124.62342807837,101700.51945491643,0.0,113.41799926757812
2017-07-17,101124.62342807837,0.0,0.0,101124.62342807837,101700.51945491643,0.0,112.39700317382812
2017-07-18,101124.62342807837,0.0,0.0,101124.62342807837,101700.51945491643,0.0,112.58100128173828
2017-07-19,101124.62342807837,0.0,0.0,101124.62342807837,101700.51945491643,0.0,111.99500274658205
2017-07-20,101124.62342807837,0.0,0.0,101124.62342807837,101700.51945491643,0.0,111.8769989013672
2017-07-21,101124.62342807837,0.0,0.0,101124.62342807837,101700.51945491643,0.0,111.88500213623048
2017-07-24,101124.62342807837,0.0,0.0,101124.62342807837,101700.51945491643,0.0,110.94499969482422
2017-07-25,101124.62342807837,0.0,0.0,101124.62342807837,101700.51945491643,0.0,111.23200225830078
2017-07-26,101124.62342807837,0.0,0.0,101124.62342807837,101700.51945491643,0.0,112.00299835205078
2017-07-27,101124.62342807837,0.0,0.0,101124.62342807837,101700.51945491643,0.0,111.12799835205078
2017-07-28,101124.62342807837,0.0,0.0,101124.62342807837,101700.51945491643,0.0,111.09700012207033
2017-07-31,101124.62342807837,0.0,0.0,101124.62342807837,101700.51945491643,0.0,110.51000213623048
2017-08-01,101124.62342807837,0.0,0.0,101124.62342807837,101700.51945491643,0.0,110.35900115966795
2017-08-02,101124.62342807837,0.0,0.0,101124.62342807837,101700.51945491643,0.0,110.43199920654295
2017-08-03,101124.62342807837,0.0,0.0,101124.62342807837,101700.51945491643,0.0,110.75700378417967
2017-08-04,101124.62342807837,0.0,0.0,101124.62342807837,101700.51945491643,0.0,109.9000015258789
2017-08-07,101124.62342807837,0.0,0.0,101124.62342807837,101700.51945491643,0.0,110.78600311279295
2017-08-08,101124.62342807837,0.0,0.0,101124.62342807837,101700.51945491643,0.0,110.75
2017-08-09,101124.62342807837,0.0,0.0,101124.62342807837,101700.51945491643,0.0,110.10199737548828
2017-08-10,101124.62342807837,0.0,0.0,101124.62342807837,101700.51945491643,0.0,110.04900360107422
2017-08-11,101124.62342807837,0.0,0.0,101124.62342807837,101700.51945491643,0.0,109.1060028076172
2017-08-14,101124.62342807837,0.0,0.0,101124.62342807837,101700.51945491643,0.0,109.2300033569336
2017-08-15,101124.62342807837,0.0,0.0,101124.62342807837,101700.51945491643,0.0,109.93199920654295
2017-08-16,101124.62342807837,0.0,0.0,101124.62342807837,101700.51945491643,0.0,110.59600067138672
2017-08-17,101124.62342807837,0.0,0.0,101124.62342807837,101700.51945491643,0.0,109.9990005493164
2017-08-18,101124.62342807837,0.0,0.0,101124.62342807837,101700.51945491643,0.0,109.3280029296875
2017-08-21,101124.62342807837,0.0,0.0,101124.62342807837,101700.51945491643,0.0,109.31999969482422
2017-08-22,101124.62342807837,0.0,0.0,101124.62342807837,101700.51945491643,0.0,108.94400024414062
2017-08-23,101124.62342807837,0.0,0.0,101124.62342807837,101700.51945491643,0.0,109.7310028076172
2017-08-24,101124.62342807837,0.0,0.0,101124.62342807837,101700.51945491643,0.0,108.91000366210938
2017-08-25,101124.62342807837,0.0,0.0,101124.62342807837,101700.51945491643,0.0,109.51399993896484
2017-08-28,101124.62342807837,0.0,0.0,101124.62342807837,101700.51945491643,0.0,109.34600067138672
2017-08-29,101124.62342807837,0.0,0.0,101124.62342807837,101700.51945491643,0.0,108.73699951171876
2017-08-30,101124.62342807837,0.0,0.0,101124.62342807837,101700.51945491643,0.0,109.79000091552734
2017-08-31,101124.62342807837,0.0,0.0,101124.62342807837,101700.51945491643,0.0,110.45999908447266
2017-09-01,101124.62342807837,0.0,0.0,101124.62342807837,101700.51945491643,0.0,110.12899780273438
2017-09-05,101124.62342807837,0.0,0.0,101124.62342807837,101700.51945491643,0.0,109.80999755859376
2017-09-06,101124.62342807837,0.0,0.0,101124.62342807837,101700.51945491643,0.0,108.60199737548828
2017-09-07,101124.62342807837,0.0,0.0,101124.62342807837,101700.51945491643,0.0,109.13400268554688
2017-09-08,101124.62342807837,0.0,0.0,101124.62342807837,101700.51945491643,0.0,108.2699966430664
2017-09-11,101124.62342807837,0.0,0.0,101124.62342807837,101700.51945491643,0.0,108.2310028076172
2017-09-12,101124.62342807837,0.0,0.0,101124.62342807837,101700.51945491643,0.0,109.3949966430664
2017-09-13,101124.62342807837,0.0,0.0,101124.62342807837,101700.51945491643,0.0,110.22599792480467
2017-09-14,101124.62342807837,0.0,0.0,101124.62342807837,101700.51945491643,0.0,110.51499938964844
2017-09-15,101124.62342807837,0.0,0.0,101124.62342807837,101700.51945491643,0.0,109.91899871826172
2017-09-18,101124.62342807837,0.0,0.0,101124.62342807837,101700.51945491643,0.0,111.1969985961914
2017-09-19,101124.62342807837,0.0,0.0,101124.62342807837,101700.51945491643,0.0,111.49600219726562
2017-09-20,101124.62342807837,0.0,0.0,101124.62342807837,101700.51945491643,0.0,111.5780029296875
2017-09-21,101124.62342807837,0.0,0.0,101124.62342807837,101700.51945491643,0.0,112.5459976196289
2017-09-22,101124.62342807837,0.0,0.0,101124.62342807837,101700.51945491643,0.0,112.4520034790039
2017-09-25,101124.62342807837,0.0,0.0,101124.62342807837,101700.51945491643,0.0,112.44400024414062
2017-09-26,101124.62342807837,0.0,0.0,101124.62342807837,101700.51945491643,0.0,111.76100158691406
2017-09-27,101124.62342807837,0.0,0.0,101124.62342807837,101700.51945491643,0.0,112.3769989013672
2017-09-28,101124.62342807837,0.0,0.0,101124.62342807837,101700.51945491643,0.0,112.86000061035156
2017-09-29,101124.62342807837,0.0,0.0,101124.62342807837,101700.51945491643,0.0,112.46700286865234
2017-10-02,101124.62342807837,0.0,0.0,101124.62342807837,101700.51945491643,0.0,112.63800048828124
2017-10-03,101124.62342807837,0.0,0.0,101124.62342807837,101700.51945491643,0.0,112.7699966430664
2017-10-04,101124.62342807837,0.0,0.0,101124.62342807837,101700.51945491643,0.0,112.8479995727539
2017-10-05,101124.62342807837,0.0,0.0,101124.62342807837,101700.51945491643,0.0,112.822998046875
2017-10-06,101124.62342807837,0.0,0.0,101124.62342807837,101700.51945491643,0.0,112.77400207519533
2017-10-09,101124.62342807837,0.0,0.0,101124.62342807837,101700.51945491643,0.0,112.5510025024414
2017-10-10,101124.62342807837,0.0,0.0,101124.62342807837,101700.51945491643,0.0,112.65799713134766
2017-10-11,101124.62342807837,0.0,0.0,101124.62342807837,101700.51945491643,0.0,112.34500122070312
2017-10-12,101124.62342807837,0.0,0.0,101124.62342807837,101700.51945491643,0.0,112.43399810791016
2017-10-13,101124.62342807837,0.0,0.0,101124.62342807837,101700.51945491643,0.0,112.23899841308594
2017-10-16,101124.62342807837,0.0,0.0,101124.62342807837,101700.51945491643,0.0,111.88200378417967
2017-10-17,101124.62342807837,0.0,0.0,101124.62342807837,101700.51945491643,0.0,112.19499969482422
2017-10-18,101124.62342807837,0.0,0.0,101124.62342807837,101700.51945491643,0.0,112.21299743652344
2017-10-19,101124.62342807837,0.0,0.0,101124.62342807837,101700.51945491643,0.0,113.01300048828124
2017-10-20,101124.62342807837,0.0,0.0,101124.62342807837,101700.51945491643,0.0,112.68000030517578
2017-10-23,101124.62342807837,0.0,0.0,101124.62342807837,101700.51945491643,0.0,114.0479965209961
2017-10-24,101124.62342807837,0.0,0.0,101124.62342807837,101700.51945491643,0.0,113.33999633789062
2017-10-25,101124.62342807837,0.0,0.0,101124.62342807837,101700.51945491643,0.0,113.9459991455078
2017-10-26,101124.62342807837,0.0,0.0,101124.62342807837,101700.51945491643,0.0,113.55799865722656
2017-10-27,101124.62342807837,0.0,0.0,101124.62342807837,101700.51945491643,0.0,114.1240005493164
2017-10-30,101124.62342807837,0.0,0.0,101124.62342807837,101700.51945491643,0.0,113.73899841308594
2017-10-31,101124.62342807837,0.0,0.0,101124.62342807837,101700.51945491643,0.0,112.99600219726562
2017-11-01,101124.62342807837,0.0,0.0,101124.62342807837,101700.51945491643,0.0,113.6500015258789
2017-11-02,101124.62342807837,0.0,0.0,101124.62342807837,101700.51945491643,0.0,114.1520004272461
2017-11-03,101124.62342807837,0.0,0.0,101124.62342807837,101700.51945491643,0.0,114.01599884033205
2017-11-06,101124.62342807837,0.0,0.0,101124.62342807837,101700.51945491643,0.0,114.1780014038086
2017-11-07,101124.62342807837,0.0,0.0,101124.62342807837,101700.51945491643,0.0,113.77100372314452
2017-11-08,101124.62342807837,0.0,0.0,101124.62342807837,101700.51945491643,0.0,113.76100158691406
2017-11-09,101124.62342807837,0.0,0.0,101124.62342807837,101700.51945491643,0.0,113.927001953125
2017-11-10,101124.62342807837,0.0,0.0,101124.62342807837,101700.51945491643,0.0,113.375
2017-11-13,101124.62342807837,0.0,0.0,101124.62342807837,101700.51945491643,0.0,113.68599700927734
2017-11-14,101124.62342807837,0.0,0.0,101124.62342807837,101700.51945491643,0.0,113.58499908447266
2017-11-15,101124.62342807837,0.0,0.0,101124.62342807837,101700.51945491643,0.0,113.4020004272461
2017-11-16,101124.62342807837,0.0,0.0,101124.62342807837,101700.51945491643,0.0,113.4020004272461
2017-11-17,101124.62342807837,0.0,0.0,101124.62342807837,101700.51945491643,0.0,113.02799987792967
2017-11-20,101124.62342807837,0.0,0.0,101124.62342807837,101700.51945491643,0.0,112.03800201416016
2017-11-21,101124.62342807837,0.0,0.0,101124.62342807837,101700.51945491643,0.0,112.5510025024414
2017-11-22,101124.62342807837,0.0,0.0,101124.62342807837,101700.51945491643,0.0,112.34100341796876
2017-11-24,101124.62342807837,0.0,0.0,101124.62342807837,101700.51945491643,0.0,111.25399780273438
2017-11-27,101124.62342807837,0.0,0.0,101124.62342807837,101700.51945491643,0.0,111.6709976196289
2017-11-28,101124.62342807837,0.0,0.0,101124.62342807837,101700.51945491643,0.0,111.16999816894533
2017-11-29,101124.62342807837,0.0,0.0,101124.62342807837,101700.51945491643,0.0,111.64800262451172
2017-11-30,101124.62342807837,0.0,0.0,101124.62342807837,101700.51945491643,0.0,112.0019989013672
2017-12-01,101124.62342807837,0.0,0.0,101124.62342807837,101700.51945491643,0.0,112.55599975585938
2017-12-04,101124.62342807837,0.0,0.0,101124.62342807837,101700.51945491643,0.0,112.86399841308594
2017-12-05,101124.62342807837,0.0,0.0,101124.62342807837,101700.51945491643,0.0,112.4990005493164
2017-12-06,101124.62342807837,0.0,0.0,101124.62342807837,101700.51945491643,0.0,112.46399688720705
2017-12-07,101124.62342807837,0.0,0.0,101124.62342807837,101700.51945491643,0.0,112.29100036621094
2017-12-08,101124.62342807837,0.0,0.0,101124.62342807837,101700.51945491643,0.0,113.1729965209961
2017-12-11,101124.62342807837,0.0,0.0,101124.62342807837,101700.51945491643,0.0,113.54299926757812
2017-12-12,101124.62342807837,0.0,0.0,101124.62342807837,101700.51945491643,0.0,113.54000091552734
2017-12-13,101124.62342807837,0.0,0.0,101124.62342807837,101700.51945491643,0.0,113.54499816894533
2017-12-14,101124.62342807837,0.0,0.0,101124.62342807837,101700.51945491643,0.0,112.78199768066406
2017-12-15,101124.62342807837,0.0,0.0,101124.62342807837,101700.51945491643,0.0,112.39600372314452
2017-12-18,101124.62342807837,0.0,0.0,101124.62342807837,101700.51945491643,0.0,112.71600341796876
2017-12-19,101124.62342807837,0.0,0.0,101124.62342807837,101700.51945491643,0.0,112.56800079345705
2017-12-20,101124.62342807837,0.0,0.0,101124.62342807837,101700.51945491643,0.0,112.98300170898438
2017-12-21,101124.62342807837,0.0,0.0,101124.62342807837,101700.51945491643,0.0,113.24099731445312
2017-12-22,101124.62342807837,0.0,0.0,101124.62342807837,101700.51945491643,0.0,113.322998046875
2017-12-26,101124.62342807837,0.0,0.0,101124.62342807837,101700.51945491643,0.0,113.3030014038086
2017-12-27,101124.62342807837,0.0,0.0,101124.62342807837,101700.51945491643,0.0,113.2030029296875
2017-12-28,101124.62342807837,0.0,0.0,101124.62342807837,101700.51945491643,0.0,113.21700286865234
2017-12-29,101124.62342807837,0.0,0.0,101124.62342807837,101700.51945491643,0.0,112.875
2018-01-02,101124.62342807837,0.0,0.0,101124.62342807837,101700.51945491643,0.0,112.7699966430664
2018-01-03,101124.62342807837,0.0,0.0,101124.62342807837,101700.51945491643,0.0,112.24400329589844
2018-01-04,101124.62342807837,0.0,0.0,101124.62342807837,101700.51945491643,0.0,112.60700225830078
2018-01-05,101124.62342807837,0.0,0.0,101124.62342807837,101700.51945491643,0.0,112.78299713134766
2018-01-08,101124.62342807837,0.0,0.0,101124.62342807837,101700.51945491643,0.0,113.15399932861328
2018-01-09,101124.62342807837,0.0,0.0,101124.62342807837,101700.51945491643,0.0,113.14099884033205
2018-01-10,101124.62342807837,0.0,0.0,101124.62342807837,101700.51945491643,0.0,112.75499725341795
2018-01-11,101124.62342807837,0.0,0.0,101124.62342807837,101700.51945491643,0.0,111.44400024414062
2018-01-12,101124.62342807837,0.0,0.0,101124.62342807837,101700.51945491643,0.0,111.29399871826172
2018-01-16,101124.62342807837,0.0,0.0,101124.62342807837,101700.51945491643,0.0,110.58100128173828
2018-01-17,101124.62342807837,0.0,0.0,101124.62342807837,101700.51945491643,0.0,110.38800048828124
2018-01-18,101124.62342807837,0.0,0.0,101124.62342807837,101700.51945491643,0.0,111.3759994506836
2018-01-19,101124.62342807837,0.0,0.0,101124.62342807837,101700.51945491643,0.0,111.0260009765625
2018-01-22,101124.62342807837,0.0,0.0,101124.62342807837,101700.51945491643,0.0,110.68399810791016
2018-01-23,101124.62342807837,0.0,0.0,101124.62342807837,101700.51945491643,0.0,110.96600341796876
2018-01-24,101124.62342807837,0.0,0.0,101124.62342807837,101700.51945491643,0.0,110.10700225830078
2018-01-25,101124.62342807837,0.0,0.0,101124.62342807837,101700.51945491643,0.0,109.32599639892578
2018-01-26,101124.62342807837,0.0,0.0,101124.62342807837,101700.51945491643,0.0,109.7040023803711
2018-01-29,101124.62342807837,0.0,0.0,101124.62342807837,101700.51945491643,0.0,108.63899993896484
2018-01-30,101124.62342807837,0.0,0.0,101124.62342807837,101700.51945491643,0.0,108.9260025024414
2018-01-31,101124.62342807837,0.0,0.0,101124.62342807837,101700.51945491643,0.0,108.73200225830078
2018-02-01,101124.62342807837,0.0,0.0,101124.62342807837,101700.51945491643,0.0,109.20099639892578
2018-02-02,101124.62342807837,0.0,0.0,101124.62342807837,101700.51945491643,0.0,109.40599822998048
2018-02-05,101124.62342807837,0.0,0.0,101124.62342807837,101700.51945491643,0.0,110.03500366210938
2018-02-06,50562.311714039184,2.0079553177326663,51756.70680539748,102319.01851943666,103048.5359856473,0.5058366230865057,109.09500122070312
2018-02-07,50562.311714039184,2.0079553177326663,51726.95294183275,102289.26465587193,103018.52827290894,0.5056928810257446,109.6269989013672
2018-02-08,50562.311714039184,2.0079553177326663,49590.9961492628,100153.30786330198,100864.34827159373,0.4951508562947211,109.1959991455078
2018-02-09,50562.311714039184,2.0079553177326663,50028.463419260035,100590.77513329922,101305.54785369021,0.49734643512751686,108.52899932861328
2018-02-12,50562.311714039184,2.0079553177326663,50889.86567628892,101452.17739032811,102174.29928238684,0.5016143269207003,108.8000030517578
2018-02-13,101046.6884634569,0.0,0.0,101046.6884634569,101909.30367600883,0.0,108.69000244140624
2018-02-14,101046.6884634569,0.0,0.0,101046.6884634569,101909.30367600883,0.0,107.76399993896484
2018-02-15,101046.6884634569,0.0,0.0,101046.6884634569,101909.30367600883,0.0,106.58699798583984
2018-02-16,101046.6884634569,0.0,0.0,101046.6884634569,101909.30367600883,0.0,106.11100006103516
2018-02-20,101046.6884634569,0.0,0.0,101046.6884634569,101909.30367600883,0.0,106.70899963378906
2018-02-21,101046.6884634569,0.0,0.0,101046.6884634569,101909.30367600883,0.0,107.38099670410156
2018-02-22,101046.6884634569,0.0,0.0,101046.6884634569,101909.30367600883,0.0,107.55500030517578
2018-02-23,101046.6884634569,0.0,0.0,101046.6884634569,101909.30367600883,0.0,106.81400299072266
2018-02-26,101046.6884634569,0.0,0.0,101046.6884634569,101909.30367600883,0.0,107.0739974975586
2018-02-27,101046.6884634569,0.0,0.0,101046.6884634569,101909.30367600883,0.0,107.06900024414062
2018-02-28,101046.6884634569,0.0,0.0,101046.6884634569,101909.30367600883,0.0,107.4260025024414
2018-03-01,101046.6884634569,0.0,0.0,101046.6884634569,101909.30367600883,0.0,106.63999938964844
2018-03-02,101046.6884634569,0.0,0.0,101046.6884634569,101909.30367600883,0.0,106.16300201416016
2018-03-05,101046.6884634569,0.0,0.0,101046.6884634569,101909.30367600883,0.0,105.55599975585938
2018-03-06,101046.6884634569,0.0,0.0,101046.6884634569,101909.30367600883,0.0,106.25
2018-03-07,101046.6884634569,0.0,0.0,101046.6884634569,101909.30367600883,0.0,105.53700256347656
2018-03-08,101046.6884634569,0.0,0.0,101046.6884634569,101909.30367600883,0.0,106.18599700927734
2018-03-09,101046.6884634569,0.0,0.0,101046.6884634569,101909.30367600883,0.0,106.40599822998048
2018-03-12,101046.6884634569,0.0,0.0,101046.6884634569,101909.30367600883,0.0,106.89099884033205
2018-03-13,101046.6884634569,0.0,0.0,101046.6884634569,101909.30367600883,0.0,106.26000213623048
2018-03-14,101046.6884634569,0.0,0.0,101046.6884634569,101909.30367600883,0.0,106.50800323486328
2018-03-15,101046.6884634569,0.0,0.0,101046.6884634569,101909.30367600883,0.0,106.15499877929688
2018-03-16,101046.6884634569,0.0,0.0,101046.6884634569,101909.30367600883,0.0,106.30899810791016
2018-03-19,101046.6884634569,0.0,0.0,101046.6884634569,101909.30367600883,0.0,105.96900177001952
2018-03-20,101046.6884634569,0.0,0.0,101046.6884634569,101909.30367600883,0.0,105.99600219726562
2018-03-21,101046.6884634569,0.0,0.0,101046.6884634569,101909.30367600883,0.0,106.46900177001952
2018-03-22,101046.6884634569,0.0,0.0,101046.6884634569,101909.30367600883,0.0,105.9290008544922
2018-03-23,101046.6884634569,0.0,0.0,101046.6884634569,101909.30367600883,0.0,104.96800231933594
2018-03-26,101046.6884634569,0.0,0.0,101046.6884634569,101909.30367600883,0.0,104.85900115966795
2018-03-27,101046.6884634569,0.0,0.0,101046.6884634569,101909.30367600883,0.0,105.5
2018-03-28,101046.6884634569,0.0,0.0,101046.6884634569,101909.30367600883,0.0,105.49299621582033
2018-03-29,101046.6884634569,0.0,0.0,101046.6884634569,101909.30367600883,0.0,106.81199645996094
2018-04-02,101046.6884634569,0.0,0.0,101046.6884634569,101909.30367600883,0.0,106.31199645996094
2018-04-03,101046.6884634569,0.0,0.0,101046.6884634569,101909.30367600883,0.0,105.79900360107422
2018-04-04,101046.6884634569,0.0,0.0,101046.6884634569,101909.30367600883,0.0,106.43599700927734
2018-04-05,101046.6884634569,0.0,0.0,101046.6884634569,101909.30367600883,0.0,106.77400207519533
2018-04-06,101046.6884634569,0.0,0.0,101046.6884634569,101909.30367600883,0.0,107.052001953125
2018-04-09,101046.6884634569,0.0,0.0,101046.6884634569,101909.30367600883,0.0,106.96800231933594
2018-04-10,101046.6884634569,0.0,0.0,101046.6884634569,101909.30367600883,0.0,106.7490005493164
2018-04-11,101046.6884634569,0.0,0.0,101046.6884634569,101909.30367600883,0.0,107.11299896240234
2018-04-12,101046.6884634569,0.0,0.0,101046.6884634569,101909.30367600883,0.0,106.8290023803711
2018-04-13,101046.6884634569,0.0,0.0,101046.6884634569,101909.30367600883,0.0,107.22200012207033
2018-04-16,101046.6884634569,0.0,0.0,101046.6884634569,101909.30367600883,0.0,107.4980010986328
2018-04-17,101046.6884634569,0.0,0.0,101046.6884634569,101909.30367600883,0.0,107.0459976196289
2018-04-18,101046.6884634569,0.0,0.0,101046.6884634569,101909.30367600883,0.0,107.01599884033205
2018-04-19,101046.6884634569,0.0,0.0,101046.6884634569,101909.30367600883,0.0,107.34600067138672
2018-04-20,101046.6884634569,0.0,0.0,101046.6884634569,101909.30367600883,0.0,107.43199920654295
2018-04-23,101046.6884634569,0.0,0.0,101046.6884634569,101909.30367600883,0.0,107.86900329589844
2018-04-24,101046.6884634569,0.0,0.0,101046.6884634569,101909.30367600883,0.0,108.76100158691406
2018-04-25,101046.6884634569,0.0,0.0,101046.6884634569,101909.30367600883,0.0,108.8030014038086
2018-04-26,101046.6884634569,0.0,0.0,101046.6884634569,101909.30367600883,0.0,109.36399841308594
2018-04-27,101046.6884634569,0.0,0.0,101046.6884634569,101909.30367600883,0.0,109.3000030517578
2018-04-30,101046.6884634569,0.0,0.0,101046.6884634569,101909.30367600883,0.0,109.0979995727539
2018-05-01,101046.6884634569,0.0,0.0,101046.6884634569,101909.30367600883,0.0,109.322998046875
2018-05-02,101046.6884634569,0.0,0.0,101046.6884634569,101909.30367600883,0.0,109.87200164794922
2018-05-03,101046.6884634569,0.0,0.0,101046.6884634569,101909.30367600883,0.0,109.8270034790039
2018-05-04,101046.6884634569,0.0,0.0,101046.6884634569,101909.30367600883,0.0,109.09600067138672
2018-05-07,101046.6884634569,0.0,0.0,101046.6884634569,101909.30367600883,0.0,109.14600372314452
2018-05-08,101046.6884634569,0.0,0.0,101046.6884634569,101909.30367600883,0.0,108.94300079345705
2018-05-09,101046.6884634569,0.0,0.0,101046.6884634569,101909.30367600883,0.0,109.02400207519533
2018-05-10,101046.6884634569,0.0,0.0,101046.6884634569,101909.30367600883,0.0,109.84700012207033
2018-05-11,101046.6884634569,0.0,0.0,101046.6884634569,101909.30367600883,0.0,109.43599700927734
2018-05-14,101046.6884634569,0.0,0.0,101046.6884634569,101909.30367600883,0.0,109.33799743652344
2018-05-15,101046.6884634569,0.0,0.0,101046.6884634569,101909.30367600883,0.0,109.7310028076172
2018-05-16,101046.6884634569,0.0,0.0,101046.6884634569,101909.30367600883,0.0,110.2969970703125
2018-05-17,101046.6884634569,0.0,0.0,101046.6884634569,101909.30367600883,0.0,110.35900115966795
2018-05-18,101046.6884634569,0.0,0.0,101046.6884634569,101909.30367600883,0.0,110.8280029296875
2018-05-21,101046.6884634569,0.0,0.0,101046.6884634569,101909.30367600883,0.0,110.87999725341795
2018-05-22,101046.6884634569,0.0,0.0,101046.6884634569,101909.30367600883,0.0,110.97799682617188
2018-05-23,101046.6884634569,0.0,0.0,101046.6884634569,101909.30367600883,0.0,110.72599792480467
2018-05-24,101046.6884634569,0.0,0.0,101046.6884634569,101909.30367600883,0.0,109.86900329589844
2018-05-25,101046.6884634569,0.0,0.0,101046.6884634569,101909.30367600883,0.0,109.31199645996094
2018-05-29,101046.6884634569,0.0,0.0,101046.6884634569,101909.30367600883,0.0,109.38899993896484
2018-05-30,101046.6884634569,0.0,0.0,101046.6884634569,101909.30367600883,0.0,108.3939971923828
2018-05-31,101046.6884634569,0.0,0.0,101046.6884634569,101909.30367600883,0.0,108.71199798583984
2018-06-01,101046.6884634569,0.0,0.0,101046.6884634569,101909.30367600883,0.0,108.7490005493164
2018-06-04,101046.6884634569,0.0,0.0,101046.6884634569,101909.30367600883,0.0,109.5979995727539
2018-06-05,101046.6884634569,0.0,0.0,101046.6884634569,101909.30367600883,0.0,109.96299743652344
2018-06-06,101046.6884634569,0.0,0.0,101046.6884634569,101909.30367600883,0.0,109.85900115966795
2018-06-07,101046.6884634569,0.0,0.0,101046.6884634569,101909.30367600883,0.0,110.125
2018-06-08,101046.6884634569,0.0,0.0,101046.6884634569,101909.30367600883,0.0,109.69400024414062
2018-06-11,101046.6884634569,0.0,0.0,101046.6884634569,101909.30367600883,0.0,109.44300079345705
2018-06-12,101046.6884634569,0.0,0.0,101046.6884634569,101909.30367600883,0.0,110.38600158691406
2018-06-13,101046.6884634569,0.0,0.0,101046.6884634569,101909.30367600883,0.0,110.4520034790039
2018-06-14,101046.6884634569,0.0,0.0,101046.6884634569,101909.30367600883,0.0,110.24199676513672
2018-06-15,101046.6884634569,0.0,0.0,101046.6884634569,101909.30367600883,0.0,110.6449966430664
2018-06-18,101046.6884634569,0.0,0.0,101046.6884634569,101909.30367600883,0.0,110.61699676513672
2018-06-19,101046.6884634569,0.0,0.0,101046.6884634569,101909.30367600883,0.0,110.13800048828124
2018-06-20,101046.6884634569,0.0,0.0,101046.6884634569,101909.30367600883,0.0,110.0709991455078
2018-06-21,101046.6884634569,0.0,0.0,101046.6884634569,101909.30367600883,0.0,110.35199737548828
2018-06-22,101046.6884634569,0.0,0.0,101046.6884634569,101909.30367600883,0.0,109.9520034790039
2018-06-25,101046.6884634569,0.0,0.0,101046.6884634569,101909.30367600883,0.0,109.93699645996094
2018-06-26,101046.6884634569,0.0,0.0,101046.6884634569,101909.30367600883,0.0,109.64299774169922
2018-06-27,101046.6884634569,0.0,0.0,101046.6884634569,101909.30367600883,0.0,110.09700012207033
2018-06-28,101046.6884634569,0.0,0.0,101046.6884634569,101909.30367600883,0.0,110.21499633789062
2018-06-29,101046.6884634569,0.0,0.0,101046.6884634569,101909.30367600883,0.0,110.48600006103516
2018-07-02,101046.6884634569,0.0,0.0,101046.6884634569,101909.30367600883,0.0,110.70999908447266
2018-07-03,101046.6884634569,0.0,0.0,101046.6884634569,101909.30367600883,0.0,110.87100219726562
2018-07-05,101046.6884634569,0.0,0.0,101046.6884634569,101909.30367600883,0.0,110.5019989013672
2018-07-06,101046.6884634569,0.0,0.0,101046.6884634569,101909.30367600883,0.0,110.5790023803711
2018-07-09,101046.6884634569,0.0,0.0,101046.6884634569,101909.30367600883,0.0,110.4219970703125
2018-07-10,101046.6884634569,0.0,0.0,101046.6884634569,101909.30367600883,0.0,110.9530029296875
2018-07-11,101046.6884634569,0.0,0.0,101046.6884634569,101909.30367600883,0.0,110.83100128173828
2018-07-12,101046.6884634569,0.0,0.0,101046.6884634569,101909.30367600883,0.0,111.95800018310548
2018-07-13,101046.6884634569,0.0,0.0,101046.6884634569,101909.30367600883,0.0,112.66500091552734
2018-07-16,101046.6884634569,0.0,0.0,101046.6884634569,101909.30367600883,0.0,112.39900207519533
2018-07-17,101046.6884634569,0.0,0.0,101046.6884634569,101909.30367600883,0.0,112.3740005493164
2018-07-18,101046.6884634569,0.0,0.0,101046.6884634569,101909.30367600883,0.0,113.01200103759766
2018-07-19,101046.6884634569,0.0,0.0,101046.6884634569,101909.30367600883,0.0,112.79100036621094
2018-07-20,101046.6884634569,0.0,0.0,101046.6884634569,101909.30367600883,0.0,112.36299896240234
2018-07-23,101046.6884634569,0.0,0.0,101046.6884634569,101909.30367600883,0.0,111.0530014038086
2018-07-24,101046.6884634569,0.0,0.0,101046.6884634569,101909.30367600883,0.0,111.45999908447266
2018-07-25,101046.6884634569,0.0,0.0,101046.6884634569,101909.30367600883,0.0,111.24099731445312
2018-07-26,101046.6884634569,0.0,0.0,101046.6884634569,101909.30367600883,0.0,110.84500122070312
2018-07-27,101046.6884634569,0.0,0.0,101046.6884634569,101909.30367600883,0.0,111.14600372314452
2018-07-30,101046.6884634569,0.0,0.0,101046.6884634569,101909.30367600883,0.0,110.93399810791016
2018-07-31,101046.6884634569,0.0,0.0,101046.6884634569,101909.30367600883,0.0,110.99400329589844
2018-08-01,101046.6884634569,0.0,0.0,101046.6884634569,101909.30367600883,0.0,111.80799865722656
2018-08-02,101046.6884634569,0.0,0.0,101046.6884634569,101909.30367600883,0.0,111.62000274658205
2018-08-03,101046.6884634569,0.0,0.0,101046.6884634569,101909.30367600883,0.0,111.69000244140624
2018-08-06,101046.6884634569,0.0,0.0,101046.6884634569,101909.30367600883,0.0,111.23400115966795
2018-08-07,101046.6884634569,0.0,0.0,101046.6884634569,101909.30367600883,0.0,111.33999633789062
2018-08-08,101046.6884634569,0.0,0.0,101046.6884634569,101909.30367600883,0.0,111.34500122070312
2018-08-09,101046.6884634569,0.0,0.0,101046.6884634569,101909.30367600883,0.0,110.89199829101562
2018-08-10,101046.6884634569,0.0,0.0,101046.6884634569,101909.30367600883,0.0,111.09100341796876
2018-08-13,101046.6884634569,0.0,0.0,101046.6884634569,101909.30367600883,0.0,110.62899780273438
2018-08-14,101046.6884634569,0.0,0.0,101046.6884634569,101909.30367600883,0.0,110.66100311279295
2018-08-15,101046.6884634569,0.0,0.0,101046.6884634569,101909.30367600883,0.0,111.24600219726562
2018-08-16,101046.6884634569,0.0,0.0,101046.6884634569,101909.30367600883,0.0,110.57599639892578
2018-08-17,101046.6884634569,0.0,0.0,101046.6884634569,101909.30367600883,0.0,111.00399780273438
2018-08-20,101046.6884634569,0.0,0.0,101046.6884634569,101909.30367600883,0.0,110.4749984741211
2018-08-21,101046.6884634569,0.0,0.0,101046.6884634569,101909.30367600883,0.0,109.947998046875
2018-08-22,101046.6884634569,0.0,0.0,101046.6884634569,101909.30367600883,0.0,110.13400268554688
2018-08-23,101046.6884634569,0.0,0.0,101046.6884634569,101909.30367600883,0.0,110.58799743652344
2018-08-24,101046.6884634569,0.0,0.0,101046.6884634569,101909.30367600883,0.0,111.36699676513672
2018-08-27,101046.6884634569,0.0,0.0,101046.6884634569,101909.30367600883,0.0,111.28199768066406
2018-08-28,101046.6884634569,0.0,0.0,101046.6884634569,101909.30367600883,0.0,111.13700103759766
2018-08-29,101046.6884634569,0.0,0.0,101046.6884634569,101909.30367600883,0.0,111.16200256347656
2018-08-30,101046.6884634569,0.0,0.0,101046.6884634569,101909.30367600883,0.0,111.71199798583984
2018-08-31,101046.6884634569,0.0,0.0,101046.6884634569,101909.30367600883,0.0,110.9990005493164
2018-09-04,101046.6884634569,0.0,0.0,101046.6884634569,101909.30367600883,0.0,111.08799743652344
2018-09-05,101046.6884634569,0.0,0.0,101046.6884634569,101909.30367600883,0.0,111.46099853515624
2018-09-06,101046.6884634569,0.0,0.0,101046.6884634569,101909.30367600883,0.0,111.4489974975586
2018-09-07,101046.6884634569,0.0,0.0,101046.6884634569,101909.30367600883,0.0,110.49500274658205
2018-09-10,101046.6884634569,0.0,0.0,101046.6884634569,101909.30367600883,0.0,110.91999816894533
2018-09-11,101046.6884634569,0.0,0.0,101046.6884634569,101909.30367600883,0.0,111.14800262451172
2018-09-12,101046.6884634569,0.0,0.0,101046.6884634569,101909.30367600883,0.0,111.60700225830078
2018-09-13,101046.6884634569,0.0,0.0,101046.6884634569,101909.30367600883,0.0,111.22000122070312
2018-09-14,101046.6884634569,0.0,0.0,101046.6884634569,101909.30367600883,0.0,112.01200103759766
2018-09-17,101046.6884634569,0.0,0.0,101046.6884634569,101909.30367600883,0.0,111.9530029296875
2018-09-18,101046.6884634569,0.0,0.0,101046.6884634569,101909.30367600883,0.0,111.69000244140624
2018-09-19,101046.6884634569,0.0,0.0,101046.6884634569,101909.30367600883,0.0,112.2770004272461
2018-09-20,101046.6884634569,0.0,0.0,101046.6884634569,101909.30367600883,0.0,112.31700134277344
2018-09-21,101046.6884634569,0.0,0.0,101046.6884634569,101909.30367600883,0.0,112.49500274658205
2018-09-24,101046.6884634569,0.0,0.0,101046.6884634569,101909.30367600883,0.0,112.52400207519533
2018-09-25,101046.6884634569,0.0,0.0,101046.6884634569,101909.30367600883,0.0,112.78600311279295
2018-09-26,101046.6884634569,0.0,0.0,101046.6884634569,101909.30367600883,0.0,112.96900177001952
2018-09-27,101046.6884634569,0.0,0.0,101046.6884634569,101909.30367600883,0.0,112.7040023803711
2018-09-28,101046.6884634569,0.0,0.0,101046.6884634569,101909.30367600883,0.0,113.35700225830078
2018-10-01,101046.6884634569,0.0,0.0,101046.6884634569,101909.30367600883,0.0,113.7959976196289
2018-10-02,101046.6884634569,0.0,0.0,101046.6884634569,101909.30367600883,0.0,113.9459991455078
2018-10-03,101046.6884634569,0.0,0.0,101046.6884634569,101909.30367600883,0.0,113.5770034790039
2018-10-04,101046.6884634569,0.0,0.0,101046.6884634569,101909.30367600883,0.0,114.48600006103516
2018-10-05,101046.6884634569,0.0,0.0,101046.6884634569,101909.30367600883,0.0,113.8939971923828
2018-10-08,101046.6884634569,0.0,0.0,101046.6884634569,101909.30367600883,0.0,113.71499633789062
2018-10-09,101046.6884634569,0.0,0.0,101046.6884634569,101909.30367600883,0.0,113.09700012207033
2018-10-10,101046.6884634569,0.0,0.0,101046.6884634569,101909.30367600883,0.0,112.9980010986328
2018-10-11,101046.6884634569,0.0,0.0,101046.6884634569,101909.30367600883,0.0,112.09200286865234
2018-10-12,101046.6884634569,0.0,0.0,101046.6884634569,101909.30367600883,0.0,112.08000183105467
2018-10-15,101046.6884634569,0.0,0.0,101046.6884634569,101909.30367600883,0.0,112.19200134277344
2018-10-16,101046.6884634569,0.0,0.0,101046.6884634569,101909.30367600883,0.0,111.84100341796876
2018-10-17,101046.6884634569,0.0,0.0,101046.6884634569,101909.30367600883,0.0,112.34200286865234
2018-10-18,101046.6884634569,0.0,0.0,101046.6884634569,101909.30367600883,0.0,112.62799835205078
2018-10-19,101046.6884634569,0.0,0.0,101046.6884634569,101909.30367600883,0.0,112.18499755859376
2018-10-22,101046.6884634569,0.0,0.0,101046.6884634569,101909.30367600883,0.0,112.4800033569336
2018-10-23,101046.6884634569,0.0,0.0,101046.6884634569,101909.30367600883,0.0,112.75700378417967
2018-10-24,101046.6884634569,0.0,0.0,101046.6884634569,101909.30367600883,0.0,112.44400024414062
2018-10-25,101046.6884634569,0.0,0.0,101046.6884634569,101909.30367600883,0.0,112.01200103759766
2018-10-26,101046.6884634569,0.0,0.0,101046.6884634569,101909.30367600883,0.0,112.3499984741211
2018-10-29,101046.6884634569,0.0,0.0,101046.6884634569,101909.30367600883,0.0,111.90799713134766
2018-10-30,101046.6884634569,0.0,0.0,101046.6884634569,101909.30367600883,0.0,112.3239974975586
2018-10-31,101046.6884634569,0.0,0.0,101046.6884634569,101909.30367600883,0.0,113.052001953125
2018-11-01,101046.6884634569,0.0,0.0,101046.6884634569,101909.30367600883,0.0,112.85099792480467
2018-11-02,101046.6884634569,0.0,0.0,101046.6884634569,101909.30367600883,0.0,112.71499633789062
2018-11-05,101046.6884634569,0.0,0.0,101046.6884634569,101909.30367600883,0.0,113.13899993896484
2018-11-06,101046.6884634569,0.0,0.0,101046.6884634569,101909.30367600883,0.0,113.24600219726562
2018-11-07,101046.6884634569,0.0,0.0,101046.6884634569,101909.30367600883,0.0,113.36299896240234
2018-11-08,101046.6884634569,0.0,0.0,101046.6884634569,101909.30367600883,0.0,113.5469970703125
2018-11-09,101046.6884634569,0.0,0.0,101046.6884634569,101909.30367600883,0.0,113.9530029296875
2018-11-12,101046.6884634569,0.0,0.0,101046.6884634569,101909.30367600883,0.0,113.84600067138672
2018-11-13,101046.6884634569,0.0,0.0,101046.6884634569,101909.30367600883,0.0,113.6959991455078
2018-11-14,101046.6884634569,0.0,0.0,101046.6884634569,101909.30367600883,0.0,113.78900146484376
2018-11-15,101046.6884634569,0.0,0.0,101046.6884634569,101909.30367600883,0.0,113.56400299072266
2018-11-16,101046.6884634569,0.0,0.0,101046.6884634569,101909.30367600883,0.0,113.55500030517578
2018-11-19,101046.6884634569,0.0,0.0,101046.6884634569,101909.30367600883,0.0,112.7300033569336
2018-11-20,101046.6884634569,0.0,0.0,101046.6884634569,101909.30367600883,0.0,112.44300079345705
2018-11-21,101046.6884634569,0.0,0.0,101046.6884634569,101909.30367600883,0.0,112.7030029296875
2018-11-23,101046.6884634569,0.0,0.0,101046.6884634569,101909.30367600883,0.0,112.97799682617188
2018-11-26,101046.6884634569,0.0,0.0,101046.6884634569,101909.30367600883,0.0,112.91899871826172
2018-11-27,101046.6884634569,0.0,0.0,101046.6884634569,101909.30367600883,0.0,113.50399780273438
2018-11-28,101046.6884634569,0.0,0.0,101046.6884634569,101909.30367600883,0.0,113.76699829101562
2018-11-29,101046.6884634569,0.0,0.0,101046.6884634569,101909.30367600883,0.0,113.55500030517578
2018-11-30,101046.6884634569,0.0,0.0,101046.6884634569,101909.30367600883,0.0,113.41100311279295
2018-12-03,101046.6884634569,0.0,0.0,101046.6884634569,101909.30367600883,0.0,113.76300048828124
2018-12-04,101046.6884634569,0.0,0.0,101046.6884634569,101909.30367600883,0.0,113.58699798583984
2018-12-06,101046.6884634569,0.0,0.0,101046.6884634569,101909.30367600883,0.0,113.0510025024414
2018-12-07,101046.6884634569,0.0,0.0,101046.6884634569,101909.30367600883,0.0,112.68900299072266
2018-12-10,101046.6884634569,0.0,0.0,101046.6884634569,101909.30367600883,0.0,112.5019989013672
2018-12-11,101046.6884634569,0.0,0.0,101046.6884634569,101909.30367600883,0.0,113.18099975585938
2018-12-12,101046.6884634569,0.0,0.0,101046.6884634569,101909.30367600883,0.0,113.38400268554688
2018-12-13,101046.6884634569,0.0,0.0,101046.6884634569,101909.30367600883,0.0,113.28500366210938
2018-12-14,101046.6884634569,0.0,0.0,101046.6884634569,101909.30367600883,0.0,113.55999755859376
2018-12-17,101046.6884634569,0.0,0.0,101046.6884634569,101909.30367600883,0.0,113.38999938964844
2018-12-18,101046.6884634569,0.0,0.0,101046.6884634569,101909.30367600883,0.0,112.8290023803711
2018-12-19,101046.6884634569,0.0,0.0,101046.6884634569,101909.30367600883,0.0,112.52400207519533
2018-12-20,101046.6884634569,0.0,0.0,101046.6884634569,101909.30367600883,0.0,112.41000366210938
2018-12-21,101046.6884634569,0.0,0.0,101046.6884634569,101909.30367600883,0.0,111.1709976196289
2018-12-24,101046.6884634569,0.0,0.0,101046.6884634569,101909.30367600883,0.0,111.0540008544922
2018-12-26,101046.6884634569,0.0,0.0,101046.6884634569,101909.30367600883,0.0,110.4020004272461
2018-12-27,101046.6884634569,0.0,0.0,101046.6884634569,101909.30367600883,0.0,111.20600128173828
2018-12-28,101046.6884634569,0.0,0.0,101046.6884634569,101909.30367600883,0.0,110.8550033569336
2018-12-31,101046.6884634569,0.0,0.0,101046.6884634569,101909.30367600883,0.0,110.33000183105467
2019-01-02,101046.6884634569,0.0,0.0,101046.6884634569,101909.30367600883,0.0,109.66799926757812
2019-01-03,101046.6884634569,0.0,0.0,101046.6884634569,101909.30367600883,0.0,107.44100189208984
2019-01-04,101046.6884634569,0.0,0.0,101046.6884634569,101909.30367600883,0.0,107.80799865722656
2019-01-07,101046.6884634569,0.0,0.0,101046.6884634569,101909.30367600883,0.0,108.52200317382812
2019-01-08,101046.6884634569,0.0,0.0,101046.6884634569,101909.30367600883,0.0,108.61599731445312
2019-01-09,101046.6884634569,0.0,0.0,101046.6884634569,101909.30367600883,0.0,108.7760009765625
2019-01-10,101046.6884634569,0.0,0.0,101046.6884634569,101909.30367600883,0.0,108.18900299072266
2019-01-11,101046.6884634569,0.0,0.0,101046.6884634569,101909.30367600883,0.0,108.2979965209961
2019-01-14,101046.6884634569,0.0,0.0,101046.6884634569,101909.30367600883,0.0,108.45800018310548
2019-01-15,101046.6884634569,0.0,0.0,101046.6884634569,101909.30367600883,0.0,108.25
2019-01-16,101046.6884634569,0.0,0.0,101046.6884634569,101909.30367600883,0.0,108.6439971923828
2019-01-17,101046.6884634569,0.0,0.0,101046.6884634569,101909.30367600883,0.0,109.03700256347656
2019-01-18,101046.6884634569,0.0,0.0,101046.6884634569,101909.30367600883,0.0,109.15299987792967
2019-01-22,101046.6884634569,0.0,0.0,101046.6884634569,101909.30367600883,0.0,109.66999816894533
2019-01-23,101046.6884634569,0.0,0.0,101046.6884634569,101909.30367600883,0.0,109.3550033569336
2019-01-24,101046.6884634569,0.0,0.0,101046.6884634569,101909.30367600883,0.0,109.49199676513672
2019-01-25,101046.6884634569,0.0,0.0,101046.6884634569,101909.30367600883,0.0,109.59700012207033
2019-01-28,101046.6884634569,0.0,0.0,101046.6884634569,101909.30367600883,0.0,109.4000015258789
2019-01-29,101046.6884634569,0.0,0.0,101046.6884634569,101909.30367600883,0.0,109.25399780273438
2019-01-30,101046.6884634569,0.0,0.0,101046.6884634569,101909.30367600883,0.0,109.41699981689452
2019-01-31,101046.6884634569,0.0,0.0,101046.6884634569,101909.30367600883,0.0,108.9810028076172
2019-02-01,101046.6884634569,0.0,0.0,101046.6884634569,101909.30367600883,0.0,108.84400177001952
2019-02-04,101046.6884634569,0.0,0.0,101046.6884634569,101909.30367600883,0.0,109.43800354003906
2019-02-05,101046.6884634569,0.0,0.0,101046.6884634569,101909.30367600883,0.0,109.96099853515624
2019-02-06,101046.6884634569,0.0,0.0,101046.6884634569,101909.30367600883,0.0,109.94100189208984
2019-02-07,101046.6884634569,0.0,0.0,101046.6884634569,101909.30367600883,0.0,109.9739990234375
2019-02-08,101046.6884634569,0.0,0.0,101046.6884634569,101909.30367600883,0.0,109.75599670410156
2019-02-11,101046.6884634569,0.0,0.0,101046.6884634569,101909.30367600883,0.0,109.80999755859376
2019-02-12,101046.6884634569,0.0,0.0,101046.6884634569,101909.30367600883,0.0,110.4000015258789
2019-02-13,101046.6884634569,0.0,0.0,101046.6884634569,101909.30367600883,0.0,110.51499938964844
2019-02-14,101046.6884634569,0.0,0.0,101046.6884634569,101909.30367600883,0.0,110.9229965209961
2019-02-15,101046.6884634569,0.0,0.0,101046.6884634569,101909.30367600883,0.0,110.53800201416016
2019-02-19,101046.6884634569,0.0,0.0,101046.6884634569,101909.30367600883,0.0,110.59100341796876
2019-02-20,101046.6884634569,0.0,0.0,101046.6884634569,101909.30367600883,0.0,110.5719985961914
2019-02-21,101046.6884634569,0.0,0.0,101046.6884634569,101909.30367600883,0.0,110.76499938964844
2019-02-22,101046.6884634569,0.0,0.0,101046.6884634569,101909.30367600883,0.0,110.70800018310548
2019-02-25,101046.6884634569,0.0,0.0,101046.6884634569,101909.30367600883,0.0,110.77200317382812
2019-02-26,101046.6884634569,0.0,0.0,101046.6884634569,101909.30367600883,0.0,111.0459976196289
2019-02-27,101046.6884634569,0.0,0.0,101046.6884634569,101909.30367600883,0.0,110.55599975585938
2019-02-28,101046.6884634569,0.0,0.0,101046.6884634569,101909.30367600883,0.0,110.86199951171876
2019-03-01,101046.6884634569,0.0,0.0,101046.6884634569,101909.30367600883,0.0,111.35700225830078
2019-03-04,101046.6884634569,0.0,0.0,101046.6884634569,101909.30367600883,0.0,111.93800354003906
2019-03-05,101046.6884634569,0.0,0.0,101046.6884634569,101909.30367600883,0.0,111.7770004272461
2019-03-06,101046.6884634569,0.0,0.0,101046.6884634569,101909.30367600883,0.0,111.86599731445312
2019-03-07,101046.6884634569,0.0,0.0,101046.6884634569,101909.30367600883,0.0,111.6230010986328
2019-03-08,101046.6884634569,0.0,0.0,101046.6884634569,101909.30367600883,0.0,111.63400268554688
2019-03-11,101046.6884634569,0.0,0.0,101046.6884634569,101909.30367600883,0.0,111.08000183105467
2019-03-12,101046.6884634569,0.0,0.0,101046.6884634569,101909.30367600883,0.0,111.34200286865234
2019-03-13,101046.6884634569,0.0,0.0,101046.6884634569,101909.30367600883,0.0,111.30599975585938
2019-03-14,101046.6884634569,0.0,0.0,101046.6884634569,101909.30367600883,0.0,111.1959991455078
2019-03-15,101046.6884634569,0.0,0.0,101046.6884634569,101909.30367600883,0.0,111.75299835205078
2019-03-18,101046.6884634569,0.0,0.0,101046.6884634569,101909.30367600883,0.0,111.56099700927734
2019-03-19,101046.6884634569,0.0,0.0,101046.6884634569,101909.30367600883,0.0,111.3730010986328
2019-03-20,101046.6884634569,0.0,0.0,101046.6884634569,101909.30367600883,0.0,111.4010009765625
2019-03-21,101046.6884634569,0.0,0.0,101046.6884634569,101909.30367600883,0.0,110.66000366210938
2019-03-22,101046.6884634569,0.0,0.0,101046.6884634569,101909.30367600883,0.0,110.80599975585938
2019-03-25,101046.6884634569,0.0,0.0,101046.6884634569,101909.30367600883,0.0,110.08100128173828
2019-03-26,101046.6884634569,0.0,0.0,101046.6884634569,101909.30367600883,0.0,110.06800079345705
2019-03-27,101046.6884634569,0.0,0.0,101046.6884634569,101909.30367600883,0.0,110.5540008544922
2019-03-28,101046.6884634569,0.0,0.0,101046.6884634569,101909.30367600883,0.0,110.48999786376952
2019-03-29,101046.6884634569,0.0,0.0,101046.6884634569,101909.30367600883,0.0,110.63700103759766
2019-04-01,101046.6884634569,0.0,0.0,101046.6884634569,101909.30367600883,0.0,110.99500274658205
2019-04-02,101046.6884634569,0.0,0.0,101046.6884634569,101909.30367600883,0.0,111.45099639892578
2019-04-03,101046.6884634569,0.0,0.0,101046.6884634569,101909.30367600883,0.0,111.30500030517578
2019-04-04,101046.6884634569,0.0,0.0,101046.6884634569,101909.30367600883,0.0,111.3949966430664
2019-04-05,101046.6884634569,0.0,0.0,101046.6884634569,101909.30367600883,0.0,111.65799713134766
2019-04-08,101046.6884634569,0.0,0.0,101046.6884634569,101909.30367600883,0.0,111.71099853515624
2019-04-09,101046.6884634569,0.0,0.0,101046.6884634569,101909.30367600883,0.0,111.45600128173828
2019-04-10,101046.6884634569,0.0,0.0,101046.6884634569,101909.30367600883,0.0,111.1050033569336
2019-04-11,101046.6884634569,0.0,0.0,101046.6884634569,101909.30367600883,0.0,110.98500061035156
2019-04-12,101046.6884634569,0.0,0.0,101046.6884634569,101909.30367600883,0.0,111.62100219726562
2019-04-15,101046.6884634569,0.0,0.0,101046.6884634569,101909.30367600883,0.0,112.02799987792967
2019-04-16,101046.6884634569,0.0,0.0,101046.6884634569,101909.30367600883,0.0,111.94300079345705
2019-04-17,101046.6884634569,0.0,0.0,101046.6884634569,101909.30367600883,0.0,111.99299621582033
2019-04-18,101046.6884634569,0.0,0.0,101046.6884634569,101909.30367600883,0.0,112.03600311279295
2019-04-22,101046.6884634569,0.0,0.0,101046.6884634569,101909.30367600883,0.0,111.91000366210938
2019-04-23,101046.6884634569,0.0,0.0,101046.6884634569,101909.30367600883,0.0,111.9290008544922
2019-04-24,101046.6884634569,0.0,0.0,101046.6884634569,101909.30367600883,0.0,111.8769989013672
2019-04-25,101046.6884634569,0.0,0.0,101046.6884634569,101909.30367600883,0.0,112.12999725341795
2019-04-26,101046.6884634569,0.0,0.0,101046.6884634569,101909.30367600883,0.0,111.53900146484376
2019-04-29,101046.6884634569,0.0,0.0,101046.6884634569,101909.30367600883,0.0,111.59300231933594
2019-04-30,101046.6884634569,0.0,0.0,101046.6884634569,101909.30367600883,0.0,111.677001953125
2019-05-01,101046.6884634569,0.0,0.0,101046.6884634569,101909.30367600883,0.0,111.3949966430664
2019-05-02,101046.6884634569,0.0,0.0,101046.6884634569,101909.30367600883,0.0,111.4520034790039
2019-05-03,101046.6884634569,0.0,0.0,101046.6884634569,101909.30367600883,0.0,111.49500274658205
2019-05-06,101046.6884634569,0.0,0.0,101046.6884634569,101909.30367600883,0.0,110.6230010986328
2019-05-07,101046.6884634569,0.0,0.0,101046.6884634569,101909.30367600883,0.0,110.80500030517578
2019-05-08,101046.6884634569,0.0,0.0,101046.6884634569,101909.30367600883,0.0,110.25700378417967
2019-05-09,101046.6884634569,0.0,0.0,101046.6884634569,101909.30367600883,0.0,110.02799987792967
2019-05-10,101046.6884634569,0.0,0.0,101046.6884634569,101909.30367600883,0.0,109.80699920654295
2019-05-13,101046.6884634569,0.0,0.0,101046.6884634569,101909.30367600883,0.0,109.65399932861328
2019-05-14,101046.6884634569,0.0,0.0,101046.6884634569,101909.30367600883,0.0,109.15399932861328
2019-05-15,101046.6884634569,0.0,0.0,101046.6884634569,101909.30367600883,0.0,109.6709976196289
2019-05-16,101046.6884634569,0.0,0.0,101046.6884634569,101909.30367600883,0.0,109.4749984741211
2019-05-17,101046.6884634569,0.0,0.0,101046.6884634569,101909.30367600883,0.0,109.87100219726562
2019-05-20,101046.6884634569,0.0,0.0,101046.6884634569,101909.30367600883,0.0,110.16000366210938
2019-05-21,101046.6884634569,0.0,0.0,101046.6884634569,101909.30367600883,0.0,110.06999969482422
2019-05-22,101046.6884634569,0.0,0.0,101046.6884634569,101909.30367600883,0.0,110.06999969482422
2019-05-23,101046.6884634569,0.0,0.0,101046.6884634569,101909.30367600883,0.0,110.22100067138672
2019-05-24,101046.6884634569,0.0,0.0,101046.6884634569,101909.30367600883,0.0,109.55799865722656
2019-05-28,101046.6884634569,0.0,0.0,101046.6884634569,101909.30367600883,0.0,109.50900268554688
2019-05-29,101046.6884634569,0.0,0.0,101046.6884634569,101909.30367600883,0.0,109.34600067138672
2019-05-30,101046.6884634569,0.0,0.0,101046.6884634569,101909.30367600883,0.0,109.54199981689452
2019-05-31,101046.6884634569,0.0,0.0,101046.6884634569,101909.30367600883,0.0,109.35700225830078
2019-06-03,101046.6884634569,0.0,0.0,101046.6884634569,101909.30367600883,0.0,108.21199798583984
2019-06-04,101046.6884634569,0.0,0.0,101046.6884634569,101909.30367600883,0.0,108.0270004272461
2019-06-05,101046.6884634569,0.0,0.0,101046.6884634569,101909.30367600883,0.0,108.25399780273438
2019-06-06,101046.6884634569,0.0,0.0,101046.6884634569,101909.30367600883,0.0,108.3280029296875
2019-06-07,101046.6884634569,0.0,0.0,101046.6884634569,101909.30367600883,0.0,108.4540023803711
2019-06-10,101046.6884634569,0.0,0.0,101046.6884634569,101909.30367600883,0.0,108.4489974975586
2019-06-11,101046.6884634569,0.0,0.0,101046.6884634569,101909.30367600883,0.0,108.35900115966795
2019-06-12,101046.6884634569,0.0,0.0,101046.6884634569,101909.30367600883,0.0,108.4739990234375
2019-06-13,101046.6884634569,0.0,0.0,101046.6884634569,101909.30367600883,0.0,108.48799896240234
2019-06-14,101046.6884634569,0.0,0.0,101046.6884634569,101909.30367600883,0.0,108.3209991455078
2019-06-17,101046.6884634569,0.0,0.0,101046.6884634569,101909.30367600883,0.0,108.57599639892578
2019-06-18,101046.6884634569,0.0,0.0,101046.6884634569,101909.30367600883,0.0,108.53900146484376
2019-06-19,101046.6884634569,0.0,0.0,101046.6884634569,101909.30367600883,0.0,108.572998046875
2019-06-20,101046.6884634569,0.0,0.0,101046.6884634569,101909.30367600883,0.0,108.11499786376952
2019-06-21,101046.6884634569,0.0,0.0,101046.6884634569,101909.30367600883,0.0,107.2770004272461
2019-06-24,101046.6884634569,0.0,0.0,101046.6884634569,101909.30367600883,0.0,107.31199645996094
2019-06-25,101046.6884634569,0.0,0.0,101046.6884634569,101909.30367600883,0.0,107.3270034790039
2019-06-26,101046.6884634569,0.0,0.0,101046.6884634569,101909.30367600883,0.0,107.16600036621094
2019-06-27,101046.6884634569,0.0,0.0,101046.6884634569,101909.30367600883,0.0,107.73799896240234
2019-06-28,101046.6884634569,0.0,0.0,101046.6884634569,101909.30367600883,0.0,107.74700164794922
2019-07-01,101046.6884634569,0.0,0.0,101046.6884634569,101909.30367600883,0.0,108.38200378417967
2019-07-02,101046.6884634569,0.0,0.0,101046.6884634569,101909.30367600883,0.0,108.36599731445312
2019-07-03,101046.6884634569,0.0,0.0,101046.6884634569,101909.30367600883,0.0,107.80500030517578
2019-07-05,101046.6884634569,0.0,0.0,101046.6884634569,101909.30367600883,0.0,107.80799865722656
2019-07-08,101046.6884634569,0.0,0.0,101046.6884634569,101909.30367600883,0.0,108.4739990234375
2019-07-09,101046.6884634569,0.0,0.0,101046.6884634569,101909.30367600883,0.0,108.72100067138672
2019-07-10,101046.6884634569,0.0,0.0,101046.6884634569,101909.30367600883,0.0,108.92400360107422
2019-07-11,101046.6884634569,0.0,0.0,101046.6884634569,101909.30367600883,0.0,108.33399963378906
2019-07-12,101046.6884634569,0.0,0.0,101046.6884634569,101909.30367600883,0.0,108.58799743652344
2019-07-15,101046.6884634569,0.0,0.0,101046.6884634569,101909.30367600883,0.0,107.83200073242188
2019-07-16,101046.6884634569,0.0,0.0,101046.6884634569,101909.30367600883,0.0,107.88899993896484
2019-07-17,101046.6884634569,0.0,0.0,101046.6884634569,101909.30367600883,0.0,108.20099639892578
2019-07-18,101046.6884634569,0.0,0.0,101046.6884634569,101909.30367600883,0.0,107.93699645996094
2019-07-19,101046.6884634569,0.0,0.0,101046.6884634569,101909.30367600883,0.0,107.4010009765625
2019-07-22,101046.6884634569,0.0,0.0,101046.6884634569,101909.30367600883,0.0,107.80999755859376
2019-07-23,101046.6884634569,0.0,0.0,101046.6884634569,101909.30367600883,0.0,107.90399932861328
2019-07-24,101046.6884634569,0.0,0.0,101046.6884634569,101909.30367600883,0.0,108.23200225830078
2019-07-25,101046.6884634569,0.0,0.0,101046.6884634569,101909.30367600883,0.0,108.18900299072266
2019-07-26,101046.6884634569,0.0,0.0,101046.6884634569,101909.30367600883,0.0,108.66600036621094
2019-07-29,101046.6884634569,0.0,0.0,101046.6884634569,101909.30367600883,0.0,108.63300323486328
2019-07-30,101046.6884634569,0.0,0.0,101046.6884634569,101909.30367600883,0.0,108.86599731445312
2019-07-31,101046.6884634569,0.0,0.0,101046.6884634569,101909.30367600883,0.0,108.56199645996094
2019-08-01,101046.6884634569,0.0,0.0,101046.6884634569,101909.30367600883,0.0,108.81999969482422
2019-08-02,101046.6884634569,0.0,0.0,101046.6884634569,101909.30367600883,0.0,107.43099975585938
2019-08-05,101046.6884634569,0.0,0.0,101046.6884634569,101909.30367600883,0.0,106.5770034790039
2019-08-06,101046.6884634569,0.0,0.0,101046.6884634569,101909.30367600883,0.0,105.59300231933594
2019-08-07,101046.6884634569,0.0,0.0,101046.6884634569,101909.30367600883,0.0,106.33699798583984
2019-08-08,101046.6884634569,0.0,0.0,101046.6884634569,101909.30367600883,0.0,106.12100219726562
2019-08-09,101046.6884634569,0.0,0.0,101046.6884634569,101909.30367600883,0.0,105.8740005493164
2019-08-12,101046.6884634569,0.0,0.0,101046.6884634569,101909.30367600883,0.0,105.38200378417967
2019-08-13,101046.6884634569,0.0,0.0,101046.6884634569,101909.30367600883,0.0,105.35800170898438
2019-08-14,101046.6884634569,0.0,0.0,101046.6884634569,101909.30367600883,0.0,106.58999633789062
2019-08-15,101046.6884634569,0.0,0.0,101046.6884634569,101909.30367600883,0.0,105.91600036621094
2019-08-16,101046.6884634569,0.0,0.0,101046.6884634569,101909.30367600883,0.0,106.08300018310548
2019-08-19,101046.6884634569,0.0,0.0,101046.6884634569,101909.30367600883,0.0,106.43000030517578
2019-08-20,101046.6884634569,0.0,0.0,101046.6884634569,101909.30367600883,0.0,106.5739974975586
2019-08-21,101046.6884634569,0.0,0.0,101046.6884634569,101909.30367600883,0.0,106.27400207519533
2019-08-22,101046.6884634569,0.0,0.0,101046.6884634569,101909.30367600883,0.0,106.59700012207033
2019-08-23,101046.6884634569,0.0,0.0,101046.6884634569,101909.30367600883,0.0,106.46800231933594
2019-08-26,101046.6884634569,0.0,0.0,101046.6884634569,101909.30367600883,0.0,104.85199737548828
2019-08-27,101046.6884634569,0.0,0.0,101046.6884634569,101909.30367600883,0.0,105.97799682617188
2019-08-28,101046.6884634569,0.0,0.0,101046.6884634569,101909.30367600883,0.0,105.73799896240234
2019-08-29,101046.6884634569,0.0,0.0,101046.6884634569,101909.30367600883,0.0,106.06999969482422
2019-08-30,101046.6884634569,0.0,0.0,101046.6884634569,101909.30367600883,0.0,106.43800354003906
2019-09-03,101046.6884634569,0.0,0.0,101046.6884634569,101909.30367600883,0.0,106.19300079345705
2019-09-04,101046.6884634569,0.0,0.0,101046.6884634569,101909.30367600883,0.0,105.86100006103516
2019-09-05,101046.6884634569,0.0,0.0,101046.6884634569,101909.30367600883,0.0,106.3249969482422
2019-09-06,101046.6884634569,0.0,0.0,101046.6884634569,101909.30367600883,0.0,107.0719985961914
2019-09-09,101046.6884634569,0.0,0.0,101046.6884634569,101909.30367600883,0.0,106.94499969482422
2019-09-10,101046.6884634569,0.0,0.0,101046.6884634569,101909.30367600883,0.0,107.33699798583984
2019-09-11,101046.6884634569,0.0,0.0,101046.6884634569,101909.30367600883,0.0,107.5999984741211
2019-09-12,101046.6884634569,0.0,0.0,101046.6884634569,101909.30367600883,0.0,108.02100372314452
2019-09-13,101046.6884634569,0.0,0.0,101046.6884634569,101909.30367600883,0.0,108.1760025024414
2019-09-16,101046.6884634569,0.0,0.0,101046.6884634569,101909.30367600883,0.0,107.76499938964844
2019-09-17,101046.6884634569,0.0,0.0,101046.6884634569,101909.30367600883,0.0,108.16100311279295
2019-09-18,101046.6884634569,0.0,0.0,101046.6884634569,101909.30367600883,0.0,108.08699798583984
2019-09-19,101046.6884634569,0.0,0.0,101046.6884634569,101909.30367600883,0.0,108.4250030517578
2019-09-20,101046.6884634569,0.0,0.0,101046.6884634569,101909.30367600883,0.0,108.04100036621094
2019-09-23,101046.6884634569,0.0,0.0,101046.6884634569,101909.30367600883,0.0,107.6520004272461
2019-09-24,101046.6884634569,0.0,0.0,101046.6884634569,101909.30367600883,0.0,107.61399841308594
2019-09-25,101046.6884634569,0.0,0.0,101046.6884634569,101909.30367600883,0.0,107.16300201416016
2019-09-26,101046.6884634569,0.0,0.0,101046.6884634569,101909.30367600883,0.0,107.69200134277344
2019-09-27,101046.6884634569,0.0,0.0,101046.6884634569,101909.30367600883,0.0,107.75599670410156
2019-09-30,101046.6884634569,0.0,0.0,101046.6884634569,101909.30367600883,0.0,107.94400024414062
2019-10-01,101046.6884634569,0.0,0.0,101046.6884634569,101909.30367600883,0.0,108.06900024414062
2019-10-02,101046.6884634569,0.0,0.0,101046.6884634569,101909.30367600883,0.0,107.73699951171876
2019-10-03,101046.6884634569,0.0,0.0,101046.6884634569,101909.30367600883,0.0,107.16300201416016
2019-10-04,101046.6884634569,0.0,0.0,101046.6884634569,101909.30367600883,0.0,106.82599639892578
2019-10-07,101046.6884634569,0.0,0.0,101046.6884634569,101909.30367600883,0.0,106.76399993896484
2019-10-08,101046.6884634569,0.0,0.0,101046.6884634569,101909.30367600883,0.0,107.2509994506836
2019-10-09,101046.6884634569,0.0,0.0,101046.6884634569,101909.30367600883,0.0,106.96099853515624
2019-10-10,101046.6884634569,0.0,0.0,101046.6884634569,101909.30367600883,0.0,107.1780014038086
2019-10-11,101046.6884634569,0.0,0.0,101046.6884634569,101909.30367600883,0.0,107.87999725341795
2019-10-14,101046.6884634569,0.0,0.0,101046.6884634569,101909.30367600883,0.0,108.45899963378906
2019-10-15,101046.6884634569,0.0,0.0,101046.6884634569,101909.30367600883,0.0,108.38800048828124
2019-10-16,101046.6884634569,0.0,0.0,101046.6884634569,101909.30367600883,0.0,108.81700134277344
2019-10-17,101046.6884634569,0.0,0.0,101046.6884634569,101909.30367600883,0.0,108.677001953125
2019-10-18,101046.6884634569,0.0,0.0,101046.6884634569,101909.30367600883,0.0,108.58100128173828
2019-10-21,101046.6884634569,0.0,0.0,101046.6884634569,101909.30367600883,0.0,108.40799713134766
2019-10-22,101046.6884634569,0.0,0.0,101046.6884634569,101909.30367600883,0.0,108.60099792480467
2019-10-23,101046.6884634569,0.0,0.0,101046.6884634569,101909.30367600883,0.0,108.48300170898438
2019-10-24,101046.6884634569,0.0,0.0,101046.6884634569,101909.30367600883,0.0,108.64199829101562
2019-10-25,101046.6884634569,0.0,0.0,101046.6884634569,101909.30367600883,0.0,108.6060028076172
2019-10-28,101046.6884634569,0.0,0.0,101046.6884634569,101909.30367600883,0.0,108.73400115966795
2019-10-29,101046.6884634569,0.0,0.0,101046.6884634569,101909.30367600883,0.0,108.96399688720705
2019-10-30,101046.6884634569,0.0,0.0,101046.6884634569,101909.30367600883,0.0,108.8740005493164
2019-10-31,101046.6884634569,0.0,0.0,101046.6884634569,101909.30367600883,0.0,108.78900146484376
2019-11-01,101046.6884634569,0.0,0.0,101046.6884634569,101909.30367600883,0.0,107.99600219726562
2019-11-04,101046.6884634569,0.0,0.0,101046.6884634569,101909.30367600883,0.0,108.22000122070312
2019-11-05,101046.6884634569,0.0,0.0,101046.6884634569,101909.30367600883,0.0,108.69400024414062
2019-11-06,101046.6884634569,0.0,0.0,101046.6884634569,101909.30367600883,0.0,109.14600372314452
2019-11-07,101046.6884634569,0.0,0.0,101046.6884634569,101909.30367600883,0.0,108.91300201416016
2019-11-08,101046.6884634569,0.0,0.0,101046.6884634569,101909.30367600883,0.0,109.27400207519533
2019-11-11,101046.6884634569,0.0,0.0,101046.6884634569,101909.30367600883,0.0,109.22599792480467
2019-11-12,101046.6884634569,0.0,0.0,101046.6884634569,101909.30367600883,0.0,109.04199981689452
2019-11-13,101046.6884634569,0.0,0.0,101046.6884634569,101909.30367600883,0.0,108.99299621582033
2019-11-14,101046.6884634569,0.0,0.0,101046.6884634569,101909.30367600883,0.0,108.7979965209961
2019-11-15,101046.6884634569,0.0,0.0,101046.6884634569,101909.30367600883,0.0,108.49199676513672
2019-11-18,101046.6884634569,0.0,0.0,101046.6884634569,101909.30367600883,0.0,108.6989974975586
2019-11-19,101046.6884634569,0.0,0.0,101046.6884634569,101909.30367600883,0.0,108.66200256347656
2019-11-20,101046.6884634569,0.0,0.0,101046.6884634569,101909.30367600883,0.0,108.44499969482422
2019-11-21,101046.6884634569,0.0,0.0,101046.6884634569,101909.30367600883,0.0,108.47799682617188
2019-11-22,101046.6884634569,0.0,0.0,101046.6884634569,101909.30367600883,0.0,108.58499908447266
2019-11-25,101046.6884634569,0.0,0.0,101046.6884634569,101909.30367600883,0.0,108.7300033569336
2019-11-26,101046.6884634569,0.0,0.0,101046.6884634569,101909.30367600883,0.0,108.99199676513672
2019-11-27,101046.6884634569,0.0,0.0,101046.6884634569,101909.30367600883,0.0,109.09700012207033
2019-11-29,101046.6884634569,0.0,0.0,101046.6884634569,101909.30367600883,0.0,109.51200103759766
2019-12-02,101046.6884634569,0.0,0.0,101046.6884634569,101909.30367600883,0.0,109.53500366210938
2019-12-03,101046.6884634569,0.0,0.0,101046.6884634569,101909.30367600883,0.0,109.02200317382812
2019-12-04,101046.6884634569,0.0,0.0,101046.6884634569,101909.30367600883,0.0,108.65299987792967
2019-12-05,101046.6884634569,0.0,0.0,101046.6884634569,101909.30367600883,0.0,108.83200073242188
2019-12-06,101046.6884634569,0.0,0.0,101046.6884634569,101909.30367600883,0.0,108.73799896240234
2019-12-09,101046.6884634569,0.0,0.0,101046.6884634569,101909.30367600883,0.0,108.6269989013672
2019-12-10,101046.6884634569,0.0,0.0,101046.6884634569,101909.30367600883,0.0,108.58200073242188
2019-12-11,101046.6884634569,0.0,0.0,101046.6884634569,101909.30367600883,0.0,108.76399993896484
2019-12-12,101046.6884634569,0.0,0.0,101046.6884634569,101909.30367600883,0.0,108.54900360107422
2019-12-13,101046.6884634569,0.0,0.0,101046.6884634569,101909.30367600883,0.0,109.41300201416016
2019-12-16,101046.6884634569,0.0,0.0,101046.6884634569,101909.30367600883,0.0,109.4000015258789
2019-12-17,101046.6884634569,0.0,0.0,101046.6884634569,101909.30367600883,0.0,109.57599639892578
2019-12-18,101046.6884634569,0.0,0.0,101046.6884634569,101909.30367600883,0.0,109.51599884033205
2019-12-19,101046.6884634569,0.0,0.0,101046.6884634569,101909.30367600883,0.0,109.5510025024414
2019-12-20,101046.6884634569,0.0,0.0,101046.6884634569,101909.30367600883,0.0,109.38300323486328
2019-12-23,101046.6884634569,0.0,0.0,101046.6884634569,101909.30367600883,0.0,109.4990005493164
2019-12-24,101046.6884634569,0.0,0.0,101046.6884634569,101909.30367600883,0.0,109.38200378417967
2019-12-26,101046.6884634569,0.0,0.0,101046.6884634569,101909.30367600883,0.0,109.36900329589844
2019-12-27,101046.6884634569,0.0,0.0,101046.6884634569,101909.30367600883,0.0,109.54199981689452
2019-12-30,101046.6884634569,0.0,0.0,101046.6884634569,101909.30367600883,0.0,109.4280014038086
2019-12-31,101046.6884634569,0.0,0.0,101046.6884634569,101909.30367600883,0.0,108.8730010986328
2020-01-02,101046.6884634569,0.0,0.0,101046.6884634569,101909.30367600883,0.0,108.71299743652344
2020-01-03,101046.6884634569,0.0,0.0,101046.6884634569,101909.30367600883,0.0,108.54299926757812
2020-01-06,101046.6884634569,0.0,0.0,101046.6884634569,101909.30367600883,0.0,107.96399688720705
2020-01-07,101046.6884634569,0.0,0.0,101046.6884634569,101909.30367600883,0.0,108.40599822998048
2020-01-08,101046.6884634569,0.0,0.0,101046.6884634569,101909.30367600883,0.0,108.01599884033205
2020-01-09,101046.6884634569,0.0,0.0,101046.6884634569,101909.30367600883,0.0,109.03099822998048
2020-01-10,101046.6884634569,0.0,0.0,101046.6884634569,101909.30367600883,0.0,109.50700378417967
2020-01-13,101046.6884634569,0.0,0.0,101046.6884634569,101909.30367600883,0.0,109.56600189208984
2020-01-14,101046.6884634569,0.0,0.0,101046.6884634569,101909.30367600883,0.0,109.99199676513672
2020-01-15,101046.6884634569,0.0,0.0,101046.6884634569,101909.30367600883,0.0,109.85399627685548
2020-01-16,101046.6884634569,0.0,0.0,101046.6884634569,101909.30367600883,0.0,109.88300323486328
2020-01-17,101046.6884634569,0.0,0.0,101046.6884634569,101909.30367600883,0.0,110.1750030517578
2020-01-21,101046.6884634569,0.0,0.0,101046.6884634569,101909.30367600883,0.0,110.1729965209961
2020-01-22,101046.6884634569,0.0,0.0,101046.6884634569,101909.30367600883,0.0,109.90799713134766
2020-01-23,101046.6884634569,0.0,0.0,101046.6884634569,101909.30367600883,0.0,109.72799682617188
2020-01-24,101046.6884634569,0.0,0.0,101046.6884634569,101909.30367600883,0.0,109.552001953125
2020-01-27,101046.6884634569,0.0,0.0,101046.6884634569,101909.30367600883,0.0,108.802001953125
2020-01-28,101046.6884634569,0.0,0.0,101046.6884634569,101909.30367600883,0.0,108.91999816894533
2020-01-29,101046.6884634569,0.0,0.0,101046.6884634569,101909.30367600883,0.0,109.13200378417967
2020-01-30,101046.6884634569,0.0,0.0,101046.6884634569,101909.30367600883,0.0,108.98699951171876
2020-01-31,101046.6884634569,0.0,0.0,101046.6884634569,101909.30367600883,0.0,108.8769989013672
2020-02-03,101046.6884634569,0.0,0.0,101046.6884634569,101909.30367600883,0.0,108.37200164794922
2020-02-04,101046.6884634569,0.0,0.0,101046.6884634569,101909.30367600883,0.0,108.61199951171876
2020-02-05,101046.6884634569,0.0,0.0,101046.6884634569,101909.30367600883,0.0,109.4469985961914
2020-02-06,101046.6884634569,0.0,0.0,101046.6884634569,101909.30367600883,0.0,109.81400299072266
2020-02-07,101046.6884634569,0.0,0.0,101046.6884634569,101909.30367600883,0.0,109.96800231933594
2020-02-10,101046.6884634569,0.0,0.0,101046.6884634569,101909.30367600883,0.0,109.6449966430664
2020-02-11,101046.6884634569,0.0,0.0,101046.6884634569,101909.30367600883,0.0,109.76599884033205
2020-02-12,101046.6884634569,0.0,0.0,101046.6884634569,101909.30367600883,0.0,109.84300231933594
2020-02-13,101046.6884634569,0.0,0.0,101046.6884634569,101909.30367600883,0.0,109.84600067138672
2020-02-14,101046.6884634569,0.0,0.0,101046.6884634569,101909.30367600883,0.0,109.75800323486328
2020-02-18,101046.6884634569,0.0,0.0,101046.6884634569,101909.30367600883,0.0,109.83000183105467
2020-02-19,101046.6884634569,0.0,0.0,101046.6884634569,101909.30367600883,0.0,109.91899871826172
2020-02-20,101046.6884634569,0.0,0.0,101046.6884634569,101909.30367600883,0.0,111.20999908447266
2020-02-21,101046.6884634569,0.0,0.0,101046.6884634569,101909.30367600883,0.0,111.9540023803711
2020-02-24,101046.6884634569,0.0,0.0,101046.6884634569,101909.30367600883,0.0,111.55699920654295
2020-02-25,101046.6884634569,0.0,0.0,101046.6884634569,101909.30367600883,0.0,110.85700225830078
2020-02-26,50523.34423172845,1.5869547648841913,49694.18813164944,100217.53236337789,101214.4362526491,0.49586321833852093,110.28600311279295
2020-02-27,50523.34423172845,1.5869547648841913,47495.47248422933,98018.81671595777,98990.69583987314,0.48455464037954377,110.36299896240234
2020-02-28,96482.41880766203,0.0,0.0,96482.41880766203,97568.23088859659,0.0,109.66000366210938
2020-03-02,96482.41880766203,0.0,0.0,96482.41880766203,97568.23088859659,0.0,107.6969985961914
2020-03-03,96482.41880766203,0.0,0.0,96482.41880766203,97568.23088859659,0.0,108.48699951171876
2020-03-04,96482.41880766203,0.0,0.0,96482.41880766203,97568.23088859659,0.0,107.03700256347656
2020-03-05,96482.41880766203,0.0,0.0,96482.41880766203,97568.23088859659,0.0,107.677001953125
2020-03-06,96482.41880766203,0.0,0.0,96482.41880766203,97568.23088859659,0.0,106.2480010986328
2020-03-09,96482.41880766203,0.0,0.0,96482.41880766203,97568.23088859659,0.0,103.93800354003906
2020-03-10,96482.41880766203,0.0,0.0,96482.41880766203,97568.23088859659,0.0,103.11199951171876
2020-03-11,96482.41880766203,0.0,0.0,96482.41880766203,97568.23088859659,0.0,105.0260009765625
2020-03-12,96482.41880766203,0.0,0.0,96482.41880766203,97568.23088859659,0.0,104.5500030517578
2020-03-13,96482.41880766203,0.0,0.0,96482.41880766203,97568.23088859659,0.0,104.61000061035156
2020-03-16,96482.41880766203,0.0,0.0,96482.41880766203,97568.23088859659,0.0,106.68800354003906
2020-03-17,96482.41880766203,0.0,0.0,96482.41880766203,97568.23088859659,0.0,106.1750030517578
2020-03-18,96482.41880766203,0.0,0.0,96482.41880766203,97568.23088859659,0.0,107.3769989013672
2020-03-19,96482.41880766203,0.0,0.0,96482.41880766203,97568.23088859659,0.0,108.36000061035156
2020-03-20,96482.41880766203,0.0,0.0,96482.41880766203,97568.23088859659,0.0,111.29100036621094
2020-03-23,96482.41880766203,0.0,0.0,96482.41880766203,97568.23088859659,0.0,110.46199798583984
2020-03-24,96482.41880766203,0.0,0.0,96482.41880766203,97568.23088859659,0.0,110.8270034790039
2020-03-25,96482.41880766203,0.0,0.0,96482.41880766203,97568.23088859659,0.0,111.12000274658205
2020-03-26,96482.41880766203,0.0,0.0,96482.41880766203,97568.23088859659,0.0,110.8759994506836
2020-03-27,96482.41880766203,0.0,0.0,96482.41880766203,97568.23088859659,0.0,109.10900115966795
2020-03-30,96482.41880766203,0.0,0.0,96482.41880766203,97568.23088859659,0.0,107.41300201416016
2020-03-31,96482.41880766203,0.0,0.0,96482.41880766203,97568.23088859659,0.0,108.03500366210938
2020-04-01,96482.41880766203,0.0,0.0,96482.41880766203,97568.23088859659,0.0,107.50800323486328
2020-04-02,96482.41880766203,0.0,0.0,96482.41880766203,97568.23088859659,0.0,107.25700378417967
2020-04-03,96482.41880766203,0.0,0.0,96482.41880766203,97568.23088859659,0.0,108.0009994506836
2020-04-06,96482.41880766203,0.0,0.0,96482.41880766203,97568.23088859659,0.0,108.69300079345705
2020-04-07,96482.41880766203,0.0,0.0,96482.41880766203,97568.23088859659,0.0,109.11499786376952
2020-04-08,96482.41880766203,0.0,0.0,96482.41880766203,97568.23088859659,0.0,108.6510009765625
2020-04-09,96482.41880766203,0.0,0.0,96482.41880766203,97568.23088859659,0.0,108.9219970703125
2020-04-13,96482.41880766203,0.0,0.0,96482.41880766203,97568.23088859659,0.0,108.33599853515624
2020-04-14,96482.41880766203,0.0,0.0,96482.41880766203,97568.23088859659,0.0,107.6230010986328
2020-04-15,96482.41880766203,0.0,0.0,96482.41880766203,97568.23088859659,0.0,107.10399627685548
2020-04-16,96482.41880766203,0.0,0.0,96482.41880766203,97568.23088859659,0.0,107.60900115966795
2020-04-17,96482.41880766203,0.0,0.0,96482.41880766203,97568.23088859659,0.0,107.94499969482422
2020-04-20,96482.41880766203,0.0,0.0,96482.41880766203,97568.23088859659,0.0,107.66999816894533
2020-04-21,96482.41880766203,0.0,0.0,96482.41880766203,97568.23088859659,0.0,107.66899871826172
2020-04-22,96482.41880766203,0.0,0.0,96482.41880766203,97568.23088859659,0.0,107.72100067138672
2020-04-23,96482.41880766203,0.0,0.0,96482.41880766203,97568.23088859659,0.0,107.81300354003906
2020-04-24,96482.41880766203,0.0,0.0,96482.41880766203,97568.23088859659,0.0,107.66699981689452
2020-04-27,96482.41880766203,0.0,0.0,96482.41880766203,97568.23088859659,0.0,107.49500274658205
2020-04-28,96482.41880766203,0.0,0.0,96482.41880766203,97568.23088859659,0.0,107.28299713134766
2020-04-29,96482.41880766203,0.0,0.0,96482.41880766203,97568.23088859659,0.0,106.74099731445312
2020-04-30,96482.41880766203,0.0,0.0,96482.41880766203,97568.23088859659,0.0,106.61000061035156
2020-05-01,96482.41880766203,0.0,0.0,96482.41880766203,97568.23088859659,0.0,107.28500366210938
2020-05-04,96482.41880766203,0.0,0.0,96482.41880766203,97568.23088859659,0.0,106.73799896240234
2020-05-05,96482.41880766203,0.0,0.0,96482.41880766203,97568.23088859659,0.0,106.6969985961914
2020-05-06,96482.41880766203,0.0,0.0,96482.41880766203,97568.23088859659,0.0,106.4520034790039
2020-05-07,96482.41880766203,0.0,0.0,96482.41880766203,97568.23088859659,0.0,106.19100189208984
2020-05-08,96482.41880766203,0.0,0.0,96482.41880766203,97568.23088859659,0.0,106.35900115966795
2020-05-11,96482.41880766203,0.0,0.0,96482.41880766203,97568.23088859659,0.0,106.91899871826172
2020-05-12,96482.41880766203,0.0,0.0,96482.41880766203,97568.23088859659,0.0,107.56600189208984
2020-05-13,96482.41880766203,0.0,0.0,96482.41880766203,97568.23088859659,0.0,107.13800048828124
2020-05-14,96482.41880766203,0.0,0.0,96482.41880766203,97568.23088859659,0.0,106.93299865722656
2020-05-15,96482.41880766203,0.0,0.0,96482.41880766203,97568.23088859659,0.0,107.36499786376952
2020-05-18,96482.41880766203,0.0,0.0,96482.41880766203,97568.23088859659,0.0,107.20800018310548
2020-05-19,96482.41880766203,0.0,0.0,96482.41880766203,97568.23088859659,0.0,107.38099670410156
2020-05-20,96482.41880766203,0.0,0.0,96482.41880766203,97568.23088859659,0.0,107.80999755859376
2020-05-21,96482.41880766203,0.0,0.0,96482.41880766203,97568.23088859659,0.0,107.59100341796876
2020-05-22,96482.41880766203,0.0,0.0,96482.41880766203,97568.23088859659,0.0,107.63099670410156
2020-05-26,96482.41880766203,0.0,0.0,96482.41880766203,97568.23088859659,0.0,107.68699645996094
2020-05-27,96482.41880766203,0.0,0.0,96482.41880766203,97568.23088859659,0.0,107.49099731445312
2020-05-28,96482.41880766203,0.0,0.0,96482.41880766203,97568.23088859659,0.0,107.7979965209961
2020-05-29,96482.41880766203,0.0,0.0,96482.41880766203,97568.23088859659,0.0,107.64299774169922
2020-06-01,96482.41880766203,0.0,0.0,96482.41880766203,97568.23088859659,0.0,107.70800018310548
2020-06-02,96482.41880766203,0.0,0.0,96482.41880766203,97568.23088859659,0.0,107.5479965209961
2020-06-03,96482.41880766203,0.0,0.0,96482.41880766203,97568.23088859659,0.0,108.80899810791016
2020-06-04,96482.41880766203,0.0,0.0,96482.41880766203,97568.23088859659,0.0,108.9990005493164
2020-06-05,96482.41880766203,0.0,0.0,96482.41880766203,97568.23088859659,0.0,109.1500015258789
2020-06-08,96482.41880766203,0.0,0.0,96482.41880766203,97568.23088859659,0.0,109.63400268554688
2020-06-09,96482.41880766203,0.0,0.0,96482.41880766203,97568.23088859659,0.0,108.40899658203124
2020-06-10,96482.41880766203,0.0,0.0,96482.41880766203,97568.23088859659,0.0,107.7969970703125
2020-06-11,96482.41880766203,0.0,0.0,96482.41880766203,97568.23088859659,0.0,106.9810028076172
2020-06-12,48241.20940383102,1.5910769009997328,47397.58318078413,95638.79258461515,96850.30754583565,0.4955895186448506,106.8030014038086
2020-06-15,48241.20940383102,1.5910769009997328,48067.61625762567,96308.82566145668,97529.79237237225,0.49909876823326893,107.31099700927734
2020-06-16,48241.20940383102,1.5910769009997328,49062.65838356565,97303.86778739667,98538.87095328065,0.5042210499870851,107.46399688720705
2020-06-17,97339.06727978503,0.0,0.0,97339.06727978503,98715.34008240221,0.0,107.41000366210938
2020-06-18,97339.06727978503,0.0,0.0,97339.06727978503,98715.34008240221,0.0,106.8939971923828
2020-06-19,97339.06727978503,0.0,0.0,97339.06727978503,98715.34008240221,0.0,107.00599670410156
2020-06-22,97339.06727978503,0.0,0.0,97339.06727978503,98715.34008240221,0.0,106.83100128173828
2020-06-23,97339.06727978503,0.0,0.0,97339.06727978503,98715.34008240221,0.0,106.90299987792967
2020-06-24,97339.06727978503,0.0,0.0,97339.06727978503,98715.34008240221,0.0,106.43199920654295
2020-06-25,97339.06727978503,0.0,0.0,97339.06727978503,98715.34008240221,0.0,107.04399871826172
2020-06-26,97339.06727978503,0.0,0.0,97339.06727978503,98715.34008240221,0.0,107.15499877929688
2020-06-29,97339.06727978503,0.0,0.0,97339.06727978503,98715.34008240221,0.0,107.21800231933594
2020-06-30,97339.06727978503,0.0,0.0,97339.06727978503,98715.34008240221,0.0,107.58999633789062
2020-07-01,97339.06727978503,0.0,0.0,97339.06727978503,98715.34008240221,0.0,107.98899841308594
2020-07-02,97339.06727978503,0.0,0.0,97339.06727978503,98715.34008240221,0.0,107.36599731445312
2020-07-06,97339.06727978503,0.0,0.0,97339.06727978503,98715.34008240221,0.0,107.5790023803711
2020-07-07,97339.06727978503,0.0,0.0,97339.06727978503,98715.34008240221,0.0,107.35900115966795
2020-07-08,97339.06727978503,0.0,0.0,97339.06727978503,98715.34008240221,0.0,107.5780029296875
2020-07-09,97339.06727978503,0.0,0.0,97339.06727978503,98715.34008240221,0.0,107.28299713134766
2020-07-10,97339.06727978503,0.0,0.0,97339.06727978503,98715.34008240221,0.0,107.23600006103516
2020-07-13,97339.06727978503,0.0,0.0,97339.06727978503,98715.34008240221,0.0,106.91000366210938
2020-07-14,97339.06727978503,0.0,0.0,97339.06727978503,98715.34008240221,0.0,107.2760009765625
2020-07-15,97339.06727978503,0.0,0.0,97339.06727978503,98715.34008240221,0.0,107.24500274658205
2020-07-16,97339.06727978503,0.0,0.0,97339.06727978503,98715.34008240221,0.0,106.91699981689452
2020-07-17,97339.06727978503,0.0,0.0,97339.06727978503,98715.34008240221,0.0,107.27799987792967
2020-07-20,97339.06727978503,0.0,0.0,97339.06727978503,98715.34008240221,0.0,107.08999633789062
2020-07-21,97339.06727978503,0.0,0.0,97339.06727978503,98715.34008240221,0.0,107.1959991455078
2020-07-22,97339.06727978503,0.0,0.0,97339.06727978503,98715.34008240221,0.0,106.83200073242188
2020-07-23,97339.06727978503,0.0,0.0,97339.06727978503,98715.34008240221,0.0,107.1750030517578
2020-07-24,97339.06727978503,0.0,0.0,97339.06727978503,98715.34008240221,0.0,106.83799743652344
2020-07-27,97339.06727978503,0.0,0.0,97339.06727978503,98715.34008240221,0.0,105.99299621582033
2020-07-28,97339.06727978503,0.0,0.0,97339.06727978503,98715.34008240221,0.0,105.26100158691406
2020-07-29,97339.06727978503,0.0,0.0,97339.06727978503,98715.34008240221,0.0,105.10700225830078
2020-07-30,97339.06727978503,0.0,0.0,97339.06727978503,98715.34008240221,0.0,105.03199768066406
2020-07-31,97339.06727978503,0.0,0.0,97339.06727978503,98715.34008240221,0.0,104.68299865722656
2020-08-03,97339.06727978503,0.0,0.0,97339.06727978503,98715.34008240221,0.0,105.86599731445312
2020-08-04,97339.06727978503,0.0,0.0,97339.06727978503,98715.34008240221,0.0,106.02999877929688
2020-08-05,97339.06727978503,0.0,0.0,97339.06727978503,98715.34008240221,0.0,105.61399841308594
2020-08-06,97339.06727978503,0.0,0.0,97339.06727978503,98715.34008240221,0.0,105.5530014038086
2020-08-07,97339.06727978503,0.0,0.0,97339.06727978503,98715.34008240221,0.0,105.58100128173828
2020-08-10,97339.06727978503,0.0,0.0,97339.06727978503,98715.34008240221,0.0,105.8499984741211
2020-08-11,97339.06727978503,0.0,0.0,97339.06727978503,98715.34008240221,0.0,105.99199676513672
2020-08-12,97339.06727978503,0.0,0.0,97339.06727978503,98715.34008240221,0.0,106.52100372314452
2020-08-13,97339.06727978503,0.0,0.0,97339.06727978503,98715.34008240221,0.0,106.8219985961914
2020-08-14,97339.06727978503,0.0,0.0,97339.06727978503,98715.34008240221,0.0,106.98600006103516
2020-08-17,97339.06727978503,0.0,0.0,97339.06727978503,98715.34008240221,0.0,106.5540008544922
2020-08-18,97339.06727978503,0.0,0.0,97339.06727978503,98715.34008240221,0.0,105.99500274658205
2020-08-19,97339.06727978503,0.0,0.0,97339.06727978503,98715.34008240221,0.0,105.2239990234375
2020-08-20,97339.06727978503,0.0,0.0,97339.06727978503,98715.34008240221,0.0,106.0790023803711
2020-08-21,97339.06727978503,0.0,0.0,97339.06727978503,98715.34008240221,0.0,105.66500091552734
2020-08-24,97339.06727978503,0.0,0.0,97339.06727978503,98715.34008240221,0.0,105.8769989013672
2020-08-25,97339.06727978503,0.0,0.0,97339.06727978503,98715.34008240221,0.0,105.99299621582033
2020-08-26,97339.06727978503,0.0,0.0,97339.06727978503,98715.34008240221,0.0,106.40499877929688
2020-08-27,97339.06727978503,0.0,0.0,97339.06727978503,98715.34008240221,0.0,105.8560028076172
2020-08-28,97339.06727978503,0.0,0.0,97339.06727978503,98715.34008240221,0.0,106.63700103759766
2020-08-31,97339.06727978503,0.0,0.0,97339.06727978503,98715.34008240221,0.0,105.53500366210938
2020-09-01,97339.06727978503,0.0,0.0,97339.06727978503,98715.34008240221,0.0,106.00399780273438
2020-09-02,97339.06727978503,0.0,0.0,97339.06727978503,98715.34008240221,0.0,105.89600372314452
2020-09-03,97339.06727978503,0.0,0.0,97339.06727978503,98715.34008240221,0.0,106.20800018310548
2020-09-04,97339.06727978503,0.0,0.0,97339.06727978503,98715.34008240221,0.0,106.08599853515624
2020-09-08,97339.06727978503,0.0,0.0,97339.06727978503,98715.34008240221,0.0,106.30500030517578
2020-09-09,48669.533639892514,1.46867849339311,48699.830246292746,97369.36388618525,98885.37292146028,0.5001555756615379,105.96800231933594
2020-09-10,48669.533639892514,1.46867849339311,47972.991388956114,96642.52502884863,98146.17816891315,0.4963962952606605,106.2310028076172
2020-09-11,48669.533639892514,1.46867849339311,47957.6542715667,96627.18791145922,98130.58032823772,0.4963163609346775,106.14299774169922
2020-09-14,48669.533639892514,1.46867849339311,48590.23332207195,97259.76696196446,98773.91290461944,0.4995923272268811,106.1449966430664
2020-09-15,97503.57472974196,0.0,0.0,97503.57472974196,99162.28141492332,0.0,105.71499633789062
2020-09-16,97503.57472974196,0.0,0.0,97503.57472974196,99162.28141492332,0.0,105.38099670410156
2020-09-17,97503.57472974196,0.0,0.0,97503.57472974196,99162.28141492332,0.0,105.06199645996094
2020-09-18,97503.57472974196,0.0,0.0,97503.57472974196,99162.28141492332,0.0,104.697998046875
2020-09-21,97503.57472974196,0.0,0.0,97503.57472974196,99162.28141492332,0.0,104.53700256347656
2020-09-22,97503.57472974196,0.0,0.0,97503.57472974196,99162.28141492332,0.0,104.69000244140624
2020-09-23,97503.57472974196,0.0,0.0,97503.57472974196,99162.28141492332,0.0,105.03399658203124
2020-09-24,97503.57472974196,0.0,0.0,97503.57472974196,99162.28141492332,0.0,105.3040008544922
2020-09-25,97503.57472974196,0.0,0.0,97503.57472974196,99162.28141492332,0.0,105.43499755859376
2020-09-28,97503.57472974196,0.0,0.0,97503.57472974196,99162.28141492332,0.0,105.5739974975586
2020-09-29,97503.57472974196,0.0,0.0,97503.57472974196,99162.28141492332,0.0,105.43299865722656
2020-09-30,97503.57472974196,0.0,0.0,97503.57472974196,99162.28141492332,0.0,105.66400146484376
2020-10-01,97503.57472974196,0.0,0.0,97503.57472974196,99162.28141492332,0.0,105.45099639892578
2020-10-02,97503.57472974196,0.0,0.0,97503.57472974196,99162.28141492332,0.0,105.54299926757812
2020-10-05,97503.57472974196,0.0,0.0,97503.57472974196,99162.28141492332,0.0,105.51000213623048
2020-10-06,97503.57472974196,0.0,0.0,97503.57472974196,99162.28141492332,0.0,105.70700073242188
2020-10-07,97503.57472974196,0.0,0.0,97503.57472974196,99162.28141492332,0.0,105.63999938964844
2020-10-08,97503.57472974196,0.0,0.0,97503.57472974196,99162.28141492332,0.0,105.96499633789062
2020-10-09,97503.57472974196,0.0,0.0,97503.57472974196,99162.28141492332,0.0,106.01799774169922
2020-10-12,97503.57472974196,0.0,0.0,97503.57472974196,99162.28141492332,0.0,105.63200378417967
2020-10-13,97503.57472974196,0.0,0.0,97503.57472974196,99162.28141492332,0.0,105.33899688720705
2020-10-14,97503.57472974196,0.0,0.0,97503.57472974196,99162.28141492332,0.0,105.47000122070312
2020-10-15,97503.57472974196,0.0,0.0,97503.57472974196,99162.28141492332,0.0,105.13899993896484
2020-10-16,97503.57472974196,0.0,0.0,97503.57472974196,99162.28141492332,0.0,105.36000061035156
2020-10-19,97503.57472974196,0.0,0.0,97503.57472974196,99162.28141492332,0.0,105.427001953125
2020-10-20,97503.57472974196,0.0,0.0,97503.57472974196,99162.28141492332,0.0,105.47000122070312
2020-10-21,97503.57472974196,0.0,0.0,97503.57472974196,99162.28141492332,0.0,105.47699737548828
2020-10-22,97503.57472974196,0.0,0.0,97503.57472974196,99162.28141492332,0.0,104.6760025024414
2020-10-23,97503.57472974196,0.0,0.0,97503.57472974196,99162.28141492332,0.0,104.9209976196289
2020-10-26,97503.57472974196,0.0,0.0,97503.57472974196,99162.28141492332,0.0,104.68299865722656
2020-10-27,97503.57472974196,0.0,0.0,97503.57472974196,99162.28141492332,0.0,104.83200073242188
2020-10-28,97503.57472974196,0.0,0.0,97503.57472974196,99162.28141492332,0.0,104.54499816894533
2020-10-29,48751.78736487098,1.5384562380356575,48963.24535952349,97715.03272439446,99517.79481878746,0.5010820136306403,104.31500244140624
2020-10-30,48751.78736487098,1.5384562380356575,48563.82099025111,97315.6083551221,99110.42973451797,0.49903424343845254,104.5540008544922
2020-11-02,48751.78736487098,1.5384562380356575,49120.35751203307,97872.14487690406,99678.03042324848,0.5018829164703892,104.58000183105467
2020-11-03,48751.78736487098,1.5384562380356575,50056.93103295174,98808.71839782273,100633.22339749942,0.5066043952863856,104.7249984741211
2020-11-04,99385.06650532658,0.0,0.0,99385.06650532658,101367.03156767726,0.0,104.5459976196289
2020-11-05,99385.06650532658,0.0,0.0,99385.06650532658,101367.03156767726,0.0,104.43800354003906
2020-11-06,99385.06650532658,0.0,0.0,99385.06650532658,101367.03156767726,0.0,103.60299682617188
2020-11-09,99385.06650532658,0.0,0.0,99385.06650532658,101367.03156767726,0.0,103.25299835205078
2020-11-10,99385.06650532658,0.0,0.0,99385.06650532658,101367.03156767726,0.0,105.13700103759766
2020-11-11,99385.06650532658,0.0,0.0,99385.06650532658,101367.03156767726,0.0,105.26000213623048
2020-11-12,99385.06650532658,0.0,0.0,99385.06650532658,101367.03156767726,0.0,105.41500091552734
2020-11-13,99385.06650532658,0.0,0.0,99385.06650532658,101367.03156767726,0.0,105.08999633789062
2020-11-16,99385.06650532658,0.0,0.0,99385.06650532658,101367.03156767726,0.0,104.6760025024414
2020-11-17,99385.06650532658,0.0,0.0,99385.06650532658,101367.03156767726,0.0,104.54100036621094
2020-11-18,99385.06650532658,0.0,0.0,99385.06650532658,101367.03156767726,0.0,104.18099975585938
2020-11-19,99385.06650532658,0.0,0.0,99385.06650532658,101367.03156767726,0.0,103.8939971923828
2020-11-20,99385.06650532658,0.0,0.0,99385.06650532658,101367.03156767726,0.0,103.8249969482422
2020-11-23,99385.06650532658,0.0,0.0,99385.06650532658,101367.03156767726,0.0,103.81700134277344
2020-11-24,99385.06650532658,0.0,0.0,99385.06650532658,101367.03156767726,0.0,104.5250015258789
2020-11-25,99385.06650532658,0.0,0.0,99385.06650532658,101367.03156767726,0.0,104.51300048828124
2020-11-27,99385.06650532658,0.0,0.0,99385.06650532658,101367.03156767726,0.0,104.24199676513672
2020-11-30,99385.06650532658,0.0,0.0,99385.06650532658,101367.03156767726,0.0,104.08200073242188
2020-12-01,99385.06650532658,0.0,0.0,99385.06650532658,101367.03156767726,0.0,104.29900360107422
2020-12-02,99385.06650532658,0.0,0.0,99385.06650532658,101367.03156767726,0.0,104.30899810791016
2020-12-03,99385.06650532658,0.0,0.0,99385.06650532658,101367.03156767726,0.0,104.45800018310548
2020-12-04,99385.06650532658,0.0,0.0,99385.06650532658,101367.03156767726,0.0,103.822998046875
2020-12-07,99385.06650532658,0.0,0.0,99385.06650532658,101367.03156767726,0.0,104.197998046875
2020-12-08,99385.06650532658,0.0,0.0,99385.06650532658,101367.03156767726,0.0,103.9980010986328
2020-12-09,99385.06650532658,0.0,0.0,99385.06650532658,101367.03156767726,0.0,104.13500213623048
2020-12-10,99385.06650532658,0.0,0.0,99385.06650532658,101367.03156767726,0.0,104.27200317382812
2020-12-11,99385.06650532658,0.0,0.0,99385.06650532658,101367.03156767726,0.0,104.18199920654295
2020-12-14,99385.06650532658,0.0,0.0,99385.06650532658,101367.03156767726,0.0,103.93900299072266
2020-12-15,99385.06650532658,0.0,0.0,99385.06650532658,101367.03156767726,0.0,104.01000213623048
2020-12-16,99385.06650532658,0.0,0.0,99385.06650532658,101367.03156767726,0.0,103.63400268554688
2020-12-17,99385.06650532658,0.0,0.0,99385.06650532658,101367.03156767726,0.0,103.4749984741211
2020-12-18,99385.06650532658,0.0,0.0,99385.06650532658,101367.03156767726,0.0,103.13099670410156
2020-12-21,99385.06650532658,0.0,0.0,99385.06650532658,101367.03156767726,0.0,103.45700073242188
2020-12-22,99385.06650532658,0.0,0.0,99385.06650532658,101367.03156767726,0.0,103.33999633789062
2020-12-23,99385.06650532658,0.0,0.0,99385.06650532658,101367.03156767726,0.0,103.53399658203124
2020-12-24,99385.06650532658,0.0,0.0,99385.06650532658,101367.03156767726,0.0,103.552001953125
2020-12-28,99385.06650532658,0.0,0.0,99385.06650532658,101367.03156767726,0.0,103.53299713134766
2020-12-29,99385.06650532658,0.0,0.0,99385.06650532658,101367.03156767726,0.0,103.68900299072266
2020-12-30,99385.06650532658,0.0,0.0,99385.06650532658,101367.03156767726,0.0,103.55899810791016
2020-12-31,99385.06650532658,0.0,0.0,99385.06650532658,101367.03156767726,0.0,103.12100219726562
2021-01-04,99385.06650532658,0.0,0.0,99385.06650532658,101367.03156767726,0.0,103.23899841308594
2021-01-05,99385.06650532658,0.0,0.0,99385.06650532658,101367.03156767726,0.0,103.125
2021-01-06,99385.06650532658,0.0,0.0,99385.06650532658,101367.03156767726,0.0,102.6780014038086
2021-01-07,99385.06650532658,0.0,0.0,99385.06650532658,101367.03156767726,0.0,103.02400207519533
2021-01-08,99385.06650532658,0.0,0.0,99385.06650532658,101367.03156767726,0.0,103.79000091552734
2021-01-11,99385.06650532658,0.0,0.0,99385.06650532658,101367.03156767726,0.0,104.09100341796876
2021-01-12,99385.06650532658,0.0,0.0,99385.06650532658,101367.03156767726,0.0,104.12799835205078
2021-01-13,99385.06650532658,0.0,0.0,99385.06650532658,101367.03156767726,0.0,103.7519989013672
2021-01-14,99385.06650532658,0.0,0.0,99385.06650532658,101367.03156767726,0.0,103.83699798583984
2021-01-15,99385.06650532658,0.0,0.0,99385.06650532658,101367.03156767726,0.0,103.8280029296875
2021-01-19,99385.06650532658,0.0,0.0,99385.06650532658,101367.03156767726,0.0,103.7030029296875
2021-01-20,99385.06650532658,0.0,0.0,99385.06650532658,101367.03156767726,0.0,103.89700317382812
2021-01-21,99385.06650532658,0.0,0.0,99385.06650532658,101367.03156767726,0.0,103.55500030517578
2021-01-22,99385.06650532658,0.0,0.0,99385.06650532658,101367.03156767726,0.0,103.50599670410156
2021-01-25,99385.06650532658,0.0,0.0,99385.06650532658,101367.03156767726,0.0,103.7770004272461
2021-01-26,99385.06650532658,0.0,0.0,99385.06650532658,101367.03156767726,0.0,103.76000213623048
2021-01-27,99385.06650532658,0.0,0.0,99385.06650532658,101367.03156767726,0.0,103.60299682617188
2021-01-28,99385.06650532658,0.0,0.0,99385.06650532658,101367.03156767726,0.0,104.14299774169922
2021-01-29,99385.06650532658,0.0,0.0,99385.06650532658,101367.03156767726,0.0,104.29100036621094
2021-02-01,99385.06650532658,0.0,0.0,99385.06650532658,101367.03156767726,0.0,104.68599700927734
2021-02-02,99385.06650532658,0.0,0.0,99385.06650532658,101367.03156767726,0.0,104.88099670410156
2021-02-03,99385.06650532658,0.0,0.0,99385.06650532658,101367.03156767726,0.0,105.02799987792967
2021-02-04,99385.06650532658,0.0,0.0,99385.06650532658,101367.03156767726,0.0,104.99500274658205
2021-02-05,99385.06650532658,0.0,0.0,99385.06650532658,101367.03156767726,0.0,105.5719985961914
2021-02-08,99385.06650532658,0.0,0.0,99385.06650532658,101367.03156767726,0.0,105.4000015258789
2021-02-09,99385.06650532658,0.0,0.0,99385.06650532658,101367.03156767726,0.0,105.20999908447266
2021-02-10,99385.06650532658,0.0,0.0,99385.06650532658,101367.03156767726,0.0,104.5749969482422
2021-02-11,99385.06650532658,0.0,0.0,99385.06650532658,101367.03156767726,0.0,104.61499786376952
2021-02-12,99385.06650532658,0.0,0.0,99385.06650532658,101367.03156767726,0.0,104.74099731445312
2021-02-16,99385.06650532658,0.0,0.0,99385.06650532658,101367.03156767726,0.0,105.38700103759766
2021-02-17,99385.06650532658,0.0,0.0,99385.06650532658,101367.03156767726,0.0,106.10299682617188
2021-02-18,99385.06650532658,0.0,0.0,99385.06650532658,101367.03156767726,0.0,105.86100006103516
2021-02-19,99385.06650532658,0.0,0.0,99385.06650532658,101367.03156767726,0.0,105.6520004272461
2021-02-22,99385.06650532658,0.0,0.0,99385.06650532658,101367.03156767726,0.0,105.51399993896484
2021-02-23,99385.06650532658,0.0,0.0,99385.06650532658,101367.03156767726,0.0,104.98400115966795
2021-02-24,99385.06650532658,0.0,0.0,99385.06650532658,101367.03156767726,0.0,105.28299713134766
2021-02-25,99385.06650532658,0.0,0.0,99385.06650532658,101367.03156767726,0.0,105.94400024414062
2021-02-26,99385.06650532658,0.0,0.0,99385.06650532658,101367.03156767726,0.0,106.37899780273438
2021-03-01,99385.06650532658,0.0,0.0,99385.06650532658,101367.03156767726,0.0,106.50299835205078
2021-03-02,99385.06650532658,0.0,0.0,99385.06650532658,101367.03156767726,0.0,106.85099792480467
2021-03-03,99385.06650532658,0.0,0.0,99385.06650532658,101367.03156767726,0.0,106.75800323486328
2021-03-04,99385.06650532658,0.0,0.0,99385.06650532658,101367.03156767726,0.0,107.05799865722656
2021-03-05,99385.06650532658,0.0,0.0,99385.06650532658,101367.03156767726,0.0,107.95500183105467
2021-03-08,99385.06650532658,0.0,0.0,99385.06650532658,101367.03156767726,0.0,108.41899871826172
2021-03-09,99385.06650532658,0.0,0.0,99385.06650532658,101367.03156767726,0.0,108.93900299072266
2021-03-10,99385.06650532658,0.0,0.0,99385.06650532658,101367.03156767726,0.0,108.5770034790039
2021-03-11,99385.06650532658,0.0,0.0,99385.06650532658,101367.03156767726,0.0,108.43199920654295
2021-03-12,99385.06650532658,0.0,0.0,99385.06650532658,101367.03156767726,0.0,108.55500030517578
2021-03-15,99385.06650532658,0.0,0.0,99385.06650532658,101367.03156767726,0.0,109.11699676513672
2021-03-16,99385.06650532658,0.0,0.0,99385.06650532658,101367.03156767726,0.0,109.13400268554688
2021-03-17,99385.06650532658,0.0,0.0,99385.06650532658,101367.03156767726,0.0,109.02899932861328
2021-03-18,99385.06650532658,0.0,0.0,99385.06650532658,101367.03156767726,0.0,108.89099884033205
2021-03-19,99385.06650532658,0.0,0.0,99385.06650532658,101367.03156767726,0.0,108.93099975585938
2021-03-22,99385.06650532658,0.0,0.0,99385.06650532658,101367.03156767726,0.0,108.87100219726562
2021-03-23,99385.06650532658,0.0,0.0,99385.06650532658,101367.03156767726,0.0,108.7760009765625
2021-03-24,99385.06650532658,0.0,0.0,99385.06650532658,101367.03156767726,0.0,108.5199966430664
2021-03-25,99385.06650532658,0.0,0.0,99385.06650532658,101367.03156767726,0.0,108.79000091552734
2021-03-26,99385.06650532658,0.0,0.0,99385.06650532658,101367.03156767726,0.0,109.1790008544922
2021-03-29,99385.06650532658,0.0,0.0,99385.06650532658,101367.03156767726,0.0,109.79100036621094
2021-03-30,99385.06650532658,0.0,0.0,99385.06650532658,101367.03156767726,0.0,109.83599853515624
2021-03-31,99385.06650532658,0.0,0.0,99385.06650532658,101367.03156767726,0.0,110.30500030517578
2021-04-01,99385.06650532658,0.0,0.0,99385.06650532658,101367.03156767726,0.0,110.75
2021-04-05,99385.06650532658,0.0,0.0,99385.06650532658,101367.03156767726,0.0,110.677001953125
2021-04-06,99385.06650532658,0.0,0.0,99385.06650532658,101367.03156767726,0.0,110.19300079345705
2021-04-07,99385.06650532658,0.0,0.0,99385.06650532658,101367.03156767726,0.0,109.79299926757812
2021-04-08,99385.06650532658,0.0,0.0,99385.06650532658,101367.03156767726,0.0,109.85199737548828
2021-04-09,99385.06650532658,0.0,0.0,99385.06650532658,101367.03156767726,0.0,109.33000183105467
2021-04-12,99385.06650532658,0.0,0.0,99385.06650532658,101367.03156767726,0.0,109.69400024414062
2021-04-13,99385.06650532658,0.0,0.0,99385.06650532658,101367.03156767726,0.0,109.3740005493164
2021-04-14,99385.06650532658,0.0,0.0,99385.06650532658,101367.03156767726,0.0,108.92400360107422
2021-04-15,99385.06650532658,0.0,0.0,99385.06650532658,101367.03156767726,0.0,108.8939971923828
2021-04-16,99385.06650532658,0.0,0.0,99385.06650532658,101367.03156767726,0.0,108.68900299072266
2021-04-19,99385.06650532658,0.0,0.0,99385.06650532658,101367.03156767726,0.0,108.71900177001952
2021-04-20,99385.06650532658,0.0,0.0,99385.06650532658,101367.03156767726,0.0,108.0979995727539
2021-04-21,99385.06650532658,0.0,0.0,99385.06650532658,101367.03156767726,0.0,108.13300323486328
2021-04-22,99385.06650532658,0.0,0.0,99385.06650532658,101367.03156767726,0.0,108.03900146484376
2021-04-23,99385.06650532658,0.0,0.0,99385.06650532658,101367.03156767726,0.0,107.97799682617188
2021-04-26,99385.06650532658,0.0,0.0,99385.06650532658,101367.03156767726,0.0,107.8740005493164
2021-04-27,99385.06650532658,0.0,0.0,99385.06650532658,101367.03156767726,0.0,108.2020034790039
2021-04-28,99385.06650532658,0.0,0.0,99385.06650532658,101367.03156767726,0.0,108.75
2021-04-29,99385.06650532658,0.0,0.0,99385.06650532658,101367.03156767726,0.0,108.50499725341795
2021-04-30,99385.06650532658,0.0,0.0,99385.06650532658,101367.03156767726,0.0,108.90399932861328
2021-05-03,99385.06650532658,0.0,0.0,99385.06650532658,101367.03156767726,0.0,109.28299713134766
2021-05-04,99385.06650532658,0.0,0.0,99385.06650532658,101367.03156767726,0.0,109.08699798583984
2021-05-05,99385.06650532658,0.0,0.0,99385.06650532658,101367.03156767726,0.0,109.3290023803711
2021-05-06,99385.06650532658,0.0,0.0,99385.06650532658,101367.03156767726,0.0,109.21900177001952
2021-05-07,99385.06650532658,0.0,0.0,99385.06650532658,101367.03156767726,0.0,109.0500030517578
2021-05-10,99385.06650532658,0.0,0.0,99385.06650532658,101367.03156767726,0.0,108.5719985961914
2021-05-11,99385.06650532658,0.0,0.0,99385.06650532658,101367.03156767726,0.0,108.84400177001952
2021-05-12,99385.06650532658,0.0,0.0,99385.06650532658,101367.03156767726,0.0,108.71499633789062
2021-05-13,99385.06650532658,0.0,0.0,99385.06650532658,101367.03156767726,0.0,109.66400146484376
2021-05-14,99385.06650532658,0.0,0.0,99385.06650532658,101367.03156767726,0.0,109.51599884033205
2021-05-17,99385.06650532658,0.0,0.0,99385.06650532658,101367.03156767726,0.0,109.41200256347656
2021-05-18,99385.06650532658,0.0,0.0,99385.06650532658,101367.03156767726,0.0,109.24199676513672
2021-05-19,99385.06650532658,0.0,0.0,99385.06650532658,101367.03156767726,0.0,108.86799621582033
2021-05-20,99385.06650532658,0.0,0.0,99385.06650532658,101367.03156767726,0.0,109.27300262451172
2021-05-21,99385.06650532658,0.0,0.0,99385.06650532658,101367.03156767726,0.0,108.86000061035156
2021-05-24,99385.06650532658,0.0,0.0,99385.06650532658,101367.03156767726,0.0,108.91899871826172
2021-05-25,99385.06650532658,0.0,0.0,99385.06650532658,101367.03156767726,0.0,108.85099792480467
2021-05-26,99385.06650532658,0.0,0.0,99385.06650532658,101367.03156767726,0.0,108.802001953125
2021-05-27,99385.06650532658,0.0,0.0,99385.06650532658,101367.03156767726,0.0,109.16999816894533
2021-05-28,99385.06650532658,0.0,0.0,99385.06650532658,101367.03156767726,0.0,109.80899810791016
2021-06-01,99385.06650532658,0.0,0.0,99385.06650532658,101367.03156767726,0.0,109.49299621582033
2021-06-02,99385.06650532658,0.0,0.0,99385.06650532658,101367.03156767726,0.0,109.49299621582033
2021-06-03,99385.06650532658,0.0,0.0,99385.06650532658,101367.03156767726,0.0,109.59500122070312
2021-06-04,99385.06650532658,0.0,0.0,99385.06650532658,101367.03156767726,0.0,110.26599884033205
2021-06-07,99385.06650532658,0.0,0.0,99385.06650532658,101367.03156767726,0.0,109.61699676513672
2021-06-08,99385.06650532658,0.0,0.0,99385.06650532658,101367.03156767726,0.0,109.27400207519533
2021-06-09,99385.06650532658,0.0,0.0,99385.06650532658,101367.03156767726,0.0,109.46900177001952
2021-06-10,99385.06650532658,0.0,0.0,99385.06650532658,101367.03156767726,0.0,109.61000061035156
2021-06-11,99385.06650532658,0.0,0.0,99385.06650532658,101367.03156767726,0.0,109.40899658203124
2021-06-14,99385.06650532658,0.0,0.0,99385.06650532658,101367.03156767726,0.0,109.70899963378906
2021-06-15,99385.06650532658,0.0,0.0,99385.06650532658,101367.03156767726,0.0,110.04100036621094
2021-06-16,99385.06650532658,0.0,0.0,99385.06650532658,101367.03156767726,0.0,110.08399963378906
2021-06-17,99385.06650532658,0.0,0.0,99385.06650532658,101367.03156767726,0.0,110.7699966430664
2021-06-18,99385.06650532658,0.0,0.0,99385.06650532658,101367.03156767726,0.0,110.3249969482422
2021-06-21,99385.06650532658,0.0,0.0,99385.06650532658,101367.03156767726,0.0,110.20099639892578
2021-06-22,99385.06650532658,0.0,0.0,99385.06650532658,101367.03156767726,0.0,110.3740005493164
2021-06-23,99385.06650532658,0.0,0.0,99385.06650532658,101367.03156767726,0.0,110.65399932861328
2021-06-24,99385.06650532658,0.0,0.0,99385.06650532658,101367.03156767726,0.0,111.01200103759766
2021-06-25,99385.06650532658,0.0,0.0,99385.06650532658,101367.03156767726,0.0,110.9209976196289
2021-06-28,99385.06650532658,0.0,0.0,99385.06650532658,101367.03156767726,0.0,110.8219985961914
2021-06-29,99385.06650532658,0.0,0.0,99385.06650532658,101367.03156767726,0.0,110.60299682617188
2021-06-30,99385.06650532658,0.0,0.0,99385.06650532658,101367.03156767726,0.0,110.53500366210938
2021-07-01,99385.06650532658,0.0,0.0,99385.06650532658,101367.03156767726,0.0,111.1240005493164
2021-07-02,99385.06650532658,0.0,0.0,99385.06650532658,101367.03156767726,0.0,111.5719985961914
2021-07-06,99385.06650532658,0.0,0.0,99385.06650532658,101367.03156767726,0.0,110.91600036621094
2021-07-07,99385.06650532658,0.0,0.0,99385.06650532658,101367.03156767726,0.0,110.60199737548828
2021-07-08,99385.06650532658,0.0,0.0,99385.06650532658,101367.03156767726,0.0,110.63500213623048
2021-07-09,99385.06650532658,0.0,0.0,99385.06650532658,101367.03156767726,0.0,109.8010025024414
2021-07-12,99385.06650532658,0.0,0.0,99385.06650532658,101367.03156767726,0.0,110.21499633789062
2021-07-13,99385.06650532658,0.0,0.0,99385.06650532658,101367.03156767726,0.0,110.3249969482422
2021-07-14,99385.06650532658,0.0,0.0,99385.06650532658,101367.03156767726,0.0,110.59500122070312
2021-07-15,99385.06650532658,0.0,0.0,99385.06650532658,101367.03156767726,0.0,109.98400115966795
2021-07-16,99385.06650532658,0.0,0.0,99385.06650532658,101367.03156767726,0.0,109.77799987792967
2021-07-19,99385.06650532658,0.0,0.0,99385.06650532658,101367.03156767726,0.0,109.8740005493164
2021-07-20,99385.06650532658,0.0,0.0,99385.06650532658,101367.03156767726,0.0,109.53399658203124
2021-07-21,99385.06650532658,0.0,0.0,99385.06650532658,101367.03156767726,0.0,109.91999816894533
2021-07-22,99385.06650532658,0.0,0.0,99385.06650532658,101367.03156767726,0.0,110.25499725341795
2021-07-23,99385.06650532658,0.0,0.0,99385.06650532658,101367.03156767726,0.0,110.13999938964844
2021-07-26,99385.06650532658,0.0,0.0,99385.06650532658,101367.03156767726,0.0,110.54399871826172
2021-07-27,99385.06650532658,0.0,0.0,99385.06650532658,101367.03156767726,0.0,110.302001953125
2021-07-28,99385.06650532658,0.0,0.0,99385.06650532658,101367.03156767726,0.0,109.80599975585938
2021-07-29,99385.06650532658,0.0,0.0,99385.06650532658,101367.03156767726,0.0,109.89099884033205
2021-07-30,99385.06650532658,0.0,0.0,99385.06650532658,101367.03156767726,0.0,109.40899658203124
2021-08-02,99385.06650532658,0.0,0.0,99385.06650532658,101367.03156767726,0.0,109.70600128173828
2021-08-03,99385.06650532658,0.0,0.0,99385.06650532658,101367.03156767726,0.0,109.2689971923828
2021-08-04,99385.06650532658,0.0,0.0,99385.06650532658,101367.03156767726,0.0,108.99099731445312
2021-08-05,99385.06650532658,0.0,0.0,99385.06650532658,101367.03156767726,0.0,109.52899932861328
2021-08-06,99385.06650532658,0.0,0.0,99385.06650532658,101367.03156767726,0.0,109.7519989013672
2021-08-09,99385.06650532658,0.0,0.0,99385.06650532658,101367.03156767726,0.0,110.25900268554688
2021-08-10,99385.06650532658,0.0,0.0,99385.06650532658,101367.03156767726,0.0,110.30599975585938
2021-08-11,99385.06650532658,0.0,0.0,99385.06650532658,101367.03156767726,0.0,110.5979995727539
2021-08-12,99385.06650532658,0.0,0.0,99385.06650532658,101367.03156767726,0.0,110.3740005493164
2021-08-13,99385.06650532658,0.0,0.0,99385.06650532658,101367.03156767726,0.0,110.40299987792967
2021-08-16,99385.06650532658,0.0,0.0,99385.06650532658,101367.03156767726,0.0,109.6240005493164
2021-08-17,99385.06650532658,0.0,0.0,99385.06650532658,101367.03156767726,0.0,109.2969970703125
2021-08-18,99385.06650532658,0.0,0.0,99385.06650532658,101367.03156767726,0.0,109.53700256347656
2021-08-19,99385.06650532658,0.0,0.0,99385.06650532658,101367.03156767726,0.0,109.84200286865234
2021-08-20,99385.06650532658,0.0,0.0,99385.06650532658,101367.03156767726,0.0,109.76799774169922
2021-08-23,99385.06650532658,0.0,0.0,99385.06650532658,101367.03156767726,0.0,109.83999633789062
2021-08-24,99385.06650532658,0.0,0.0,99385.06650532658,101367.03156767726,0.0,109.6780014038086
2021-08-25,99385.06650532658,0.0,0.0,99385.06650532658,101367.03156767726,0.0,109.7300033569336
2021-08-26,99385.06650532658,0.0,0.0,99385.06650532658,101367.03156767726,0.0,109.97599792480467
2021-08-27,99385.06650532658,0.0,0.0,99385.06650532658,101367.03156767726,0.0,110.0479965209961
2021-08-30,99385.06650532658,0.0,0.0,99385.06650532658,101367.03156767726,0.0,109.86499786376952
2021-08-31,99385.06650532658,0.0,0.0,99385.06650532658,101367.03156767726,0.0,109.94400024414062
2021-09-01,99385.06650532658,0.0,0.0,99385.06650532658,101367.03156767726,0.0,110.05599975585938
2021-09-02,99385.06650532658,0.0,0.0,99385.06650532658,101367.03156767726,0.0,110.09600067138672
2021-09-03,99385.06650532658,0.0,0.0,99385.06650532658,101367.03156767726,0.0,109.94499969482422
2021-09-07,99385.06650532658,0.0,0.0,99385.06650532658,101367.03156767726,0.0,109.81999969482422
2021-09-08,99385.06650532658,0.0,0.0,99385.06650532658,101367.03156767726,0.0,110.2959976196289
2021-09-09,99385.06650532658,0.0,0.0,99385.06650532658,101367.03156767726,0.0,110.21800231933594
2021-09-10,99385.06650532658,0.0,0.0,99385.06650532658,101367.03156767726,0.0,109.78099822998048
2021-09-13,99385.06650532658,0.0,0.0,99385.06650532658,101367.03156767726,0.0,109.91500091552734
2021-09-14,99385.06650532658,0.0,0.0,99385.06650532658,101367.03156767726,0.0,109.99400329589844
2021-09-15,99385.06650532658,0.0,0.0,99385.06650532658,101367.03156767726,0.0,109.71900177001952
2021-09-16,99385.06650532658,0.0,0.0,99385.06650532658,101367.03156767726,0.0,109.38300323486328
2021-09-17,99385.06650532658,0.0,0.0,99385.06650532658,101367.03156767726,0.0,109.6989974975586
2021-09-20,99385.06650532658,0.0,0.0,99385.06650532658,101367.03156767726,0.0,109.97100067138672
2021-09-21,99385.06650532658,0.0,0.0,99385.06650532658,101367.03156767726,0.0,109.43699645996094
2021-09-22,99385.06650532658,0.0,0.0,99385.06650532658,101367.03156767726,0.0,109.14900207519533
2021-09-23,99385.06650532658,0.0,0.0,99385.06650532658,101367.03156767726,0.0,109.8219985961914
2021-09-24,99385.06650532658,0.0,0.0,99385.06650532658,101367.03156767726,0.0,110.32599639892578
2021-09-27,99385.06650532658,0.0,0.0,99385.06650532658,101367.03156767726,0.0,110.76399993896484
2021-09-28,99385.06650532658,0.0,0.0,99385.06650532658,101367.03156767726,0.0,110.96399688720705
2021-09-29,99385.06650532658,0.0,0.0,99385.06650532658,101367.03156767726,0.0,111.52799987792967
2021-09-30,99385.06650532658,0.0,0.0,99385.06650532658,101367.03156767726,0.0,111.93599700927734
2021-10-01,99385.06650532658,0.0,0.0,99385.06650532658,101367.03156767726,0.0,111.46099853515624
2021-10-04,99385.06650532658,0.0,0.0,99385.06650532658,101367.03156767726,0.0,110.9469985961914
2021-10-05,99385.06650532658,0.0,0.0,99385.06650532658,101367.03156767726,0.0,110.96800231933594
2021-10-06,99385.06650532658,0.0,0.0,99385.06650532658,101367.03156767726,0.0,111.48699951171876
2021-10-07,99385.06650532658,0.0,0.0,99385.06650532658,101367.03156767726,0.0,111.41300201416016
2021-10-08,99385.06650532658,0.0,0.0,99385.06650532658,101367.03156767726,0.0,111.66200256347656
2021-10-11,99385.06650532658,0.0,0.0,99385.06650532658,101367.03156767726,0.0,112.2699966430664
2021-10-12,99385.06650532658,0.0,0.0,99385.06650532658,101367.03156767726,0.0,113.38800048828124
2021-10-13,99385.06650532658,0.0,0.0,99385.06650532658,101367.03156767726,0.0,113.5189971923828
2021-10-14,99385.06650532658,0.0,0.0,99385.06650532658,101367.03156767726,0.0,113.3010025024414
2021-10-15,99385.06650532658,0.0,0.0,99385.06650532658,101367.03156767726,0.0,113.83399963378906
2021-10-18,99385.06650532658,0.0,0.0,99385.06650532658,101367.03156767726,0.0,114.3239974975586
2021-10-19,99385.06650532658,0.0,0.0,99385.06650532658,101367.03156767726,0.0,114.28500366210938
2021-10-20,99385.06650532658,0.0,0.0,99385.06650532658,101367.03156767726,0.0,114.54299926757812
2021-10-21,99385.06650532658,0.0,0.0,99385.06650532658,101367.03156767726,0.0,114.38899993896484
2021-10-22,99385.06650532658,0.0,0.0,99385.06650532658,101367.03156767726,0.0,113.8499984741211
2021-10-25,99385.06650532658,0.0,0.0,99385.06650532658,101367.03156767726,0.0,113.66400146484376
2021-10-26,99385.06650532658,0.0,0.0,99385.06650532658,101367.03156767726,0.0,113.76499938964844
2021-10-27,99385.06650532658,0.0,0.0,99385.06650532658,101367.03156767726,0.0,114.18800354003906
2021-10-28,99385.06650532658,0.0,0.0,99385.06650532658,101367.03156767726,0.0,113.7760009765625
2021-10-29,99385.06650532658,0.0,0.0,99385.06650532658,101367.03156767726,0.0,113.61599731445312
2021-11-01,99385.06650532658,0.0,0.0,99385.06650532658,101367.03156767726,0.0,114.23600006103516
2021-11-02,99385.06650532658,0.0,0.0,99385.06650532658,101367.03156767726,0.0,114.09400177001952
2021-11-03,99385.06650532658,0.0,0.0,99385.06650532658,101367.03156767726,0.0,113.96199798583984
2021-11-04,99385.06650532658,0.0,0.0,99385.06650532658,101367.03156767726,0.0,114.06999969482422
2021-11-05,99385.06650532658,0.0,0.0,99385.06650532658,101367.03156767726,0.0,113.83699798583984
2021-11-08,99385.06650532658,0.0,0.0,99385.06650532658,101367.03156767726,0.0,113.4749984741211
2021-11-09,99385.06650532658,0.0,0.0,99385.06650532658,101367.03156767726,0.0,113.25399780273438
2021-11-10,99385.06650532658,0.0,0.0,99385.06650532658,101367.03156767726,0.0,112.91200256347656
2021-11-11,99385.06650532658,0.0,0.0,99385.06650532658,101367.03156767726,0.0,113.90499877929688
2021-11-12,99385.06650532658,0.0,0.0,99385.06650532658,101367.03156767726,0.0,114.04299926757812
2021-11-15,99385.06650532658,0.0,0.0,99385.06650532658,101367.03156767726,0.0,113.9810028076172
2021-11-16,99385.06650532658,0.0,0.0,99385.06650532658,101367.03156767726,0.0,114.13200378417967
2021-11-17,99385.06650532658,0.0,0.0,99385.06650532658,101367.03156767726,0.0,114.90399932861328
2021-11-18,99385.06650532658,0.0,0.0,99385.06650532658,101367.03156767726,0.0,114.19000244140624
2021-11-19,99385.06650532658,0.0,0.0,99385.06650532658,101367.03156767726,0.0,114.28199768066406
2021-11-22,99385.06650532658,0.0,0.0,99385.06650532658,101367.03156767726,0.0,114.13800048828124
2021-11-23,99385.06650532658,0.0,0.0,99385.06650532658,101367.03156767726,0.0,114.79000091552734
2021-11-24,99385.06650532658,0.0,0.0,99385.06650532658,101367.03156767726,0.0,115.14099884033205
2021-11-26,99385.06650532658,0.0,0.0,99385.06650532658,101367.03156767726,0.0,115.06900024414062
2021-11-29,99385.06650532658,0.0,0.0,99385.06650532658,101367.03156767726,0.0,113.71900177001952
2021-11-30,99385.06650532658,0.0,0.0,99385.06650532658,101367.03156767726,0.0,113.8040008544922
2021-12-01,99385.06650532658,0.0,0.0,99385.06650532658,101367.03156767726,0.0,113.29900360107422
2021-12-02,99385.06650532658,0.0,0.0,99385.06650532658,101367.03156767726,0.0,112.88200378417967
2021-12-03,99385.06650532658,0.0,0.0,99385.06650532658,101367.03156767726,0.0,113.02200317382812
2021-12-06,99385.06650532658,0.0,0.0,99385.06650532658,101367.03156767726,0.0,113.04199981689452
2021-12-07,99385.06650532658,0.0,0.0,99385.06650532658,101367.03156767726,0.0,113.45800018310548
2021-12-08,99385.06650532658,0.0,0.0,99385.06650532658,101367.03156767726,0.0,113.5250015258789
2021-12-09,99385.06650532658,0.0,0.0,99385.06650532658,101367.03156767726,0.0,113.68399810791016
2021-12-10,99385.06650532658,0.0,0.0,99385.06650532658,101367.03156767726,0.0,113.447998046875
2021-12-13,99385.06650532658,0.0,0.0,99385.06650532658,101367.03156767726,0.0,113.5009994506836
2021-12-14,99385.06650532658,0.0,0.0,99385.06650532658,101367.03156767726,0.0,113.5770034790039
2021-12-15,99385.06650532658,0.0,0.0,99385.06650532658,101367.03156767726,0.0,113.74299621582033
2021-12-16,99385.06650532658,0.0,0.0,99385.06650532658,101367.03156767726,0.0,114.13600158691406
2021-12-17,99385.06650532658,0.0,0.0,99385.06650532658,101367.03156767726,0.0,113.66300201416016
2021-12-20,99385.06650532658,0.0,0.0,99385.06650532658,101367.03156767726,0.0,113.51799774169922
2021-12-21,99385.06650532658,0.0,0.0,99385.06650532658,101367.03156767726,0.0,113.66200256347656
2021-12-22,99385.06650532658,0.0,0.0,99385.06650532658,101367.03156767726,0.0,113.99400329589844
2021-12-23,99385.06650532658,0.0,0.0,99385.06650532658,101367.03156767726,0.0,114.12100219726562
2021-12-27,99385.06650532658,0.0,0.0,99385.06650532658,101367.03156767726,0.0,114.33300018310548
2021-12-28,99385.06650532658,0.0,0.0,99385.06650532658,101367.03156767726,0.0,114.79199981689452
2021-12-29,99385.06650532658,0.0,0.0,99385.06650532658,101367.03156767726,0.0,114.77300262451172
2021-12-30,99385.06650532658,0.0,0.0,99385.06650532658,101367.03156767726,0.0,114.947998046875
2021-12-31,99385.06650532658,0.0,0.0,99385.06650532658,101367.03156767726,0.0,115.06300354003906
2022-01-03,99385.06650532658,0.0,0.0,99385.06650532658,101367.03156767726,0.0,115.14199829101562
2022-01-04,99385.06650532658,0.0,0.0,99385.06650532658,101367.03156767726,0.0,115.3280029296875
2022-01-05,99385.06650532658,0.0,0.0,99385.06650532658,101367.03156767726,0.0,116.17400360107422
2022-01-06,99385.06650532658,0.0,0.0,99385.06650532658,101367.03156767726,0.0,116.12799835205078
2022-01-07,99385.06650532658,0.0,0.0,99385.06650532658,101367.03156767726,0.0,115.86499786376952
2022-01-10,99385.06650532658,0.0,0.0,99385.06650532658,101367.03156767726,0.0,115.61799621582033
2022-01-11,99385.06650532658,0.0,0.0,99385.06650532658,101367.03156767726,0.0,115.27799987792967
2022-01-12,99385.06650532658,0.0,0.0,99385.06650532658,101367.03156767726,0.0,115.33100128173828
2022-01-13,99385.06650532658,0.0,0.0,99385.06650532658,101367.03156767726,0.0,114.6750030517578
2022-01-14,99385.06650532658,0.0,0.0,99385.06650532658,101367.03156767726,0.0,114.11799621582033
2022-01-18,99385.06650532658,0.0,0.0,99385.06650532658,101367.03156767726,0.0,114.5709991455078
2022-01-19,99385.06650532658,0.0,0.0,99385.06650532658,101367.03156767726,0.0,114.5540008544922
2022-01-20,99385.06650532658,0.0,0.0,99385.06650532658,101367.03156767726,0.0,114.34700012207033
2022-01-21,99385.06650532658,0.0,0.0,99385.06650532658,101367.03156767726,0.0,113.99299621582033
2022-01-24,99385.06650532658,0.0,0.0,99385.06650532658,101367.03156767726,0.0,113.78500366210938
2022-01-25,99385.06650532658,0.0,0.0,99385.06650532658,101367.03156767726,0.0,114.01100158691406
2022-01-26,99385.06650532658,0.0,0.0,99385.06650532658,101367.03156767726,0.0,113.875
2022-01-27,99385.06650532658,0.0,0.0,99385.06650532658,101367.03156767726,0.0,114.72100067138672
2022-01-28,99385.06650532658,0.0,0.0,99385.06650532658,101367.03156767726,0.0,115.35199737548828
2022-01-31,99385.06650532658,0.0,0.0,99385.06650532658,101367.03156767726,0.0,115.26200103759766
2022-02-01,99385.06650532658,0.0,0.0,99385.06650532658,101367.03156767726,0.0,115.12100219726562
2022-02-02,99385.06650532658,0.0,0.0,99385.06650532658,101367.03156767726,0.0,114.73600006103516
2022-02-03,99385.06650532658,0.0,0.0,99385.06650532658,101367.03156767726,0.0,114.38200378417967
2022-02-04,99385.06650532658,0.0,0.0,99385.06650532658,101367.03156767726,0.0,114.95700073242188
2022-02-07,99385.06650532658,0.0,0.0,99385.06650532658,101367.03156767726,0.0,115.2239990234375
2022-02-08,99385.06650532658,0.0,0.0,99385.06650532658,101367.03156767726,0.0,115.06300354003906
2022-02-09,99385.06650532658,0.0,0.0,99385.06650532658,101367.03156767726,0.0,115.53099822998048
2022-02-10,99385.06650532658,0.0,0.0,99385.06650532658,101367.03156767726,0.0,115.60199737548828
2022-02-11,99385.06650532658,0.0,0.0,99385.06650532658,101367.03156767726,0.0,116.0469970703125
2022-02-14,99385.06650532658,0.0,0.0,99385.06650532658,101367.03156767726,0.0,115.58399963378906
2022-02-15,99385.06650532658,0.0,0.0,99385.06650532658,101367.03156767726,0.0,115.53600311279295
2022-02-16,99385.06650532658,0.0,0.0,99385.06650532658,101367.03156767726,0.0,115.63500213623048
2022-02-17,99385.06650532658,0.0,0.0,99385.06650532658,101367.03156767726,0.0,115.38700103759766
2022-02-18,99385.06650532658,0.0,0.0,99385.06650532658,101367.03156767726,0.0,114.86599731445312
2022-02-22,99385.06650532658,0.0,0.0,99385.06650532658,101367.03156767726,0.0,114.60900115966795
2022-02-23,99385.06650532658,0.0,0.0,99385.06650532658,101367.03156767726,0.0,115.09600067138672
2022-02-24,99385.06650532658,0.0,0.0,99385.06650532658,101367.03156767726,0.0,114.89800262451172
2022-02-25,99385.06650532658,0.0,0.0,99385.06650532658,101367.03156767726,0.0,115.5709991455078
2022-02-28,99385.06650532658,0.0,0.0,99385.06650532658,101367.03156767726,0.0,115.58499908447266
2022-03-01,99385.06650532658,0.0,0.0,99385.06650532658,101367.03156767726,0.0,115.0780029296875
2022-03-02,99385.06650532658,0.0,0.0,99385.06650532658,101367.03156767726,0.0,114.83300018310548
2022-03-03,99385.06650532658,0.0,0.0,99385.06650532658,101367.03156767726,0.0,115.5189971923828
2022-03-04,99385.06650532658,0.0,0.0,99385.06650532658,101367.03156767726,0.0,115.4739990234375
2022-03-07,99385.06650532658,0.0,0.0,99385.06650532658,101367.03156767726,0.0,114.9499969482422
2022-03-08,99385.06650532658,0.0,0.0,99385.06650532658,101367.03156767726,0.0,115.3730010986328
2022-03-09,99385.06650532658,0.0,0.0,99385.06650532658,101367.03156767726,0.0,115.72200012207033
2022-03-10,99385.06650532658,0.0,0.0,99385.06650532658,101367.03156767726,0.0,115.90899658203124
2022-03-11,99385.06650532658,0.0,0.0,99385.06650532658,101367.03156767726,0.0,116.1790008544922
2022-03-14,99385.06650532658,0.0,0.0,99385.06650532658,101367.03156767726,0.0,117.52899932861328
2022-03-15,99385.06650532658,0.0,0.0,99385.06650532658,101367.03156767726,0.0,118.21800231933594
2022-03-16,99385.06650532658,0.0,0.0,99385.06650532658,101367.03156767726,0.0,118.29199981689452
2022-03-17,99385.06650532658,0.0,0.0,99385.06650532658,101367.03156767726,0.0,118.87000274658205
2022-03-18,99385.06650532658,0.0,0.0,99385.06650532658,101367.03156767726,0.0,118.48600006103516
2022-03-21,99385.06650532658,0.0,0.0,99385.06650532658,101367.03156767726,0.0,119.26300048828124
2022-03-22,99385.06650532658,0.0,0.0,99385.06650532658,101367.03156767726,0.0,119.59400177001952
2022-03-23,99385.06650532658,0.0,0.0,99385.06650532658,101367.03156767726,0.0,121.33999633789062
2022-03-24,99385.06650532658,0.0,0.0,99385.06650532658,101367.03156767726,0.0,121.1269989013672
2022-03-25,99385.06650532658,0.0,0.0,99385.06650532658,101367.03156767726,0.0,122.34600067138672
2022-03-28,99385.06650532658,0.0,0.0,99385.06650532658,101367.03156767726,0.0,122.2699966430664
2022-03-29,99385.06650532658,0.0,0.0,99385.06650532658,101367.03156767726,0.0,123.66000366210938
2022-03-30,99385.06650532658,0.0,0.0,99385.06650532658,101367.03156767726,0.0,123.125
2022-03-31,99385.06650532658,0.0,0.0,99385.06650532658,101367.03156767726,0.0,122.02100372314452
2022-04-01,99385.06650532658,0.0,0.0,99385.06650532658,101367.03156767726,0.0,121.75599670410156
2022-04-04,99385.06650532658,0.0,0.0,99385.06650532658,101367.03156767726,0.0,122.61000061035156
2022-04-05,99385.06650532658,0.0,0.0,99385.06650532658,101367.03156767726,0.0,122.80899810791016
2022-04-06,99385.06650532658,0.0,0.0,99385.06650532658,101367.03156767726,0.0,123.65599822998048
2022-04-07,99385.06650532658,0.0,0.0,99385.06650532658,101367.03156767726,0.0,123.7229995727539
2022-04-08,99385.06650532658,0.0,0.0,99385.06650532658,101367.03156767726,0.0,124.09600067138672
2022-04-11,99385.06650532658,0.0,0.0,99385.06650532658,101367.03156767726,0.0,124.38500213623048
2022-04-12,99385.06650532658,0.0,0.0,99385.06650532658,101367.03156767726,0.0,125.47200012207033
2022-04-13,99385.06650532658,0.0,0.0,99385.06650532658,101367.03156767726,0.0,125.41600036621094
2022-04-14,99385.06650532658,0.0,0.0,99385.06650532658,101367.03156767726,0.0,125.3769989013672
2022-04-18,99385.06650532658,0.0,0.0,99385.06650532658,101367.03156767726,0.0,126.61799621582033
2022-04-19,99385.06650532658,0.0,0.0,99385.06650532658,101367.03156767726,0.0,127.0979995727539
2022-04-20,99385.06650532658,0.0,0.0,99385.06650532658,101367.03156767726,0.0,129.33299255371094
2022-04-21,99385.06650532658,0.0,0.0,99385.06650532658,101367.03156767726,0.0,128.01300048828125
2022-04-22,99385.06650532658,0.0,0.0,99385.06650532658,101367.03156767726,0.0,128.4080047607422
2022-04-25,99385.06650532658,0.0,0.0,99385.06650532658,101367.03156767726,0.0,128.60499572753906
2022-04-26,99385.06650532658,0.0,0.0,99385.06650532658,101367.03156767726,0.0,127.74400329589844
2022-04-27,99385.06650532658,0.0,0.0,99385.06650532658,101367.03156767726,0.0,127.26599884033205
2022-04-28,99385.06650532658,0.0,0.0,99385.06650532658,101367.03156767726,0.0,128.3939971923828
2022-04-29,99385.06650532658,0.0,0.0,99385.06650532658,101367.03156767726,0.0,130.81100463867188
2022-05-02,99385.06650532658,0.0,0.0,99385.06650532658,101367.03156767726,0.0,130.01100158691406
2022-05-03,99385.06650532658,0.0,0.0,99385.06650532658,101367.03156767726,0.0,130.11199951171875
2022-05-04,99385.06650532658,0.0,0.0,99385.06650532658,101367.03156767726,0.0,130.11599731445312
2022-05-05,99385.06650532658,0.0,0.0,99385.06650532658,101367.03156767726,0.0,129.22300720214844
2022-05-06,99385.06650532658,0.0,0.0,99385.06650532658,101367.03156767726,0.0,130.3300018310547
2022-05-09,99385.06650532658,0.0,0.0,99385.06650532658,101367.03156767726,0.0,130.74899291992188
2022-05-10,99385.06650532658,0.0,0.0,99385.06650532658,101367.03156767726,0.0,130.3769989013672
2022-05-11,99385.06650532658,0.0,0.0,99385.06650532658,101367.03156767726,0.0,130.3509979248047
2022-05-12,99385.06650532658,0.0,0.0,99385.06650532658,101367.03156767726,0.0,129.8350067138672
2022-05-13,99385.06650532658,0.0,0.0,99385.06650532658,101367.03156767726,0.0,128.58799743652344
2022-05-16,99385.06650532658,0.0,0.0,99385.06650532658,101367.03156767726,0.0,129.4320068359375
2022-05-17,99385.06650532658,0.0,0.0,99385.06650532658,101367.03156767726,0.0,128.92300415039062
2022-05-18,99385.06650532658,0.0,0.0,99385.06650532658,101367.03156767726,0.0,129.45399475097656
2022-05-19,99385.06650532658,0.0,0.0,99385.06650532658,101367.03156767726,0.0,127.91400146484376
2022-05-20,99385.06650532658,0.0,0.0,99385.06650532658,101367.03156767726,0.0,127.83200073242188
2022-05-23,99385.06650532658,0.0,0.0,99385.06650532658,101367.03156767726,0.0,127.90299987792967
2022-05-24,99385.06650532658,0.0,0.0,99385.06650532658,101367.03156767726,0.0,127.84600067138672
2022-05-25,99385.06650532658,0.0,0.0,99385.06650532658,101367.03156767726,0.0,126.7689971923828
2022-05-26,99385.06650532658,0.0,0.0,99385.06650532658,101367.03156767726,0.0,127.1520004272461
2022-05-27,99385.06650532658,0.0,0.0,99385.06650532658,101367.03156767726,0.0,127.04499816894533
2022-05-31,99385.06650532658,0.0,0.0,99385.06650532658,101367.03156767726,0.0,127.78399658203124
2022-06-01,99385.06650532658,0.0,0.0,99385.06650532658,101367.03156767726,0.0,128.73599243164062
2022-06-02,99385.06650532658,0.0,0.0,99385.06650532658,101367.03156767726,0.0,130.1219940185547
2022-06-03,99385.06650532658,0.0,0.0,99385.06650532658,101367.03156767726,0.0,129.91799926757812
2022-06-06,99385.06650532658,0.0,0.0,99385.06650532658,101367.03156767726,0.0,130.70700073242188
2022-06-07,99385.06650532658,0.0,0.0,99385.06650532658,101367.03156767726,0.0,132.17599487304688
2022-06-08,99385.06650532658,0.0,0.0,99385.06650532658,101367.03156767726,0.0,132.8470001220703
2022-06-09,99385.06650532658,0.0,0.0,99385.06650532658,101367.03156767726,0.0,134.42999267578125
2022-06-10,99385.06650532658,0.0,0.0,99385.06650532658,101367.03156767726,0.0,134.41799926757812
2022-06-13,99385.06650532658,0.0,0.0,99385.06650532658,101367.03156767726,0.0,134.81399536132812
2022-06-14,99385.06650532658,0.0,0.0,99385.06650532658,101367.03156767726,0.0,134.22500610351562
2022-06-15,99385.06650532658,0.0,0.0,99385.06650532658,101367.03156767726,0.0,135.29400634765625
2022-06-16,99385.06650532658,0.0,0.0,99385.06650532658,101367.03156767726,0.0,134.11500549316406
2022-06-17,99385.06650532658,0.0,0.0,99385.06650532658,101367.03156767726,0.0,132.42100524902344
2022-06-21,99385.06650532658,0.0,0.0,99385.06650532658,101367.03156767726,0.0,135.08700561523438
2022-06-22,99385.06650532658,0.0,0.0,99385.06650532658,101367.03156767726,0.0,136.2689971923828
2022-06-23,99385.06650532658,0.0,0.0,99385.06650532658,101367.03156767726,0.0,136.0240020751953
2022-06-24,99385.06650532658,0.0,0.0,99385.06650532658,101367.03156767726,0.0,134.83999633789062
2022-06-27,99385.06650532658,0.0,0.0,99385.06650532658,101367.03156767726,0.0,135.06199645996094
2022-06-28,99385.06650532658,0.0,0.0,99385.06650532658,101367.03156767726,0.0,135.43499755859375
2022-06-29,99385.06650532658,0.0,0.0,99385.06650532658,101367.03156767726,0.0,136.0469970703125
2022-06-30,99385.06650532658,0.0,0.0,99385.06650532658,101367.03156767726,0.0,136.58900451660156
2022-07-01,99385.06650532658,0.0,0.0,99385.06650532658,101367.03156767726,0.0,135.78599548339844
2022-07-05,99385.06650532658,0.0,0.0,99385.06650532658,101367.03156767726,0.0,135.83999633789062
2022-07-06,99385.06650532658,0.0,0.0,99385.06650532658,101367.03156767726,0.0,135.52099609375
2022-07-07,99385.06650532658,0.0,0.0,99385.06650532658,101367.03156767726,0.0,135.96600341796875
2022-07-08,99385.06650532658,0.0,0.0,99385.06650532658,101367.03156767726,0.0,135.91299438476562
2022-07-11,99385.06650532658,0.0,0.0,99385.06650532658,101367.03156767726,0.0,136.30099487304688
2022-07-12,99385.06650532658,0.0,0.0,99385.06650532658,101367.03156767726,0.0,137.38800048828125
2022-07-13,99385.06650532658,0.0,0.0,99385.06650532658,101367.03156767726,0.0,136.7259979248047
2022-07-14,99385.06650532658,0.0,0.0,99385.06650532658,101367.03156767726,0.0,137.6280059814453
2022-07-15,99385.06650532658,0.0,0.0,99385.06650532658,101367.03156767726,0.0,138.9669952392578
2022-07-18,99385.06650532658,0.0,0.0,99385.06650532658,101367.03156767726,0.0,138.31399536132812
2022-07-19,99385.06650532658,0.0,0.0,99385.06650532658,101367.03156767726,0.0,138.22900390625
2022-07-20,99385.06650532658,0.0,0.0,99385.06650532658,101367.03156767726,0.0,138.1909942626953
2022-07-21,99385.06650532658,0.0,0.0,99385.06650532658,101367.03156767726,0.0,138.39500427246094
2022-07-22,99385.06650532658,0.0,0.0,99385.06650532658,101367.03156767726,0.0,137.09800720214844
2022-07-25,99385.06650532658,0.0,0.0,99385.06650532658,101367.03156767726,0.0,136.31199645996094
2022-07-26,99385.06650532658,0.0,0.0,99385.06650532658,101367.03156767726,0.0,136.43099975585938
2022-07-27,99385.06650532658,0.0,0.0,99385.06650532658,101367.03156767726,0.0,136.97000122070312
2022-07-28,99385.06650532658,0.0,0.0,99385.06650532658,101367.03156767726,0.0,136.11099243164062
2022-07-29,99385.06650532658,0.0,0.0,99385.06650532658,101367.03156767726,0.0,134.39700317382812
2022-08-01,99385.06650532658,0.0,0.0,99385.06650532658,101367.03156767726,0.0,133.40699768066406
2022-08-02,99385.06650532658,0.0,0.0,99385.06650532658,101367.03156767726,0.0,131.57200622558594
2022-08-03,99385.06650532658,0.0,0.0,99385.06650532658,101367.03156767726,0.0,133.37899780273438
2022-08-04,99385.06650532658,0.0,0.0,99385.06650532658,101367.03156767726,0.0,133.96200561523438
2022-08-05,99385.06650532658,0.0,0.0,99385.06650532658,101367.03156767726,0.0,132.62100219726562
2022-08-08,99385.06650532658,0.0,0.0,99385.06650532658,101367.03156767726,0.0,135.0570068359375
2022-08-09,99385.06650532658,0.0,0.0,99385.06650532658,101367.03156767726,0.0,134.83999633789062
2022-08-10,99385.06650532658,0.0,0.0,99385.06650532658,101367.03156767726,0.0,135.18699645996094
2022-08-11,99385.06650532658,0.0,0.0,99385.06650532658,101367.03156767726,0.0,132.8300018310547
2022-08-12,99385.06650532658,0.0,0.0,99385.06650532658,101367.03156767726,0.0,132.99400329589844
2022-08-15,99385.06650532658,0.0,0.0,99385.06650532658,101367.03156767726,0.0,133.28799438476562
2022-08-16,99385.06650532658,0.0,0.0,99385.06650532658,101367.03156767726,0.0,133.14300537109375
2022-08-17,99385.06650532658,0.0,0.0,99385.06650532658,101367.03156767726,0.0,134.27699279785156
2022-08-18,99385.06650532658,0.0,0.0,99385.06650532658,101367.03156767726,0.0,134.94400024414062
2022-08-19,99385.06650532658,0.0,0.0,99385.06650532658,101367.03156767726,0.0,135.7949981689453
2022-08-22,99385.06650532658,0.0,0.0,99385.06650532658,101367.03156767726,0.0,137.04100036621094
2022-08-23,99385.06650532658,0.0,0.0,99385.06650532658,101367.03156767726,0.0,137.54600524902344
2022-08-24,99385.06650532658,0.0,0.0,99385.06650532658,101367.03156767726,0.0,136.73300170898438
2022-08-25,99385.06650532658,0.0,0.0,99385.06650532658,101367.03156767726,0.0,137.08099365234375
2022-08-26,99385.06650532658,0.0,0.0,99385.06650532658,101367.03156767726,0.0,136.56300354003906
2022-08-29,99385.06650532658,0.0,0.0,99385.06650532658,101367.03156767726,0.0,137.52000427246094
2022-08-30,99385.06650532658,0.0,0.0,99385.06650532658,101367.03156767726,0.0,138.5959930419922
2022-08-31,99385.06650532658,0.0,0.0,99385.06650532658,101367.03156767726,0.0,138.73399353027344
2022-09-01,99385.06650532658,0.0,0.0,99385.06650532658,101367.03156767726,0.0,139.29600524902344
2022-09-02,99385.06650532658,0.0,0.0,99385.06650532658,101367.03156767726,0.0,140.08099365234375
2022-09-06,99385.06650532658,0.0,0.0,99385.06650532658,101367.03156767726,0.0,140.42999267578125
2022-09-07,99385.06650532658,0.0,0.0,99385.06650532658,101367.03156767726,0.0,143.1510009765625
2022-09-08,99385.06650532658,0.0,0.0,99385.06650532658,101367.03156767726,0.0,144.1280059814453
2022-09-09,99385.06650532658,0.0,0.0,99385.06650532658,101367.03156767726,0.0,143.8560028076172
2022-09-12,99385.06650532658,0.0,0.0,99385.06650532658,101367.03156767726,0.0,142.5959930419922
2022-09-13,99385.06650532658,0.0,0.0,99385.06650532658,101367.03156767726,0.0,142.5850067138672
2022-09-14,99385.06650532658,0.0,0.0,99385.06650532658,101367.03156767726,0.0,144.4040069580078
2022-09-15,99385.06650532658,0.0,0.0,99385.06650532658,101367.03156767726,0.0,142.92300415039062
2022-09-16,99385.06650532658,0.0,0.0,99385.06650532658,101367.03156767726,0.0,143.36500549316406
2022-09-19,99385.06650532658,0.0,0.0,99385.06650532658,101367.03156767726,0.0,142.76499938964844
2022-09-20,99385.06650532658,0.0,0.0,99385.06650532658,101367.03156767726,0.0,143.22300720214844
2022-09-21,99385.06650532658,0.0,0.0,99385.06650532658,101367.03156767726,0.0,143.6020050048828
2022-09-22,99385.06650532658,0.0,0.0,99385.06650532658,101367.03156767726,0.0,144.3159942626953
2022-09-23,99385.06650532658,0.0,0.0,99385.06650532658,101367.03156767726,0.0,142.27999877929688
2022-09-26,99385.06650532658,0.0,0.0,99385.06650532658,101367.03156767726,0.0,143.51100158691406
2022-09-27,99385.06650532658,0.0,0.0,99385.06650532658,101367.03156767726,0.0,144.45899963378906
2022-09-28,99385.06650532658,0.0,0.0,99385.06650532658,101367.03156767726,0.0,144.6909942626953
2022-09-29,99385.06650532658,0.0,0.0,99385.06650532658,101367.03156767726,0.0,144.3979949951172
2022-09-30,99385.06650532658,0.0,0.0,99385.06650532658,101367.03156767726,0.0,144.43099975585938
2022-10-03,99385.06650532658,0.0,0.0,99385.06650532658,101367.03156767726,0.0,144.8159942626953
2022-10-04,99385.06650532658,0.0,0.0,99385.06650532658,101367.03156767726,0.0,144.5189971923828
2022-10-05,99385.06650532658,0.0,0.0,99385.06650532658,101367.03156767726,0.0,143.78700256347656
2022-10-06,99385.06650532658,0.0,0.0,99385.06650532658,101367.03156767726,0.0,144.44900512695312
2022-10-07,99385.06650532658,0.0,0.0,99385.06650532658,101367.03156767726,0.0,145.03900146484375
2022-10-10,99385.06650532658,0.0,0.0,99385.06650532658,101367.03156767726,0.0,145.48199462890625
2022-10-11,99385.06650532658,0.0,0.0,99385.06650532658,101367.03156767726,0.0,145.6739959716797
2022-10-12,99385.06650532658,0.0,0.0,99385.06650532658,101367.03156767726,0.0,145.8699951171875
2022-10-13,99385.06650532658,0.0,0.0,99385.06650532658,101367.03156767726,0.0,146.73699951171875
2022-10-14,99385.06650532658,0.0,0.0,99385.06650532658,101367.03156767726,0.0,147.29299926757812
2022-10-17,99385.06650532658,0.0,0.0,99385.06650532658,101367.03156767726,0.0,148.6320037841797
2022-10-18,99385.06650532658,0.0,0.0,99385.06650532658,101367.03156767726,0.0,148.9709930419922
2022-10-19,99385.06650532658,0.0,0.0,99385.06650532658,101367.03156767726,0.0,149.20899963378906
2022-10-20,99385.06650532658,0.0,0.0,99385.06650532658,101367.03156767726,0.0,149.8209991455078
2022-10-21,99385.06650532658,0.0,0.0,99385.06650532658,101367.03156767726,0.0,150.17599487304688
2022-10-24,99385.06650532658,0.0,0.0,99385.06650532658,101367.03156767726,0.0,147.81900024414062
2022-10-25,99385.06650532658,0.0,0.0,99385.06650532658,101367.03156767726,0.0,148.88699340820312
2022-10-26,99385.06650532658,0.0,0.0,99385.06650532658,101367.03156767726,0.0,147.97999572753906
2022-10-27,99385.06650532658,0.0,0.0,99385.06650532658,101367.03156767726,0.0,146.13400268554688
2022-10-28,99385.06650532658,0.0,0.0,99385.06650532658,101367.03156767726,0.0,146.2740020751953
2022-10-31,99385.06650532658,0.0,0.0,99385.06650532658,101367.03156767726,0.0,147.81199645996094
2022-11-01,99385.06650532658,0.0,0.0,99385.06650532658,101367.03156767726,0.0,148.73699951171875
2022-11-02,99385.06650532658,0.0,0.0,99385.06650532658,101367.03156767726,0.0,147.9149932861328
2022-11-03,99385.06650532658,0.0,0.0,99385.06650532658,101367.03156767726,0.0,147.89199829101562
2022-11-04,99385.06650532658,0.0,0.0,99385.06650532658,101367.03156767726,0.0,148.39300537109375
2022-11-07,99385.06650532658,0.0,0.0,99385.06650532658,101367.03156767726,0.0,146.84100341796875
2022-11-08,99385.06650532658,0.0,0.0,99385.06650532658,101367.03156767726,0.0,146.62399291992188
2022-11-09,99385.06650532658,0.0,0.0,99385.06650532658,101367.03156767726,0.0,145.2949981689453
2022-11-10,99385.06650532658,0.0,0.0,99385.06650532658,101367.03156767726,0.0,146.20899963378906
2022-11-11,99385.06650532658,0.0,0.0,99385.06650532658,101367.03156767726,0.0,141.73399353027344
2022-11-14,99385.06650532658,0.0,0.0,99385.06650532658,101367.03156767726,0.0,139.55299377441406
2022-11-15,99385.06650532658,0.0,0.0,99385.06650532658,101367.03156767726,0.0,140.11500549316406
2022-11-16,99385.06650532658,0.0,0.0,99385.06650532658,101367.03156767726,0.0,138.96499633789062
2022-11-17,99385.06650532658,0.0,0.0,99385.06650532658,101367.03156767726,0.0,139.32200622558594
2022-11-18,99385.06650532658,0.0,0.0,99385.06650532658,101367.03156767726,0.0,140.41200256347656
2022-11-21,99385.06650532658,0.0,0.0,99385.06650532658,101367.03156767726,0.0,140.2530059814453
2022-11-22,99385.06650532658,0.0,0.0,99385.06650532658,101367.03156767726,0.0,142.09800720214844
2022-11-23,99385.06650532658,0.0,0.0,99385.06650532658,101367.03156767726,0.0,141.15499877929688
2022-11-25,99385.06650532658,0.0,0.0,99385.06650532658,101367.03156767726,0.0,138.60299682617188
2022-11-28,99385.06650532658,0.0,0.0,99385.06650532658,101367.03156767726,0.0,139.10000610351562
2022-11-29,99385.06650532658,0.0,0.0,99385.06650532658,101367.03156767726,0.0,138.718994140625
2022-11-30,99385.06650532658,0.0,0.0,99385.06650532658,101367.03156767726,0.0,138.7449951171875
2022-12-01,99385.06650532658,0.0,0.0,99385.06650532658,101367.03156767726,0.0,137.35899353027344
2022-12-02,99385.06650532658,0.0,0.0,99385.06650532658,101367.03156767726,0.0,135.14999389648438
2022-12-05,99385.06650532658,0.0,0.0,99385.06650532658,101367.03156767726,0.0,134.47500610351562
2022-12-06,99385.06650532658,0.0,0.0,99385.06650532658,101367.03156767726,0.0,136.65199279785156
2022-12-07,99385.06650532658,0.0,0.0,99385.06650532658,101367.03156767726,0.0,136.88600158691406
2022-12-08,99385.06650532658,0.0,0.0,99385.06650532658,101367.03156767726,0.0,136.38099670410156
2022-12-09,99385.06650532658,0.0,0.0,99385.06650532658,101367.03156767726,0.0,136.61399841308594
2022-12-12,99385.06650532658,0.0,0.0,99385.06650532658,101367.03156767726,0.0,136.71200561523438
2022-12-13,99385.06650532658,0.0,0.0,99385.06650532658,101367.03156767726,0.0,137.50399780273438
2022-12-14,99385.06650532658,0.0,0.0,99385.06650532658,101367.03156767726,0.0,135.58399963378906
2022-12-15,99385.06650532658,0.0,0.0,99385.06650532658,101367.03156767726,0.0,135.34800720214844
2022-12-16,99385.06650532658,0.0,0.0,99385.06650532658,101367.03156767726,0.0,137.75100708007812
2022-12-19,99385.06650532658,0.0,0.0,99385.06650532658,101367.03156767726,0.0,136.69000244140625
2022-12-20,99385.06650532658,0.0,0.0,99385.06650532658,101367.03156767726,0.0,136.9949951171875
2022-12-21,99385.06650532658,0.0,0.0,99385.06650532658,101367.03156767726,0.0,131.89199829101562
2022-12-22,99385.06650532658,0.0,0.0,99385.06650532658,101367.03156767726,0.0,132.3699951171875
2022-12-23,99385.06650532658,0.0,0.0,99385.06650532658,101367.03156767726,0.0,132.35699462890625
2022-12-27,99385.06650532658,0.0,0.0,99385.06650532658,101367.03156767726,0.0,132.76400756835938
2022-12-28,99385.06650532658,0.0,0.0,99385.06650532658,101367.03156767726,0.0,133.48599243164062
2022-12-29,99385.06650532658,0.0,0.0,99385.06650532658,101367.03156767726,0.0,134.03399658203125
2022-12-30,99385.06650532658,0.0,0.0,99385.06650532658,101367.03156767726,0.0,132.91600036621094
2023-01-03,99385.06650532658,0.0,0.0,99385.06650532658,101367.03156767726,0.0,130.79400634765625
2023-01-04,99385.06650532658,0.0,0.0,99385.06650532658,101367.03156767726,0.0,131.2480010986328
2023-01-05,99385.06650532658,0.0,0.0,99385.06650532658,101367.03156767726,0.0,132.24600219726562
2023-01-06,99385.06650532658,0.0,0.0,99385.06650532658,101367.03156767726,0.0,133.3070068359375
2023-01-09,99385.06650532658,0.0,0.0,99385.06650532658,101367.03156767726,0.0,131.86199951171875
2023-01-10,99385.06650532658,0.0,0.0,99385.06650532658,101367.03156767726,0.0,131.72900390625
2023-01-11,99385.06650532658,0.0,0.0,99385.06650532658,101367.03156767726,0.0,132.1009979248047
2023-01-12,99385.06650532658,0.0,0.0,99385.06650532658,101367.03156767726,0.0,131.90199279785156
2023-01-13,99385.06650532658,0.0,0.0,99385.06650532658,101367.03156767726,0.0,129.1719970703125
2023-01-17,99385.06650532658,0.0,0.0,99385.06650532658,101367.03156767726,0.0,128.3209991455078
2023-01-18,99385.06650532658,0.0,0.0,99385.06650532658,101367.03156767726,0.0,128.281005859375
2023-01-19,99385.06650532658,0.0,0.0,99385.06650532658,101367.03156767726,0.0,128.53900146484375
2023-01-20,99385.06650532658,0.0,0.0,99385.06650532658,101367.03156767726,0.0,128.3699951171875
2023-01-23,99385.06650532658,0.0,0.0,99385.06650532658,101367.03156767726,0.0,129.35400390625
2023-01-24,99385.06650532658,0.0,0.0,99385.06650532658,101367.03156767726,0.0,130.5970001220703
2023-01-25,99385.06650532658,0.0,0.0,99385.06650532658,101367.03156767726,0.0,130.23899841308594
2023-01-26,99385.06650532658,0.0,0.0,99385.06650532658,101367.03156767726,0.0,129.23699951171875
2023-01-27,99385.06650532658,0.0,0.0,99385.06650532658,101367.03156767726,0.0,129.8000030517578
2023-01-30,99385.06650532658,0.0,0.0,99385.06650532658,101367.03156767726,0.0,129.85400390625
2023-01-31,99385.06650532658,0.0,0.0,99385.06650532658,101367.03156767726,0.0,130.47900390625
2023-02-01,99385.06650532658,0.0,0.0,99385.06650532658,101367.03156767726,0.0,130.11000061035156
2023-02-02,99385.06650532658,0.0,0.0,99385.06650532658,101367.03156767726,0.0,128.6219940185547
2023-02-03,99385.06650532658,0.0,0.0,99385.06650532658,101367.03156767726,0.0,128.74600219726562
2023-02-06,99385.06650532658,0.0,0.0,99385.06650532658,101367.03156767726,0.0,132.00900268554688
2023-02-07,99385.06650532658,0.0,0.0,99385.06650532658,101367.03156767726,0.0,132.6230010986328
2023-02-08,99385.06650532658,0.0,0.0,99385.06650532658,101367.03156767726,0.0,131.04200744628906
2023-02-09,99385.06650532658,0.0,0.0,99385.06650532658,101367.03156767726,0.0,131.38699340820312
2023-02-10,99385.06650532658,0.0,0.0,99385.06650532658,101367.03156767726,0.0,131.5189971923828
2023-02-13,99385.06650532658,0.0,0.0,99385.06650532658,101367.03156767726,0.0,131.55099487304688
2023-02-14,99385.06650532658,0.0,0.0,99385.06650532658,101367.03156767726,0.0,132.33700561523438
2023-02-15,99385.06650532658,0.0,0.0,99385.06650532658,101367.03156767726,0.0,132.99099731445312
2023-02-16,99385.06650532658,0.0,0.0,99385.06650532658,101367.03156767726,0.0,133.9029998779297
2023-02-17,99385.06650532658,0.0,0.0,99385.06650532658,101367.03156767726,0.0,134.07400512695312
2023-02-21,99385.06650532658,0.0,0.0,99385.06650532658,101367.03156767726,0.0,134.33599853515625
2023-02-22,99385.06650532658,0.0,0.0,99385.06650532658,101367.03156767726,0.0,134.9759979248047
2023-02-23,99385.06650532658,0.0,0.0,99385.06650532658,101367.03156767726,0.0,134.9320068359375
2023-02-24,99385.06650532658,0.0,0.0,99385.06650532658,101367.03156767726,0.0,134.6280059814453
2023-02-27,99385.06650532658,0.0,0.0,99385.06650532658,101367.03156767726,0.0,136.39500427246094
2023-02-28,99385.06650532658,0.0,0.0,99385.06650532658,101367.03156767726,0.0,136.31700134277344
2023-03-01,99385.06650532658,0.0,0.0,99385.06650532658,101367.03156767726,0.0,136.34800720214844
2023-03-02,99385.06650532658,0.0,0.0,99385.06650532658,101367.03156767726,0.0,136.19400024414062
2023-03-03,99385.06650532658,0.0,0.0,99385.06650532658,101367.03156767726,0.0,136.7050018310547
2023-03-06,99385.06650532658,0.0,0.0,99385.06650532658,101367.03156767726,0.0,135.86000061035156
2023-03-07,99385.06650532658,0.0,0.0,99385.06650532658,101367.03156767726,0.0,135.99899291992188
2023-03-08,99385.06650532658,0.0,0.0,99385.06650532658,101367.03156767726,0.0,137.39100646972656
2023-03-09,99385.06650532658,0.0,0.0,99385.06650532658,101367.03156767726,0.0,137.2259979248047
2023-03-10,99385.06650532658,0.0,0.0,99385.06650532658,101367.03156767726,0.0,136.39500427246094
2023-03-13,99385.06650532658,0.0,0.0,99385.06650532658,101367.03156767726,0.0,134.97999572753906
2023-03-14,99385.06650532658,0.0,0.0,99385.06650532658,101367.03156767726,0.0,133.11399841308594
2023-03-15,99385.06650532658,0.0,0.0,99385.06650532658,101367.03156767726,0.0,134.39700317382812
2023-03-16,99385.06650532658,0.0,0.0,99385.06650532658,101367.03156767726,0.0,132.9290008544922
2023-03-17,99385.06650532658,0.0,0.0,99385.06650532658,101367.03156767726,0.0,133.3679962158203
2023-03-20,99385.06650532658,0.0,0.0,99385.06650532658,101367.03156767726,0.0,132.28399658203125
2023-03-21,99385.06650532658,0.0,0.0,99385.06650532658,101367.03156767726,0.0,131.39199829101562
2023-03-22,99385.06650532658,0.0,0.0,99385.06650532658,101367.03156767726,0.0,132.34800720214844
2023-03-23,99385.06650532658,0.0,0.0,99385.06650532658,101367.03156767726,0.0,131.1790008544922
2023-03-24,99385.06650532658,0.0,0.0,99385.06650532658,101367.03156767726,0.0,130.86500549316406
2023-03-27,99385.06650532658,0.0,0.0,99385.06650532658,101367.03156767726,0.0,130.8459930419922
2023-03-28,99385.06650532658,0.0,0.0,99385.06650532658,101367.03156767726,0.0,131.23300170898438
2023-03-29,99385.06650532658,0.0,0.0,99385.06650532658,101367.03156767726,0.0,131.04600524902344
2023-03-30,99385.06650532658,0.0,0.0,99385.06650532658,101367.03156767726,0.0,132.5760040283203
2023-03-31,99385.06650532658,0.0,0.0,99385.06650532658,101367.03156767726,0.0,133.2010040283203
2023-04-03,99385.06650532658,0.0,0.0,99385.06650532658,101367.03156767726,0.0,133.3470001220703
2023-04-04,99385.06650532658,0.0,0.0,99385.06650532658,101367.03156767726,0.0,132.2989959716797
2023-04-05,99385.06650532658,0.0,0.0,99385.06650532658,101367.03156767726,0.0,131.48500061035156
2023-04-06,99385.06650532658,0.0,0.0,99385.06650532658,101367.03156767726,0.0,130.9340057373047
2023-04-10,99385.06650532658,0.0,0.0,99385.06650532658,101367.03156767726,0.0,132.0970001220703
2023-04-11,99385.06650532658,0.0,0.0,99385.06650532658,101367.03156767726,0.0,133.468994140625
2023-04-12,99385.06650532658,0.0,0.0,99385.06650532658,101367.03156767726,0.0,133.593994140625
2023-04-13,99385.06650532658,0.0,0.0,99385.06650532658,101367.03156767726,0.0,133.0850067138672
2023-04-14,99385.06650532658,0.0,0.0,99385.06650532658,101367.03156767726,0.0,132.48699951171875
2023-04-17,99385.06650532658,0.0,0.0,99385.06650532658,101367.03156767726,0.0,133.9709930419922
2023-04-18,99385.06650532658,0.0,0.0,99385.06650532658,101367.03156767726,0.0,134.4250030517578
2023-04-19,99385.06650532658,0.0,0.0,99385.06650532658,101367.03156767726,0.0,134.04400634765625
2023-04-20,99385.06650532658,0.0,0.0,99385.06650532658,101367.03156767726,0.0,134.70399475097656
2023-04-21,99385.06650532658,0.0,0.0,99385.06650532658,101367.03156767726,0.0,133.99600219726562
2023-04-24,99385.06650532658,0.0,0.0,99385.06650532658,101367.03156767726,0.0,133.96099853515625
2023-04-25,99385.06650532658,0.0,0.0,99385.06650532658,101367.03156767726,0.0,134.08399963378906
2023-04-26,99385.06650532658,0.0,0.0,99385.06650532658,101367.03156767726,0.0,133.71099853515625
2023-04-27,99385.06650532658,0.0,0.0,99385.06650532658,101367.03156767726,0.0,133.46499633789062
2023-04-28,99385.06650532658,0.0,0.0,99385.06650532658,101367.03156767726,0.0,133.802001953125
2023-05-01,99385.06650532658,0.0,0.0,99385.06650532658,101367.03156767726,0.0,136.38600158691406
2023-05-02,99385.06650532658,0.0,0.0,99385.06650532658,101367.03156767726,0.0,137.52099609375
2023-05-03,99385.06650532658,0.0,0.0,99385.06650532658,101367.03156767726,0.0,136.46600341796875
2023-05-04,99385.06650532658,0.0,0.0,99385.06650532658,101367.03156767726,0.0,134.54400634765625
2023-05-05,99385.06650532658,0.0,0.0,99385.06650532658,101367.03156767726,0.0,134.1790008544922
2023-05-08,99385.06650532658,0.0,0.0,99385.06650532658,101367.03156767726,0.0,135.19900512695312
2023-05-09,99385.06650532658,0.0,0.0,99385.06650532658,101367.03156767726,0.0,135.072998046875
2023-05-10,99385.06650532658,0.0,0.0,99385.06650532658,101367.03156767726,0.0,135.28799438476562
2023-05-11,99385.06650532658,0.0,0.0,99385.06650532658,101367.03156767726,0.0,134.08700561523438
2023-05-12,99385.06650532658,0.0,0.0,99385.06650532658,101367.03156767726,0.0,134.4980010986328
2023-05-15,99385.06650532658,0.0,0.0,99385.06650532658,101367.03156767726,0.0,135.82200622558594
2023-05-16,99385.06650532658,0.0,0.0,99385.06650532658,101367.03156767726,0.0,136.0449981689453
2023-05-17,99385.06650532658,0.0,0.0,99385.06650532658,101367.03156767726,0.0,136.42999267578125
2023-05-18,99385.06650532658,0.0,0.0,99385.06650532658,101367.03156767726,0.0,137.61399841308594
2023-05-19,99385.06650532658,0.0,0.0,99385.06650532658,101367.03156767726,0.0,138.6199951171875
2023-05-22,99385.06650532658,0.0,0.0,99385.06650532658,101367.03156767726,0.0,137.69200134277344
2023-05-23,99385.06650532658,0.0,0.0,99385.06650532658,101367.03156767726,0.0,138.6719970703125
2023-05-24,99385.06650532658,0.0,0.0,99385.06650532658,101367.03156767726,0.0,138.59800720214844
2023-05-25,99385.06650532658,0.0,0.0,99385.06650532658,101367.03156767726,0.0,139.2830047607422
2023-05-26,99385.06650532658,0.0,0.0,99385.06650532658,101367.03156767726,0.0,140.01699829101562
2023-05-30,99385.06650532658,0.0,0.0,99385.06650532658,101367.03156767726,0.0,140.4409942626953
2023-05-31,99385.06650532658,0.0,0.0,99385.06650532658,101367.03156767726,0.0,139.79200744628906
2023-06-01,99385.06650532658,0.0,0.0,99385.06650532658,101367.03156767726,0.0,139.1269989013672
2023-06-02,99385.06650532658,0.0,0.0,99385.06650532658,101367.03156767726,0.0,138.7480010986328
2023-06-05,99385.06650532658,0.0,0.0,99385.06650532658,101367.03156767726,0.0,140.20700073242188
2023-06-06,99385.06650532658,0.0,0.0,99385.06650532658,101367.03156767726,0.0,139.38299560546875
2023-06-07,99385.06650532658,0.0,0.0,99385.06650532658,101367.03156767726,0.0,139.52699279785156
2023-06-08,99385.06650532658,0.0,0.0,99385.06650532658,101367.03156767726,0.0,139.8990020751953
2023-06-09,99385.06650532658,0.0,0.0,99385.06650532658,101367.03156767726,0.0,138.86300659179688
2023-06-12,99385.06650532658,0.0,0.0,99385.06650532658,101367.03156767726,0.0,139.37100219726562
2023-06-13,99385.06650532658,0.0,0.0,99385.06650532658,101367.03156767726,0.0,139.4600067138672
2023-06-14,99385.06650532658,0.0,0.0,99385.06650532658,101367.03156767726,0.0,140.177001953125
2023-06-15,99385.06650532658,0.0,0.0,99385.06650532658,101367.03156767726,0.0,139.9770050048828
2023-06-16,99385.06650532658,0.0,0.0,99385.06650532658,101367.03156767726,0.0,140.26800537109375
2023-06-20,99385.06650532658,0.0,0.0,99385.06650532658,101367.03156767726,0.0,141.8990020751953
2023-06-21,99385.06650532658,0.0,0.0,99385.06650532658,101367.03156767726,0.0,141.3350067138672
2023-06-22,99385.06650532658,0.0,0.0,99385.06650532658,101367.03156767726,0.0,141.68800354003906
2023-06-23,99385.06650532658,0.0,0.0,99385.06650532658,101367.03156767726,0.0,143.02999877929688
2023-06-26,99385.06650532658,0.0,0.0,99385.06650532658,101367.03156767726,0.0,143.54100036621094
2023-06-27,99385.06650532658,0.0,0.0,99385.06650532658,101367.03156767726,0.0,143.4600067138672
2023-06-28,99385.06650532658,0.0,0.0,99385.06650532658,101367.03156767726,0.0,143.8820037841797
2023-06-29,99385.06650532658,0.0,0.0,99385.06650532658,101367.03156767726,0.0,144.38900756835938
2023-06-30,99385.06650532658,0.0,0.0,99385.06650532658,101367.03156767726,0.0,144.77999877929688
2023-07-03,99385.06650532658,0.0,0.0,99385.06650532658,101367.03156767726,0.0,144.3979949951172
2023-07-05,99385.06650532658,0.0,0.0,99385.06650532658,101367.03156767726,0.0,144.406005859375
2023-07-06,99385.06650532658,0.0,0.0,99385.06650532658,101367.03156767726,0.0,144.48899841308594
2023-07-07,99385.06650532658,0.0,0.0,99385.06650532658,101367.03156767726,0.0,143.9510040283203
2023-07-10,99385.06650532658,0.0,0.0,99385.06650532658,101367.03156767726,0.0,142.20899963378906
2023-07-11,99385.06650532658,0.0,0.0,99385.06650532658,101367.03156767726,0.0,141.2969970703125
2023-07-12,99385.06650532658,0.0,0.0,99385.06650532658,101367.03156767726,0.0,140.1179962158203
2023-07-13,99385.06650532658,0.0,0.0,99385.06650532658,101367.03156767726,0.0,138.31500244140625
2023-07-14,99385.06650532658,0.0,0.0,99385.06650532658,101367.03156767726,0.0,138.0749969482422
2023-07-17,99385.06650532658,0.0,0.0,99385.06650532658,101367.03156767726,0.0,138.6820068359375
2023-07-18,99385.06650532658,0.0,0.0,99385.06650532658,101367.03156767726,0.0,138.72900390625
2023-07-19,99385.06650532658,0.0,0.0,99385.06650532658,101367.03156767726,0.0,139.02699279785156
2023-07-20,99385.06650532658,0.0,0.0,99385.06650532658,101367.03156767726,0.0,139.59800720214844
2023-07-21,99385.06650532658,0.0,0.0,99385.06650532658,101367.03156767726,0.0,139.86399841308594
2023-07-24,99385.06650532658,0.0,0.0,99385.06650532658,101367.03156767726,0.0,141.75
2023-07-25,99385.06650532658,0.0,0.0,99385.06650532658,101367.03156767726,0.0,141.52200317382812
2023-07-26,99385.06650532658,0.0,0.0,99385.06650532658,101367.03156767726,0.0,140.91299438476562
2023-07-27,99385.06650532658,0.0,0.0,99385.06650532658,101367.03156767726,0.0,140.36700439453125
2023-07-28,99385.06650532658,0.0,0.0,99385.06650532658,101367.03156767726,0.0,138.86399841308594
2023-07-31,99385.06650532658,0.0,0.0,99385.06650532658,101367.03156767726,0.0,140.75799560546875
2023-08-01,99385.06650532658,0.0,0.0,99385.06650532658,101367.03156767726,0.0,142.322998046875
2023-08-02,99385.06650532658,0.0,0.0,99385.06650532658,101367.03156767726,0.0,142.97000122070312
2023-08-03,99385.06650532658,0.0,0.0,99385.06650532658,101367.03156767726,0.0,143.343994140625
2023-08-04,99385.06650532658,0.0,0.0,99385.06650532658,101367.03156767726,0.0,142.59800720214844
2023-08-07,99385.06650532658,0.0,0.0,99385.06650532658,101367.03156767726,0.0,141.87600708007812
2023-08-08,99385.06650532658,0.0,0.0,99385.06650532658,101367.03156767726,0.0,142.5240020751953
2023-08-09,99385.06650532658,0.0,0.0,99385.06650532658,101367.03156767726,0.0,143.2779998779297
2023-08-10,99385.06650532658,0.0,0.0,99385.06650532658,101367.03156767726,0.0,143.7270050048828
2023-08-11,99385.06650532658,0.0,0.0,99385.06650532658,101367.03156767726,0.0,144.85400390625
2023-08-14,99385.06650532658,0.0,0.0,99385.06650532658,101367.03156767726,0.0,144.81700134277344
2023-08-15,99385.06650532658,0.0,0.0,99385.06650532658,101367.03156767726,0.0,145.43699645996094
2023-08-16,99385.06650532658,0.0,0.0,99385.06650532658,101367.03156767726,0.0,145.60800170898438
2023-08-17,99385.06650532658,0.0,0.0,99385.06650532658,101367.03156767726,0.0,146.33299255371094
2023-08-18,99385.06650532658,0.0,0.0,99385.06650532658,101367.03156767726,0.0,145.71400451660156
2023-08-21,99385.06650532658,0.0,0.0,99385.06650532658,101367.03156767726,0.0,145.30499267578125
2023-08-22,99385.06650532658,0.0,0.0,99385.06650532658,101367.03156767726,0.0,146.23800659179688
2023-08-23,99385.06650532658,0.0,0.0,99385.06650532658,101367.03156767726,0.0,145.76300048828125
2023-08-24,99385.06650532658,0.0,0.0,99385.06650532658,101367.03156767726,0.0,144.67300415039062
2023-08-25,99385.06650532658,0.0,0.0,99385.06650532658,101367.03156767726,0.0,146.06700134277344
2023-08-28,99385.06650532658,0.0,0.0,99385.06650532658,101367.03156767726,0.0,146.531005859375
2023-08-29,99385.06650532658,0.0,0.0,99385.06650532658,101367.03156767726,0.0,146.46400451660156
2023-08-30,99385.06650532658,0.0,0.0,99385.06650532658,101367.03156767726,0.0,145.98800659179688
2023-08-31,99385.06650532658,0.0,0.0,99385.06650532658,101367.03156767726,0.0,146.0989990234375
2023-09-01,99385.06650532658,0.0,0.0,99385.06650532658,101367.03156767726,0.0,145.47300720214844
2023-09-05,99385.06650532658,0.0,0.0,99385.06650532658,101367.03156767726,0.0,146.54299926757812
2023-09-06,99385.06650532658,0.0,0.0,99385.06650532658,101367.03156767726,0.0,147.4709930419922
2023-09-07,99385.06650532658,0.0,0.0,99385.06650532658,101367.03156767726,0.0,147.70899963378906
2023-09-08,99385.06650532658,0.0,0.0,99385.06650532658,101367.03156767726,0.0,147.33099365234375
2023-09-11,99385.06650532658,0.0,0.0,99385.06650532658,101367.03156767726,0.0,147.11300659179688
2023-09-12,99385.06650532658,0.0,0.0,99385.06650532658,101367.03156767726,0.0,146.67799377441406
2023-09-13,99385.06650532658,0.0,0.0,99385.06650532658,101367.03156767726,0.0,147.1580047607422
2023-09-14,99385.06650532658,0.0,0.0,99385.06650532658,101367.03156767726,0.0,147.3459930419922
2023-09-15,99385.06650532658,0.0,0.0,99385.06650532658,101367.03156767726,0.0,147.48199462890625
2023-09-18,99385.06650532658,0.0,0.0,99385.06650532658,101367.03156767726,0.0,147.8679962158203
2023-09-19,99385.06650532658,0.0,0.0,99385.06650532658,101367.03156767726,0.0,147.60499572753906
2023-09-20,99385.06650532658,0.0,0.0,99385.06650532658,101367.03156767726,0.0,147.74200439453125
2023-09-21,99385.06650532658,0.0,0.0,99385.06650532658,101367.03156767726,0.0,148.3209991455078
2023-09-22,99385.06650532658,0.0,0.0,99385.06650532658,101367.03156767726,0.0,147.6439971923828
2023-09-25,99385.06650532658,0.0,0.0,99385.06650532658,101367.03156767726,0.0,148.4340057373047
2023-09-26,99385.06650532658,0.0,0.0,99385.06650532658,101367.03156767726,0.0,148.81100463867188
2023-09-27,99385.06650532658,0.0,0.0,99385.06650532658,101367.03156767726,0.0,149.0449981689453
2023-09-28,99385.06650532658,0.0,0.0,99385.06650532658,101367.03156767726,0.0,149.4980010986328
2023-09-29,99385.06650532658,0.0,0.0,99385.06650532658,101367.03156767726,0.0,149.33700561523438
2023-10-02,99385.06650532658,0.0,0.0,99385.06650532658,101367.03156767726,0.0,149.5399932861328
2023-10-03,99385.06650532658,0.0,0.0,99385.06650532658,101367.03156767726,0.0,149.8509979248047
2023-10-04,99385.06650532658,0.0,0.0,99385.06650532658,101367.03156767726,0.0,149.19200134277344
2023-10-05,99385.06650532658,0.0,0.0,99385.06650532658,101367.03156767726,0.0,148.96600341796875
2023-10-06,99385.06650532658,0.0,0.0,99385.06650532658,101367.03156767726,0.0,148.46299743652344
2023-10-09,99385.06650532658,0.0,0.0,99385.06650532658,101367.03156767726,0.0,149.16000366210938
2023-10-10,99385.06650532658,0.0,0.0,99385.06650532658,101367.03156767726,0.0,148.32699584960938
2023-10-11,99385.06650532658,0.0,0.0,99385.06650532658,101367.03156767726,0.0,148.6280059814453
2023-10-12,99385.06650532658,0.0,0.0,99385.06650532658,101367.03156767726,0.0,149.03599548339844
2023-10-13,99385.06650532658,0.0,0.0,99385.06650532658,101367.03156767726,0.0,149.7899932861328
2023-10-16,99385.06650532658,0.0,0.0,99385.06650532658,101367.03156767726,0.0,149.5659942626953
2023-10-17,99385.06650532658,0.0,0.0,99385.06650532658,101367.03156767726,0.0,149.5780029296875
2023-10-18,99385.06650532658,0.0,0.0,99385.06650532658,101367.03156767726,0.0,149.75900268554688
2023-10-19,99385.06650532658,0.0,0.0,99385.06650532658,101367.03156767726,0.0,149.74200439453125
2023-10-20,99385.06650532658,0.0,0.0,99385.06650532658,101367.03156767726,0.0,149.802001953125
2023-10-23,99385.06650532658,0.0,0.0,99385.06650532658,101367.03156767726,0.0,149.8800048828125
2023-10-24,99385.06650532658,0.0,0.0,99385.06650532658,101367.03156767726,0.0,149.7689971923828
2023-10-25,99385.06650532658,0.0,0.0,99385.06650532658,101367.03156767726,0.0,149.85400390625
2023-10-26,99385.06650532658,0.0,0.0,99385.06650532658,101367.03156767726,0.0,150.09800720214844
2023-10-27,99385.06650532658,0.0,0.0,99385.06650532658,101367.03156767726,0.0,150.36599731445312
2023-10-30,99385.06650532658,0.0,0.0,99385.06650532658,101367.03156767726,0.0,149.73300170898438
2023-10-31,99385.06650532658,0.0,0.0,99385.06650532658,101367.03156767726,0.0,149.11099243164062
2023-11-01,99385.06650532658,0.0,0.0,99385.06650532658,101367.03156767726,0.0,151.29400634765625
2023-11-02,99385.06650532658,0.0,0.0,99385.06650532658,101367.03156767726,0.0,150.5749969482422
2023-11-03,99385.06650532658,0.0,0.0,99385.06650532658,101367.03156767726,0.0,150.4969940185547
2023-11-06,99385.06650532658,0.0,0.0,99385.06650532658,101367.03156767726,0.0,149.44900512695312
2023-11-07,99385.06650532658,0.0,0.0,99385.06650532658,101367.03156767726,0.0,149.98899841308594
2023-11-08,99385.06650532658,0.0,0.0,99385.06650532658,101367.03156767726,0.0,150.39599609375
2023-11-09,99385.06650532658,0.0,0.0,99385.06650532658,101367.03156767726,0.0,150.86399841308594
2023-11-10,99385.06650532658,0.0,0.0,99385.06650532658,101367.03156767726,0.0,151.3489990234375
2023-11-13,99385.06650532658,0.0,0.0,99385.06650532658,101367.03156767726,0.0,151.468994140625
2023-11-14,99385.06650532658,0.0,0.0,99385.06650532658,101367.03156767726,0.0,151.64599609375
2023-11-15,99385.06650532658,0.0,0.0,99385.06650532658,101367.03156767726,0.0,150.48500061035156
2023-11-16,99385.06650532658,0.0,0.0,99385.06650532658,101367.03156767726,0.0,151.21499633789062
2023-11-17,99385.06650532658,0.0,0.0,99385.06650532658,101367.03156767726,0.0,150.7050018310547
2023-11-20,99385.06650532658,0.0,0.0,99385.06650532658,101367.03156767726,0.0,149.94200134277344
2023-11-21,99385.06650532658,0.0,0.0,99385.06650532658,101367.03156767726,0.0,148.36199951171875
2023-11-22,99385.06650532658,0.0,0.0,99385.06650532658,101367.03156767726,0.0,148.15199279785156
2023-11-24,99385.06650532658,0.0,0.0,99385.06650532658,101367.03156767726,0.0,149.63499450683594
2023-11-27,99385.06650532658,0.0,0.0,99385.06650532658,101367.03156767726,0.0,149.5709991455078
2023-11-28,99385.06650532658,0.0,0.0,99385.06650532658,101367.03156767726,0.0,148.45199584960938
2023-11-29,99385.06650532658,0.0,0.0,99385.06650532658,101367.03156767726,0.0,147.06300354003906
2023-11-30,99385.06650532658,0.0,0.0,99385.06650532658,101367.03156767726,0.0,147.03900146484375
2023-12-01,99385.06650532658,0.0,0.0,99385.06650532658,101367.03156767726,0.0,147.99899291992188
2023-12-04,99385.06650532658,0.0,0.0,99385.06650532658,101367.03156767726,0.0,146.39300537109375
2023-12-05,99385.06650532658,0.0,0.0,99385.06650532658,101367.03156767726,0.0,147.32699584960938
2023-12-06,99385.06650532658,0.0,0.0,99385.06650532658,101367.03156767726,0.0,147.18499755859375
2023-12-07,99385.06650532658,0.0,0.0,99385.06650532658,101367.03156767726,0.0,147.1840057373047
2023-12-08,99385.06650532658,0.0,0.0,99385.06650532658,101367.03156767726,0.0,144.2779998779297
2023-12-11,99385.06650532658,0.0,0.0,99385.06650532658,101367.03156767726,0.0,144.98300170898438
2023-12-12,99385.06650532658,0.0,0.0,99385.06650532658,101367.03156767726,0.0,146.0850067138672
2023-12-13,99385.06650532658,0.0,0.0,99385.06650532658,101367.03156767726,0.0,145.27999877929688
2023-12-14,99385.06650532658,0.0,0.0,99385.06650532658,101367.03156767726,0.0,142.7729949951172
2023-12-15,99385.06650532658,0.0,0.0,99385.06650532658,101367.03156767726,0.0,142.2790069580078
2023-12-18,99385.06650532658,0.0,0.0,99385.06650532658,101367.03156767726,0.0,142.31300354003906
2023-12-19,99385.06650532658,0.0,0.0,99385.06650532658,101367.03156767726,0.0,142.7220001220703
2023-12-20,99385.06650532658,0.0,0.0,99385.06650532658,101367.03156767726,0.0,143.88900756835938
2023-12-21,99385.06650532658,0.0,0.0,99385.06650532658,101367.03156767726,0.0,143.5229949951172
2023-12-22,99385.06650532658,0.0,0.0,99385.06650532658,101367.03156767726,0.0,142.07000732421875
2023-12-26,99385.06650532658,0.0,0.0,99385.06650532658,101367.03156767726,0.0,142.22999572753906
2023-12-27,99385.06650532658,0.0,0.0,99385.06650532658,101367.03156767726,0.0,142.46099853515625
2023-12-28,99385.06650532658,0.0,0.0,99385.06650532658,101367.03156767726,0.0,141.3990020751953
2023-12-29,99385.06650532658,0.0,0.0,99385.06650532658,101367.03156767726,0.0,141.42999267578125
2024-01-02,99385.06650532658,0.0,0.0,99385.06650532658,101367.03156767726,0.0,141.12600708007812
2024-01-03,99385.06650532658,0.0,0.0,99385.06650532658,101367.03156767726,0.0,142.15499877929688
2024-01-04,99385.06650532658,0.0,0.0,99385.06650532658,101367.03156767726,0.0,142.99899291992188
2024-01-05,99385.06650532658,0.0,0.0,99385.06650532658,101367.03156767726,0.0,144.76499938964844
2024-01-08,99385.06650532658,0.0,0.0,99385.06650532658,101367.03156767726,0.0,144.71600341796875
2024-01-09,99385.06650532658,0.0,0.0,99385.06650532658,101367.03156767726,0.0,144.22999572753906
2024-01-10,99385.06650532658,0.0,0.0,99385.06650532658,101367.03156767726,0.0,144.42799377441406
2024-01-11,99385.06650532658,0.0,0.0,99385.06650532658,101367.03156767726,0.0,145.73399353027344
2024-01-12,99385.06650532658,0.0,0.0,99385.06650532658,101367.03156767726,0.0,145.04600524902344
2024-01-16,99385.06650532658,0.0,0.0,99385.06650532658,101367.03156767726,0.0,145.79400634765625
2024-01-17,99385.06650532658,0.0,0.0,99385.06650532658,101367.03156767726,0.0,147.24600219726562
2024-01-18,99385.06650532658,0.0,0.0,99385.06650532658,101367.03156767726,0.0,148.1179962158203
2024-01-19,99385.06650532658,0.0,0.0,99385.06650532658,101367.03156767726,0.0,148.1280059814453
2024-01-22,99385.06650532658,0.0,0.0,99385.06650532658,101367.03156767726,0.0,148.12100219726562
2024-01-23,99385.06650532658,0.0,0.0,99385.06650532658,101367.03156767726,0.0,148.14199829101562
2024-01-24,99385.06650532658,0.0,0.0,99385.06650532658,101367.03156767726,0.0,148.25100708007812
2024-01-25,99385.06650532658,0.0,0.0,99385.06650532658,101367.03156767726,0.0,147.59100341796875
2024-01-26,99385.06650532658,0.0,0.0,99385.06650532658,101367.03156767726,0.0,147.72300720214844
2024-01-29,99385.06650532658,0.0,0.0,99385.06650532658,101367.03156767726,0.0,148.13999938964844
2024-01-30,99385.06650532658,0.0,0.0,99385.06650532658,101367.03156767726,0.0,147.46800231933594
2024-01-31,99385.06650532658,0.0,0.0,99385.06650532658,101367.03156767726,0.0,147.36900329589844
2024-02-01,99385.06650532658,0.0,0.0,99385.06650532658,101367.03156767726,0.0,146.99600219726562
2024-02-02,99385.06650532658,0.0,0.0,99385.06650532658,101367.03156767726,0.0,146.4510040283203
2024-02-05,99385.06650532658,0.0,0.0,99385.06650532658,101367.03156767726,0.0,148.50100708007812
2024-02-06,99385.06650532658,0.0,0.0,99385.06650532658,101367.03156767726,0.0,148.63999938964844
2024-02-07,99385.06650532658,0.0,0.0,99385.06650532658,101367.03156767726,0.0,147.8179931640625
2024-02-08,99385.06650532658,0.0,0.0,99385.06650532658,101367.03156767726,0.0,148.08599853515625
2024-02-09,99385.06650532658,0.0,0.0,99385.06650532658,101367.03156767726,0.0,149.25900268554688
2024-02-12,99385.06650532658,0.0,0.0,99385.06650532658,101367.03156767726,0.0,149.16700744628906
2024-02-13,99385.06650532658,0.0,0.0,99385.06650532658,101367.03156767726,0.0,149.40499877929688
2024-02-14,99385.06650532658,0.0,0.0,99385.06650532658,101367.03156767726,0.0,150.7239990234375
2024-02-15,99385.06650532658,0.0,0.0,99385.06650532658,101367.03156767726,0.0,150.54400634765625
2024-02-16,99385.06650532658,0.0,0.0,99385.06650532658,101367.03156767726,0.0,149.9459991455078
2024-02-20,99385.06650532658,0.0,0.0,99385.06650532658,101367.03156767726,0.0,150.27000427246094
2024-02-21,99385.06650532658,0.0,0.0,99385.06650532658,101367.03156767726,0.0,149.93899536132812
2024-02-22,99385.06650532658,0.0,0.0,99385.06650532658,101367.03156767726,0.0,150.35499572753906
2024-02-23,99385.06650532658,0.0,0.0,99385.06650532658,101367.03156767726,0.0,150.48300170898438
2024-02-26,99385.06650532658,0.0,0.0,99385.06650532658,101367.03156767726,0.0,150.4980010986328
2024-02-27,99385.06650532658,0.0,0.0,99385.06650532658,101367.03156767726,0.0,150.5659942626953
2024-02-28,99385.06650532658,0.0,0.0,99385.06650532658,101367.03156767726,0.0,150.4949951171875
2024-02-29,99385.06650532658,0.0,0.0,99385.06650532658,101367.03156767726,0.0,150.656005859375
2024-03-01,99385.06650532658,0.0,0.0,99385.06650532658,101367.03156767726,0.0,150.09500122070312
2024-03-04,99385.06650532658,0.0,0.0,99385.06650532658,101367.03156767726,0.0,150.10499572753906
2024-03-05,99385.06650532658,0.0,0.0,99385.06650532658,101367.03156767726,0.0,150.46600341796875
2024-03-06,99385.06650532658,0.0,0.0,99385.06650532658,101367.03156767726,0.0,150.0489959716797
2024-03-07,99385.06650532658,0.0,0.0,99385.06650532658,101367.03156767726,0.0,149.2689971923828
2024-03-08,99385.06650532658,0.0,0.0,99385.06650532658,101367.03156767726,0.0,147.8679962158203
2024-03-11,99385.06650532658,0.0,0.0,99385.06650532658,101367.03156767726,0.0,146.7740020751953
2024-03-12,99385.06650532658,0.0,0.0,99385.06650532658,101367.03156767726,0.0,146.73199462890625
2024-03-13,99385.06650532658,0.0,0.0,99385.06650532658,101367.03156767726,0.0,147.61900329589844
2024-03-14,99385.06650532658,0.0,0.0,99385.06650532658,101367.03156767726,0.0,147.62100219726562
2024-03-15,99385.06650532658,0.0,0.0,99385.06650532658,101367.03156767726,0.0,148.29600524902344
2024-03-18,99385.06650532658,0.0,0.0,99385.06650532658,101367.03156767726,0.0,148.9550018310547
2024-03-19,99385.06650532658,0.0,0.0,99385.06650532658,101367.03156767726,0.0,149.1439971923828
2024-03-20,99385.06650532658,0.0,0.0,99385.06650532658,101367.03156767726,0.0,151.03500366210938
2024-03-21,99385.06650532658,0.0,0.0,99385.06650532658,101367.03156767726,0.0,150.75999450683594
2024-03-22,99385.06650532658,0.0,0.0,99385.06650532658,101367.03156767726,0.0,151.63299560546875
2024-03-25,99385.06650532658,0.0,0.0,99385.06650532658,101367.03156767726,0.0,151.30499267578125
2024-03-26,99385.06650532658,0.0,0.0,99385.06650532658,101367.03156767726,0.0,151.3730010986328
2024-03-27,99385.06650532658,0.0,0.0,99385.06650532658,101367.03156767726,0.0,151.52999877929688
2024-03-28,99385.06650532658,0.0,0.0,99385.06650532658,101367.03156767726,0.0,151.28700256347656
2024-04-01,99385.06650532658,0.0,0.0,99385.06650532658,101367.03156767726,0.0,151.3979949951172
2024-04-02,99385.06650532658,0.0,0.0,99385.06650532658,101367.03156767726,0.0,151.58099365234375
2024-04-03,99385.06650532658,0.0,0.0,99385.06650532658,101367.03156767726,0.0,151.5399932861328
2024-04-04,99385.06650532658,0.0,0.0,99385.06650532658,101367.03156767726,0.0,151.58099365234375
2024-04-05,99385.06650532658,0.0,0.0,99385.06650532658,101367.03156767726,0.0,151.29200744628906
2024-04-08,99385.06650532658,0.0,0.0,99385.06650532658,101367.03156767726,0.0,151.69000244140625
2024-04-09,99385.06650532658,0.0,0.0,99385.06650532658,101367.03156767726,0.0,151.84300231933594
2024-04-10,99385.06650532658,0.0,0.0,99385.06650532658,101367.03156767726,0.0,151.77699279785156
2024-04-11,99385.06650532658,0.0,0.0,99385.06650532658,101367.03156767726,0.0,152.96400451660156
2024-04-12,99385.06650532658,0.0,0.0,99385.06650532658,101367.03156767726,0.0,153.19200134277344
2024-04-15,99385.06650532658,0.0,0.0,99385.06650532658,101367.03156767726,0.0,153.2830047607422
2024-04-16,99385.06650532658,0.0,0.0,99385.06650532658,101367.03156767726,0.0,154.20599365234375
2024-04-17,99385.06650532658,0.0,0.0,99385.06650532658,101367.03156767726,0.0,154.697998046875
2024-04-18,99385.06650532658,0.0,0.0,99385.06650532658,101367.03156767726,0.0,154.3419952392578
2024-04-19,99385.06650532658,0.0,0.0,99385.06650532658,101367.03156767726,0.0,154.61000061035156
2024-04-22,99385.06650532658,0.0,0.0,99385.06650532658,101367.03156767726,0.0,154.63999938964844
2024-04-23,99385.06650532658,0.0,0.0,99385.06650532658,101367.03156767726,0.0,154.81300354003906
2024-04-24,99385.06650532658,0.0,0.0,99385.06650532658,101367.03156767726,0.0,154.74400329589844
2024-04-25,99385.06650532658,0.0,0.0,99385.06650532658,101367.03156767726,0.0,155.25900268554688
2024-04-26,99385.06650532658,0.0,0.0,99385.06650532658,101367.03156767726,0.0,155.5970001220703
2024-04-29,99385.06650532658,0.0,0.0,99385.06650532658,101367.03156767726,0.0,158.2239990234375
2024-04-30,99385.06650532658,0.0,0.0,99385.06650532658,101367.03156767726,0.0,156.31399536132812
2024-05-01,99385.06650532658,0.0,0.0,99385.06650532658,101367.03156767726,0.0,157.7220001220703
2024-05-02,99385.06650532658,0.0,0.0,99385.06650532658,101367.03156767726,0.0,155.70399475097656
2024-05-03,99385.06650532658,0.0,0.0,99385.06650532658,101367.03156767726,0.0,153.0449981689453
2024-05-06,99385.06650532658,0.0,0.0,99385.06650532658,101367.03156767726,0.0,153.5659942626953
2024-05-07,99385.06650532658,0.0,0.0,99385.06650532658,101367.03156767726,0.0,154.23699951171875
2024-05-08,99385.06650532658,0.0,0.0,99385.06650532658,101367.03156767726,0.0,154.7480010986328
2024-05-09,99385.06650532658,0.0,0.0,99385.06650532658,101367.03156767726,0.0,155.41900634765625
2024-05-10,99385.06650532658,0.0,0.0,99385.06650532658,101367.03156767726,0.0,155.38900756835938
2024-05-13,99385.06650532658,0.0,0.0,99385.06650532658,101367.03156767726,0.0,155.8179931640625
2024-05-14,99385.06650532658,0.0,0.0,99385.06650532658,101367.03156767726,0.0,156.23300170898438
2024-05-15,99385.06650532658,0.0,0.0,99385.06650532658,101367.03156767726,0.0,156.4980010986328
2024-05-16,99385.06650532658,0.0,0.0,99385.06650532658,101367.03156767726,0.0,154.28199768066406
2024-05-17,99385.06650532658,0.0,0.0,99385.06650532658,101367.03156767726,0.0,155.37899780273438
2024-05-20,99385.06650532658,0.0,0.0,99385.06650532658,101367.03156767726,0.0,155.75399780273438
2024-05-21,99385.06650532658,0.0,0.0,99385.06650532658,101367.03156767726,0.0,156.3699951171875
2024-05-22,99385.06650532658,0.0,0.0,99385.06650532658,101367.03156767726,0.0,156.25100708007812
2024-05-23,99385.06650532658,0.0,0.0,99385.06650532658,101367.03156767726,0.0,156.70399475097656
2024-05-24,99385.06650532658,0.0,0.0,99385.06650532658,101367.03156767726,0.0,156.97300720214844
2024-05-28,99385.06650532658,0.0,0.0,99385.06650532658,101367.03156767726,0.0,156.84500122070312
2024-05-29,99385.06650532658,0.0,0.0,99385.06650532658,101367.03156767726,0.0,157.26199340820312
2024-05-30,99385.06650532658,0.0,0.0,99385.06650532658,101367.03156767726,0.0,157.60800170898438
2024-05-31,99385.06650532658,0.0,0.0,99385.06650532658,101367.03156767726,0.0,156.9530029296875
2024-06-03,99385.06650532658,0.0,0.0,99385.06650532658,101367.03156767726,0.0,157.17999267578125
2024-06-04,99385.06650532658,0.0,0.0,99385.06650532658,101367.03156767726,0.0,156.0760040283203
2024-06-05,99385.06650532658,0.0,0.0,99385.06650532658,101367.03156767726,0.0,155.12399291992188
2024-06-06,99385.06650532658,0.0,0.0,99385.06650532658,101367.03156767726,0.0,155.9290008544922
2024-06-07,99385.06650532658,0.0,0.0,99385.06650532658,101367.03156767726,0.0,155.69700622558594
2024-06-10,99385.06650532658,0.0,0.0,99385.06650532658,101367.03156767726,0.0,156.83299255371094
2024-06-11,99385.06650532658,0.0,0.0,99385.06650532658,101367.03156767726,0.0,157.0399932861328
2024-06-12,99385.06650532658,0.0,0.0,99385.06650532658,101367.03156767726,0.0,157.10499572753906
2024-06-13,99385.06650532658,0.0,0.0,99385.06650532658,101367.03156767726,0.0,156.8000030517578
2024-06-14,99385.06650532658,0.0,0.0,99385.06650532658,101367.03156767726,0.0,157.1280059814453
2024-06-17,99385.06650532658,0.0,0.0,99385.06650532658,101367.03156767726,0.0,157.54600524902344
2024-06-18,99385.06650532658,0.0,0.0,99385.06650532658,101367.03156767726,0.0,157.6999969482422
2024-06-20,99385.06650532658,0.0,0.0,99385.06650532658,101367.03156767726,0.0,157.95799255371094
2024-06-21,99385.06650532658,0.0,0.0,99385.06650532658,101367.03156767726,0.0,158.93099975585938
2024-06-24,99385.06650532658,0.0,0.0,99385.06650532658,101367.03156767726,0.0,159.86099243164062
2024-06-25,99385.06650532658,0.0,0.0,99385.06650532658,101367.03156767726,0.0,159.68600463867188
2024-06-26,99385.06650532658,0.0,0.0,99385.06650532658,101367.03156767726,0.0,159.68600463867188
2024-06-27,99385.06650532658,0.0,0.0,99385.06650532658,101367.03156767726,0.0,160.62100219726562
2024-06-28,99385.06650532658,0.0,0.0,99385.06650532658,101367.03156767726,0.0,160.68699645996094
2024-07-01,99385.06650532658,0.0,0.0,99385.06650532658,101367.03156767726,0.0,160.90699768066406
2024-07-02,99385.06650532658,0.0,0.0,99385.06650532658,101367.03156767726,0.0,161.51199340820312
2024-07-03,99385.06650532658,0.0,0.0,99385.06650532658,101367.03156767726,0.0,161.50399780273438
2024-07-05,99385.06650532658,0.0,0.0,99385.06650532658,101367.03156767726,0.0,161.35800170898438
2024-07-08,99385.06650532658,0.0,0.0,99385.06650532658,101367.03156767726,0.0,160.63800048828125
2024-07-09,99385.06650532658,0.0,0.0,99385.06650532658,101367.03156767726,0.0,160.85699462890625
2024-07-10,99385.06650532658,0.0,0.0,99385.06650532658,101367.03156767726,0.0,161.33099365234375
2024-07-11,99385.06650532658,0.0,0.0,99385.06650532658,101367.03156767726,0.0,161.60699462890625
2024-07-12,99385.06650532658,0.0,0.0,99385.06650532658,101367.03156767726,0.0,158.2010040283203
2024-07-15,99385.06650532658,0.0,0.0,99385.06650532658,101367.03156767726,0.0,158.31300354003906
2024-07-16,99385.06650532658,0.0,0.0,99385.06650532658,101367.03156767726,0.0,158.14100646972656
2024-07-17,99385.06650532658,0.0,0.0,99385.06650532658,101367.03156767726,0.0,158.35000610351562
2024-07-18,99385.06650532658,0.0,0.0,99385.06650532658,101367.03156767726,0.0,155.68600463867188
2024-07-19,99385.06650532658,0.0,0.0,99385.06650532658,101367.03156767726,0.0,157.14999389648438
2024-07-22,99385.06650532658,0.0,0.0,99385.06650532658,101367.03156767726,0.0,157.4219970703125
2024-07-23,99385.06650532658,0.0,0.0,99385.06650532658,101367.03156767726,0.0,156.89100646972656
2024-07-24,99385.06650532658,0.0,0.0,99385.06650532658,101367.03156767726,0.0,155.76800537109375
2024-07-25,99385.06650532658,0.0,0.0,99385.06650532658,101367.03156767726,0.0,153.89100646972656
2024-07-26,99385.06650532658,0.0,0.0,99385.06650532658,101367.03156767726,0.0,153.69700622558594
2024-07-29,99385.06650532658,0.0,0.0,99385.06650532658,101367.03156767726,0.0,154.13900756835938
2024-07-30,99385.06650532658,0.0,0.0,99385.06650532658,101367.03156767726,0.0,153.83299255371094
2024-07-31,99385.06650532658,0.0,0.0,99385.06650532658,101367.03156767726,0.0,152.6699981689453
2024-08-01,99385.06650532658,0.0,0.0,99385.06650532658,101367.03156767726,0.0,149.74400329589844
2024-08-02,99385.06650532658,0.0,0.0,99385.06650532658,101367.03156767726,0.0,149.2010040283203
2024-08-05,99385.06650532658,0.0,0.0,99385.06650532658,101367.03156767726,0.0,145.58399963378906
2024-08-06,49692.53325266329,0.6710630003727588,49902.902155273136,99595.43540793643,101725.16188446485,0.5010561171892476,145.7899932861328
2024-08-07,49692.53325266329,0.6710630003727588,49209.63094693057,98902.16419959386,101016.07078675932,0.4975586868617042,144.73199462890625
2024-08-08,49692.53325266329,0.6710630003727588,50831.45071450724,100523.98396717053,102674.89917229241,0.5056649041198761,146.12399291992188
2024-08-09,100300.43531004728,0.0,0.0,100300.43531004728,102592.59866900447,0.0,147.66900634765625
2024-08-12,100300.43531004728,0.0,0.0,100300.43531004728,102592.59866900447,0.0,147.04200744628906
2024-08-13,100300.43531004728,0.0,0.0,100300.43531004728,102592.59866900447,0.0,146.98199462890625
2024-08-14,100300.43531004728,0.0,0.0,100300.43531004728,102592.59866900447,0.0,146.9709930419922
2024-08-15,100300.43531004728,0.0,0.0,100300.43531004728,102592.59866900447,0.0,147.2530059814453
2024-08-16,100300.43531004728,0.0,0.0,100300.43531004728,102592.59866900447,0.0,149.2220001220703
2024-08-19,100300.43531004728,0.0,0.0,100300.43531004728,102592.59866900447,0.0,147.95599365234375
2024-08-20,100300.43531004728,0.0,0.0,100300.43531004728,102592.59866900447,0.0,146.69900512695312
2024-08-21,100300.43531004728,0.0,0.0,100300.43531004728,102592.59866900447,0.0,145.3470001220703
2024-08-22,100300.43531004728,0.0,0.0,100300.43531004728,102592.59866900447,0.0,145.1179962158203
2024-08-23,100300.43531004728,0.0,0.0,100300.43531004728,102592.59866900447,0.0,146.20199584960938
2024-08-26,100300.43531004728,0.0,0.0,100300.43531004728,102592.59866900447,0.0,144.0
2024-08-27,100300.43531004728,0.0,0.0,100300.43531004728,102592.59866900447,0.0,144.51600646972656
2024-08-28,100300.43531004728,0.0,0.0,100300.43531004728,102592.59866900447,0.0,143.97500610351562
2024-08-29,100300.43531004728,0.0,0.0,100300.43531004728,102592.59866900447,0.0,144.43299865722656
2024-08-30,100300.43531004728,0.0,0.0,100300.43531004728,102592.59866900447,0.0,144.88999938964844
2024-09-03,100300.43531004728,0.0,0.0,100300.43531004728,102592.59866900447,0.0,146.7220001220703
2024-09-04,100300.43531004728,0.0,0.0,100300.43531004728,102592.59866900447,0.0,145.35299682617188
2024-09-05,100300.43531004728,0.0,0.0,100300.43531004728,102592.59866900447,0.0,143.32400512695312
2024-09-06,100300.43531004728,0.0,0.0,100300.43531004728,102592.59866900447,0.0,143.39300537109375
2024-09-09,100300.43531004728,0.0,0.0,100300.43531004728,102592.59866900447,0.0,142.48599243164062
2024-09-10,100300.43531004728,0.0,0.0,100300.43531004728,102592.59866900447,0.0,143.177001953125
2024-09-11,100300.43531004728,0.0,0.0,100300.43531004728,102592.59866900447,0.0,142.23399353027344
2024-09-12,100300.43531004728,0.0,0.0,100300.43531004728,102592.59866900447,0.0,142.58999633789062
2024-09-13,100300.43531004728,0.0,0.0,100300.43531004728,102592.59866900447,0.0,141.49899291992188
2024-09-16,100300.43531004728,0.0,0.0,100300.43531004728,102592.59866900447,0.0,140.7899932861328
2024-09-17,100300.43531004728,0.0,0.0,100300.43531004728,102592.59866900447,0.0,140.7899932861328
2024-09-18,100300.43531004728,0.0,0.0,100300.43531004728,102592.59866900447,0.0,142.01499938964844
2024-09-19,100300.43531004728,0.0,0.0,100300.43531004728,102592.59866900447,0.0,142.7100067138672
2024-09-20,100300.43531004728,0.0,0.0,100300.43531004728,102592.59866900447,0.0,142.85800170898438
2024-09-23,100300.43531004728,0.0,0.0,100300.43531004728,102592.59866900447,0.0,144.00399780273438
2024-09-24,100300.43531004728,0.0,0.0,100300.43531004728,102592.59866900447,0.0,143.63800048828125
2024-09-25,100300.43531004728,0.0,0.0,100300.43531004728,102592.59866900447,0.0,142.96299743652344
2024-09-26,100300.43531004728,0.0,0.0,100300.43531004728,102592.59866900447,0.0,144.68299865722656
2024-09-27,100300.43531004728,0.0,0.0,100300.43531004728,102592.59866900447,0.0,145.0760040283203
2024-09-30,100300.43531004728,0.0,0.0,100300.43531004728,102592.59866900447,0.0,142.7830047607422
2024-10-01,100300.43531004728,0.0,0.0,100300.43531004728,102592.59866900447,0.0,143.7100067138672
2024-10-02,100300.43531004728,0.0,0.0,100300.43531004728,102592.59866900447,0.0,143.73599243164062
2024-10-03,100300.43531004728,0.0,0.0,100300.43531004728,102592.59866900447,0.0,146.58200073242188
2024-10-04,100300.43531004728,0.0,0.0,100300.43531004728,102592.59866900447,0.0,146.83999633789062
2024-10-07,100300.43531004728,0.0,0.0,100300.43531004728,102592.59866900447,0.0,148.82000732421875
2024-10-08,100300.43531004728,0.0,0.0,100300.43531004728,102592.59866900447,0.0,148.14599609375
2024-10-09,100300.43531004728,0.0,0.0,100300.43531004728,102592.59866900447,0.0,148.15899658203125
2024-10-10,100300.43531004728,0.0,0.0,100300.43531004728,102592.59866900447,0.0,149.16000366210938
2024-10-11,100300.43531004728,0.0,0.0,100300.43531004728,102592.59866900447,0.0,148.70399475097656
2024-10-14,100300.43531004728,0.0,0.0,100300.43531004728,102592.59866900447,0.0,149.33399963378906
2024-10-15,100300.43531004728,0.0,0.0,100300.43531004728,102592.59866900447,0.0,149.6699981689453
2024-10-16,100300.43531004728,0.0,0.0,100300.43531004728,102592.59866900447,0.0,149.0989990234375
2024-10-17,100300.43531004728,0.0,0.0,100300.43531004728,102592.59866900447,0.0,149.5760040283203
2024-10-18,100300.43531004728,0.0,0.0,100300.43531004728,102592.59866900447,0.0,150.10000610351562
2024-10-21,100300.43531004728,0.0,0.0,100300.43531004728,102592.59866900447,0.0,149.60000610351562
2024-10-22,100300.43531004728,0.0,0.0,100300.43531004728,102592.59866900447,0.0,150.60499572753906
2024-10-23,100300.43531004728,0.0,0.0,100300.43531004728,102592.59866900447,0.0,151.13800048828125
2024-10-24,100300.43531004728,0.0,0.0,100300.43531004728,102592.59866900447,0.0,152.7689971923828
2024-10-25,100300.43531004728,0.0,0.0,100300.43531004728,102592.59866900447,0.0,151.7830047607422
2024-10-28,100300.43531004728,0.0,0.0,100300.43531004728,102592.59866900447,0.0,152.95199584960938
2024-10-29,100300.43531004728,0.0,0.0,100300.43531004728,102592.59866900447,0.0,153.1790008544922
2024-10-30,100300.43531004728,0.0,0.0,100300.43531004728,102592.59866900447,0.0,153.2740020751953
2024-10-31,100300.43531004728,0.0,0.0,100300.43531004728,102592.59866900447,0.0,153.20399475097656
2024-11-01,100300.43531004728,0.0,0.0,100300.43531004728,102592.59866900447,0.0,151.97999572753906
2024-11-04,100300.43531004728,0.0,0.0,100300.43531004728,102592.59866900447,0.0,152.28700256347656
2024-11-05,100300.43531004728,0.0,0.0,100300.43531004728,102592.59866900447,0.0,152.2760009765625
2024-11-06,100300.43531004728,0.0,0.0,100300.43531004728,102592.59866900447,0.0,151.43499755859375
2024-11-07,100300.43531004728,0.0,0.0,100300.43531004728,102592.59866900447,0.0,154.32000732421875
2024-11-08,100300.43531004728,0.0,0.0,100300.43531004728,102592.59866900447,0.0,153.17999267578125
2024-11-11,100300.43531004728,0.0,0.0,100300.43531004728,102592.59866900447,0.0,152.9040069580078
2024-11-12,100300.43531004728,0.0,0.0,100300.43531004728,102592.59866900447,0.0,153.47999572753906
2024-11-13,100300.43531004728,0.0,0.0,100300.43531004728,102592.59866900447,0.0,154.65499877929688
2024-11-14,100300.43531004728,0.0,0.0,100300.43531004728,102592.59866900447,0.0,155.4290008544922
2024-11-15,100300.43531004728,0.0,0.0,100300.43531004728,102592.59866900447,0.0,156.46800231933594
2024-11-18,100300.43531004728,0.0,0.0,100300.43531004728,102592.59866900447,0.0,154.66400146484375
2024-11-19,100300.43531004728,0.0,0.0,100300.43531004728,102592.59866900447,0.0,154.61700439453125
2024-11-20,100300.43531004728,0.0,0.0,100300.43531004728,102592.59866900447,0.0,154.71800231933594
2024-11-21,100300.43531004728,0.0,0.0,100300.43531004728,102592.59866900447,0.0,155.2949981689453
2024-11-22,100300.43531004728,0.0,0.0,100300.43531004728,102592.59866900447,0.0,154.21800231933594
2024-11-25,100300.43531004728,0.0,0.0,100300.43531004728,102592.59866900447,0.0,154.14599609375
2024-11-26,100300.43531004728,0.0,0.0,100300.43531004728,102592.59866900447,0.0,154.3780059814453
2024-11-27,100300.43531004728,0.0,0.0,100300.43531004728,102592.59866900447,0.0,153.00900268554688
2024-11-29,100300.43531004728,0.0,0.0,100300.43531004728,102592.59866900447,0.0,151.1739959716797
2024-12-02,100300.43531004728,0.0,0.0,100300.43531004728,102592.59866900447,0.0,149.8979949951172
2024-12-03,100300.43531004728,0.0,0.0,100300.43531004728,102592.59866900447,0.0,149.50799560546875
2024-12-04,100300.43531004728,0.0,0.0,100300.43531004728,102592.59866900447,0.0,149.64700317382812
2024-12-05,100300.43531004728,0.0,0.0,100300.43531004728,102592.59866900447,0.0,150.56700134277344
2024-12-06,100300.43531004728,0.0,0.0,100300.43531004728,102592.59866900447,0.0,150.20700073242188
2024-12-09,100300.43531004728,0.0,0.0,100300.43531004728,102592.59866900447,0.0,150.02999877929688
2024-12-10,100300.43531004728,0.0,0.0,100300.43531004728,102592.59866900447,0.0,151.4080047607422
2024-12-11,100300.43531004728,0.0,0.0,100300.43531004728,102592.59866900447,0.0,151.8070068359375
2024-12-12,100300.43531004728,0.0,0.0,100300.43531004728,102592.59866900447,0.0,152.2449951171875
2024-12-13,100300.43531004728,0.0,0.0,100300.43531004728,102592.59866900447,0.0,152.58700561523438
2024-12-16,100300.43531004728,0.0,0.0,100300.43531004728,102592.59866900447,0.0,153.4530029296875
2024-12-17,100300.43531004728,0.0,0.0,100300.43531004728,102592.59866900447,0.0,154.08599853515625
2024-12-18,100300.43531004728,0.0,0.0,100300.43531004728,102592.59866900447,0.0,153.57200622558594
2024-12-19,100300.43531004728,0.0,0.0,100300.43531004728,102592.59866900447,0.0,154.67300415039062
2024-12-20,100300.43531004728,0.0,0.0,100300.43531004728,102592.59866900447,0.0,157.6439971923828
2024-12-23,100300.43531004728,0.0,0.0,100300.43531004728,102592.59866900447,0.0,156.5330047607422
2024-12-24,100300.43531004728,0.0,0.0,100300.43531004728,102592.59866900447,0.0,157.1649932861328
2024-12-26,100300.43531004728,0.0,0.0,100300.43531004728,102592.59866900447,0.0,157.13299560546875
2024-12-27,100300.43531004728,0.0,0.0,100300.43531004728,102592.59866900447,0.0,157.7480010986328
2024-12-30,100300.43531004728,0.0,0.0,100300.43531004728,102592.59866900447,0.0,157.8730010986328
2024-12-31,100300.43531004728,0.0,0.0,100300.43531004728,102592.59866900447,0.0,156.9949951171875
2025-01-02,100300.43531004728,0.0,0.0,100300.43531004728,102592.59866900447,0.0,157.718994140625
2025-01-03,100300.43531004728,0.0,0.0,100300.43531004728,102592.59866900447,0.0,157.36199951171875
2025-01-06,100300.43531004728,0.0,0.0,100300.43531004728,102592.59866900447,0.0,157.4810028076172
2025-01-07,100300.43531004728,0.0,0.0,100300.43531004728,102592.59866900447,0.0,157.7429962158203
2025-01-08,100300.43531004728,0.0,0.0,100300.43531004728,102592.59866900447,0.0,158.23599243164062
2025-01-10,100300.43531004728,0.0,0.0,100300.43531004728,102592.59866900447,0.0,158.04800415039062
2025-01-13,100300.43531004728,0.0,0.0,100300.43531004728,102592.59866900447,0.0,157.88699340820312
2025-01-14,100300.43531004728,0.0,0.0,100300.43531004728,102592.59866900447,0.0,157.36399841308594
2025-01-15,100300.43531004728,0.0,0.0,100300.43531004728,102592.59866900447,0.0,158.0500030517578
2025-01-16,100300.43531004728,0.0,0.0,100300.43531004728,102592.59866900447,0.0,156.2550048828125
2025-01-17,100300.43531004728,0.0,0.0,100300.43531004728,102592.59866900447,0.0,155.3560028076172
2025-01-21,100300.43531004728,0.0,0.0,100300.43531004728,102592.59866900447,0.0,155.24899291992188
2025-01-22,100300.43531004728,0.0,0.0,100300.43531004728,102592.59866900447,0.0,155.7740020751953
2025-01-23,100300.43531004728,0.0,0.0,100300.43531004728,102592.59866900447,0.0,156.44000244140625
2025-01-24,100300.43531004728,0.0,0.0,100300.43531004728,102592.59866900447,0.0,156.15499877929688
2025-01-27,100300.43531004728,0.0,0.0,100300.43531004728,102592.59866900447,0.0,155.74400329589844
2025-01-28,100300.43531004728,0.0,0.0,100300.43531004728,102592.59866900447,0.0,154.90899658203125
2025-01-29,100300.43531004728,0.0,0.0,100300.43531004728,102592.59866900447,0.0,155.5590057373047
2025-01-30,100300.43531004728,0.0,0.0,100300.43531004728,102592.59866900447,0.0,155.1699981689453
2025-01-31,100300.43531004728,0.0,0.0,100300.43531004728,102592.59866900447,0.0,154.0970001220703
2025-02-03,100300.43531004728,0.0,0.0,100300.43531004728,102592.59866900447,0.0,155.36300659179688
2025-02-04,100300.43531004728,0.0,0.0,100300.43531004728,102592.59866900447,0.0,155.27699279785156
2025-02-05,100300.43531004728,0.0,0.0,100300.43531004728,102592.59866900447,0.0,154.13299560546875
2025-02-06,100300.43531004728,0.0,0.0,100300.43531004728,102592.59866900447,0.0,152.6060028076172
2025-02-07,100300.43531004728,0.0,0.0,100300.43531004728,102592.59866900447,0.0,151.1929931640625
2025-02-10,100300.43531004728,0.0,0.0,100300.43531004728,102592.59866900447,0.0,151.8459930419922
2025-02-11,100300.43531004728,0.0,0.0,100300.43531004728,102592.59866900447,0.0,151.75900268554688
2025-02-12,100300.43531004728,0.0,0.0,100300.43531004728,102592.59866900447,0.0,152.73899841308594
2025-02-13,100300.43531004728,0.0,0.0,100300.43531004728,102592.59866900447,0.0,154.2550048828125
2025-02-14,100300.43531004728,0.0,0.0,100300.43531004728,102592.59866900447,0.0,152.98899841308594
2025-02-18,100300.43531004728,0.0,0.0,100300.43531004728,102592.59866900447,0.0,151.44400024414062
2025-02-19,100300.43531004728,0.0,0.0,100300.43531004728,102592.59866900447,0.0,151.93099975585938
2025-02-20,100300.43531004728,0.0,0.0,100300.43531004728,102592.59866900447,0.0,151.22000122070312
2025-02-21,100300.43531004728,0.0,0.0,100300.43531004728,102592.59866900447,0.0,149.4080047607422
2025-02-24,100300.43531004728,0.0,0.0,100300.43531004728,102592.59866900447,0.0,149.38699340820312
2025-02-25,100300.43531004728,0.0,0.0,100300.43531004728,102592.59866900447,0.0,149.86399841308594
2025-02-26,100300.43531004728,0.0,0.0,100300.43531004728,102592.59866900447,0.0,149.0780029296875
2025-02-27,100300.43531004728,0.0,0.0,100300.43531004728,102592.59866900447,0.0,148.83799743652344
2025-02-28,100300.43531004728,0.0,0.0,100300.43531004728,102592.59866900447,0.0,150.01199340820312
2025-03-03,100300.43531004728,0.0,0.0,100300.43531004728,102592.59866900447,0.0,150.77099609375
2025-03-04,100300.43531004728,0.0,0.0,100300.43531004728,102592.59866900447,0.0,149.30499267578125
2025-03-05,100300.43531004728,0.0,0.0,100300.43531004728,102592.59866900447,0.0,149.7989959716797
2025-03-06,100300.43531004728,0.0,0.0,100300.43531004728,102592.59866900447,0.0,148.8979949951172
2025-03-07,100300.43531004728,0.0,0.0,100300.43531004728,102592.59866900447,0.0,148.10800170898438
2025-03-10,100300.43531004728,0.0,0.0,100300.43531004728,102592.59866900447,0.0,147.60800170898438
2025-03-11,100300.43531004728,0.0,0.0,100300.43531004728,102592.59866900447,0.0,147.06900024414062
2025-03-12,100300.43531004728,0.0,0.0,100300.43531004728,102592.59866900447,0.0,148.04200744628906
2025-03-13,100300.43531004728,0.0,0.0,100300.43531004728,102592.59866900447,0.0,148.2790069580078
2025-03-14,100300.43531004728,0.0,0.0,100300.43531004728,102592.59866900447,0.0,147.94900512695312
2025-03-17,100300.43531004728,0.0,0.0,100300.43531004728,102592.59866900447,0.0,148.59800720214844
2025-03-18,100300.43531004728,0.0,0.0,100300.43531004728,102592.59866900447,0.0,149.37899780273438
2025-03-19,100300.43531004728,0.0,0.0,100300.43531004728,102592.59866900447,0.0,149.45199584960938
2025-03-20,100300.43531004728,0.0,0.0,100300.43531004728,102592.59866900447,0.0,148.49000549316406
2025-03-21,100300.43531004728,0.0,0.0,100300.43531004728,102592.59866900447,0.0,148.5959930419922
2025-03-24,100300.43531004728,0.0,0.0,100300.43531004728,102592.59866900447,0.0,149.677001953125
2025-03-25,100300.43531004728,0.0,0.0,100300.43531004728,102592.59866900447,0.0,150.7740020751953
2025-03-26,100300.43531004728,0.0,0.0,100300.43531004728,102592.59866900447,0.0,149.9499969482422
2025-03-27,100300.43531004728,0.0,0.0,100300.43531004728,102592.59866900447,0.0,150.47300720214844
2025-03-28,100300.43531004728,0.0,0.0,100300.43531004728,102592.59866900447,0.0,150.8470001220703
2025-03-31,100300.43531004728,0.0,0.0,100300.43531004728,102592.59866900447,0.0,149.61700439453125
2025-04-01,100300.43531004728,0.0,0.0,100300.43531004728,102592.59866900447,0.0,149.91299438476562
2025-04-02,100300.43531004728,0.0,0.0,100300.43531004728,102592.59866900447,0.0,149.7830047607422
2025-04-03,100300.43531004728,0.0,0.0,100300.43531004728,102592.59866900447,0.0,147.8719940185547
2025-04-04,100300.43531004728,0.0,0.0,100300.43531004728,102592.59866900447,0.0,146.2310028076172
2025-04-07,100300.43531004728,0.0,0.0,100300.43531004728,102592.59866900447,0.0,145.43299865722656
2025-04-08,100300.43531004728,0.0,0.0,100300.43531004728,102592.59866900447,0.0,147.78900146484375
2025-04-09,100300.43531004728,0.0,0.0,100300.43531004728,102592.59866900447,0.0,145.84500122070312
2025-04-10,100300.43531004728,0.0,0.0,100300.43531004728,102592.59866900447,0.0,147.3990020751953
2025-04-11,100300.43531004728,0.0,0.0,100300.43531004728,102592.59866900447,0.0,143.7469940185547
2025-04-14,100300.43531004728,0.0,0.0,100300.43531004728,102592.59866900447,0.0,143.6959991455078
2025-04-15,100300.43531004728,0.0,0.0,100300.43531004728,102592.59866900447,0.0,143.2209930419922
2025-04-16,100300.43531004728,0.0,0.0,100300.43531004728,102592.59866900447,0.0,143.18099975585938
2025-04-17,100300.43531004728,0.0,0.0,100300.43531004728,102592.59866900447,0.0,141.92799377441406
2025-04-21,100300.43531004728,0.0,0.0,100300.43531004728,102592.59866900447,0.0,141.92799377441406
2025-04-22,100300.43531004728,0.0,0.0,100300.43531004728,102592.59866900447,0.0,140.87600708007812
2025-04-23,100300.43531004728,0.0,0.0,100300.43531004728,102592.59866900447,0.0,142.68800354003906
2025-04-24,100300.43531004728,0.0,0.0,100300.43531004728,102592.59866900447,0.0,143.22300720214844
2025-04-25,100300.43531004728,0.0,0.0,100300.43531004728,102592.59866900447,0.0,142.87899780273438
2025-04-28,100300.43531004728,0.0,0.0,100300.43531004728,102592.59866900447,0.0,143.84100341796875
2025-04-29,100300.43531004728,0.0,0.0,100300.43531004728,102592.59866900447,0.0,142.17799377441406
2025-04-30,100300.43531004728,0.0,0.0,100300.43531004728,102592.59866900447,0.0,142.2989959716797
2025-05-01,100300.43531004728,0.0,0.0,100300.43531004728,102592.59866900447,0.0,143.00900268554688
2025-05-02,100300.43531004728,0.0,0.0,100300.43531004728,102592.59866900447,0.0,145.447998046875
2025-05-05,100300.43531004728,0.0,0.0,100300.43531004728,102592.59866900447,0.0,144.62399291992188
2025-05-06,100300.43531004728,0.0,0.0,100300.43531004728,102592.59866900447,0.0,143.6540069580078
2025-05-07,100300.43531004728,0.0,0.0,100300.43531004728,102592.59866900447,0.0,143.03500366210938
2025-05-08,100300.43531004728,0.0,0.0,100300.43531004728,102592.59866900447,0.0,143.84800720214844
2025-05-09,100300.43531004728,0.0,0.0,100300.43531004728,102592.59866900447,0.0,146.01499938964844
2025-05-12,100300.43531004728,0.0,0.0,100300.43531004728,102592.59866900447,0.0,145.81199645996094
2025-05-13,100300.43531004728,0.0,0.0,100300.43531004728,102592.59866900447,0.0,148.30999755859375
2025-05-14,100300.43531004728,0.0,0.0,100300.43531004728,102592.59866900447,0.0,147.5279998779297
2025-05-15,100300.43531004728,0.0,0.0,100300.43531004728,102592.59866900447,0.0,146.64999389648438
2025-05-16,100300.43531004728,0.0,0.0,100300.43531004728,102592.59866900447,0.0,145.61300659179688
2025-05-19,100300.43531004728,0.0,0.0,100300.43531004728,102592.59866900447,0.0,145.29800415039062
2025-05-20,100300.43531004728,0.0,0.0,100300.43531004728,102592.59866900447,0.0,144.97500610351562
2025-05-21,100300.43531004728,0.0,0.0,100300.43531004728,102592.59866900447,0.0,144.3280029296875
2025-05-22,100300.43531004728,0.0,0.0,100300.43531004728,102592.59866900447,0.0,143.7550048828125
2025-05-23,100300.43531004728,0.0,0.0,100300.43531004728,102592.59866900447,0.0,143.85800170898438
2025-05-27,100300.43531004728,0.0,0.0,100300.43531004728,102592.59866900447,0.0,142.65499877929688
2025-05-28,100300.43531004728,0.0,0.0,100300.43531004728,102592.59866900447,0.0,144.177001953125
2025-05-29,100300.43531004728,0.0,0.0,100300.43531004728,102592.59866900447,0.0,145.69700622558594
2025-05-30,100300.43531004728,0.0,0.0,100300.43531004728,102592.59866900447,0.0,143.7790069580078
2025-06-02,100300.43531004728,0.0,0.0,100300.43531004728,102592.59866900447,0.0,143.81500244140625
2025-06-03,100300.43531004728,0.0,0.0,100300.43531004728,102592.59866900447,0.0,142.45199584960938
2025-06-04,100300.43531004728,0.0,0.0,100300.43531004728,102592.59866900447,0.0,143.83700561523438
2025-06-05,100300.43531004728,0.0,0.0,100300.43531004728,102592.59866900447,0.0,142.73199462890625
2025-06-06,100300.43531004728,0.0,0.0,100300.43531004728,102592.59866900447,0.0,143.54200744628906
2025-06-09,100300.43531004728,0.0,0.0,100300.43531004728,102592.59866900447,0.0,144.6909942626953
2025-06-10,100300.43531004728,0.0,0.0,100300.43531004728,102592.59866900447,0.0,144.5399932861328
2025-06-11,100300.43531004728,0.0,0.0,100300.43531004728,102592.59866900447,0.0,144.83799743652344
2025-06-12,100300.43531004728,0.0,0.0,100300.43531004728,102592.59866900447,0.0,144.2030029296875
2025-06-13,100300.43531004728,0.0,0.0,100300.43531004728,102592.59866900447,0.0,143.19400024414062
2025-06-16,100300.43531004728,0.0,0.0,100300.43531004728,102592.59866900447,0.0,144.09100341796875
2025-06-17,100300.43531004728,0.0,0.0,100300.43531004728,102592.59866900447,0.0,144.72900390625
2025-06-18,100300.43531004728,0.0,0.0,100300.43531004728,102592.59866900447,0.0,145.37600708007812
2025-06-20,100300.43531004728,0.0,0.0,100300.43531004728,102592.59866900447,0.0,145.21800231933594
2025-06-23,100300.43531004728,0.0,0.0,100300.43531004728,102592.59866900447,0.0,146.2239990234375
2025-06-24,100300.43531004728,0.0,0.0,100300.43531004728,102592.59866900447,0.0,145.92799377441406
2025-06-25,100300.43531004728,0.0,0.0,100300.43531004728,102592.59866900447,0.0,144.95700073242188
2025-06-26,100300.43531004728,0.0,0.0,100300.43531004728,102592.59866900447,0.0,144.9040069580078
2025-06-27,100300.43531004728,0.0,0.0,100300.43531004728,102592.59866900447,0.0,144.69400024414062
2025-06-30,100300.43531004728,0.0,0.0,100300.43531004728,102592.59866900447,0.0,144.51699829101562
2025-07-01,100300.43531004728,0.0,0.0,100300.43531004728,102592.59866900447,0.0,143.8000030517578
2025-07-02,100300.43531004728,0.0,0.0,100300.43531004728,102592.59866900447,0.0,143.40199279785156
2025-07-03,100300.43531004728,0.0,0.0,100300.43531004728,102592.59866900447,0.0,143.5260009765625
2025-07-07,100300.43531004728,0.0,0.0,100300.43531004728,102592.59866900447,0.0,144.4980010986328
2025-07-08,100300.43531004728,0.0,0.0,100300.43531004728,102592.59866900447,0.0,145.89199829101562
2025-07-09,100300.43531004728,0.0,0.0,100300.43531004728,102592.59866900447,0.0,146.8489990234375
2025-07-10,100300.43531004728,0.0,0.0,100300.43531004728,102592.59866900447,0.0,146.11399841308594
2025-07-11,100300.43531004728,0.0,0.0,100300.43531004728,102592.59866900447,0.0,146.28799438476562
2025-07-14,100300.43531004728,0.0,0.0,100300.43531004728,102592.59866900447,0.0,147.2949981689453
2025-07-15,100300.43531004728,0.0,0.0,100300.43531004728,102592.59866900447,0.0,147.79200744628906
2025-07-16,100300.43531004728,0.0,0.0,100300.43531004728,102592.59866900447,0.0,148.76100158691406
2025-07-17,100300.43531004728,0.0,0.0,100300.43531004728,102592.59866900447,0.0,148.0030059814453
2025-07-18,100300.43531004728,0.0,0.0,100300.43531004728,102592.59866900447,0.0,148.44200134277344
2025-07-21,100300.43531004728,0.0,0.0,100300.43531004728,102592.59866900447,0.0,148.43099975585938
2025-07-22,100300.43531004728,0.0,0.0,100300.43531004728,102592.59866900447,0.0,147.40899658203125
2025-07-23,100300.43531004728,0.0,0.0,100300.43531004728,102592.59866900447,0.0,146.78500366210938
2025-07-24,100300.43531004728,0.0,0.0,100300.43531004728,102592.59866900447,0.0,146.3489990234375
2025-07-25,100300.43531004728,0.0,0.0,100300.43531004728,102592.59866900447,0.0,147.0050048828125
2025-07-28,100300.43531004728,0.0,0.0,100300.43531004728,102592.59866900447,0.0,147.81300354003906
2025-07-29,100300.43531004728,0.0,0.0,100300.43531004728,102592.59866900447,0.0,148.47900390625
2025-07-30,100300.43531004728,0.0,0.0,100300.43531004728,102592.59866900447,0.0,148.44200134277344
2025-07-31,100300.43531004728,0.0,0.0,100300.43531004728,102592.59866900447,0.0,149.2259979248047
2025-08-01,100300.43531004728,0.0,0.0,100300.43531004728,102592.59866900447,0.0,150.77200317382812
2025-08-04,100300.43531004728,0.0,0.0,100300.43531004728,102592.59866900447,0.0,147.34300231933594
2025-08-05,100300.43531004728,0.0,0.0,100300.43531004728,102592.59866900447,0.0,146.79299926757812
2025-08-06,100300.43531004728,0.0,0.0,100300.43531004728,102592.59866900447,0.0,147.55999755859375
2025-08-07,100300.43531004728,0.0,0.0,100300.43531004728,102592.59866900447,0.0,147.1929931640625
2025-08-08,100300.43531004728,0.0,0.0,100300.43531004728,102592.59866900447,0.0,146.83700561523438
2025-08-11,100300.43531004728,0.0,0.0,100300.43531004728,102592.59866900447,0.0,147.66400146484375
2025-08-12,100300.43531004728,0.0,0.0,100300.43531004728,102592.59866900447,0.0,148.125
2025-08-13,100300.43531004728,0.0,0.0,100300.43531004728,102592.59866900447,0.0,147.75799560546875
2025-08-14,100300.43531004728,0.0,0.0,100300.43531004728,102592.59866900447,0.0,147.1199951171875
2025-08-15,100300.43531004728,0.0,0.0,100300.43531004728,102592.59866900447,0.0,147.6909942626953
2025-08-18,100300.43531004728,0.0,0.0,100300.43531004728,102592.59866900447,0.0,147.26400756835938
2025-08-19,100300.43531004728,0.0,0.0,100300.43531004728,102592.59866900447,0.0,147.91600036621094
2025-08-20,100300.43531004728,0.0,0.0,100300.43531004728,102592.59866900447,0.0,147.7310028076172
2025-08-21,100300.43531004728,0.0,0.0,100300.43531004728,102592.59866900447,0.0,147.3179931640625
2025-08-22,100300.43531004728,0.0,0.0,100300.43531004728,102592.59866900447,0.0,148.38600158691406
2025-08-25,100300.43531004728,0.0,0.0,100300.43531004728,102592.59866900447,0.0,147.21499633789062
2025-08-26,100300.43531004728,0.0,0.0,100300.43531004728,102592.59866900447,0.0,147.82200622558594
2025-08-27,100300.43531004728,0.0,0.0,100300.43531004728,102592.59866900447,0.0,147.46200561523438
2025-08-28,100300.43531004728,0.0,0.0,100300.43531004728,102592.59866900447,0.0,147.3159942626953
2025-08-29,100300.43531004728,0.0,0.0,100300.43531004728,102592.59866900447,0.0,146.7899932861328
2025-09-02,100300.43531004728,0.0,0.0,100300.43531004728,102592.59866900447,0.0,147.08399963378906
2025-09-03,100300.43531004728,0.0,0.0,100300.43531004728,102592.59866900447,0.0,148.54800415039062
2025-09-04,100300.43531004728,0.0,0.0,100300.43531004728,102592.59866900447,0.0,147.97999572753906
2025-09-05,100300.43531004728,0.0,0.0,100300.43531004728,102592.59866900447,0.0,148.375
2025-09-08,100300.43531004728,0.0,0.0,100300.43531004728,102592.59866900447,0.0,148.343994140625
2025-09-09,100300.43531004728,0.0,0.0,100300.43531004728,102592.59866900447,0.0,147.36399841308594
2025-09-10,100300.43531004728,0.0,0.0,100300.43531004728,102592.59866900447,0.0,147.39199829101562
2025-09-11,100300.43531004728,0.0,0.0,100300.43531004728,102592.59866900447,0.0,147.33200073242188
2025-09-12,100300.43531004728,0.0,0.0,100300.43531004728,102592.59866900447,0.0,147.2239990234375
2025-09-15,100300.43531004728,0.0,0.0,100300.43531004728,102592.59866900447,0.0,147.66600036621094
2025-09-16,100300.43531004728,0.0,0.0,100300.43531004728,102592.59866900447,0.0,147.40499877929688
2025-09-17,100300.43531004728,0.0,0.0,100300.43531004728,102592.59866900447,0.0,146.41299438476562
2025-09-18,100300.43531004728,0.0,0.0,100300.43531004728,102592.59866900447,0.0,146.89100646972656
2025-09-19,100300.43531004728,0.0,0.0,100300.43531004728,102592.59866900447,0.0,147.94700622558594
2025-09-22,100300.43531004728,0.0,0.0,100300.43531004728,102592.59866900447,0.0,148.09500122070312
2025-09-23,100300.43531004728,0.0,0.0,100300.43531004728,102592.59866900447,0.0,147.72500610351562
2025-09-24,100300.43531004728,0.0,0.0,100300.43531004728,102592.59866900447,0.0,147.61300659179688
2025-09-25,100300.43531004728,0.0,0.0,100300.43531004728,102592.59866900447,0.0,148.75100708007812
2025-09-26,100300.43531004728,0.0,0.0,100300.43531004728,102592.59866900447,0.0,149.86099243164062
2025-09-29,100300.43531004728,0.0,0.0,100300.43531004728,102592.59866900447,0.0,149.40499877929688
2025-09-30,100300.43531004728,0.0,0.0,100300.43531004728,102592.59866900447,0.0,148.59500122070312
2025-10-01,100300.43531004728,0.0,0.0,100300.43531004728,102592.59866900447,0.0,147.9969940185547
2025-10-02,100300.43531004728,0.0,0.0,100300.43531004728,102592.59866900447,0.0,147.08299255371094
2025-10-03,100300.43531004728,0.0,0.0,100300.43531004728,102592.59866900447,0.0,147.14999389648438
2025-10-06,100300.43531004728,0.0,0.0,100300.43531004728,102592.59866900447,0.0,149.6060028076172
2025-10-07,100300.43531004728,0.0,0.0,100300.43531004728,102592.59866900447,0.0,150.33099365234375
2025-10-08,100300.43531004728,0.0,0.0,100300.43531004728,102592.59866900447,0.0,152.05099487304688
2025-10-09,100300.43531004728,0.0,0.0,100300.43531004728,102592.59866900447,0.0,152.67999267578125
2025-10-10,100300.43531004728,0.0,0.0,100300.43531004728,102592.59866900447,0.0,152.96499633789062
2025-10-13,100300.43531004728,0.0,0.0,100300.43531004728,102592.59866900447,0.0,152.05599975585938
2025-10-14,100300.43531004728,0.0,0.0,100300.43531004728,102592.59866900447,0.0,152.4340057373047
2025-10-15,100300.43531004728,0.0,0.0,100300.43531004728,102592.59866900447,0.0,151.7310028076172
2025-10-16,100300.43531004728,0.0,0.0,100300.43531004728,102592.59866900447,0.0,150.9739990234375
2025-10-17,100300.43531004728,0.0,0.0,100300.43531004728,102592.59866900447,0.0,150.1199951171875
2025-10-20,100300.43531004728,0.0,0.0,100300.43531004728,102592.59866900447,0.0,150.89999389648438
2025-10-21,100300.43531004728,0.0,0.0,100300.43531004728,102592.59866900447,0.0,150.7740020751953
2025-10-22,100300.43531004728,0.0,0.0,100300.43531004728,102592.59866900447,0.0,151.89300537109375
2025-10-23,100300.43531004728,0.0,0.0,100300.43531004728,102592.59866900447,0.0,151.95399475097656
2025-10-24,100300.43531004728,0.0,0.0,100300.43531004728,102592.59866900447,0.0,152.6020050048828
2025-10-27,100300.43531004728,0.0,0.0,100300.43531004728,102592.59866900447,0.0,153.06100463867188
2025-10-28,100300.43531004728,0.0,0.0,100300.43531004728,102592.59866900447,0.0,152.69200134277344
2025-10-29,100300.43531004728,0.0,0.0,100300.43531004728,102592.59866900447,0.0,151.7310028076172
2025-10-30,100300.43531004728,0.0,0.0,100300.43531004728,102592.59866900447,0.0,152.7220001220703
2025-10-31,100300.43531004728,0.0,0.0,100300.43531004728,102592.59866900447,0.0,153.89999389648438
2025-11-03,100300.43531004728,0.0,0.0,100300.43531004728,102592.59866900447,0.0,154.19500732421875
2025-11-04,100300.43531004728,0.0,0.0,100300.43531004728,102592.59866900447,0.0,154.20399475097656
2025-11-05,100300.43531004728,0.0,0.0,100300.43531004728,102592.59866900447,0.0,153.5570068359375
2025-11-06,100300.43531004728,0.0,0.0,100300.43531004728,102592.59866900447,0.0,154.072998046875
2025-11-07,100300.43531004728,0.0,0.0,100300.43531004728,102592.59866900447,0.0,152.947998046875
2025-11-10,100300.43531004728,0.0,0.0,100300.43531004728,102592.59866900447,0.0,153.81700134277344
2025-11-11,100300.43531004728,0.0,0.0,100300.43531004728,102592.59866900447,0.0,154.14599609375
2025-11-12,100300.43531004728,0.0,0.0,100300.43531004728,102592.59866900447,0.0,154.0749969482422
2025-11-13,100300.43531004728,0.0,0.0,100300.43531004728,102592.59866900447,0.0,154.71299743652344
2025-11-14,100300.43531004728,0.0,0.0,100300.43531004728,102592.59866900447,0.0,154.63299560546875
2025-11-17,100300.43531004728,0.0,0.0,100300.43531004728,102592.59866900447,0.0,154.5850067138672
2025-11-18,100300.43531004728,0.0,0.0,100300.43531004728,102592.59866900447,0.0,155.2729949951172
2025-11-19,100300.43531004728,0.0,0.0,100300.43531004728,102592.59866900447,0.0,155.54800415039062
2025-11-20,100300.43531004728,0.0,0.0,100300.43531004728,102592.59866900447,0.0,156.99200439453125
2025-11-21,100300.43531004728,0.0,0.0,100300.43531004728,102592.59866900447,0.0,157.36900329589844
2025-11-24,100300.43531004728,0.0,0.0,100300.43531004728,102592.59866900447,0.0,156.68800354003906
2025-11-25,100300.43531004728,0.0,0.0,100300.43531004728,102592.59866900447,0.0,156.93899536132812
2025-11-26,100300.43531004728,0.0,0.0,100300.43531004728,102592.59866900447,0.0,156.22999572753906
2025-11-28,100300.43531004728,0.0,0.0,100300.43531004728,102592.59866900447,0.0,156.28399658203125
2025-12-01,100300.43531004728,0.0,0.0,100300.43531004728,102592.59866900447,0.0,155.92799377441406
2025-12-02,100300.43531004728,0.0,0.0,100300.43531004728,102592.59866900447,0.0,155.5570068359375
2025-12-03,100300.43531004728,0.0,0.0,100300.43531004728,102592.59866900447,0.0,155.8070068359375
2025-12-04,100300.43531004728,0.0,0.0,100300.43531004728,102592.59866900447,0.0,155.10699462890625
2025-12-05,100300.43531004728,0.0,0.0,100300.43531004728,102592.59866900447,0.0,155.14199829101562
2025-12-08,100300.43531004728,0.0,0.0,100300.43531004728,102592.59866900447,0.0,155.33999633789062
2025-12-09,100300.43531004728,0.0,0.0,100300.43531004728,102592.59866900447,0.0,155.843994140625
2025-12-10,100300.43531004728,0.0,0.0,100300.43531004728,102592.59866900447,0.0,156.83799743652344
2025-12-11,100300.43531004728,0.0,0.0,100300.43531004728,102592.59866900447,0.0,155.7899932861328
2025-12-12,100300.43531004728,0.0,0.0,100300.43531004728,102592.59866900447,0.0,155.56700134277344
2025-12-15,100300.43531004728,0.0,0.0,100300.43531004728,102592.59866900447,0.0,155.88800048828125
2025-12-16,100300.43531004728,0.0,0.0,100300.43531004728,102592.59866900447,0.0,155.01499938964844
2025-12-17,100300.43531004728,0.0,0.0,100300.43531004728,102592.59866900447,0.0,154.7779998779297
2025-12-18,100300.43531004728,0.0,0.0,100300.43531004728,102592.59866900447,0.0,155.4949951171875
2025-12-19,100300.43531004728,0.0,0.0,100300.43531004728,102592.59866900447,0.0,155.58599853515625
2025-12-22,100300.43531004728,0.0,0.0,100300.43531004728,102592.59866900447,0.0,157.67599487304688
2025-12-23,100300.43531004728,0.0,0.0,100300.43531004728,102592.59866900447,0.0,156.8769989013672
2025-12-24,100300.43531004728,0.0,0.0,100300.43531004728,102592.59866900447,0.0,156.17599487304688
2025-12-26,100300.43531004728,0.0,0.0,100300.43531004728,102592.59866900447,0.0,156.08999633789062
2025-12-29,100300.43531004728,0.0,0.0,100300.43531004728,102592.59866900447,0.0,156.46299743652344
2025-12-30,100300.43531004728,0.0,0.0,100300.43531004728,102592.59866900447,0.0,156.01300048828125
2025-12-31,100300.43531004728,0.0,0.0,100300.43531004728,102592.59866900447,0.0,156.41299438476562
2026-01-02,100300.43531004728,0.0,0.0,100300.43531004728,102592.59866900447,0.0,156.7310028076172
2026-01-05,100300.43531004728,0.0,0.0,100300.43531004728,102592.59866900447,0.0,156.98899841308594
2026-01-06,100300.43531004728,0.0,0.0,100300.43531004728,102592.59866900447,0.0,156.62600708007812
2026-01-07,100300.43531004728,0.0,0.0,100300.43531004728,102592.59866900447,0.0,156.67999267578125
2026-01-08,100300.43531004728,0.0,0.0,100300.43531004728,102592.59866900447,0.0,156.7310028076172
2026-01-09,100300.43531004728,0.0,0.0,100300.43531004728,102592.59866900447,0.0,156.8800048828125
2026-01-12,100300.43531004728,0.0,0.0,100300.43531004728,102592.59866900447,0.0,158.1490020751953
2026-01-13,100300.43531004728,0.0,0.0,100300.43531004728,102592.59866900447,0.0,157.98599243164062
2026-01-14,100300.43531004728,0.0,0.0,100300.43531004728,102592.59866900447,0.0,159.1790008544922
2026-01-15,100300.43531004728,0.0,0.0,100300.43531004728,102592.59866900447,0.0,158.40199279785156
2026-01-16,100300.43531004728,0.0,0.0,100300.43531004728,102592.59866900447,0.0,158.5959930419922
2026-01-20,100300.43531004728,0.0,0.0,100300.43531004728,102592.59866900447,0.0,158.177001953125
2026-01-21,100300.43531004728,0.0,0.0,100300.43531004728,102592.59866900447,0.0,158.16200256347656
2026-01-22,100300.43531004728,0.0,0.0,100300.43531004728,102592.59866900447,0.0,158.45599365234375
2026-01-23,100300.43531004728,0.0,0.0,100300.43531004728,102592.59866900447,0.0,158.50100708007812
2026-01-26,100300.43531004728,0.0,0.0,100300.43531004728,102592.59866900447,0.0,155.16600036621094
2026-01-27,100300.43531004728,0.0,0.0,100300.43531004728,102592.59866900447,0.0,154.33599853515625
2026-01-28,100300.43531004728,0.0,0.0,100300.43531004728,102592.59866900447,0.0,152.4530029296875
2026-01-29,100300.43531004728,0.0,0.0,100300.43531004728,102592.59866900447,0.0,153.0959930419922
2026-01-30,100300.43531004728,0.0,0.0,100300.43531004728,102592.59866900447,0.0,153.16200256347656
2026-02-02,100300.43531004728,0.0,0.0,100300.43531004728,102592.59866900447,0.0,155.20199584960938
2026-02-03,100300.43531004728,0.0,0.0,100300.43531004728,102592.59866900447,0.0,155.4429931640625
2026-02-04,100300.43531004728,0.0,0.0,100300.43531004728,102592.59866900447,0.0,155.7989959716797
2026-02-05,100300.43531004728,0.0,0.0,100300.43531004728,102592.59866900447,0.0,156.91700744628906
2026-02-06,100300.43531004728,0.0,0.0,100300.43531004728,102592.59866900447,0.0,156.78399658203125
2026-02-09,100300.43531004728,0.0,0.0,100300.43531004728,102592.59866900447,0.0,157.24400329589844
2026-02-10,100300.43531004728,0.0,0.0,100300.43531004728,102592.59866900447,0.0,156.1320037841797
2026-02-11,100300.43531004728,0.0,0.0,100300.43531004728,102592.59866900447,0.0,154.48199462890625
2026-02-12,100300.43531004728,0.0,0.0,100300.43531004728,102592.59866900447,0.0,153.2689971923828
2026-02-13,100300.43531004728,0.0,0.0,100300.43531004728,102592.59866900447,0.0,152.8209991455078
2026-02-17,100300.43531004728,0.0,0.0,100300.43531004728,102592.59866900447,0.0,153.60899353027344
2026-02-18,100300.43531004728,0.0,0.0,100300.43531004728,102592.59866900447,0.0,153.1490020751953
2026-02-19,100300.43531004728,0.0,0.0,100300.43531004728,102592.59866900447,0.0,154.6929931640625
2026-02-20,100300.43531004728,0.0,0.0,100300.43531004728,102592.59866900447,0.0,155.16000366210938
2026-02-23,100300.43531004728,0.0,0.0,100300.43531004728,102592.59866900447,0.0,154.33900451660156
2026-02-24,100300.43531004728,0.0,0.0,100300.43531004728,102592.59866900447,0.0,154.63499450683594
2026-02-25,100300.43531004728,0.0,0.0,100300.43531004728,102592.59866900447,0.0,155.8800048828125
2026-02-26,100300.43531004728,0.0,0.0,100300.43531004728,102592.59866900447,0.0,156.1999969482422
2026-02-27,100300.43531004728,0.0,0.0,100300.43531004728,102592.59866900447,0.0,155.85899353027344
2026-03-02,100300.43531004728,0.0,0.0,100300.43531004728,102592.59866900447,0.0,156.63299560546875
2026-03-03,100300.43531004728,0.0,0.0,100300.43531004728,102592.59866900447,0.0,157.2570037841797
2026-03-04,100300.43531004728,0.0,0.0,100300.43531004728,102592.59866900447,0.0,157.7729949951172
2026-03-05,100300.43531004728,0.0,0.0,100300.43531004728,102592.59866900447,0.0,156.98300170898438
2026-03-06,100300.43531004728,0.0,0.0,100300.43531004728,102592.59866900447,0.0,157.53399658203125
2026-03-09,100300.43531004728,0.0,0.0,100300.43531004728,102592.59866900447,0.0,158.427001953125
2026-03-10,100300.43531004728,0.0,0.0,100300.43531004728,102592.59866900447,0.0,157.84800720214844
2026-03-11,100300.43531004728,0.0,0.0,100300.43531004728,102592.59866900447,0.0,158.11399841308594
2026-03-12,100300.43531004728,0.0,0.0,100300.43531004728,102592.59866900447,0.0,159.0749969482422
2026-03-13,100300.43531004728,0.0,0.0,100300.43531004728,102592.59866900447,0.0,159.20599365234375
2026-03-16,100300.43531004728,0.0,0.0,100300.43531004728,102592.59866900447,0.0,159.5679931640625
2026-03-17,100300.43531004728,0.0,0.0,100300.43531004728,102592.59866900447,0.0,159.10499572753906
2026-03-18,100300.43531004728,0.0,0.0,100300.43531004728,102592.59866900447,0.0,158.88900756835938
2026-03-19,100300.43531004728,0.0,0.0,100300.43531004728,102592.59866900447,0.0,159.7949981689453
2026-03-20,100300.43531004728,0.0,0.0,100300.43531004728,102592.59866900447,0.0,157.9239959716797
2026-03-23,100300.43531004728,0.0,0.0,100300.43531004728,102592.59866900447,0.0,159.23399353027344
2026-03-24,100300.43531004728,0.0,0.0,100300.43531004728,102592.59866900447,0.0,158.47900390625
2026-03-25,100300.43531004728,0.0,0.0,100300.43531004728,102592.59866900447,0.0,158.71800231933594
2026-03-26,100300.43531004728,0.0,0.0,100300.43531004728,102592.59866900447,0.0,159.38400268554688
2026-03-27,100300.43531004728,0.0,0.0,100300.43531004728,102592.59866900447,0.0,159.70399475097656
2026-03-30,100300.43531004728,0.0,0.0,100300.43531004728,102592.59866900447,0.0,160.23399353027344
2026-03-31,100300.43531004728,0.0,0.0,100300.43531004728,102592.59866900447,0.0,159.84100341796875
2026-04-01,100300.43531004728,0.0,0.0,100300.43531004728,102592.59866900447,0.0,158.57899475097656
2026-04-02,100300.43531004728,0.0,0.0,100300.43531004728,102592.59866900447,0.0,158.68800354003906
2026-04-06,100300.43531004728,0.0,0.0,100300.43531004728,102592.59866900447,0.0,159.77999877929688
2026-04-07,100300.43531004728,0.0,0.0,100300.43531004728,102592.59866900447,0.0,159.68299865722656
2026-04-08,100300.43531004728,0.0,0.0,100300.43531004728,102592.59866900447,0.0,158.71600341796875
2026-04-09,100300.43531004728,0.0,0.0,100300.43531004728,102592.59866900447,0.0,158.64199829101562
2026-04-10,100300.43531004728,0.0,0.0,100300.43531004728,102592.59866900447,0.0,159.11199951171875
2026-04-13,100300.43531004728,0.0,0.0,100300.43531004728,102592.59866900447,0.0,159.67999267578125
2026-04-14,100300.43531004728,0.0,0.0,100300.43531004728,102592.59866900447,0.0,159.21400451660156
2026-04-15,100300.43531004728,0.0,0.0,100300.43531004728,102592.59866900447,0.0,158.79200744628906
2026-04-16,100300.43531004728,0.0,0.0,100300.43531004728,102592.59866900447,0.0,158.8090057373047
2026-04-17,100300.43531004728,0.0,0.0,100300.43531004728,102592.59866900447,0.0,159.19500732421875
2026-04-20,100300.43531004728,0.0,0.0,100300.43531004728,102592.59866900447,0.0,159.16099548339844
2026-04-21,100300.43531004728,0.0,0.0,100300.43531004728,102592.59866900447,0.0,158.843994140625
2026-04-22,100300.43531004728,0.0,0.0,100300.43531004728,102592.59866900447,0.0,159.3730010986328
2026-04-23,100300.43531004728,0.0,0.0,100300.43531004728,102592.59866900447,0.0,159.48800659179688
2026-04-24,100300.43531004728,0.0,0.0,100300.43531004728,102592.59866900447,0.0,159.7469940185547
2026-04-27,100300.43531004728,0.0,0.0,100300.43531004728,102592.59866900447,0.0,159.5760040283203
2026-04-28,100300.43531004728,0.0,0.0,100300.43531004728,102592.59866900447,0.0,159.35699462890625
2026-04-29,100300.43531004728,0.0,0.0,100300.43531004728,102592.59866900447,0.0,159.552001953125
2026-04-30,100300.43531004728,0.0,0.0,100300.43531004728,102592.59866900447,0.0,160.1840057373047
2026-05-01,100300.43531004728,0.0,0.0,100300.43531004728,102592.59866900447,0.0,156.97799682617188
2026-05-04,100300.43531004728,0.0,0.0,100300.43531004728,102592.59866900447,0.0,156.8459930419922
2026-05-05,100300.43531004728,0.0,0.0,100300.43531004728,102592.59866900447,0.0,157.19400024414062
2026-05-06,100300.43531004728,0.0,0.0,100300.43531004728,102592.59866900447,0.0,157.677001953125
2026-05-07,100300.43531004728,0.0,0.0,100300.43531004728,102592.59866900447,0.0,156.50799560546875
2026-05-08,100300.43531004728,0.0,0.0,100300.43531004728,102592.59866900447,0.0,156.82899475097656
2026-05-11,100300.43531004728,0.0,0.0,100300.43531004728,102592.59866900447,0.0,156.85800170898438
2026-05-12,100300.43531004728,0.0,0.0,100300.43531004728,102592.59866900447,0.0,157.2310028076172
2026-05-13,100300.43531004728,0.0,0.0,100300.43531004728,102592.59866900447,0.0,157.67100524902344
2026-05-14,100300.43531004728,0.0,0.0,100300.43531004728,102592.59866900447,0.0,157.8509979248047
2026-05-15,100300.43531004728,0.0,0.0,100300.43531004728,102592.59866900447,0.0,158.3820037841797
2026-05-18,100300.43531004728,0.0,0.0,100300.43531004728,102592.59866900447,0.0,158.843994140625
2026-05-19,100300.43531004728,0.0,0.0,100300.43531004728,102592.59866900447,0.0,158.86099243164062
2026-05-20,100300.43531004728,0.0,0.0,100300.43531004728,102592.59866900447,0.0,159.03500366210938
2026-05-21,100300.43531004728,0.0,0.0,100300.43531004728,102592.59866900447,0.0,158.88800048828125
2026-05-22,100300.43531004728,0.0,0.0,100300.43531004728,102592.59866900447,0.0,159.01800537109375
2026-05-26,100300.43531004728,0.0,0.0,100300.43531004728,102592.59866900447,0.0,158.95399475097656
2026-05-27,100300.43531004728,0.0,0.0,100300.43531004728,102592.59866900447,0.0,159.2429962158203
2026-05-28,100300.43531004728,0.0,0.0,100300.43531004728,102592.59866900447,0.0,159.5679931640625
2026-05-29,100300.43531004728,0.0,0.0,100300.43531004728,102592.59866900447,0.0,159.27000427246094
2026-06-01,100300.43531004728,0.0,0.0,100300.43531004728,102592.59866900447,0.0,159.35299682617188
2026-06-02,100300.43531004728,0.0,0.0,100300.43531004728,102592.59866900447,0.0,159.63600158691406
2026-06-03,100300.43531004728,0.0,0.0,100300.43531004728,102592.59866900447,0.0,159.96800231933594
2026-06-04,100300.43531004728,0.0,0.0,100300.43531004728,102592.59866900447,0.0,159.94000244140625
2026-06-05,100300.43531004728,0.0,0.0,100300.43531004728,102592.59866900447,0.0,159.99000549316406
2026-06-08,100300.43531004728,0.0,0.0,100300.43531004728,102592.59866900447,0.0,160.32699584960938
2026-06-09,100300.43531004728,0.0,0.0,100300.43531004728,102592.59866900447,0.0,160.1739959716797
2026-06-10,100300.43531004728,0.0,0.0,100300.43531004728,102592.59866900447,0.0,160.38400268554688
2026-06-11,100300.43531004728,0.0,0.0,100300.43531004728,102592.59866900447,0.0,160.52699279785156
2026-06-12,100300.43531004728,0.0,0.0,100300.43531004728,102592.59866900447,0.0,160.1300048828125
2026-06-15,100300.43531004728,0.0,0.0,100300.43531004728,102592.59866900447,0.0,159.9550018310547
2026-06-16,100300.43531004728,0.0,0.0,100300.43531004728,102592.59866900447,0.0,160.22900390625
2026-06-17,100300.43531004728,0.0,0.0,100300.43531004728,102592.59866900447,0.0,160.41900634765625
2026-06-18,100300.43531004728,0.0,0.0,100300.43531004728,102592.59866900447,0.0,160.60000610351562
2026-06-22,100300.43531004728,0.0,0.0,100300.43531004728,102592.59866900447,0.0,161.43299865722656
2026-06-23,100300.43531004728,0.0,0.0,100300.43531004728,102592.59866900447,0.0,161.57000732421875
2026-06-24,100300.43531004728,0.0,0.0,100300.43531004728,102592.59866900447,0.0,161.5989990234375
2026-06-25,100300.43531004728,0.0,0.0,100300.43531004728,102592.59866900447,0.0,161.76300048828125
2026-06-26,100300.43531004728,0.0,0.0,100300.43531004728,102592.59866900447,0.0,161.80499267578125
2026-06-29,100300.43531004728,0.0,0.0,100300.43531004728,102592.59866900447,0.0,161.78700256347656
2026-06-30,100300.43531004728,0.0,0.0,100300.43531004728,102592.59866900447,0.0,161.92300415039062
2026-07-01,100300.43531004728,0.0,0.0,100300.43531004728,102592.59866900447,0.0,162.6280059814453
2026-07-02,100300.43531004728,0.0,0.0,100300.43531004728,102592.59866900447,0.0,162.53900146484375
2026-07-06,100300.43531004728,0.0,0.0,100300.43531004728,102592.59866900447,0.0,161.45199584960938
2026-07-07,100300.43531004728,0.0,0.0,100300.43531004728,102592.59866900447,0.0,162.08799743652344
2026-07-08,100300.43531004728,0.0,0.0,100300.43531004728,102592.59866900447,0.0,162.36300659179688
2026-07-09,100300.43531004728,0.0,0.0,100300.43531004728,102592.59866900447,0.0,162.53900146484375
2026-07-10,100300.43531004728,0.0,0.0,100300.43531004728,102592.59866900447,0.0,162.36300659179688
2026-07-13,100300.43531004728,0.0,0.0,100300.43531004728,102592.59866900447,0.0,161.8780059814453
2026-07-14,100300.43531004728,0.0,0.0,100300.43531004728,102592.59866900447,0.0,162.4290008544922
2026-07-15,100300.43531004728,0.0,0.0,100300.43531004728,102592.59866900447,0.0,162.18699645996094
2026-07-16,100300.43531004728,0.0,0.0,100300.43531004728,102592.59866900447,0.0,162.07200622558594
2026-07-17,100300.43531004728,0.0,0.0,100300.43531004728,102592.59866900447,0.0,162.37600708007812
2026-07-20,100300.43531004728,0.0,0.0,100300.43531004728,102592.59866900447,0.0,162.51199340820312
2026-07-21,100300.43531004728,0.0,0.0,100300.43531004728,102592.59866900447,0.0,162.48699951171875
2026-07-22,100300.43531004728,0.0,0.0,100300.43531004728,102592.59866900447,0.0,163.18600463867188
2026-07-23,100300.43531004728,0.0,0.0,100300.43531004728,102592.59866900447,0.0,163.08099365234375
2026-07-24,100300.43531004728,0.0,0.0,100300.43531004728,102592.59866900447,0.0,163.83200073242188
2026-07-27,100300.43531004728,0.0,0.0,100300.43531004728,102592.59866900447,0.0,163.61099243164062
2026-07-28,100300.43531004728,0.0,0.0,100300.43531004728,102592.59866900447,0.0,163.77099609375
2026-07-29,100300.43531004728,0.0,0.0,100300.43531004728,102592.59866900447,0.0,163.86399841308594
2026-07-30,100300.43531004728,0.0,0.0,100300.43531004728,102592.59866900447,0.0,163.3000030517578
2026-07-31,100300.43531004728,0.0,0.0,100300.43531004728,102592.59866900447,0.0,160.18299865722656
2026-08-03,100300.43531004728,0.0,0.0,100300.43531004728,102592.59866900447,0.0,157.58200073242188
2026-08-04,100300.43531004728,0.0,0.0,100300.43531004728,102592.59866900447,0.0,157.5290069580078
2026-08-05,100300.43531004728,0.0,0.0,100300.43531004728,102592.59866900447,0.0,157.69200134277344
2026-08-06,100300.43531004728,0.0,0.0,100300.43531004728,102592.59866900447,0.0,157.60000610351562
2026-08-07,100300.43531004728,0.0,0.0,100300.43531004728,102592.59866900447,0.0,158.40899658203125
2026-08-10,100300.43531004728,0.0,0.0,100300.43531004728,102592.59866900447,0.0,158.927001953125
