date,SPY_jpy_price,QQQ_jpy_price,GLD_jpy_price,IEF_jpy_price,Strategy_equity,USDJPY
2007-01-03,13800.34164422795,4347.369760266812,7432.494971923828,5984.740098785346,100000.0,119.33999633789062
2007-01-04,13770.526888237226,4412.5304813864905,7325.86961288452,5978.7327312183525,100000.0,118.83000183105467
2007-01-05,13644.594949197302,4385.911770999955,7141.577446899413,5954.3154597567855,100000.0,118.69000244140624
2007-01-08,13707.701443590739,4388.971784419297,7178.371347656249,5958.651580012928,100000.0,118.69000244140624
2007-01-09,13766.441099823316,4434.084087086339,7259.405185699462,5987.827784537533,100000.0,119.3000030517578
2007-01-10,13836.619724430906,4495.295905261368,7241.111029434205,5988.163400022999,100000.0,119.51000213623048
2007-01-11,13989.094791118783,4572.5679756446225,7293.789185028076,6011.605476816374,100000.0,120.3000030517578
2007-01-12,14095.370975539385,4596.346309316528,7479.051189727783,5999.132362397258,100000.0,120.3000030517578
2007-01-16,14125.117978357657,4611.953682637055,7485.356356735229,6035.354841925769,100000.0,120.79000091552734
2007-01-17,14111.158421281214,4567.109029994838,7555.6369720459,6015.090138594083,100000.0,120.62000274658205
2007-01-18,14138.420229710297,4504.848191774651,7549.64773300171,6055.140935404949,100000.0,121.26000213623048
2007-01-19,14160.351585582568,4512.365510986562,7636.229942321777,6043.03360850681,100000.0,121.20999908447266
2007-01-22,14164.477449572943,4477.460135906784,7628.006572265625,6074.601159991912,100000.0,121.62000274658205
2007-01-23,14213.26879886587,4468.166254761287,7815.506419601441,6059.786779123502,100000.0,121.68000030517578
2007-01-24,14233.531621193326,4513.58503741119,7776.210223312377,6020.683070020852,100000.0,120.87999725341795
2007-01-25,14152.539415452224,4481.6408738518785,7790.977375946046,6033.804177145701,100000.0,121.62000274658205
2007-01-26,14118.17129454769,4457.208428238741,7782.38123474121,6022.645232816592,100000.0,121.41000366210938
2007-01-29,14144.429387185619,4473.140787703003,7762.722314071656,6034.064481250287,100000.0,121.7300033569336
2007-01-30,14212.273471916735,4473.394755182961,7814.2896195983885,6037.522901614703,100000.0,121.68000030517578
2007-01-31,14197.294038074278,4484.492243532487,7827.574061508178,6012.973709165487,100000.0,120.73999786376952
2007-02-01,14289.328855080215,4481.530252239628,7878.576199035643,6011.604514773734,100000.0,120.8000030517578
2007-02-02,14348.180146323819,4508.346256051901,7786.236223449706,6033.217745587982,100000.0,121.12999725341795
2007-02-05,14240.767740492991,4469.228939076113,7729.419057006835,5993.021144388016,100000.0,120.19000244140624
2007-02-06,14228.107823509128,4456.801259144608,7778.039697723389,6002.944734124341,100000.0,120.0500030517578
2007-02-07,14323.078418585792,4519.150623462769,7793.408490829467,6042.984975952996,100000.0,120.58499908447266
2007-02-08,14368.98753407718,4538.534485823763,7936.437420043944,6071.780130076043,100000.0,121.12999725341795
2007-02-09,14330.268159847352,4496.462734031264,8047.465139465333,6082.2250071273675,100000.0,121.70999908447266
2007-02-12,14288.525245735938,4484.028658995726,7996.6356795501715,6077.022742806339,100000.0,121.7699966430664
2007-02-13,14349.883860144466,4482.291606176493,7984.416578979492,6047.540976241795,100000.0,121.2699966430664
2007-02-14,14329.778574974018,4523.319392597944,7984.974537963869,6034.359524804746,100000.0,120.30999755859376
2007-02-15,14238.755538658637,4515.406558774132,7928.689859466553,5997.717510257287,100000.0,119.38999938964844
2007-02-16,14234.303988509977,4500.770252234228,7924.047843017578,6005.301939103531,100000.0,119.41000366210938
2007-02-20,14336.85560994308,4558.640895791462,7838.17961013794,6043.075630633584,100000.0,120.01499938964844
2007-02-21,14441.419781584076,4608.3269127330095,8136.843364257812,6088.911582645856,100000.0,120.94000244140624
2007-02-22,14496.163116852302,4653.297616875706,8158.053356552124,6100.982398581298,100000.0,121.48999786376952
2007-02-23,14391.976466920194,4621.326723966843,8200.214552001953,6105.359330596243,100000.0,121.08999633789062
2007-02-26,14325.664071794452,4581.344087208897,8215.583958435058,6101.873673550991,100000.0,120.63999938964844
2007-02-27,13475.158325023916,4296.759971107891,7724.266660461425,6023.504673793282,100000.0,118.08999633789062
2007-02-28,13687.07010944189,4334.331802489151,7893.170623168946,6035.070150027455,100000.0,118.7300033569336
2007-03-01,13530.194868072516,4277.227514354473,7748.330480346679,5991.305880574209,100000.0,117.72000122070312
2007-03-02,13292.896971386908,4192.508197482055,7466.175055541991,5981.607800108278,100000.0,117.19000244140624
2007-03-05,12986.600284934178,4102.486494378721,7274.078469543457,5903.490367307056,100000.0,115.58999633789062
2007-03-06,13344.780425900206,4214.973028162882,7491.436921691895,5956.376527169485,100000.0,116.77999877929688
2007-03-07,13206.974851169323,4158.7296968985975,7438.867156982421,5911.440419623334,100000.0,115.69000244140624
2007-03-08,13486.721986952569,4240.40887966003,7553.832098388672,5985.322764652736,100000.0,117.1500015258789
2007-03-09,13625.28767925294,4278.691308045504,7602.059980392456,6010.940936918735,100000.0,118.31999969482422
2007-03-12,13559.116351382329,4279.860407769361,7567.980880355835,5989.4489494853415,100000.0,117.56999969482422
2007-03-13,13120.32365322227,4139.683234686253,7392.794186096191,5936.8539571304045,100000.0,116.0199966430664
2007-03-14,13359.346545009083,4246.40593684208,7497.604536590577,5992.383340903515,100000.0,117.26000213623048
2007-03-15,13365.021426231218,4232.354720172076,7495.257097625732,5980.285661116828,100000.0,117.1500015258789
2007-03-16,13228.483960776715,4214.199357283416,7543.738661956787,5958.638682985662,100000.0,116.73999786376952
2007-03-19,13487.728823638417,4290.105121338008,7614.0714395141595,5995.098802065982,100000.0,117.61000061035156
2007-03-20,13520.293237032749,4308.2292072889995,7652.907499999999,5985.390393794,100000.0,117.25
2007-03-21,13761.556075014943,4398.917537399871,7727.926441040038,6002.212476853468,100000.0,117.41000366210938
2007-03-22,13830.632035601298,4408.1466574139495,7765.598159179688,6016.6648543236615,100000.0,118.08999633789062
2007-03-23,13846.226359757331,4392.441850640869,7690.9576988220215,6005.200715797843,100000.0,118.0500030517578
2007-03-26,13836.078782065793,4413.329711097065,7777.020980834962,6013.840409367815,100000.0,118.12000274658205
2007-03-27,13759.990099908,4368.116006679,7736.175,5993.55592639575,100000.0,117.75
2007-03-28,13557.73357043837,4288.236667901668,7719.263681411744,5948.045595119973,100000.0,116.87000274658205
2007-03-29,13700.977286951605,4334.037886325824,7745.387220382691,5995.84235752169,100000.0,117.9800033569336
2007-03-30,13684.12558440838,4323.74037203094,7744.829239501953,5979.966118736837,100000.0,117.80999755859376
2007-04-02,13693.7305959778,4327.9813474527355,7754.496140670776,5984.103127675526,100000.0,117.76000213623048
2007-04-03,13971.57535252453,4427.041409556997,7825.2122808074955,6035.378083442072,100000.0,118.87000274658205
2007-04-04,13975.365351473198,4441.7008102606405,7935.0234757232665,6039.821348186603,100000.0,118.7699966430664
2007-04-05,14004.052375864318,4461.238436113205,7935.747209777832,6020.485283233504,100000.0,118.69200134277344
2007-04-09,14085.853316434239,4469.807027607932,7931.706681213379,6019.331663426458,100000.0,119.22000122070312
2007-04-10,14090.603058467397,4489.617638766806,8000.09938446045,6026.769868192059,100000.0,119.12000274658205
2007-04-11,14053.14114992863,4447.812277685266,8001.973261413574,6028.014963930652,100000.0,119.29000091552734
2007-04-12,14081.275060832,4472.8150835060005,7971.8099999999995,6019.230851221,100000.0,119.0
2007-04-13,14172.860262546757,4490.6876973556155,8088.563427734375,6020.57187512269,100000.0,119.2300033569336
2007-04-16,14371.048953477119,4552.873091922869,8191.584146118165,6053.9807104123,100000.0,119.76000213623048
2007-04-17,14311.796193014265,4532.3081710183405,8088.59979248047,6038.706138938489,100000.0,118.9499969482422
2007-04-18,14269.07762395723,4497.978214080481,8099.610791320802,6027.200380740095,100000.0,118.4499969482422
2007-04-19,14241.115913783,4504.6195874295,7985.422500000001,6016.29458373625,100000.0,118.25
2007-04-20,14425.410287774452,4545.747828390922,8151.942251586915,6030.5693843544095,100000.0,118.66000366210938
2007-04-23,14360.154868902166,4549.437120644677,8093.588179168702,6038.424579303907,100000.0,118.56999969482422
2007-04-24,14355.07021276693,4569.417214971708,8024.650627365113,6045.530707602686,100000.0,118.4800033569336
2007-04-25,14511.328975392078,4639.384280102272,8057.185220718384,6052.0766039549735,100000.0,118.68000030517578
2007-04-26,14631.882202373385,4697.2807475057825,7992.971018371582,6077.732744406671,100000.0,119.52999877929688
2007-04-27,14614.034197730889,4697.3708976655735,8072.069026794434,6075.190630973467,100000.0,119.4800033569336
2007-04-30,14478.28886912644,4630.042495161325,8007.862440948486,6095.585313061831,100000.0,119.36000061035156
2007-05-01,14568.89892796619,4662.563215572266,7989.462203521727,6118.385733074355,100000.0,119.8000030517578
2007-05-02,14698.190404282606,4708.605981993348,8009.865844116211,6129.334021311994,100000.0,120.16000366210938
2007-05-03,14802.401286035156,4734.038097962463,8123.096441192626,6132.830889729212,100000.0,120.36000061035156
2007-05-04,14847.408420878168,4734.634939358775,8201.211071090698,6143.877958910112,100000.0,120.2699966430664
2007-05-07,14823.196051908002,4725.974513875137,8193.412708282469,6137.84131012896,100000.0,120.0500030517578
2007-05-08,14796.156841486303,4733.93049442777,8144.921054992674,6134.773402488027,100000.0,119.98999786376952
2007-05-09,14851.236436864265,4748.993435113528,8101.419541168213,6120.835819190739,100000.0,120.11000061035156
2007-05-10,14662.967629598852,4672.36396773127,7909.439758300781,6122.653577339251,100000.0,119.83999633789062
2007-05-11,14831.634251510788,4746.988910182181,7986.625662231445,6127.888492360392,100000.0,120.19000244140624
2007-05-14,14815.19743941265,4719.014234154364,7974.809579772949,6125.579468541357,100000.0,120.31999969482422
2007-05-15,14806.818001868083,4677.875562162069,7999.438881225587,6119.744347229236,100000.0,120.22000122070312
2007-05-16,14970.110026046299,4744.045372408218,7919.232080078124,6141.460516776837,100000.0,120.72000122070312
2007-05-17,15011.153496102223,4743.538312888499,7891.192483825684,6153.992690880777,100000.0,121.29100036621094
2007-05-18,15113.277960317064,4774.062841412018,7931.851040039063,6124.288404966479,100000.0,121.05999755859376
2007-05-21,15156.514444815108,4821.567914465434,7976.934980163574,6153.300516996174,100000.0,121.47000122070312
2007-05-22,15165.786102518858,4832.499764589945,7933.360760192871,6144.595061931619,100000.0,121.63999938964844
2007-05-23,15152.812481485218,4804.742847059845,7964.420579986573,6126.4984166801605,100000.0,121.5199966430664
2007-05-24,14995.621048328061,4728.417747951843,7857.930610656738,6126.594216356266,100000.0,121.35800170898438
2007-05-25,15108.041121114611,4774.444854560764,7907.0945387268075,6140.105743024096,100000.0,121.76000213623048
2007-05-29,15141.649207728835,4805.4193889880535,7911.861061706542,6118.7384079174235,100000.0,121.58999633789062
2007-05-30,15264.978457771842,4845.151334217657,7869.304562988281,6124.766777924958,100000.0,121.58999633789062
2007-05-31,15269.13167540575,4874.56017875725,7979.495000000001,6130.5582055655,100000.0,121.75
2007-06-01,15392.713177356956,4892.924965052299,8114.317017517089,6123.068921005366,100000.0,122.12999725341795
2007-06-04,15343.0304377,4891.163393460241,8099.248881225587,6112.347408299109,100000.0,121.72000122070312
2007-06-05,15234.584830907455,4875.882946428309,8053.335556945802,6073.658486793129,100000.0,121.33999633789062
2007-06-06,15029.828447927925,4809.552486888066,8036.274241867066,6060.148837274686,100000.0,121.01000213623048
2007-06-07,14742.754878136899,4728.4935759055725,7888.628620758056,5992.788241575866,100000.0,120.87999725341795
2007-06-08,15037.124516113883,4820.6281722771055,7816.216141204834,6045.2825865319555,100000.0,121.70999908447266
2007-06-11,15069.19784843216,4813.18531309741,7877.872138214113,6031.87544554908,100000.0,121.76000213623048
2007-06-12,14887.72334822895,4778.367727939532,7795.842176055909,5981.857509428354,100000.0,121.62000274658205
2007-06-13,15228.598158324723,4869.446708673972,7909.442080307007,6048.388103874464,100000.0,122.56999969482422
2007-06-14,15373.99075947983,4917.518808348511,7942.8931182861315,6068.9148327350185,100000.0,122.95500183105467
2007-06-15,15450.829748927854,4978.5300163092525,8002.490098953246,6117.720838497296,100000.0,123.4000015258789
2007-06-18,15467.677844092797,4994.083987791836,8033.016019821167,6128.527611774233,100000.0,123.68000030517578
2007-06-19,15473.524713136221,4982.523200062444,8081.541480102541,6145.557890707383,100000.0,123.41999816894533
2007-06-20,15264.67035995619,4936.72608889296,7989.7437789916985,6128.10481541973,100000.0,123.47000122070312
2007-06-21,15383.07311414572,4993.311945865262,7988.6542620849605,6133.80760521468,100000.0,123.73999786376952
2007-06-22,15232.174900875236,4943.393510881009,8012.638358154296,6149.778072013094,100000.0,123.69000244140624
2007-06-25,15145.845999447518,4917.726846548317,7962.259517974853,6164.277288429109,100000.0,123.58000183105467
2007-06-26,14924.67046416966,4867.648579006207,7827.80485824585,6138.870892437395,100000.0,123.04000091552734
2007-06-27,15150.564604301546,4948.307301822252,7840.96059715271,6143.593843395542,100000.0,123.1500015258789
2007-06-28,15149.780253630835,4946.589389877214,7914.261835327149,6140.265800868345,100000.0,123.16000366210938
2007-06-29,15154.817419574014,4955.0686265531795,7915.493435363769,6172.4127677429815,100000.0,123.16000366210938
2007-07-02,15176.357363442059,4960.7800784406,7947.394818267821,6135.207945134042,100000.0,122.2300033569336
2007-07-03,15261.254446247673,5002.139534105047,7928.707879028319,6128.916754999416,100000.0,122.47000122070312
2007-07-05,15304.976316869752,5058.777785745821,7920.438803405763,6118.419951304456,100000.0,122.9499969482422
2007-07-06,15436.739639546047,5096.879901787888,8013.465639648437,6124.200369757829,100000.0,123.36000061035156
2007-07-09,15440.009565742172,5100.47829664193,8065.930779571534,6147.01773219817,100000.0,123.37000274658205
2007-07-10,14973.3286041905,4971.688639943412,7957.836960067749,6084.998674873967,100000.0,121.29000091552734
2007-07-11,15201.326082396456,5046.5828511255,8001.348580322266,6112.805118119583,100000.0,122.2699966430664
2007-07-12,15457.78100671301,5130.950989456132,8080.848100738525,6101.741102823123,100000.0,122.4000015258789
2007-07-13,15440.50429755646,5145.659300431405,8049.057100753785,6090.504904880977,100000.0,121.9000015258789
2007-07-16,15425.845340410193,5136.197148627096,8016.876200866697,6109.825086597612,100000.0,121.8000030517578
2007-07-17,15443.191192530001,5184.527865246,8021.5,6106.9181781160005,100000.0,122.0
2007-07-18,15402.613489493462,5173.983950410159,8120.978101654054,6123.967429768443,100000.0,121.9000015258789
2007-07-19,15488.951700341118,5198.6177303529585,8182.52416770935,6133.7052606455845,100000.0,122.10900115966795
2007-07-20,15226.788141468502,5134.720039469605,8195.426373138427,6121.824152686437,100000.0,121.2699966430664
2007-07-23,15245.703676601825,5127.488733832436,8167.243705902099,6108.453041147052,100000.0,121.0500030517578
2007-07-24,14864.99122057858,5011.181119086233,8103.82174118042,6077.503999953864,100000.0,120.11000061035156
2007-07-25,14938.853321295366,5033.040294674264,8058.773938751221,6103.480550103579,100000.0,120.45999908447266
2007-07-26,14342.956612061882,4906.65943350218,7776.898939895631,6050.182603830352,100000.0,118.45999908447266
2007-07-27,14120.33024648413,4826.017418684516,7781.173540115356,6087.594137346903,100000.0,118.95999908447266
2007-07-30,14364.124618650132,4891.147625872142,7836.495600357055,6081.706759918232,100000.0,119.1500015258789
2007-07-31,14115.321437102457,4757.231268078356,7790.851679534914,6069.564835626999,100000.0,118.41999816894533
2007-08-01,14251.17256995947,4817.613573474716,7844.351621322633,6081.284535643546,100000.0,118.9800033569336
2007-08-02,14384.35891273101,4869.205550760548,7850.134559783935,6093.939439745964,100000.0,119.13999938964844
2007-08-03,13884.640837964425,4730.791550978104,7872.087661056518,6076.858769929784,100000.0,118.04000091552734
2007-08-06,14210.62515535041,4818.292756994838,7903.906379699706,6092.455614895314,100000.0,118.81999969482422
2007-08-07,14359.82955224812,4852.242883921367,7897.824202880859,6090.686220681943,100000.0,118.8000030517578
2007-08-08,14669.091420870107,4943.186064334643,7991.701463012694,6093.58516395962,100000.0,119.69000244140624
2007-08-09,14067.895433333319,4770.332836686053,7743.263459930419,6056.3895589754975,100000.0,118.29000091552734
2007-08-10,14028.140576607044,4735.349778863944,7889.210842208862,6058.746431297437,100000.0,118.51000213623048
2007-08-13,14042.909957233223,4755.916209740704,7832.5945393371585,6053.033882613088,100000.0,118.20999908447266
2007-08-14,13735.834066328678,4642.281248246121,7783.771678619387,6034.644173134128,100000.0,117.41999816894533
2007-08-15,13419.713728959077,4509.6994763732055,7692.241579818725,5989.039322934267,100000.0,116.31999969482422
2007-08-16,13257.877311053417,4377.908134941299,7377.400642089846,5895.537534282801,100000.0,114.05999755859376
2007-08-17,13523.88011127525,4469.7583266295,7427.392500000001,5909.651840048,100000.0,114.25
2007-08-20,13587.142897407233,4514.583196649971,7478.380561523438,5953.116636859309,100000.0,114.83999633789062
2007-08-21,13532.585313045167,4535.594059026659,7427.74059928894,5943.086605663005,100000.0,114.1500015258789
2007-08-22,13869.525472434661,4657.683567558117,7561.548179626467,6000.068291084341,100000.0,115.62000274658205
2007-08-23,13905.170500276517,4660.817127908735,7577.265980758667,6023.005848327897,100000.0,116.0199966430664
2007-08-24,14120.624333790114,4742.383544375173,7693.881618423461,6043.881493595444,100000.0,116.37999725341795
2007-08-27,13889.483990938705,4676.740769538802,7623.98920135498,6017.423486323385,100000.0,115.5500030517578
2007-08-28,13441.939684549388,4515.591233217139,7499.560359802246,5985.204720123938,100000.0,114.33999633789062
2007-08-29,13885.492306815111,4708.416066660182,7653.548558044433,6040.5061536828525,100000.0,115.83999633789062
2007-08-30,13860.493219083173,4737.425147108255,7628.85216064453,6076.2197282460975,100000.0,115.94000244140624
2007-08-31,13976.534899382803,4784.279106690773,7701.020176696777,6068.760202356099,100000.0,115.7699966430664
2007-09-04,14174.950051288606,4884.730727511444,7839.225455932616,6081.96620359166,100000.0,116.23999786376952
2007-09-05,13916.896591832765,4788.129740762279,7777.507385559084,6061.007784081864,100000.0,115.12000274658205
2007-09-06,13981.628346820922,4795.387432209408,7945.755357971191,6062.162304411235,100000.0,115.38999938964844
2007-09-07,13548.223176708138,4623.471209433277,7868.132057647706,6021.2611628235745,100000.0,113.38999938964844
2007-09-10,13522.25273457616,4620.543735116705,7894.211757507324,6034.808465883752,100000.0,113.38999938964844
2007-09-11,13784.891854184732,4727.77735967938,8057.615350646974,6068.178730335403,100000.0,114.26000213623048
2007-09-12,13803.47414609558,4722.966661547474,8040.89539352417,6045.673837963435,100000.0,114.12000274658205
2007-09-13,13957.805076302866,4766.085444482714,8030.466943359374,6034.544348003015,100000.0,114.58999633789062
2007-09-14,14038.47331772398,4797.920337980262,8067.047549514771,6077.800751606284,100000.0,115.26000213623048
2007-09-17,13935.18483547923,4747.758527377909,8163.679013366699,6069.289036326153,100000.0,115.02999877929688
2007-09-18,14455.176366340147,4906.773866606356,8310.747262573243,6109.1606775806,100000.0,115.91000366210938
2007-09-19,14553.052447738915,4923.985903416723,8286.594452590944,6092.546474721692,100000.0,116.01000213623048
2007-09-20,14279.914365891673,4852.024679238593,8336.620755615235,5952.114223798838,100000.0,114.63999938964844
2007-09-21,14355.264904398797,4922.975091002217,8353.823442840576,6026.2259164915295,100000.0,115.4800033569336
2007-09-24,14251.885528475103,4919.290794775371,8302.080844116212,6001.816454960795,100000.0,114.86000061035156
2007-09-25,14198.93268056271,4958.114043251571,8293.35806488037,5992.086952211484,100000.0,114.66000366210938
2007-09-26,14371.06666958749,5016.692242992451,8311.680175781248,6035.027103509071,100000.0,115.44000244140624
2007-09-27,14469.827180405931,5047.340750754761,8400.485221862793,6060.395925011969,100000.0,115.5500030517578
2007-09-28,14320.527244598994,4995.163652097691,8434.537242965698,6020.077082048622,100000.0,114.73999786376952
2007-10-01,14615.748346558754,5100.138498014087,8557.620225524903,6083.0107314552015,100000.0,115.8000030517578
2007-10-02,14584.512101174661,5097.170793396941,8371.618433761596,6091.428278777459,100000.0,115.70999908447266
2007-10-03,14662.092197015458,5098.483719632962,8380.663824462892,6131.761516249332,100000.0,116.55999755859376
2007-10-04,14666.07770875916,5103.950820923065,8482.79696685791,6134.891770564915,100000.0,116.41000366210938
2007-10-05,14900.250137390442,5230.02637879836,8578.991798400879,6105.071779198566,100000.0,116.87999725341795
2007-10-08,14876.691105796572,5283.252833717068,8509.2195778656,6150.2687097595635,100000.0,117.31999969482422
2007-10-09,15000.162386197997,5300.616966512982,8565.417278442383,6124.223072309475,100000.0,117.19000244140624
2007-10-10,14969.871815859355,5311.820157554705,8593.97747253418,6125.725110446309,100000.0,117.14800262451172
2007-10-11,14926.234939561064,5235.985138598183,8674.816902999879,6140.29673024972,100000.0,117.37000274658205
2007-10-12,15036.93299737091,5333.886387988519,8771.037826843261,6131.03250791837,100000.0,117.58999633789062
2007-10-15,14875.731443098706,5280.222320743231,8815.424777069093,6122.87146027647,100000.0,117.31999969482422
2007-10-16,14709.893044165541,5237.947304538417,8784.532983398438,6120.015156258583,100000.0,116.94000244140624
2007-10-17,14698.071978468939,5285.996467084642,8678.504840850828,6133.960929655601,100000.0,116.48999786376952
2007-10-18,14515.223260439476,5262.123528442291,8774.959930419922,6103.044008874404,100000.0,115.45999908447266
2007-10-19,14025.36958365609,5088.927251744266,8672.191815185548,6107.733060955215,100000.0,114.55999755859376
2007-10-22,14092.366054174143,5145.765270629484,8537.373300170897,6089.683055405757,100000.0,114.44200134277344
2007-10-23,14258.462309999511,5274.337997880568,8640.917845916749,6110.475735451838,100000.0,114.86000061035156
2007-10-24,14147.897219390119,5202.804072038409,8622.873623046875,6105.288037824492,100000.0,114.18000030517578
2007-10-25,14154.567974920894,5122.264827697968,8664.606695098877,6088.462774365241,100000.0,113.96299743652344
2007-10-26,14351.538112638338,5219.905299442675,8872.97482887268,6086.708647145578,100000.0,114.20999908447266
2007-10-29,14460.960658173417,5265.015452593719,8960.363761596682,6117.897346900773,100000.0,114.6999969482422
2007-10-30,14370.586217848762,5278.57074160294,8878.232905578612,6128.677175003586,100000.0,114.77999877929688
2007-10-31,14597.035197712119,5383.127386685357,9071.96175201416,6119.735908749541,100000.0,115.38999938964844
2007-11-01,14140.459437062542,5238.230229025964,8919.867728652955,6120.183827306591,100000.0,114.45999908447266
2007-11-02,14188.532978283212,5291.616081816192,9158.09769744873,6150.798120534665,100000.0,114.72000122070312
2007-11-05,14029.067396084882,5237.797228138191,9115.425243377684,6121.032898491479,100000.0,114.3000030517578
2007-11-06,14268.929167568598,5316.834863807097,9340.835225448609,6132.098256650669,100000.0,114.70999908447266
2007-11-07,13624.51519927019,5090.540517104412,9261.046450195312,6041.948326790628,100000.0,112.61000061035156
2007-11-08,13567.467354018216,4937.843667297206,9268.143224716187,6060.877267008334,100000.0,112.70999908447266
2007-11-09,13137.851808629886,4683.194164159967,9094.03910095215,5986.386129773245,100000.0,110.66000366210938
2007-11-12,12885.258527872007,4519.30911839169,8583.246215057374,5940.539662502887,100000.0,109.62000274658205
2007-11-13,13462.116842998785,4774.322804056219,8793.396751708984,5984.195221698338,100000.0,111.13999938964844
2007-11-14,13440.545941013308,4717.632116046984,8932.755330505372,6003.175607234587,100000.0,111.2699966430664
2007-11-15,13152.630186390514,4658.4534821472935,8611.916261672974,5994.142433138507,100000.0,110.4800033569336
2007-11-16,13234.850180390495,4723.493004538422,8628.695261001587,6021.270158749507,100000.0,110.9800033569336
2007-11-19,12908.276954434441,4617.17368685717,8478.634540710449,5998.726506590812,100000.0,109.7699966430664
2007-11-20,12981.377419266923,4633.965407073942,8719.448497009278,5980.010768373651,100000.0,109.72000122070312
2007-11-21,12556.94573833517,4521.060865666539,8598.65587890625,5952.007991141048,100000.0,108.3499984741211
2007-11-23,12746.970905003636,4560.804597063685,8784.750223159792,5921.568686024656,100000.0,108.12000274658205
2007-11-26,12465.729196350389,4480.742431647019,8790.15622329712,6003.067249572331,100000.0,108.12000274658205
2007-11-27,12688.305215257364,4600.730640675814,8714.8802444458,5984.3083894425245,100000.0,108.8000030517578
2007-11-28,13233.737697909693,4793.695750834232,8749.517127151488,6026.528211684425,100000.0,109.95999908447266
2007-11-29,13214.157085349156,4805.768584702389,8592.012967224122,6049.624508740994,100000.0,109.76000213623048
2007-11-30,13590.238854397081,4855.807660663351,8641.28336517334,6168.352499133038,100000.0,111.76000213623048
2007-12-03,13341.192513636683,4757.5655608581465,8645.24339111328,6119.7368922565065,100000.0,110.44000244140624
2007-12-04,13152.507488990768,4712.715391560334,8722.884048461914,6093.183080713408,100000.0,109.86000061035156
2007-12-05,13500.485793150778,4843.705916164781,8720.85358795166,6128.159438593108,100000.0,110.91000366210938
2007-12-06,13749.285502711879,4935.272341713349,8838.643248443605,6120.468553159035,100000.0,111.36000061035156
2007-12-07,13783.585886383862,4949.5293665745285,8776.476287841797,6097.218395321926,100000.0,111.66000366210938
2007-12-10,13906.621144400562,4975.505393405561,8943.200073242188,6090.1080226712,100000.0,111.79000091552734
2007-12-11,13415.204685962515,4818.527463273243,8741.778983459471,6123.682834088989,100000.0,110.87999725341795
2007-12-12,13683.24733398644,4911.1216828530005,9014.074928054808,6133.030700413494,100000.0,111.98999786376952
2007-12-13,13693.866653747413,4898.077777725353,8816.334808349611,6104.875213053538,100000.0,112.30999755859376
2007-12-14,13634.600429732202,4887.823218072042,8893.175367736818,6138.520277481931,100000.0,113.26000213623048
2007-12-17,13391.392163492943,4749.640559484026,8816.970380783081,6152.87495733422,100000.0,112.8499984741211
2007-12-18,13466.16315448114,4765.187479796361,8943.362379074097,6165.0670427609675,100000.0,112.8499984741211
2007-12-19,13518.667760103315,4782.7914872452,8977.099672546387,6238.783122673505,100000.0,113.29000091552734
2007-12-20,13588.313819501414,4876.687243918244,8902.297488098146,6221.556162613034,100000.0,113.16000366210938
2007-12-21,13819.263056227388,5013.67206597003,9135.4052444458,6224.8255925433605,100000.0,114.0500030517578
2007-12-24,13935.311236864063,5056.883443099742,9148.782693481446,6212.691732973339,100000.0,114.16000366210938
2007-12-26,13972.532796729914,5085.1383797395665,9311.214499511718,6186.19544277027,100000.0,114.22000122070312
2007-12-27,13750.98181778861,5012.28998411478,9284.79010131836,6207.233715972575,100000.0,113.83999633789062
2007-12-28,13539.408704102527,4940.787316637818,9326.71022796631,6176.5367724249945,100000.0,112.37000274658205
2007-12-31,13353.108267577947,4847.538730679503,9206.659125823973,6165.44749645802,100000.0,111.6500015258789
2008-01-02,12953.226946140217,4671.384326867712,9272.058221435545,6076.844300040807,100000.0,109.26300048828124
2008-01-03,12976.238768215606,4697.99104312788,9370.770882797242,6103.154870569693,100000.0,109.51000213623048
2008-01-04,12556.51803576357,4452.374071618945,9247.67166618347,6070.0474976080495,100000.0,108.62999725341795
2008-01-07,12615.150761652641,4455.311803163949,9259.42738456726,6114.722319779865,100000.0,109.2300033569336
2008-01-08,12233.041847840994,4275.278285277909,9342.735117797853,6039.551198725383,100000.0,107.66000366210938
2008-01-09,12616.51765159264,4458.146442991414,9510.113762283323,6154.61348202371,100000.0,109.87999725341795
2008-01-10,12669.159202544975,4454.211744768684,9673.965242385866,6123.269579675313,100000.0,109.62000274658205
2008-01-11,12491.274517976542,4339.111538114736,9651.676718902587,6125.322442841287,100000.0,108.95999908447266
2008-01-14,12509.937821153251,4387.347522395,9692.705,6088.17084572425,100000.0,108.25
2008-01-15,12067.284351601264,4205.884361196051,9394.692004623412,6044.43269482015,100000.0,106.7699966430664
2008-01-16,12027.781970864822,4182.2723746462425,9306.81160583496,6065.344798834091,100000.0,107.34500122070312
2008-01-17,11612.926572841398,4086.759420395282,9203.600131988525,6060.813587477927,100000.0,106.4000015258789
2008-01-18,11540.140294670346,4097.7505964603615,9339.078760070799,6076.44910431978,100000.0,106.83000183105467
2008-01-22,11447.636433480664,3998.6057016885006,9439.479984741212,6158.160774685403,100000.0,107.05999755859376
2008-01-23,11688.6744840425,3972.3055740795,9382.2575,6111.39108050975,100000.0,106.75
2008-01-24,11831.514457490259,4069.387933676272,9652.072137451172,6078.247625940663,100000.0,107.1500015258789
2008-01-25,11622.513549457633,3971.404590811742,9644.040275573729,6114.934956764872,100000.0,106.8000030517578
2008-01-28,11833.513830341368,4009.0746969765964,9814.497611999512,6102.152212345663,100000.0,106.97000122070312
2008-01-29,11899.920950725445,4019.0791599797176,9756.696083450319,6081.566230185404,100000.0,107.04000091552734
2008-01-30,11722.976579257076,3985.00325356121,9779.534109039307,6032.631922316197,100000.0,106.2300033569336
2008-01-31,11939.097037327636,4055.3933322949665,9711.341349792481,6065.202758923521,100000.0,106.2509994506836
2008-02-01,12160.744031824945,4107.500272090297,9516.668690872193,6099.794722015536,98719.75935656628,106.51000213623048
2008-02-04,12027.698429184855,4055.5963173081996,9506.079217529295,6075.970687340524,98665.44617184848,106.69000244140624
2008-02-05,11688.222785344093,3932.008821449105,9340.637924804689,6109.858410745025,97816.90128196194,106.53099822998048
2008-02-06,11577.6765806679,3847.588323572496,9462.500755691528,6090.307377668782,98441.93316313965,106.37999725341795
2008-02-07,11756.136328418039,3908.9733853045846,9641.80328063965,6074.201841633763,99361.57201981702,107.30999755859376
2008-02-08,11727.45241169079,3970.1411210423094,9804.339805603026,6150.244457007074,100195.21841731685,107.73999786376952
2008-02-11,11687.821932588813,3979.8866077869156,9756.784067230223,6111.969075726588,99951.30604141325,106.83000183105467
2008-02-12,11852.493704649876,3975.7559355393387,9588.68187286377,6128.097527258847,99089.11344330653,107.33999633789062
2008-02-13,12078.740744352059,4100.246099832211,9684.741872558594,6155.54903204392,99581.80314925089,108.28199768066406
2008-02-14,11918.054010742726,4006.35991805605,9669.840982131956,6093.78547878509,99505.37679753391,107.79000091552734
2008-02-15,11916.514549367663,3992.794080549968,9610.370272064209,6107.456268454871,99200.35278391048,107.8000030517578
2008-02-19,11963.324477323007,3989.7969080309604,9883.313432312012,6070.061235881657,100600.27247773975,107.91999816894533
2008-02-20,12013.089403726175,4013.22974419002,10074.582284545897,6071.842651509609,101581.28637387564,108.0500030517578
2008-02-21,11842.651916988161,3950.5745794668337,10015.9828414917,6098.418600254572,101280.73107032996,107.41000366210938
2008-02-22,11891.169800813728,3957.265510163295,10010.474328002929,6068.78131043454,101252.47802119821,107.19000244140624
2008-02-25,12135.463017214315,4008.7621159829487,10018.702086791991,6075.557097361751,101294.67802193985,108.02999877929688
2008-02-26,12149.520993155877,3999.2587657983613,10059.768357009887,6052.425442523385,101505.30605298468,107.3499984741211
2008-02-27,12026.42698501035,3982.920266974877,10081.748860321046,6011.46567917673,101618.04358939202,106.37000274658205
2008-02-28,11749.983517342689,3914.3712109515513,10074.150207061768,6001.052449762151,101579.07025760168,104.9499969482422
2008-02-29,11358.981391361636,3765.711041208674,9980.598277130128,5997.320865809092,101099.24438840555,103.7699966430664
2008-03-03,11304.518652794633,3731.654888571159,10066.284473571777,5967.600607506749,101542.17170809567,103.5199966430664
2008-03-04,11245.01589554911,3747.6316994584836,9838.756861419679,5936.389788123445,100397.60935844715,103.37000274658205
2008-03-05,11375.156958751464,3786.008745038678,10154.085557861328,5941.391299244475,101983.8491572,103.91000366210938
2008-03-06,10997.131695208476,3653.561269593447,9898.970176696776,5912.747908035664,100700.50839106043,102.58000183105467
2008-03-07,10896.585976047141,3648.9829581073986,9868.442706756594,5940.098303085495,100546.94200677384,102.6999969482422
2008-03-10,10618.91459396871,3532.6952646988916,9723.13522445679,5908.375175865905,99815.9824903025,101.41999816894533
2008-03-11,11201.19213567459,3736.893907688972,9912.886977767945,5950.332167965321,100770.51592281865,103.2699966430664
2008-03-12,10904.108708173439,3661.6166737976605,9844.575125656129,5915.127497201765,100426.8777453579,101.4800033569336
2008-03-13,10845.324868319403,3661.388342235483,9900.871230010987,5837.479267646652,100710.07151189461,100.68000030517578
2008-03-14,10499.094486199658,3533.9505192372876,9775.251179504394,5801.557797488231,100078.14829690178,99.02999877929688
2008-03-17,10190.428339196711,3400.632391800828,9629.406848678589,5717.15879216605,99344.48820002831,97.0999984741211
2008-03-18,10911.088854068374,3655.0643702755347,9632.629970550537,5836.947673497528,99360.70189782114,99.81999969482422
2008-03-19,10508.8691203458,3520.169588577317,9175.605055541993,5816.782759539343,97061.66880191531,98.62000274658205
2008-03-20,10736.991282522149,3621.237211001806,8935.255553054809,5874.365529780591,95852.60679532382,99.37999725341795
2008-03-24,11106.416329621921,3800.263954158718,9076.673807525633,5849.363447231333,96564.0018127871,100.73999786376952
2008-03-25,11035.290153922271,3796.9576274047936,9280.418569793701,5831.59634554724,97588.92613570503,100.08000183105467
2008-03-26,10801.634896800426,3750.9339343270844,9301.20834350586,5782.443700143092,97693.50769406438,99.16000366210938
2008-03-27,10807.744975856285,3679.9331914637337,9302.073685913085,5796.353976787001,97697.86074084186,99.52999877929688
2008-03-28,10666.740508118684,3645.9640421181216,9107.145852355958,5795.3793614036995,96717.28938478639,99.12000274658205
2008-03-31,10772.251656971604,3692.625885667505,9027.438362045288,5848.314802214139,96316.32621582568,99.8499984741211
2008-04-01,11157.76252067344,3853.691163644202,8672.970867462158,5796.926591713538,94488.48927697988,99.8499984741211
2008-04-02,11437.951663699667,3939.038988229375,9131.428381729125,5918.821494628094,96971.711902332,102.29000091552734
2008-04-03,11463.889959313803,3947.8625806838786,9146.771881866454,5918.4921156083565,97054.81955245751,102.29000091552734
2008-04-04,11365.967812509733,3941.7887792191627,9162.179697036743,5919.378751836423,97138.27556320537,101.5199966430664
2008-04-07,11473.1594804891,3968.6739639859306,9339.455022583006,5933.438570213078,98098.48253029371,102.44000244140624
2008-04-08,12108.06838489416,4158.388954440035,9774.06302757263,6266.602303440225,100452.5249389452,108.18000030517578
2008-04-09,11308.161311783713,3869.1958888628055,9397.152250442505,5933.709015954359,98410.9979917752,101.8219985961914
2008-04-10,11355.463978145095,3934.583769934882,9366.04597595215,5923.916521820108,98242.51170416715,102.05999755859376
2008-04-11,11013.962236260275,3782.070551047632,9216.734721374512,5884.843229790693,97433.7713649893,100.9499969482422
2008-04-14,10997.155782318425,3772.4861721962116,9216.687933654785,5882.101441211489,97433.51794058114,101.16000366210938
2008-04-15,11108.04939810674,3802.3687523750677,9332.821172027587,5893.592937325892,98062.55045964423,101.81999969482422
2008-04-16,11395.651325834333,3909.6322940754535,9494.886284637449,5852.443745842604,98940.37172309657,101.8000030517578
2008-04-17,11481.83090292326,3926.9077448455682,9485.549110717773,5877.677095004527,98889.79717515562,102.4800033569336
2008-04-18,11752.268906551251,4104.445726805,9401.825,5944.503521879999,98436.30781234239,103.75
2008-04-21,11710.930253397151,4116.168265449586,9323.095876693726,5919.55738446141,98009.87366264618,103.3030014038086
2008-04-22,11605.46536322242,4036.7998157856696,9286.075147933961,5899.382775245993,97809.35189475617,102.87000274658205
2008-04-23,11654.20034318832,4105.15006781979,9229.98775039673,5926.763146959438,97505.55603532027,103.4520034790039
2008-04-24,11794.923073347145,4174.465035235591,9092.42348373413,5925.313294889484,96760.44293588132,104.24700164794922
2008-04-25,11914.711542132227,4169.78503686352,9110.988133163451,5925.941523506972,96860.99785331644,104.4000015258789
2008-04-28,11902.404071956516,4170.286541498322,9138.174819717407,5925.89459127504,97008.25379974168,104.20999908447266
2008-04-29,11831.63003412,4194.178728792001,8924.24,5924.66933448,95849.48168206288,104.0
2008-04-30,11755.425756462166,4156.911921889349,9006.661018753053,5940.165499125459,96295.91288278035,103.94300079345705
2008-05-01,11997.744311371382,4290.508020602293,8730.172636642457,5939.493984723703,94797.47366486082,103.94300079345705
2008-05-02,12191.415556563576,4352.879957684629,8906.274258117674,5968.0555191879275,95750.64243008872,105.3000030517578
2008-05-05,12081.900949818095,4324.088772249401,9050.586015930176,5954.762514266316,96531.74517547921,104.91000366210938
2008-05-06,12163.767176313559,4341.863772947693,9068.774756088256,5922.997912429934,96630.1936670507,104.68399810791016
2008-05-07,11962.250283688136,4265.36321076993,8992.133722381592,5952.065009780658,96215.3659167324,104.77899932861328
2008-05-08,12324.494156233544,4441.09733476792,9445.474507141113,6190.243805444023,98669.12115428703,108.2699966430664
2008-05-09,11679.975535873547,4199.876753535049,8986.776266784667,5884.142910566379,96186.36811822659,102.8000030517578
2008-05-12,11922.601451463097,4318.276745483221,9026.952007980346,5929.608209801549,96403.82359255332,103.7699966430664
2008-05-13,12022.829809226081,4365.380788314715,8933.50203453064,5928.163582100188,95898.01566723463,104.62000274658205
2008-05-14,12100.601787014042,4373.355169104816,8950.260260009765,5950.49302889575,95988.72134588505,105.0500030517578
2008-05-15,12220.108917526639,4440.692291943385,9117.600265502928,5969.507309495811,96894.46693228555,104.8000030517578
2008-05-16,12141.920036000405,4411.221223664698,9268.181700897216,5914.997265930274,97709.50497474454,104.0199966430664
2008-05-19,12217.674324798647,4394.546107501335,9331.51138633728,5949.58207366101,98052.28363610784,104.39099884033205
2008-05-20,12019.923803671309,4326.0352981845945,9414.512972259523,5920.856425741929,98501.53855212004,103.56999969482422
2008-05-21,11756.972110784549,4207.015339353143,9475.558484191894,5876.5783833254045,98831.95388131376,103.04000091552734
2008-05-22,11872.775226867328,4263.101024442238,9465.559283294679,5894.626354238874,98777.83214244149,104.04000091552734
2008-05-23,11627.78221706982,4219.413097433925,9424.059278411863,5878.727027007987,98553.20894999307,103.3000030517578
2008-05-27,11823.530072386719,4332.201396322124,9310.507929077148,5900.489206476235,97938.60018870712,104.19100189208984
2008-05-28,11924.410417308383,4369.340669579556,9328.501136016846,5881.8617852031475,98035.9903359274,104.6500015258789
2008-05-29,12080.526964605484,4444.450501054833,9125.939715194701,5901.132094977869,96939.60509114404,105.48999786376952
2008-05-30,12104.1097829935,4473.993469931,9225.975,5921.4571688665,97481.0567149186,105.5
2008-06-02,11867.436009875706,4375.761670966929,9190.061095275878,5899.23849999883,97289.43425614134,104.4800033569336
2008-06-03,11879.349630364963,4378.499136177635,9133.694161376952,5967.298424071503,96991.68277116769,105.12999725341795
2008-06-04,11886.61424461839,4440.272271834442,9119.04581489563,5951.70203437801,96914.30465929376,105.23999786376952
2008-06-05,12197.349981069647,4541.142828446673,9156.783841705324,5958.570306486434,97113.6512042506,105.91999816894533
2008-06-06,11694.618149845903,4359.871443190235,9342.394135894776,5952.876629217941,98094.115048894,104.9000015258789
2008-06-09,11889.451231749976,4395.044466856837,9355.096773147583,5990.033359534178,98161.21518799127,106.31999969482422
2008-06-10,11942.052513190027,4415.912797933065,9182.936686706542,6011.31251032303,97251.80043282777,107.33999633789062
2008-06-11,11720.41768962113,4293.253327101848,9307.65912033081,5996.272681786642,97910.63154625577,106.95999908447266
2008-06-12,11856.55280684658,4330.689691143203,9227.680261230467,5990.248527335785,97488.15293306162,107.8000030517578
2008-06-13,12044.554342704863,4433.376564124772,9282.514630966187,5995.674149218142,97777.80883390733,108.1500015258789
2008-06-16,12050.516986778674,4473.07787925626,9409.26134689331,5995.820738465286,98447.33297283784,108.13999938964844
2008-06-17,11973.28340204164,4441.830878049395,9420.382606506348,6006.694919951265,98506.07967654357,107.97000122070312
2008-06-18,11840.231137079103,4387.296703004951,9518.349573059082,6031.203736688286,99023.57828347053,107.81999969482422
2008-06-19,11867.102342815906,4461.185028001023,9542.286238098146,6001.954034238977,99150.02081045767,107.91999816894533
2008-06-20,11549.857523207269,4314.103738885267,9545.224282836916,5995.71826902914,99165.54067509065,107.30999755859376
2008-06-23,11594.35951850437,4300.569322085965,9390.914859466551,6021.9760718378675,98350.41988040031,107.83000183105467
2008-06-24,11566.060674598928,4276.246112390458,9427.516493225097,6051.326458071114,98543.76356703066,107.77999877929688
2008-06-25,11622.878368779386,4347.761244694289,9423.876266784668,6051.750712927678,98524.53451280853,107.8000030517578
2008-06-26,11217.725356413033,4136.107126856263,9717.204292449951,6037.838717816051,100074.00419627283,106.9469985961914
2008-06-27,11083.238691087687,4104.123588539634,9706.796651229859,6020.733397064282,100019.02709508949,106.12000274658205
2008-06-30,11114.488424209727,4060.1535066498063,9699.3682510376,6024.861377303761,99979.78747293461,106.12000274658205
2008-07-01,11147.474253728342,4118.780282573655,9833.079454498293,6008.420158797672,100681.0625213953,106.12000274658205
2008-07-02,10930.986680354397,4011.200170355443,9870.43002746582,6012.700115078265,100872.41872087278,105.94000244140624
2008-07-03,11025.75461701648,4034.119188579511,9826.484203338621,6060.187379737734,100647.27342269495,106.73999786376952
2008-07-07,10956.94023115487,4074.96840130686,9776.207134094238,6112.605413625753,100389.69159390117,107.16000366210938
2008-07-08,11383.890343845149,4261.58446128291,9940.992932739258,6256.613807140557,101233.92989203887,109.41000366210938
2008-07-09,10909.032274504189,4050.1406646183773,9778.696701049805,6140.6181207910895,100402.44625957593,106.87100219726562
2008-07-10,10977.981219747944,4106.513756756422,10013.883156967164,6153.911775053592,101607.3644923445,107.06600189208984
2008-07-11,10759.024792428136,4007.6707341044953,10106.943512878417,6047.368359642897,102084.13565311577,106.20999908447266
2008-07-14,10665.331597424667,3977.7902323433823,10187.560317077636,6080.411863687162,102497.15542871587,106.22000122070312
2008-07-15,10372.865518998067,3925.892305802422,10079.577465209963,6021.514687438212,101943.93263986861,104.80999755859376
2008-07-16,10665.010691226924,4039.6237890773955,9933.1992288208,5987.354107347401,101194.00082420408,105.18000030517578
2008-07-17,10879.022642329535,4107.383215279833,10008.801860961914,6017.989628830305,101581.331759384,106.22799682617188
2008-07-18,11027.325303979896,4038.36303773714,10071.481212615969,6038.021574596362,101902.45354053206,106.9499969482422
2008-07-21,10980.515131486476,4038.686980258527,10129.899729003906,6026.245255362193,102201.74601148901,106.49600219726562
2008-07-22,11176.362518110807,4066.5227756488052,9978.82411239624,6046.854693178591,101427.74835814926,107.2300033569336
2008-07-23,11311.342032763629,4146.500059790974,9771.597244720459,6074.247633477797,100366.07399340691,107.88999938964844
2008-07-24,11024.230318110525,4063.8687708085213,9807.015149154662,6097.920452609895,100547.52865521032,107.37999725341795
2008-07-25,11069.836670983243,4135.652948620926,9888.766360092162,6088.83250293193,100966.36027638207,107.8499984741211
2008-07-28,10868.069043256313,4041.851013060727,9857.305716018676,6101.764613194894,100805.17963563927,107.45999908447266
2008-07-29,11164.170911046871,4151.003472651371,9790.967365875244,6119.393563486447,100465.31190257688,108.08000183105467
2008-07-30,11370.448546924314,4175.163966831823,9681.58813659668,6135.31622163874,99904.9351277756,108.1500015258789
2008-07-31,11184.783666744557,4151.801061185624,9711.524580078127,6165.117417928463,100058.30691287413,107.80999755859376
2008-08-01,11125.698236945673,4097.82442525039,9656.541481323242,6168.239043470572,99884.58768472346,107.80999755859376
2008-08-04,11025.164819111098,4055.9460007323755,9502.373184814454,6164.016823720316,99053.5889890444,107.80999755859376
2008-08-05,11319.710095909546,4195.540748982009,9280.284589843752,6132.350175539493,97649.19568870039,107.80999755859376
2008-08-06,11369.976804826834,4260.684964910899,9340.658188476564,6134.461285360715,97978.32977098587,107.80999755859376
2008-08-07,11198.011748066952,4227.182225361174,9281.362689819338,6192.16495538869,98139.40187889247,107.80999755859376
2008-08-08,11663.02744366557,4419.572173494095,9301.652945404056,6324.837299666452,99319.21252946355,110.16999816894533
2008-08-11,11778.378047294384,4460.46532515289,8938.091951446533,6293.915672109897,97189.68265865711,110.16999816894533
2008-08-12,11655.818030918113,4465.22034280813,8870.888252563478,6337.78123676009,97197.76297824673,110.16999816894533
2008-08-13,11586.427433334005,4455.71030749765,8985.46505065918,6324.118191995054,97679.22975534975,110.16999816894533
2008-08-14,11677.446269050317,4508.015501374783,8741.989354705811,6343.534097690596,96578.18490151502,110.16999816894533
2008-08-15,11734.220394326376,4499.456469683487,8552.496957855225,6367.264649084018,95791.10069087142,110.16999816894533
2008-08-18,11570.206254762394,4446.200272297338,8681.395855712892,6383.085016642909,96585.47043561513,110.16999816894533
2008-08-19,11447.646238275955,4390.091064273979,8860.972952728273,6373.736617685922,97437.8371036567,110.16999816894533
2008-08-20,11497.210950804556,4397.6990924562615,8820.210053405763,6392.426224583776,97378.58973827542,110.16999816894533
2008-08-21,11518.83918904693,4376.777014927442,9066.9908493042,6378.77037094503,98543.38574193194,110.16999816894533
2008-08-22,11671.138032896291,4435.739233477844,8932.583451538087,6360.073572920885,97697.24081802586,110.16999816894533
2008-08-25,11442.239178825532,4340.638880923887,8916.057951812745,6402.500922338451,97955.58889528023,110.16999816894533
2008-08-26,11428.90771205901,4312.898259973123,8903.620349578858,6372.103166249565,97645.01735022911,109.61000061035156
2008-08-27,11515.691370759829,4338.510893860258,8912.174474487305,6377.328722474769,97731.56645878407,109.54000091552734
2008-08-28,11648.0725079516,4369.65010665004,8992.135449523928,6361.057502973057,98012.99592411448,109.41999816894533
2008-08-29,11451.97367775603,4251.521354776577,8889.230974807739,6316.621939031027,97121.12591603349,108.79000091552734
2008-09-02,11375.024367294813,4192.59085477568,8605.08012084961,6343.024158505631,94909.90430214896,108.6500015258789
2008-09-03,11333.866608014434,4140.79672431095,8547.731379623414,6341.127583072726,94895.6090605431,108.3499984741211
2008-09-04,10828.28870913368,3944.37448549695,8366.564963150024,6277.771585700842,94418.06976845968,106.7300033569336
2008-09-05,10959.022156217514,3959.963411572369,8504.566424102784,6319.686958976058,94734.00256900843,107.68000030517578
2008-09-08,11230.056799252035,3962.711699639916,8525.554648132324,6345.489869358655,94928.48934325128,108.11000061035156
2008-09-09,10813.007997435929,3852.647575971055,8205.847106628418,6325.578315244406,94778.40805891468,107.27999877929688
2008-09-10,10901.413693618611,3900.9938953882697,7994.978490600586,6335.297003687486,94851.6616701213,107.72000122070312
2008-09-11,10983.164710423134,3948.072825117855,7818.098645324707,6280.56616113938,94439.13359243769,106.9800033569336
2008-09-12,11132.933838334444,3967.6615582303175,8154.867184448241,6305.115679252392,94624.17305179406,107.94000244140624
2008-09-15,10240.794041852114,3710.5732539764385,8085.70751739502,6207.058815852909,93885.07956303007,104.2509994506836
2008-09-16,10538.941468171264,3785.7987876791326,8102.88054222107,6264.647318855315,94319.14696148786,105.5199966430664
2008-09-17,9950.519874586736,3544.6006728451903,8919.274520874023,6249.365328081045,94203.96053307233,104.31900024414062
2008-09-18,10361.760028785,3708.5832779260004,8735.4,6245.4965035505,94174.7996674219,105.5
2008-09-19,10906.200245823953,3902.0901012411987,9235.97144256592,6245.194318939465,94172.52198210056,107.41999816894533
2008-09-22,10474.722687246363,3650.3359063996854,9413.840582275392,6123.922689602188,93258.44959075938,105.55999755859376
2008-09-23,10251.824711641293,3627.525225549233,9337.102236328123,6133.147107190413,93327.97768640448,105.71900177001952
2008-09-24,10319.805147684992,3665.569054459656,9198.19695877075,6170.068309957521,93606.26744212848,106.08000183105467
2008-09-25,10504.914156129204,3733.5574677269774,9191.363973617554,6165.228085934188,93569.78475304603,106.31999969482422
2008-09-26,10483.4420760039,3685.601780698563,9188.172264404297,6145.404598608108,93420.36726303707,106.0500030517578
2008-09-29,9460.868571648318,3316.480991622348,9301.217717742918,6101.840028119027,93092.00380867993,103.84300231933594
2008-09-30,10063.746204984076,3487.4747312296076,9023.374874038696,6150.036576029756,93455.28031484962,106.06999969482422
2008-10-01,10057.478310758079,3445.681144754596,9107.662009887694,6186.010288168709,93725.33114475507,105.94000244140624
2008-10-02,9625.860535390691,3262.897598711357,8661.939224624633,6177.953196888312,93664.282473591,105.20999908447266
2008-10-03,9504.032729384944,3213.8428939328637,8696.727252044677,6206.765278656208,93882.59194088972,105.3000030517578
2008-10-06,8727.002853439279,2993.296578375501,8586.446168518065,6054.050985719327,92725.4740273518,101.87999725341795
2008-10-07,8301.78884023884,2787.270312778583,8854.414120101928,6024.42612643293,92501.0061356627,101.45999908447266
2008-10-08,8780.991839601476,2999.625466826115,9844.24747253418,6452.932481320645,95747.80360150535,110.08999633789062
2008-10-09,7382.791141805313,2636.5698629909707,8945.949192047121,5773.932355263265,90603.01201686802,99.51000213623048
2008-10-10,7318.818540299064,2661.2316594550457,8413.541873016356,5797.095098010784,90778.51637893124,101.0999984741211
2008-10-13,8479.320032846594,3028.9031643432572,8385.93709991455,5824.429019306933,90985.62580772638,102.27999877929688
2008-10-14,8327.68811786516,2885.5560407143053,8381.111924743653,5778.735403393279,90639.40476651798,101.95999908447266
2008-10-15,7342.903885748538,2562.887006590126,8307.673301696777,5698.30667978236,90029.99542399068,99.72000122070312
2008-10-16,7765.37803892234,2747.1206735956284,8027.319430618286,5786.494532236963,90698.19577295106,101.23999786376952
2008-10-17,7750.26330441592,2761.7582172787443,7848.3966178131095,5846.668003272851,91154.13083912172,101.6500015258789
2008-10-20,8241.758480246277,2849.7257062186018,8004.645095825195,5871.104427324606,91339.28589873872,101.97000122070312
2008-10-21,7866.867321196789,2654.7502533300617,7627.862074508667,5837.82003933758,91087.08971696513,100.3270034790039
2008-10-22,7255.57224525631,2515.9287558612755,7017.54064376831,5737.999705720011,90330.74992752602,97.86000061035156
2008-10-23,7310.972131258641,2496.0034864316385,6886.820475769044,5723.287834018528,90219.27791033576,97.47799682617188
2008-10-24,6711.798872084926,2334.05840945303,6807.2364575958245,5511.3939065883105,88613.7552412772,94.2699966430664
2008-10-27,6399.635134327543,2241.4068596687725,6726.742937622071,5445.424846355465,88113.90693063979,93.19400024414062
2008-10-28,7531.398591638995,2630.701069478997,7246.1777748107925,5691.467945392854,89978.1782566788,98.1999969482422
2008-10-29,7425.002635020365,2605.745387989233,7216.479751586914,5660.38753373584,89742.68162832243,97.5199966430664
2008-10-30,7781.903417893712,2730.134716675675,7183.020966567992,5689.957820553256,89966.73602380084,98.79000091552734
2008-10-31,7797.010292171915,2724.7138633392706,7022.709774169921,5658.15508872498,89725.76636739055,98.44000244140624
2008-11-03,7864.039904292001,2734.227876798,7038.9,5699.484034794,89711.60388733023,99.0
2008-11-04,8191.480793639837,2834.5909733893905,7527.846968994141,5810.750584318393,89711.60388733023,99.73300170898438
2008-11-05,7728.165602662285,2642.266458188199,7150.416088867187,5753.045339124709,89711.60388733023,98.22000122070312
2008-11-06,7229.778646439692,2496.7130944925425,7025.272790527343,5680.4297502817,89711.60388733023,97.2760009765625
2008-11-07,7530.985788157936,2570.985184693802,7111.52473449707,5707.260689037814,89711.60388733023,98.08999633789062
2008-11-10,7423.203002064486,2532.297018074651,7208.632689819336,5706.094301850455,89711.60388733023,97.97000122070312
2008-11-11,7144.148181212764,2458.439782988336,7009.816576385498,5687.722410976406,89711.60388733023,97.29100036621094
2008-11-12,6654.92892207959,2281.670558907282,6636.000213623046,5576.485026830824,89711.60388733023,94.8000030517578
2008-11-13,7276.370731283301,2495.830871977524,7039.675477981568,5697.597798402438,89711.60388733023,97.56999969482422
2008-11-14,6874.260639286666,2357.729459220487,7111.565753936768,5721.790683941463,89711.60388733023,97.0199966430664
2008-11-17,6740.348678078024,2292.1056849740794,7004.186766052247,5709.979050237276,89711.60388733023,96.41000366210938
2008-11-18,6891.250040872078,2297.5868334372058,7015.052619323731,5774.544686674685,89711.60388733023,96.74600219726562
2008-11-19,6400.132507584236,2157.2092583901035,6937.17666091919,5792.248367128836,89711.60388733023,96.00299835205078
2008-11-20,5804.497359023469,2007.7127560460608,6907.97272415161,5789.172029623238,89711.60388733023,94.0500030517578
2008-11-21,6238.595660568608,2139.3787432504614,7562.5037887573235,5849.261941743159,89711.60388733023,95.91000366210938
2008-11-24,6737.643856197044,2297.1846347418127,7837.751922225953,5852.22504756654,89711.60388733023,96.87000274658205
2008-11-25,6687.85588650669,2252.721277279774,7718.798776473999,5865.72023540269,89711.60388733023,95.4469985961914
2008-11-26,6957.926737386964,2353.948102140034,7684.890841522217,5911.4958182889195,89711.60388733023,95.60700225830078
2008-11-28,7037.631427058,2332.340269791,7669.6050000000005,5916.8471699895,89711.60388733023,95.5
2008-12-01,6255.742194725096,2098.5088084568756,7046.040953826905,5849.059104725713,89711.60388733023,93.13999938964844
2008-12-02,6497.261536126916,2171.173956314899,7167.969525146485,5880.570662251946,89711.60388733023,93.1510009765625
2008-12-03,6652.678217598172,2234.4762968811933,7095.405153503419,5889.1212482710835,89711.60388733023,93.13999938964844
2008-12-04,6450.635349247235,2153.2377137013596,6979.974769592286,5882.199770309092,89711.60388733023,92.4499969482422
2008-12-05,6676.136315398702,2252.4562106627413,6916.9463772583,5843.090712084949,89711.60388733023,92.81999969482422
2008-12-08,8131.480692436064,2758.49097618136,8324.087837219238,6850.718602013983,89711.60388733023,109.23999786376952
2008-12-09,6757.4901030454475,2325.222568235086,7045.48809715271,5838.031358128322,89711.60388733023,92.3030014038086
2008-12-10,6843.128010648664,2330.730611065674,7403.989707946777,5866.4663120920995,89711.60388733023,92.83999633789062
2008-12-11,6584.100899498762,2233.0113648845695,7381.894401550294,5818.818709220009,89711.60388733023,91.52999877929688
2008-12-12,6629.230224119864,2268.2019819717198,7359.366675338745,5805.8466313902345,89711.60388733023,91.06999969482422
2008-12-15,6495.9438786095,2213.3551620885,7475.299999999999,5782.0845990894995,89711.60388733023,90.5
2008-12-16,6664.893779255197,2276.085732953607,7489.912825775146,5756.175420526251,89711.60388733023,88.68000030517578
2008-12-17,6544.109728980347,2213.271648549529,7444.029973983765,5706.612899140446,89711.60388733023,87.31999969482422
2008-12-18,6537.2736723250955,2227.677530589514,7506.784119644165,5889.091967933779,89711.60388733023,89.50499725341797
2008-12-19,6439.785781875218,2240.6296851282227,7376.379822616576,5854.135673340437,89711.60388733023,89.2699966430664
2008-12-22,6420.652171329442,2212.272092688791,7524.753905639648,5896.98828703996,89711.60388733023,90.16000366210938
2008-12-23,6402.20178535244,2217.1698129711235,7506.108897399902,5938.458156827129,89711.60388733023,90.83999633789062
2008-12-24,6415.253521582,2215.1344538999997,7553.129999999999,5910.242961068,89711.60388733023,90.5
2008-12-26,6471.517066162435,2220.957840234289,7769.9117126464835,5959.710359123667,89711.60388733023,90.7699966430664
2008-12-29,6444.566388580458,2199.249932744067,7827.8002368927,5965.1497914993915,89711.60388733023,90.6520004272461
2008-12-30,6570.97489357059,2237.331751361245,7755.9110786438,5949.7250629949785,89711.60388733023,90.29000091552734
2008-12-31,6691.345614974167,2265.8568954358548,7843.038132019043,5907.217303801216,89711.60388733023,90.6500015258789
2009-01-02,6979.720777204169,2396.7835584308814,7915.051778945924,5895.542709956974,89711.60388733023,91.79000091552734
2009-01-05,7079.842611615815,2433.2384710238616,7874.97240234375,5976.671604974313,89711.60388733023,93.21700286865234
2009-01-06,7139.579918838547,2462.534845635863,7949.43916618347,5983.4007462088975,89711.60388733023,93.37999725341795
2009-01-07,6873.789084712063,2372.7200472746686,7669.270025253296,5939.779014252045,89711.60388733023,92.68000030517578
2009-01-08,6803.539376770855,2364.216820972136,7716.265651550292,5870.958440145972,89711.60388733023,91.36000061035156
2009-01-09,6585.667714875621,2284.6562093838706,7583.850630493165,5834.349900799807,89711.60388733023,90.37000274658205
2009-01-12,6360.618944725551,2218.342339217522,7222.3668246459965,5809.896087812785,89711.60388733023,89.43000030517578
2009-01-13,6365.98189941198,2216.9075985082995,7225.900356445312,5808.268122113897,89711.60388733023,89.34100341796875
2009-01-14,6153.251788416429,2142.999955867612,7114.076692199707,5829.0717262450335,89711.60388733023,89.16000366210938
2009-01-15,6209.2893964630575,2198.237640743831,7230.2767962646485,5875.287195349104,89711.60388733023,89.94000244140625
2009-01-16,6324.640266807903,2246.9427869713595,7518.339126205444,5883.057079038734,89711.60388733023,90.9000015258789
2009-01-20,5918.949138054734,2106.5695230966394,7590.740993652344,5803.564204437782,89711.60388733023,89.80999755859375
2009-01-21,6122.350884677741,2180.4137648518276,7493.5577568054205,5702.995446957164,89711.60388733023,89.05000305175781
2009-01-22,6032.800660281158,2152.205626681217,7538.277033538819,5669.976316380525,89711.60388733023,89.1259994506836
2009-01-23,6034.164509290554,2154.1172100901144,7857.922989120483,5647.871549687253,89711.60388733023,88.76000213623047
2009-01-26,6108.404417823822,2181.97790241237,7937.8978099823,5664.188596239597,89711.60388733023,89.23999786376953
2009-01-27,6176.67530109697,2200.4065825538837,7894.985561828613,5707.280806517967,89711.60388733023,89.33000183105469
2009-01-28,6466.577319907021,2308.8935071351075,7908.1878639221195,5742.531766344883,89711.60388733023,90.46199798583984
2009-01-29,6218.250122980458,2234.9156721161576,8046.945327758789,5632.664707572198,89711.60388733023,89.91000366210938
2009-01-30,6091.074624964928,2194.226966146365,8208.769139328004,5629.649648416931,89711.60388733023,89.9000015258789
2009-02-02,6036.213627065357,2208.1027249304643,7938.742454223633,5641.4412148930405,89711.60388733023,89.36000061035156
2009-02-03,6121.68935670566,2243.9128943873757,7906.5641429901125,5593.260921549215,89711.60388733023,89.37000274658203
2009-02-04,6095.124742675675,2248.262351568617,7974.475436706543,5567.801194417469,89711.60388733023,89.41999816894531
2009-02-05,6305.500590405659,2343.8008221078926,8214.438137512207,5688.877777080454,89711.60388733023,91.1500015258789
2009-02-06,6539.973223468742,2427.2137113454432,8235.112635955813,5702.036765940672,89711.60388733023,91.91999816894533
2009-02-09,6505.535423695928,2421.3747923615742,8064.498984375001,5652.641289702263,89711.60388733023,91.30999755859376
2009-02-10,6148.647625242577,2307.6517446681355,8158.953262023925,5674.333157967082,89711.60388733023,90.44400024414062
2009-02-11,6174.367776739662,2292.787551199859,8332.86418449402,5708.5731385978925,89711.60388733023,90.29000091552734
2009-02-12,6204.803423820269,2331.4581754401793,8447.723729400635,5730.786641654983,89711.60388733023,90.66999816894533
2009-02-13,6218.612361233264,2350.932414628258,8501.643056488037,5760.111837445777,89711.60388733023,91.86000061035156
2009-02-17,5979.5728712403525,2264.990944096472,8807.74429321289,5883.922034427347,89711.60388733023,92.2760009765625
2009-02-18,6052.761373106531,2299.8458267376973,9073.683033828735,5926.603993000976,89711.60388733023,93.62999725341795
2009-02-19,6012.026768158073,2272.607934569636,9003.43362197876,5917.533454032794,89711.60388733023,94.01100158691406
2009-02-20,5911.089108954566,2262.846770206797,9128.651641845703,5892.083067502771,89711.60388733023,93.33999633789062
2009-02-23,5764.323862622365,2206.065733924383,9225.712149124145,5964.654762895708,89711.60388733023,94.4000015258789
2009-02-24,6119.112865634205,2333.1501567252385,9146.181789093016,6077.351197216401,89711.60388733023,96.5500030517578
2009-02-25,6123.754957133727,2337.441578887831,9071.878443145753,6074.43805577543,89711.60388733023,97.38999938964844
2009-02-26,6082.5674964239,2292.046099117696,9150.96200592041,6117.598204004819,89711.60388733023,98.33399963378906
2009-02-27,5903.452613956676,2253.4472990502386,9042.540854415895,6067.976987938162,89711.60388733023,97.62000274658205
2009-03-02,5604.859158207694,2165.6591098915546,8825.120297698977,6093.559520417609,89589.13798267586,97.0540008544922
2009-03-03,5647.668724892766,2197.0013630141134,8872.091729736328,6178.648075973465,90214.92064337354,98.53500366210938
2009-03-04,5808.279075980811,2267.9913172088354,8809.297792129517,6175.571091907968,90192.29100460658,98.99199676513672
2009-03-05,5522.513481818418,2178.633297506334,9026.978447341917,6193.883371509598,90326.96842365178,98.12999725341795
2009-03-06,5543.984614946597,2165.4307806104252,9075.798262023927,6177.5847931322705,90207.10074372792,98.33999633789062
2009-03-09,5511.141220530961,2130.281854195903,8959.184234161377,6216.662194586083,90494.49497783105,98.91999816894533
2009-03-10,5831.392602715717,2263.1342620239475,8706.469092407227,6162.345693131526,90095.0249835648,98.77999877929688
2009-03-11,5778.4585899534995,2263.414279634,8676.645,6110.41163813275,89713.07666036618,97.25
2009-03-12,6010.292531175622,2342.4965811125658,8865.851972198485,6132.358065490489,89874.48137119968,97.31999969482422
2009-03-13,6095.849756136479,2363.3507898153916,8941.92222290039,6166.507233625039,90125.63097829134,97.94000244140624
2009-03-16,6093.5569236639485,2328.848888859246,8916.559722900392,6147.804286402706,89988.08039937717,98.1999969482422
2009-03-17,6317.069231466232,2434.0612176645086,8894.241080627444,6172.303402349653,90168.25882480544,98.78099822998048
2009-03-18,6302.86370944967,2406.2712130092877,8973.969180908203,6230.892314857905,90599.15020987226,96.4010009765625
2009-03-19,6098.817392304947,2355.9379749340387,8911.35721206665,6083.973589321014,89518.63837873144,94.4499969482422
2009-03-20,6019.397013139081,2355.3565450383903,8978.0887285614,6179.307645717274,90219.7714403638,95.93000030517578
2009-03-23,6529.914462346943,2528.5897624705767,8940.231624145508,6232.760196979497,90612.88752432403,97.09200286865234
2009-03-24,6483.533951836069,2512.6065651884132,8944.022666931152,6303.679918372741,91134.46568086316,98.33999633789062
2009-03-25,6511.26786734798,2508.7919641151716,8989.205708770753,6226.723874208432,90568.49346803961,97.7300033569336
2009-03-26,6709.91442449578,2614.083759198051,9073.490719451906,6305.004334657811,91144.20608298104,98.6999969482422
2009-03-27,6532.068958752164,2541.5475165017515,8874.016361618042,6246.7851757172475,90716.03404565588,97.8499984741211
2009-03-30,6279.416274833601,2466.528127430573,8766.931288604736,6246.777869846806,90715.98031472799,97.43199920654295
2009-03-31,6437.6373325682025,2527.759991533904,8935.011710205079,6356.621886728442,91523.8266895649,98.97000122070312
2009-04-01,6541.7551728175085,2558.312114621297,8981.020133361817,6352.3215331540205,91493.79641081582,98.66000366210938
2009-04-02,6794.440201267332,2667.05479642995,8840.927783203126,6368.260127200582,91608.3902465855,99.55999755859376
2009-04-03,6913.038266156864,2738.1547994770144,8785.277267303465,6341.700694167376,91417.43568069016,100.3000030517578
2009-04-06,6890.345598248547,2743.7279899726987,8591.805382156374,6355.938791185134,91519.80343951253,100.76000213623048
2009-04-07,6724.9506285461475,2667.6618151298135,8733.850811767576,6367.708047903174,91604.42095769125,100.69000244140624
2009-04-08,6733.2968182435225,2688.2972718030505,8638.481214981079,6339.025336784826,91398.20064254155,99.73999786376952
2009-04-09,7050.033431083981,2793.3247324604126,8668.976610717773,6345.8436241835225,91447.22213741833,100.44000244140624
2009-04-13,7022.18890001265,2777.3106733692644,8789.757304992676,6356.82079892887,91526.14481756871,100.0199966430664
2009-04-14,6828.655797381553,2713.852163993928,8647.009006652832,6322.567392930941,91279.87283335152,98.97000122070312
2009-04-15,6919.64721828187,2713.243286800974,8682.62529373169,6345.158593743891,91442.29696864454,99.2300033569336
2009-04-16,7028.183803402334,2788.275249829478,8523.507457122801,6326.273026389522,91306.51525555857,99.33000183105467
2009-04-17,7057.501614130355,2787.26718849488,8443.59775604248,6259.254600946858,90824.67235170616,99.08000183105467
2009-04-20,6692.482944679018,2667.820273930014,8526.838864517213,6238.544833412802,90675.77517214986,98.06600189208984
2009-04-21,6863.17383482184,2721.8973614602032,8570.829546966554,6250.616511371501,90762.56701071622,98.63999938964844
2009-04-22,6785.948978924944,2716.3271224960336,8574.59916000366,6203.18259132141,90421.53098029512,98.12999725341795
2009-04-23,6837.907757824168,2737.6651792070393,8695.295837402346,6188.5960919890085,90316.65831059359,97.91999816894533
2009-04-24,6890.903745410455,2766.669300341177,8721.681117858887,6119.634516051207,89820.84472224637,97.20999908447266
2009-04-27,6777.953257366874,2750.6616836246462,8592.135191345214,6102.04040281021,89694.3481870211,96.52999877929688
2009-04-28,6756.633972837844,2729.7510541154793,8470.5073928833,6072.301095884599,89480.531256633,96.52999877929688
2009-04-29,6967.536792231473,2795.183411328877,8609.525207824707,6098.139825626454,89666.30417637019,97.47000122070312
2009-04-30,7057.169064716965,2859.2446484379893,8612.676513061522,6163.892744097778,90139.04845473432,98.69000244140624
2009-05-01,7131.057285686774,2881.465902975751,8624.570712280272,6175.153805240299,90222.02098436706,99.19000244140624
2009-05-04,7346.892438117058,2929.2400066221053,8760.291362304686,6159.048704746391,90104.1144952116,98.83000183105467
2009-05-05,7328.498903900794,2929.336021095163,8729.689838409426,6162.995987000749,90133.01280556322,98.91999816894533
2009-05-06,7417.097973787972,2915.0861756694076,8811.631727905275,6133.866190662626,89919.7516702266,98.41000366210938
2009-05-07,7367.423398939269,2865.921700131406,8866.008172607422,6126.678420144382,89867.1295343398,99.12799835205078
2009-05-08,7487.758153293708,2848.0259053020545,8858.530725402834,6092.048842986474,89613.60414558664,98.4499969482422
2009-05-11,7276.733204227499,2830.6817341725,8744.775,6090.245200845,89600.39956405209,97.5
2009-05-12,7177.81082384704,2765.3833864412754,8748.92191696167,6021.394665765652,89096.34031457701,96.45999908447266
2009-05-13,6918.055461931447,2658.934576715742,8687.253550186158,5980.901171855111,88799.88480953779,95.37000274658205
2009-05-14,7023.435257568,2707.2768378240003,8738.880000000001,6021.054826848,89093.85233173743,96.0
2009-05-15,6901.529100616888,2680.5299006416653,8707.320555877684,5950.539776969494,88577.60706105808,95.11000061035156
2009-05-18,7191.833394787559,2788.776275682115,8708.26437927246,5993.9525749347495,88895.43498112814,96.3730010986328
2009-05-19,7164.0806031208385,2794.6937413252667,8742.802025756835,5969.636547548466,88717.41576166355,96.11699676513672
2009-05-20,7026.833906153484,2749.7595603896493,8755.54003715515,5913.230618905673,88304.46428605245,94.91100311279295
2009-05-21,6868.9150479416585,2675.747626594356,8834.100242233275,5800.068204328119,87475.99488207453,94.12999725341795
2009-05-22,6898.704145201195,2684.057493345036,8919.7707988739,5803.288168304017,87499.56844796124,94.73999786376952
2009-05-26,7098.54716909246,2795.790321052118,8911.888286132811,5783.328677153014,87353.44371388496,95.0500030517578
2009-05-27,6996.019884570351,2785.6616821819725,8913.260743331908,5737.4128384323185,87017.29086949676,95.37999725341795
2009-05-28,7199.003015422523,2860.6255662237213,9122.24319213867,5853.271680867972,87865.50099736085,96.7979965209961
2009-05-29,7222.940664796946,2855.754251099312,9180.36602935791,5835.9383222956485,87738.60235085394,95.43000030517578
2009-06-01,7482.449026765821,2972.904513979438,9240.051363830567,5805.96217996485,87229.62161761135,96.52200317382812
2009-06-02,7417.308127642913,2948.6791736247483,9212.112160034178,5769.885867317498,87229.62161761135,95.60099792480467
2009-06-03,7359.395296226149,2953.9880452916873,9069.968671188353,5833.792526498186,87229.62161761135,96.06999969482422
2009-06-04,7472.855946318781,3005.9403308676415,9299.955672683716,5800.217319574667,87229.62161761135,96.64299774169922
2009-06-05,7642.034281840186,3076.76644330869,9259.484871215822,5871.022731004707,87229.62161761135,98.80999755859376
2009-06-08,7583.323995932769,3056.390406443622,9211.636988525392,5820.197121488723,87229.62161761135,98.45700073242188
2009-06-09,7546.11526100893,3049.617928247727,9146.266663742066,5787.2221211177775,87229.62161761135,97.47699737548828
2009-06-10,7578.869733619154,3059.5860420787035,9212.265334777834,5792.0706876395125,87229.62161761135,98.14900207519533
2009-06-11,7572.334459808305,3043.4071724528562,9147.930742645263,5800.910305284106,87229.62161761135,97.62999725341795
2009-06-12,7650.65144427572,3051.9849997477922,9066.763153152468,5876.03010624326,87229.62161761135,98.37000274658205
2009-06-15,7433.365602367391,2971.3202644254507,8911.31092224121,5869.479259353718,87229.62161761135,97.81900024414062
2009-06-16,7233.674352842,2901.9889298959997,8871.245,5822.8437189335,87229.62161761135,96.5
2009-06-17,7169.65605294661,2907.2565812304324,8841.588802719114,5761.503475770001,87229.62161761135,95.73999786376952
2009-06-18,7284.737514109099,2926.6868285536375,8846.777672042846,5740.530728462096,87229.62161761135,96.56999969482422
2009-06-19,7284.823586592881,2964.674878633043,8892.244196319582,5778.554523814886,87229.62161761135,96.76000213623048
2009-06-22,6999.916375310457,2846.9851186421233,8678.258861846924,5755.20713351939,87229.62161761135,95.8499984741211
2009-06-23,6951.978295751917,2818.6710399620447,8648.219779663086,5729.9007502648265,87229.62161761135,95.11900329589844
2009-06-24,7065.628450499853,2889.3340691106037,8765.299560928344,5751.858171540498,87229.62161761135,95.8479995727539
2009-06-25,7226.452762654656,2950.4630722744787,8856.49840324402,5829.959163879975,87229.62161761135,95.94300079345705
2009-06-26,7152.551539006046,2934.5296267475833,8786.930815505983,5793.116320192325,87229.62161761135,95.20999908447266
2009-06-29,7286.408902698721,2968.383662971491,8844.307944030763,5859.0836413503,87229.62161761135,96.09200286865234
2009-06-30,7245.433384809457,2969.9164944936365,8783.460696868897,5858.079239868713,87229.62161761135,96.33100128173828
2009-07-01,7297.20321661785,2980.5029714472253,8926.722053756715,5871.840332686152,87229.62161761135,96.62000274658205
2009-07-02,7048.964176864409,2893.3017006914783,8755.620317459106,5850.692965807244,87229.62161761135,95.9520034790039
2009-07-06,6990.736898790604,2854.033977610479,8637.629033813479,5806.8680568912605,87229.62161761135,95.16999816894533
2009-07-07,6826.396753459335,2769.657058836228,8596.495735321043,5805.4512952486875,87229.62161761135,94.7689971923828
2009-07-08,6677.996178146223,2725.78150594503,8281.756723327637,5748.931736841982,87229.62161761135,92.77200317382812
2009-07-09,6710.225369584168,2738.4987327470717,8328.010481948853,5731.594024155331,87229.62161761135,93.04000091552734
2009-07-10,6657.548469762171,2735.5288057755333,8288.837290649413,5735.810615624249,87229.62161761135,92.52999877929688
2009-07-13,6855.782614392292,2804.1445220048004,8389.654466247559,5745.569092783208,87229.62161761135,93.02200317382812
2009-07-14,6924.161533213954,2826.7084350428768,8483.560793838502,5731.710847923616,87229.62161761135,93.4209976196289
2009-07-15,7184.339250316855,2947.628085885815,8686.88666015625,5703.0115964040815,87229.62161761135,94.177001953125
2009-07-16,7219.717208917448,2970.8738716266466,8625.51656982422,5712.942084278561,87229.62161761135,93.7760009765625
2009-07-17,7253.900899662608,3000.9696670129397,8660.725215835571,5700.554155332333,87229.62161761135,94.20999908447266
2009-07-20,7325.516446789533,3028.1417368923476,8781.379143066406,5717.308027488025,87229.62161761135,94.13999938964844
2009-07-21,7311.946359714748,3029.714426060279,8710.728022842406,5744.269911485976,87229.62161761135,93.53299713134766
2009-07-22,7313.230139638497,3056.8570886035172,8743.0873828125,5712.342916142355,87229.62161761135,93.56900024414062
2009-07-23,7583.448854202317,3171.323931643759,8853.171828460694,5738.9896590771505,87229.62161761135,94.93000030517578
2009-07-24,7609.696953726054,3144.6280627914166,8861.806956558228,5747.541075025588,87229.62161761135,94.87000274658205
2009-07-27,7655.531964744503,3179.007647517108,8917.44394317627,5738.106963539488,87229.62161761135,95.16000366210938
2009-07-28,7557.268435675929,3130.8423949711087,8693.341547012327,5702.550912400969,87229.62161761135,94.37999725341795
2009-07-29,7596.251190738095,3176.1780094297433,8673.119860839844,5749.909423158238,87229.62161761135,95.0999984741211
2009-07-30,7712.724490535213,3210.6090502593956,8755.20697631836,5800.964763804999,87229.62161761135,95.55999755859376
2009-07-31,7649.3087006237365,3169.846435522331,8834.64394302368,5803.303831139217,87229.62161761135,94.63999938964844
2009-08-03,7818.791678584538,3236.209678003175,8933.326272811888,5773.319109940312,87229.62161761135,95.16699981689452
2009-08-04,7849.163244736516,3240.392402545994,9022.05728668213,5763.993212723019,87229.62161761135,95.29000091552734
2009-08-05,7785.984383393584,3198.0988506715553,8984.764654388428,5701.352314010821,87229.62161761135,94.7959976196289
2009-08-06,7801.878494049368,3192.31655663175,9032.786509704589,5742.731176763958,87229.62161761135,95.48400115966795
2009-08-07,8065.286072551057,3299.6401697330107,9134.06252861023,5820.819282490081,87229.62161761135,97.43000030517578
2009-08-10,8013.854372668126,3261.8509154263884,9015.139498519899,5833.1953663114655,87229.62161761135,97.01000213623048
2009-08-12,7928.4444337946825,3255.6934562555984,8937.792934417725,5806.012011871216,87229.62161761135,96.15699768066406
2009-08-13,7915.314259372377,3243.8447517161862,8928.704085388183,5797.64277416564,87229.62161761135,95.2699966430664
2009-08-14,7820.727036428298,3192.028453893142,8821.980056762695,5790.690081144643,87229.62161761135,94.86000061035156
2009-08-17,7593.714185989496,3083.3471050655203,8650.732327957154,5804.111979988828,87229.62161761135,94.43000030517578
2009-08-18,7687.195334362783,3141.9878678026,8730.97006286621,5808.747962063673,87229.62161761135,94.83999633789062
2009-08-19,7694.999279991893,3139.8479360260826,8707.99835647583,5785.718669686599,87229.62161761135,94.11000061035156
2009-08-20,7786.433205822373,3182.368206231616,8697.093739166257,5810.084586936529,87229.62161761135,94.25700378417967
2009-08-21,7948.61094265728,3229.5751569459385,8837.750757217409,5757.581112235608,87229.62161761135,94.37000274658205
2009-08-24,7949.523124742987,3226.983944528619,8715.972543640137,5794.617897491205,87229.62161761135,94.38999938964844
2009-08-25,7923.617319927009,3220.0076374726577,8710.164141540528,5779.807207978406,87229.62161761135,93.9000015258789
2009-08-26,7939.575950684627,3220.4668049248703,8729.683369903563,5798.536546145013,87229.62161761135,94.08000183105467
2009-08-27,7919.2145512695915,3213.185563152262,8725.379444046019,5754.940029531038,87229.62161761135,93.62999725341795
2009-08-28,7911.7633672225975,3214.030064225925,8782.476970825197,5763.9507042874075,87229.62161761135,93.55999755859376
2009-08-31,7783.525808410839,3157.293244691866,8674.058256530763,5738.432911187219,87229.62161761135,92.87000274658205
2009-09-01,7598.481533231115,3091.430244959959,8705.187368774414,5743.322396827702,87229.62161761135,92.70700073242188
2009-09-02,7529.002403856305,3072.42388286773,8869.58367477417,5743.798975679876,87229.62161761135,92.20899963378906
2009-09-03,7630.959490103132,3109.25775931397,9033.274674987792,5752.789981863515,87229.62161761135,92.68699645996094
2009-09-04,7761.487466268925,3187.3096106066455,9067.364219055176,5735.609534586016,87229.62161761135,92.97000122070312
2009-09-08,7772.835260238136,3195.1145493648573,8993.76306213379,5681.71950394001,87229.62161761135,92.30999755859376
2009-09-09,7817.213906599731,3216.859019759609,8943.980133361814,5675.648660041334,87229.62161761135,92.12999725341795
2009-09-10,7859.124094359323,3232.4130036309493,8957.819554138185,5690.723131047515,87229.62161761135,91.68699645996094
2009-09-11,7769.610292113972,3199.352615333128,8955.395161743165,5643.614074256933,87229.62161761135,90.66000366210938
2009-09-14,7825.515883877047,3219.376973640362,8901.625469055176,5623.5902120080755,87229.62161761135,90.87000274658205
2009-09-15,7860.642670116832,3230.620656206369,8989.81245956421,5613.340413459549,87229.62161761135,90.89800262451172
2009-09-16,7990.317543954315,3283.1251202411772,9093.807864608765,5616.544643912148,87229.62161761135,91.0199966430664
2009-09-17,7994.709364858152,3289.0431129398607,9060.40416732788,5655.911252912472,87229.62161761135,91.20600128173828
2009-09-18,7967.469524375792,3296.9584060798848,9005.610568771363,5629.4905712523905,87229.62161761135,91.2699966430664
2009-09-21,8013.140832702606,3334.6565455655177,9051.677456054687,5672.36861537785,87229.62161761135,92.0260009765625
2009-09-22,7944.554068453536,3293.2716075230946,9041.06560874939,5606.045067522723,87229.62161761135,90.70999908447266
2009-09-23,7932.105633011454,3299.810747277921,9025.847753829956,5656.588575651358,87229.62161761135,91.3270034790039
2009-09-24,7801.409091204048,3251.6295586886545,8859.783459472656,5640.800371749695,87229.62161761135,90.822998046875
2009-09-25,7673.2560193268055,3186.5059121250233,8711.569763183594,5600.465192615671,87229.62161761135,89.80999755859375
2009-09-28,7815.155174090783,3243.756074869835,8721.107052612304,5613.477906952509,87229.62161761135,89.86199951171875
2009-09-29,7822.761051576643,3241.8290179441005,8790.232095413208,5633.45166721167,87229.62161761135,90.22100067138672
2009-09-30,7762.187062532452,3231.5581986180027,8883.649771499633,5615.809874756839,87229.62161761135,89.87000274658203
2009-10-01,7544.575536288561,3122.741245792671,8765.75554321289,5637.932054467349,87229.62161761135,89.5469970703125
2009-10-02,7512.500834562059,3115.600362974935,8814.935760040284,5639.456464208311,87229.62161761135,89.61000061035156
2009-10-05,7625.500645308472,3141.6304419994713,8945.868674163818,5639.475281226201,87229.62161761135,89.62000274658203
2009-10-06,7663.958838601321,3169.1779279892,9082.464312133789,5569.723646081493,87229.62161761135,88.80000305175781
2009-10-07,7662.34927777244,3169.0536624784354,9062.749886169433,5588.883805547313,87229.62161761135,88.53800201416016
2009-10-08,7741.1559552621775,3191.197223976902,9200.018869018555,5582.900198511273,87229.62161761135,88.76899719238281
2009-10-09,7873.546692471289,3244.807230312715,9228.86138031006,5589.548127619906,87229.62161761135,89.73999786376953
2009-10-12,7901.734968727634,3250.733841253217,9290.367505187989,5604.183750548716,87229.62161761135,89.70999908447266
2009-10-13,7895.260162337029,3255.4998150911924,9364.633168182374,5623.907772566061,87229.62161761135,89.81999969482422
2009-10-14,7994.523193393589,3285.6724818226644,9314.734181518555,5559.855800757129,87229.62161761135,89.41000366210938
2009-10-15,8150.941220485535,3329.857588517685,9342.465577850342,5629.4040155799685,87229.62161761135,90.8270034790039
2009-10-16,8097.411924856305,3310.79578008442,9380.094177856447,5660.564821285093,87229.62161761135,90.91000366210938
2009-10-19,8152.035201999596,3339.701804308892,9461.270063552856,5660.693470013059,87229.62161761135,90.77300262451172
2009-10-20,8111.202291937829,3341.4098563729563,9390.328800201416,5675.2443384891185,87229.62161761135,90.7979965209961
2009-10-21,8045.67570385355,3338.1139722250314,9427.890915069578,5667.365760007489,87229.62161761135,90.87999725341795
2009-10-22,8173.594998663706,3370.5598813232323,9497.872706909178,5682.730124031554,87229.62161761135,91.39600372314452
2009-10-23,8137.962852522358,3380.290111380441,9526.254815826414,5695.169474355541,87229.62161761135,92.0500030517578
2009-10-26,8062.983964194462,3374.5890439275754,9391.49168914795,5671.725139537918,87229.62161761135,92.1999969482422
2009-10-27,7975.888328790979,3301.7895902976084,9331.904455947875,5685.044478854127,87229.62161761135,91.6240005493164
2009-10-28,7735.22626515302,3189.0896309242166,9123.116069259644,5636.925778988998,87229.62161761135,90.56999969482422
2009-10-29,7981.436027971978,3277.098354906237,9395.107880630492,5666.755660829632,87229.62161761135,91.48999786376952
2009-10-30,7631.592470792115,3138.547736030901,9236.927324523926,5621.783647345711,87229.62161761135,90.08999633789062
2009-11-02,7713.1987409687445,3162.3431753451996,9396.040436553956,5609.475638521524,87681.34611938351,90.38999938964844
2009-11-03,7737.598238489109,3172.547378575066,9622.919335021972,5596.469831427995,88880.34904560677,90.38999938964844
2009-11-04,7783.994902576098,3188.870942350383,9713.755590820312,5600.003614919729,89530.25243618996,90.697998046875
2009-11-05,7933.4740537365515,3271.8026914515162,9710.574240875245,5605.692909287524,90666.4516691942,90.7699966430664
2009-11-06,7876.272172866246,3259.2354289793893,9655.808104934693,5567.356520459478,90236.78873630517,89.87999725341797
2009-11-09,8051.092160565995,3328.372351750871,9718.599767532349,5566.659711972535,91488.996325637,89.8290023803711
2009-11-10,8041.893900642944,3332.5323744579,9723.666800765992,5563.587790447994,91570.349177163,89.70999908447266
2009-11-11,8101.008291542159,3361.8236849531204,9854.136401367186,5592.0084892198465,92584.94701471849,89.91000366210938
2009-11-12,8051.635693559403,3356.0585803246386,9769.198667907714,5616.87627654044,92109.07681390259,90.27999877929688
2009-11-13,8039.612371927132,3361.040532964456,9839.288801879882,5582.602808461842,92504.87975451475,89.66000366210938
2009-11-16,8097.094577493498,3371.4572170734205,9936.186538467407,5572.014596874621,93101.0501393317,89.01000213623047
2009-11-17,8126.596300607309,3390.638381802929,9991.083475875854,5598.014169068111,93623.11832437753,89.2300033569336
2009-11-18,8136.777934314259,3377.846952210846,10034.92579460144,5594.4657953069045,93649.91217322368,89.39800262451172
2009-11-19,7986.0084914391855,3305.5307164261026,9983.4701713562,5570.00149404676,92406.41026976633,88.9000015258789
2009-11-20,7951.382216178608,3285.9573273768174,10032.460406799317,5565.007049837077,92363.0680124011,88.83000183105469
2009-11-23,8058.727563479534,3342.586702170231,10160.3811743927,5561.473882037692,93745.2172872541,88.9000015258789
2009-11-24,8043.217835860388,3319.503709957185,10164.275156097412,5570.797941355079,93442.9919415747,88.59300231933594
2009-11-25,7959.1447255349185,3287.7180978913334,10187.9232711792,5511.821289969188,93112.04603431051,87.36000061035156
2009-11-27,7750.931866353125,3204.284190240956,9950.38918624878,5481.185885222484,90847.01481100888,86.4800033569336
2009-11-30,7756.4214054975,3199.5069703875,9973.95,5475.4724233725,90890.51680917399,86.25
2009-12-01,7888.788248954596,3248.206060836773,10170.977179107666,5470.391072920843,92483.09084187698,86.6500015258789
2009-12-02,7968.0549469684975,3286.8808146501174,10435.400509033203,5516.4167177030295,94235.1160099582,87.55999755859375
2009-12-03,7968.855746770345,3299.3246972876514,10476.343618774414,5534.393829622564,94598.40199605717,88.25900268554688
2009-12-04,8219.647471048416,3401.9254111132545,10296.649618148804,5633.903339079365,95244.6134535419,90.5199966430664
2009-12-07,8095.541517308839,3339.4165573791706,10099.592003555297,5572.678155348856,93458.8356457497,89.29000091552734
2009-12-08,7924.114117585127,3284.8141488007473,9805.760695266725,5535.304964228105,91346.25875954266,88.37999725341797
2009-12-09,7927.655919255854,3307.541199114364,9763.895194091798,5506.2534984917265,91480.03869928382,88.08999633789062
2009-12-10,7985.001879379089,3329.654077078259,9777.64897201538,5496.222728067202,91857.65106967252,88.2300033569336
2009-12-11,8097.084070864645,3348.9567434733067,9739.318399658203,5522.265106172908,91958.68010290802,89.08999633789062
2009-12-14,8115.865942713417,3366.2680823175388,9777.185869140625,5497.47138714681,92377.36938905423,88.69000244140625
2009-12-15,8152.920320346664,3377.996826901461,9865.007484893798,5530.535663104292,92943.35409703745,89.51100158691406
2009-12-16,8196.291481765562,3395.471503845706,10026.361329727173,5551.480958555594,93925.16385483409,89.8499984741211
2009-12-17,8078.880286784072,3345.500552777395,9621.957534484864,5587.750747845053,91376.44799329631,89.63999938964844
2009-12-18,8153.20059742298,3431.816219870338,9853.43826599121,5609.671885888471,93657.84639798348,90.44000244140624
2009-12-21,8292.244575344124,3494.835324598381,9738.54606513977,5589.789962962414,94034.2287174686,91.05699920654295
2009-12-22,8390.400566394175,3545.1074630734533,9746.936882400512,5610.491022407117,94788.81082474101,91.80500030517578
2009-12-23,8391.811797035902,3565.0436263910346,9764.24193496704,5597.89012287711,95151.52825589535,91.63999938964844
2009-12-24,8413.507450659574,3590.829742472836,9908.871866455078,5565.823039837971,96175.84349433896,91.44400024414062
2009-12-28,8454.14172851497,3619.633143224636,9952.949765014646,5565.684887236687,96786.52083184259,91.69000244140624
2009-12-29,8467.921756989512,3615.4851682948165,9884.016031188965,5597.501577617784,96414.3531031055,91.97000122070312
2009-12-30,8506.330233233255,3644.4311262771203,9882.470404205324,5635.062628804731,96819.87060091522,92.41999816894533
2010-01-04,8574.518036697615,3667.504891386095,10155.951301574709,5626.272641747265,98632.21611924986,92.49500274658205
2010-01-05,8512.633031517194,3631.422478467968,10046.87439956665,5595.492262023385,97791.26674980449,91.58499908447266
2010-01-06,8590.339888899021,3639.497271857833,10298.617873077395,5619.723731929028,98347.2273371773,92.3560028076172
2010-01-07,8723.18344001114,3682.6815343197063,10349.47973236084,5682.640867297896,99692.20725195728,93.38999938964844
2010-01-08,8683.79946957565,3684.526339925518,10319.544607849122,5645.233979782481,99490.16251538633,92.66000366210938
2010-01-11,8642.621064332683,3646.7187813589258,10392.582523727417,5614.430421245614,98745.29894714712,92.09200286865234
2010-01-12,8467.929667530814,3560.6895507002914,10063.42940231323,5592.836207159213,96583.95359400648,91.08000183105467
2010-01-13,8572.548032714214,3619.827701182694,10198.43667022705,5587.463691016814,97980.62222438736,91.43299865722656
2010-01-14,8580.127345607643,3616.431597262426,10224.64181854248,5603.690971780108,97978.66698041126,91.26699829101562
2010-01-19,8583.432454696067,3629.6044618979854,10170.512200927735,5614.574029320868,98174.59761844481,91.1989974975586
2010-01-20,8495.499131759392,3576.174382545903,9934.456626281739,5633.592039339384,96950.67334491211,91.19200134277344
2010-01-21,8259.134188607006,3511.0273913266537,9705.496167526246,5604.753863883181,94714.56443230141,90.39299774169922
2010-01-22,8022.941980528678,3384.4716269736787,9624.937438354493,5573.548312161012,91654.80304905551,89.80999755859375
2010-01-25,8118.405038561542,3419.0692869349054,9717.804298400879,5598.653764690342,92669.19507134262,90.41500091552734
2010-01-26,8014.193742505308,3392.5030263331664,9640.602504577637,5561.14434989153,91712.27281667676,89.62999725341797
2010-01-27,8081.066793094517,3432.0026641311697,9582.37317489624,5568.003411764246,92627.83839412323,89.94999694824219
2010-01-28,7973.083702459727,3335.6243595960964,9559.561427001954,5555.503654169105,90711.7005208562,89.77799987792969
2010-01-29,7929.6465260963205,3294.2222438511903,9565.008844299316,5607.684861783056,89905.55768850591,90.2699966430664
2010-02-01,8096.672083268909,3349.212859394237,9833.846231460573,5618.672575271498,91602.86810603319,90.76000213623048
2010-02-02,8164.693421962973,3367.6412252140067,9868.407793197632,5607.482177340899,92239.67641552901,90.4280014038086
2010-02-03,8161.023933256521,3401.95028434563,9874.307601928711,5606.068016969013,92688.065849365,90.83999633789062
2010-02-04,7784.622163637885,3249.6158264843634,9331.722082214355,5563.487512524769,88475.60747447186,89.41000366210938
2010-02-05,7784.1350852029855,3270.6516770543753,9339.549727783204,5569.524216509282,88760.5002414885,89.22000122070312
2010-02-08,7727.939847894946,3246.5909332077576,9282.448927001953,5564.597457974734,88113.57718193276,89.22000122070312
2010-02-09,7873.066163369525,3300.892249154939,9462.444641952514,5568.413927307976,89677.12304908637,89.76799774169922
2010-02-10,7871.826597479837,3299.8083394750383,9453.44163208008,5562.944495487369,89655.28889558688,89.93000030517578
2010-02-11,7943.60146829906,3346.188633020698,9621.345038452147,5548.702202554083,90695.55204330181,89.80999755859375
2010-02-16,8100.836529203383,3413.3880239164287,9892.547641296387,5601.055673870254,92503.9711644825,90.24400329589844
2010-02-17,8211.91627162279,3463.675968061003,9947.21283340454,5620.9137279481165,93820.02666007727,91.0500030517578
2010-02-18,8344.426485890415,3521.344031116493,10115.6301713562,5657.825126708609,95358.23735609865,91.97699737548828
2010-02-19,8322.002936922067,3503.0209285909623,10020.883900222778,5634.103247507389,94980.82756629332,91.54000091552734
2010-02-22,8295.767602583297,3484.2061435930896,9951.001516571045,5610.922817187762,94575.13010580844,91.23500061035156
2010-02-23,8098.458705943209,3397.661536324733,9727.36279510498,5587.1295141947085,92275.47212704839,90.16000366210938
2010-02-24,8183.732821208784,3437.487315339261,9692.353367919923,5597.619335180855,93302.47647769528,90.27899932861328
2010-02-25,8081.314122701664,3398.291671408312,9668.833336410522,5555.391843906671,92187.09713448651,89.2699966430664
2010-02-26,8054.811946039651,3397.3829576763655,9730.624769515991,5541.959208333362,92024.74116723862,88.9209976196289
2010-03-01,8159.418120268404,3456.5428193162516,9755.68466697693,5562.311867188849,93421.33809266714,89.1500015258789
2010-03-02,8144.395038798567,3451.453752628626,9851.914562835693,5539.801523959026,93266.59903711584,88.73999786376953
2010-03-03,8136.037830618611,3448.6943356605184,9887.069065933227,5523.671953290149,93181.48850277632,88.56999969482422
2010-03-04,8215.032374593122,3483.3020812741706,9881.603205871583,5570.340980444348,94101.4242018854,89.16000366210938
2010-03-05,8431.51461645599,3578.8688662932072,9997.278335266114,5609.714920828531,96632.30295175796,90.22000122070312
2010-03-08,8439.159882580154,3588.5558839433434,9920.62602203369,5598.821656135525,96807.16224418227,90.28600311279295
2010-03-09,8425.384307944854,3597.1048881648812,9873.592905883788,5594.728762719601,96844.24091398441,89.98899841308594
2010-03-10,8508.160763225773,3646.2389103646046,9813.281032409668,5615.240994129903,97982.50081574355,90.47000122070312
2010-03-11,8560.492206253042,3667.6073149540853,9844.373085021973,5621.269994037796,98570.82870751093,90.64800262451172
2010-03-12,8551.033494147388,3664.025214839611,9773.793098831176,5623.345528855653,98468.28464973938,90.54000091552734
2010-03-15,8532.471938284962,3645.693410900947,9787.075166931152,5609.681481271448,98113.9941622386,90.31999969482422
2010-03-16,8597.585560972655,3668.0463732981016,9968.01610107422,5629.6900884632205,98788.67508133655,90.29000091552734
2010-03-17,8659.370005833118,3682.8607509912645,9907.264756622313,5643.618306854765,99342.24768742661,90.40299987792967
2010-03-18,8662.305195524894,3698.591565579116,9983.563570404052,5633.396062168245,99572.04712992709,90.4800033569336
2010-03-19,8586.906740178089,3677.480489145656,9801.50523651123,5628.36808835504,98855.4308200346,90.5199966430664
2010-03-22,8615.647674602602,3703.9977015996906,9734.134605407715,5635.933636173129,99378.7217609144,90.33999633789062
2010-03-23,8678.740320549205,3731.2304810371274,9788.444829101561,5625.672471400642,100107.94166017335,90.36599731445312
2010-03-24,8794.11252768522,3780.6461316615505,9781.088193511963,5670.952077965588,101436.22284069654,92.01399993896484
2010-03-25,8827.425677196468,3795.5092633262684,9878.53819213867,5680.576472913353,101827.80979567942,92.51300048828124
2010-03-26,8821.556613577402,3799.2913102840007,10045.33554092407,5693.653564676473,101845.49973161881,92.50700378417967
2010-03-29,8875.920088888419,3817.1185980874957,10058.287267684935,5684.285122849483,102397.480912886,92.48999786376952
2010-03-30,8913.66318011715,3843.671418642367,10021.775367050172,5710.348270816782,102972.68003509381,92.81999969482422
2010-03-31,8950.285815474623,3853.9262215528256,10189.003634262086,5767.005089433617,103320.76536445195,93.5199966430664
2010-04-05,9163.60987641459,3924.2733178679637,10460.253903045652,5752.46020625493,105488.89111205294,94.33000183105467
2010-04-06,9133.022541936714,3913.4102779446985,10413.947677688599,5736.699886695516,105166.87581003617,93.79399871826172
2010-04-07,9033.895085543201,3883.423188457313,10496.329197158813,5742.656568915128,104193.52776217654,93.30899810791016
2010-04-08,9075.972488308593,3896.992115059967,10523.762793731692,5743.003825471489,104618.00089829978,93.41999816894533
2010-04-09,9110.152296330074,3909.674244169459,10586.70281616211,5733.486778752767,104985.14938663179,93.16000366210938
2010-04-12,9126.883262475329,3913.8852880357,10530.610678253175,5750.424565326054,105137.9878894927,93.18299865722656
2010-04-13,9133.449391605573,3934.0462352182376,10500.45423439026,5761.23433425396,105447.11660296845,93.18000030517578
2010-04-14,9250.788916593681,3987.8205494373465,10547.73362968445,5754.221718698585,106845.33668130841,93.31800079345705
2010-04-15,9230.840819789795,3993.7662302574895,10573.996104049684,5746.766268584549,106810.73261440442,93.04000091552734
2010-04-16,8997.062071350483,3907.4124488074444,10250.766169738768,5726.332623832694,104304.77756598525,92.1500015258789
2010-04-19,9061.3626689511,3918.1415790267724,10276.928898239135,5731.477693167844,104818.73904335697,92.45999908447266
2010-04-20,9212.590280842463,3968.5562128904025,10384.839394683837,5778.138349687071,106366.48679625042,93.1709976196289
2010-04-21,9184.276101063273,3986.2634004397146,10450.89483596802,5789.613095152809,106442.12886347839,93.0540008544922
2010-04-22,9245.731923962418,4023.7742766869446,10445.632613525391,5797.402532388448,107300.2598110706,93.39800262451172
2010-04-23,9361.086824573355,4064.737106843808,10634.200154571534,5815.363498087282,108514.61454722866,93.9499969482422
2010-04-26,9320.77318512975,4053.578857947124,10587.225172042847,5816.179359202755,108132.72864878978,93.9000015258789
2010-04-27,9027.063068580048,3934.1485126136795,10677.09639816284,5823.658602734605,104837.09543467357,93.1439971923828
2010-04-28,9175.318279342142,3971.069012340222,10740.56749534607,5844.677957465513,106186.11174474751,93.95999908447266
2010-04-29,9294.3080681393,4043.719787009393,10743.80569580078,5857.762872361701,107847.91833758469,94.01300048828124
2010-04-30,9118.875378152428,3954.74783398824,10824.229011230467,5882.180141707175,105642.03165597122,93.83000183105467
2010-05-03,9321.93241745431,4048.1859198095513,10958.705315399171,5920.615947195172,108063.62044628766,94.69200134277344
2010-05-04,9104.459640185078,3925.2353949341577,10879.337594833374,5961.962157812486,105161.64677808835,94.70999908447266
2010-05-05,8961.456745672469,3866.315423829984,10793.255086288455,5926.333071931063,103546.40481091243,93.78099822998048
2010-05-06,8391.192151311092,3617.3018940175134,10762.446916961668,5803.337437150889,96917.39067065567,90.83000183105467
2010-05-07,8334.628817897443,3554.6558071658083,10831.166816558836,5835.06242224674,95752.83434436383,91.58000183105467
2010-05-10,8853.72178356831,3808.2675522860172,10955.172635879517,5891.5975519382955,102147.01209757035,93.18000030517578
2010-05-11,8763.1931801578,3776.0398137986977,11159.84314224243,5855.052925519739,101192.2444346799,92.48999786376952
2010-05-12,8950.98870558741,3876.7851803119966,11310.716444396972,5883.118372448025,103625.69075219972,93.16899871826172
2010-05-13,8802.528411858419,3798.260669421093,11185.195171508789,5874.513344487197,101716.89989932193,92.7770004272461
2010-05-14,8613.626528406689,3711.203866028964,11129.410089797973,5892.419246282501,99459.95131560728,92.45999908447266
2010-05-17,8626.553633231133,3726.9063223413227,11046.76836425781,5885.26871557184,99744.61003505228,92.5500030517578
2010-05-18,8449.540905469683,3648.7496829117554,10981.250606689453,5886.86538703641,97675.41994151754,91.9010009765625
2010-05-19,8368.427642908877,3604.9207348592417,10676.310306777954,5868.839270939677,96620.15314128832,91.54000091552734
2010-05-20,7861.553300910427,3386.375920825296,10352.621118164063,5785.7121549947915,90765.27570381924,89.37000274658203
2010-05-21,8032.040038742525,3448.1164005379414,10368.186927032471,5828.723475183066,92577.3323111892,89.98600006103516
2010-05-24,7946.227311385832,3441.7955826326993,10537.799885253904,5841.937458054352,91996.03116236755,90.19000244140624
2010-05-25,7966.866076532274,3450.3611580626384,10601.36360595703,5871.259367830507,92229.97798997133,90.33200073242188
2010-05-26,7887.103081389571,3397.358039230512,10658.746044616699,5835.829848778291,91059.94591732693,89.97000122070312
2010-05-27,8233.662022344888,3563.852590463471,10786.428249206543,5838.481920302632,95291.13580678854,90.87899780273438
2010-06-01,8012.989531124777,3517.777282243609,10923.80081703186,5886.939375020243,93593.58986868704,91.0999984741211
2010-06-02,8320.012992761065,3645.7725531183687,11042.518492431638,5923.2647118700115,95803.28827295084,92.19000244140624
2010-06-03,8387.880975356602,3698.3875277197285,10925.809209594725,5942.678896731303,96001.64655451282,92.6230010986328
2010-06-04,8028.235563454154,3540.895166261549,10951.176872634886,5977.113114707734,94018.1489643846,91.87999725341795
2010-06-07,7896.867957652911,3461.3153581747893,11118.27869911194,5977.712180772179,93677.72398319507,91.51599884033205
2010-06-08,7972.214299520415,3450.9379234844737,11060.610443115234,5952.28189232103,93292.48132391092,91.41000366210938
2010-06-09,7925.689990146714,3419.7990949108294,11014.964142456052,5949.989132774415,92682.98955285767,91.36499786376952
2010-06-10,8152.369910378933,3517.100694903477,10863.94459487915,5890.883150505073,93327.83920486068,91.30899810791016
2010-06-11,8219.85775426196,3563.3894417172355,10995.316529617312,5948.686190998759,94506.33323680738,91.62000274658205
2010-06-14,8207.117274487608,3562.5915517903763,10957.752328491211,5943.5691342275795,94334.59594949527,91.62000274658205
2010-06-15,8380.351761424863,3654.1017183060058,11067.439141845703,5915.577815978421,96020.84360598258,91.4739990234375
2010-06-16,8370.215824138557,3666.1088917209086,10997.68112800598,5927.12367382924,95881.12391866194,91.39600372314452
2010-06-17,8332.6707081095,3655.672581592869,11073.395553588867,5918.970239695162,96067.2637275349,90.83999633789062
2010-06-18,8289.410198102,3653.1487106949126,11140.680625152589,5897.817157443071,96322.3628389143,90.6999969482422
2010-06-21,8292.55339364707,3633.272587345036,10954.888380661012,5912.553190441939,95261.32159623425,90.99500274658205
2010-06-22,8114.8167325959885,3586.665735990183,10996.083111190796,5918.385845468159,94818.85158844959,90.54000091552734
2010-06-23,8033.346669874504,3546.803674590259,10874.614942932129,5899.173703106891,93768.2209556152,89.91000366210938
2010-06-24,7875.6261258989225,3481.0148092416307,10872.118666839599,5875.796014012453,92883.49524932321,89.62999725341797
2010-06-25,7866.265373428143,3456.150076918879,10944.054187316895,5853.665172063812,92861.74056136528,89.1500015258789
2010-06-28,7855.808719502262,3450.0008600431343,10814.91159866333,5906.144271908629,92226.07091107158,89.31300354003906
2010-06-29,7556.658687561022,3289.76539250608,10750.464481658935,5887.6092907567445,89820.85692105965,88.64900207519531
2010-06-30,7466.379167905369,3230.7143804561556,10760.16243713379,5881.7073847167985,89077.95382531911,88.43000030517578
2010-07-01,7363.338299139351,3191.2189950222837,10252.703821411133,5823.94066844167,86471.80595933953,87.5999984741211
2010-07-06,7361.12327309432,3187.610924591225,10192.295191116333,5819.636900123826,86188.27037865754,87.4800033569336
2010-07-07,7610.32873690743,3298.942473816258,10322.566435928346,5814.530228006799,86691.38817318655,87.68000030517578
2010-07-08,7749.624742797828,3344.9222818183603,10362.53652923584,5848.707624595829,87114.87781581027,88.41000366210938
2010-07-09,7821.608585900394,3383.4329977503016,10483.145163879395,5843.793373829412,87579.2747573652,88.56999969482422
2010-07-12,7832.777381407974,3396.123015615043,10400.900252838135,5858.2728539094105,87346.38190750044,88.63899993896484
2010-07-13,7964.775285194115,3446.9583269232585,10509.539393310546,5839.239987574712,87654.71851223739,88.79299926757812
2010-07-14,7917.13965765963,3444.369363995143,10442.340602874756,5833.884920913173,87335.03939790746,88.2699966430664
2010-07-15,7835.8690748020545,3411.128223422267,10326.207767028809,5802.375491195381,86615.0117416876,87.33999633789062
2010-07-16,7552.059008654028,3285.502372322867,10098.954915161134,5783.880095739217,85531.01753087601,86.55999755859375
2010-07-19,7614.218918325074,3321.8599091581787,10040.735047225953,5782.062306608171,85275.29831130008,86.76000213623047
2010-07-20,7741.441447947613,3381.4197081212665,10176.778922653199,5820.291037071826,86128.6908740277,87.24199676513672
2010-07-21,7607.451420898131,3319.663840398928,10062.846857070923,5831.960201338343,85742.9083426421,86.86100006103516
2010-07-22,7800.812022092318,3415.615380320351,10181.310704193114,5817.297608417849,86124.99266528213,87.1240005493164
2010-07-23,7904.279013923415,3453.28541139233,10160.19641029358,5824.747858831266,86093.30955862041,87.5199966430664
2010-07-26,7938.973268797439,3461.5339820909285,10050.009086914062,5788.180480624089,85359.9169063222,86.99800109863281
2010-07-27,8012.9013317658,3492.5487059150155,9967.994374771119,5822.319881616431,85276.0025926106,87.81600189208984
2010-07-28,7928.182824588032,3449.839557957084,9950.288955841064,5823.283296997466,85209.65089293945,87.4520034790039
2010-07-29,7820.177725559163,3393.7883282705598,9906.999916534425,5784.211333679123,84735.51196413639,86.68299865722656
2010-07-30,7796.841486427524,3391.816712214828,9982.955881958007,5801.8787596384755,85184.29760462603,86.44000244140625
2010-08-02,7987.47454082218,3462.997001426572,10005.532870635987,5794.4506272921435,85142.81507279516,86.5979995727539
2010-08-03,7874.135064304304,3415.316655533104,9949.622058410645,5766.806611853089,85142.81507279516,85.77999877929688
2010-08-04,7926.760276415134,3450.3441918211606,10012.24145751953,5742.726519820224,85142.81507279516,85.77999877929688
2010-08-05,7966.341767475056,3463.1281374094233,10095.37435699463,5805.39930159998,85142.81507279516,86.30000305175781
2010-08-06,7890.9360551910695,3439.1454060978167,10114.560741577148,5811.933607450735,85142.81507279516,85.83300018310547
2010-08-09,7887.86686004951,3443.381000064426,10019.385807800294,5777.62460779181,85142.81507279516,85.34400177001953
2010-08-10,7896.1174534769125,3435.1519849289807,10112.654183654786,5844.600086434313,85142.81507279516,85.89700317382812
2010-08-11,7631.697210805659,3318.9022834504226,10016.142471618652,5841.009393589342,85142.81507279516,85.36000061035156
2010-08-12,7568.209924210077,3284.839193530055,10115.878092041015,5813.201313891126,85142.81507279516,85.1719970703125
2010-08-13,7625.829462563394,3295.594219317341,10220.426462860107,5900.135847860207,85142.81507279516,86.0739974975586
2010-08-16,7628.153908399471,3304.134036221925,10313.542126922608,5947.581639252575,85142.81507279516,86.13999938964844
2010-08-17,7647.19477875896,3314.757414450948,10215.51315498352,5860.132562811259,85142.81507279516,85.30699920654297
2010-08-18,7687.015333763437,3339.24195966098,10290.23104675293,5873.9097140962585,85142.81507279516,85.59500122070312
2010-08-19,7539.60770729212,3281.7566592104304,10286.1218939209,5889.656121782681,85142.81507279516,85.44000244140625
2010-08-20,7506.702570601318,3282.5371512114007,10238.719892349243,5863.872325133565,85142.81507279516,85.34400177001953
2010-08-23,7497.0064994043105,3257.9974618606407,10248.376507568359,5886.51906546834,85142.81507279516,85.55999755859375
2010-08-24,7349.558292377447,3180.3838894114756,10247.570620422362,5904.298385900223,85142.81507279516,85.14099884033203
2010-08-25,7294.661415284948,3175.2596775099278,10215.842250366211,5810.9329356143935,85142.81507279516,84.1780014038086
2010-08-26,7289.327853550667,3155.185162730794,10243.376411132813,5872.606619024738,85142.81507279516,84.68399810791016
2010-08-27,7372.694264903739,3181.596740534661,10206.709541244507,5781.68641695775,85142.81507279516,84.34600067138672
2010-08-30,7365.247816019005,3190.8473972686875,10337.925843582154,5905.8617289514905,85142.81507279516,85.5009994506836
2010-08-31,7281.775830706465,3143.6213790533443,10319.666276855469,5865.032019062578,85142.81507279516,84.53199768066406
2010-09-01,7464.80838882202,3224.482025915187,10238.996525726317,5795.6376556827245,84288.28025251167,84.13999938964844
2010-09-02,7558.230474614286,3271.537746082401,10322.131746368408,5789.681072324483,84587.79667076594,84.40699768066406
2010-09-07,7544.229039175053,3292.708667145001,10321.524337005616,5782.423743953251,84532.60726401073,84.12000274658203
2010-09-08,7562.17017401483,3317.70319637236,10274.753997116088,5739.846917198861,84030.68792002491,83.73200225830078
2010-09-09,7616.8798574518005,3339.52549354457,10204.961629028321,5709.311975983329,83521.26988776907,83.94999694824219
2010-09-10,7653.511596554073,3351.1792973280594,10216.798937149048,5691.418328638254,83440.17372928164,83.93000030517578
2010-09-13,7773.402781327072,3414.046166821976,10253.417243499756,5744.267711969262,83974.81158460816,84.30699920654297
2010-09-14,7710.891923650391,3403.298811792374,10378.11758972168,5730.463308023036,84388.72526026153,83.68099975585938
2010-09-15,7681.77388590562,3399.293053636046,10292.968688812256,5667.2496723036065,83578.76027688163,83.0479965209961
2010-09-16,7924.975585849984,3522.0511740081415,10680.790619659423,5827.72387973425,86342.68798821441,85.69999694824219
2010-09-17,7899.3372603036805,3540.6381445500842,10691.509866790771,5851.075911290525,86556.40824404437,85.8479995727539
2010-09-20,8005.359626141619,3596.690107061168,10700.110604858399,5858.393582574378,86644.99145545132,85.69000244140625
2010-09-21,7990.357066514772,3596.451809892217,10799.309458389283,5914.083096034843,87458.26114383945,85.7020034790039
2010-09-22,7896.4537490360235,3562.0577295468775,10741.260469055176,5882.419539877703,86989.06669110879,85.11299896240234
2010-09-23,7774.151589109017,3534.088621942459,10669.824423980712,5846.992305219231,86437.35596536903,84.4800033569336
2010-09-24,7937.289395135106,3608.513519666564,10706.572170639038,5819.934632228407,86392.43627096432,84.51000213623047
2010-09-27,7881.135459483576,3580.32022490154,10684.523759765625,5851.658049820505,86531.83126126483,84.31600189208984
2010-09-28,7904.877449801085,3577.105151251135,10774.558945083618,5868.378815323844,87024.42348458177,84.2750015258789
2010-09-29,7855.227763499021,3554.978855025058,10733.98118133545,5827.543557866,86560.67860017586,83.89199829101562
2010-09-30,7820.133166282125,3533.5227056952394,10714.50891166687,5811.7189991559735,86365.51670661711,83.76599884033203
2010-10-01,7834.6477107060255,3520.869606356985,10773.00866065979,5801.264660088909,85837.29703739047,83.56999969482422
2010-10-04,7753.806930602193,3472.2584018737043,10704.95720352173,5805.3812236382855,84975.94272003768,83.33300018310547
2010-10-05,7926.0416472425795,3565.515215587597,10938.057754135132,5818.40186753341,87039.87408383802,83.50299835205078
2010-10-06,7895.65182772981,3520.8660400072736,10965.274221801757,5834.139257699516,86608.74148807433,83.19000244140625
2010-10-07,7864.985466950495,3524.4887137678807,10816.408163986207,5824.35116530928,86055.24075377526,82.96700286865234
2010-10-08,7853.140125318209,3524.048073173849,10846.15043838501,5785.4667077632475,86169.25243273182,82.37999725341797
2010-10-11,7807.118593086691,3501.5236504659056,10823.967759628295,5751.908671326342,85807.65260322156,81.81999969482422
2010-10-12,7856.959018324882,3537.4446918970802,10832.46402923584,5754.0309079026465,86276.45926739855,82.08899688720703
2010-10-13,7888.258427334962,3553.452907377098,10964.244436340332,5732.3716754741945,86998.97377839166,81.77999877929688
2010-10-14,7859.215964439917,3547.081211336415,11022.280031204224,5700.752816183822,87154.73835303597,81.7979965209961
2010-10-15,7843.695859757543,3609.095951866252,10890.909763183594,5653.18876010614,87378.09896505685,81.47000122070312
2010-10-18,7890.75367183881,3591.497969803603,10927.437618713378,5673.777407695099,87311.70139204687,81.37799835205078
2010-10-19,7753.081818547892,3549.4679260261437,10564.671525878908,5680.69657197284,85347.41563912932,81.197998046875
2010-10-20,7861.966730606404,3590.8914651368154,10708.095415954589,5701.313030288132,86424.22576722402,81.54199981689453
2010-10-21,7832.250616133942,3576.534052961504,10494.190889511108,5635.824113659691,85392.15673858175,81.05500030517578
2010-10-22,7870.5554686104015,3612.2303404086724,10547.04939590454,5654.579378256518,86036.25200473175,81.30000305175781
2010-10-25,7894.70467383141,3630.4073904162196,10639.282402420044,5653.48480005877,86626.32514867856,81.30899810791016
2010-10-26,7849.032812994217,3618.693052125314,10578.375600585938,5582.21259908198,86240.16336409567,80.82499694824219
2010-10-27,7876.132882604722,3652.9977878655613,10534.767979125978,5584.879063694445,86480.33675091545,81.33699798583984
2010-10-28,7910.586409120666,3676.215428121314,10719.552072143555,5641.194740067235,87502.78267952228,81.67900085449219
2010-10-29,7916.599523804475,3667.643449358393,10832.269093322755,5666.5391868647575,87851.33505053064,81.67900085449219
2010-11-01,7795.8467328449115,3613.2944303863273,10607.159286499022,5568.825510739585,86286.28317990445,80.40599822998047
2010-11-02,7873.282419682187,3659.623999903376,10673.261659317017,5598.214437057635,87108.88923762877,80.55899810791016
2010-11-03,7914.9485807684005,3681.507444955388,10613.488663635253,5624.036682626479,87128.06159697686,80.66799926757812
2010-11-04,8105.577952843181,3745.015234478979,11025.231915130615,5696.5041831628605,89559.24339322088,81.05000305175781
2010-11-05,8108.5697141696255,3732.3546310582733,11016.231013183593,5653.264327157475,89371.23736059775,80.7760009765625
2010-11-08,8129.843670516145,3753.9635454629233,11179.469115905762,5680.460173733404,90292.39376438691,81.13999938964844
2010-11-09,8066.462684916886,3731.2612053974563,10994.99260345459,5628.809221792375,89271.9428244458,81.08999633789062
2010-11-10,8148.204047389442,3772.853737420634,11196.450945129396,5684.3687818332755,90587.32619286282,81.58300018310547
2010-11-11,8179.296175828176,3777.8478890423967,11316.202967681884,5721.24564403432,91133.18425675499,82.2040023803711
2010-11-12,8102.722414043977,3724.251681816155,11017.393389587402,5687.813911464855,89279.01387975737,82.41000366210938
2010-11-15,8097.153398075973,3712.8987140351837,10920.677561645507,5618.500208026905,88750.59110474307,82.47000122070312
2010-11-16,8037.888563060894,3681.1418848273834,10891.727475738526,5707.971025635925,88253.14232330397,83.16200256347656
2010-11-17,8063.050713205986,3701.729473340377,10871.084041900634,5706.430107040697,88415.64988408654,83.37999725341797
2010-11-18,8154.250196142779,3749.6196775481308,10976.678798446655,5673.756500424006,89417.2383817778,83.0999984741211
2010-11-19,8219.976206112988,3772.3957984750487,11043.988121032713,5715.608960388133,89962.95549958432,83.54000091552734
2010-11-22,8207.735445996848,3802.0377118075116,11143.577881469726,5742.533682029313,90721.8493678896,83.48500061035156
2010-11-23,8070.01778356991,3731.9697795249854,11195.00902305603,5740.89598366293,90092.34626954398,83.29000091552734
2010-11-26,8126.903127592957,3812.8831723614826,11131.988934402467,5727.086856206136,90804.55909863269,83.62999725341797
2010-11-29,8202.89755849651,3819.3934548492875,11235.800760345459,5775.669375469406,91303.8498150772,84.15699768066406
2010-11-30,8166.176763988492,3776.2688039456366,11409.676382446289,5792.451397434846,91493.72885819885,84.25399780273438
2010-12-01,8282.837090052033,3831.318062799937,11328.327830047607,5676.915860708279,91822.47163182229,83.6780014038086
2010-12-02,8433.543122827477,3891.4211296440503,11373.429748535154,5692.798832758681,92727.77388172841,84.12300109863281
2010-12-03,8418.655478280834,3884.3744376678724,11563.224505844115,5668.082816461448,93408.89114767493,83.7490005493164
2010-12-06,8312.446349133288,3837.621126080882,11515.525630187989,5637.697516474839,92653.76262652359,82.77999877929688
2010-12-07,8306.134125168457,3835.0520715075654,11284.454750061035,5536.47424558826,91690.35722739462,82.66999816894531
2010-12-08,8418.145040696081,3887.1828762752316,11252.133908157348,5542.737437880402,92187.27926517067,83.47899627685547
2010-12-09,8513.78832832901,3920.1449956525557,11384.616793441774,5595.889124178081,93118.58838625523,84.0999984741211
2010-12-10,8534.401693649055,3933.295843770811,11349.524816207886,5529.476877665604,93135.23444518997,83.81600189208984
2010-12-13,8555.882785418911,3926.34270854726,11424.52659187317,5557.685969627978,93354.2293644748,83.9729995727539
2010-12-14,8509.08432320793,3908.3537122008106,11362.859532470704,5463.873284403375,92888.88794500819,83.44000244140625
2010-12-15,8505.709315168206,3907.527093627874,11286.513123321532,5464.2292376907435,92570.8435428386,83.79000091552734
2010-12-16,8603.963590313171,3960.818243370002,11276.034514312745,5528.309687727637,93169.8739670554,84.26899719238281
2010-12-17,8545.853077191032,3954.083971606738,11279.510409545897,5561.591178636255,93102.85932782984,84.05000305175781
2010-12-20,8562.40168562051,3955.1468659750203,11350.5913886261,5558.348997975106,93402.49842700659,84.01000213623047
2010-12-21,8592.176333886573,3968.119726197022,11335.892223815918,5554.408665953933,93499.2979409942,83.77100372314453
2010-12-22,8620.85509803153,3968.652472251777,11315.839623641969,5540.230510079828,93424.78665052295,83.79000091552734
2010-12-27,8522.423311258373,3919.041977843909,11195.723206939698,5484.402237519589,92343.03247462482,82.91899871826172
2010-12-28,8514.149831646768,3902.3879166171705,11350.838567504883,5413.546962095178,92768.58357578865,82.72000122070312
2010-12-29,8482.747397396051,3893.8761906691734,11341.245146636964,5450.580844401145,92627.43732117912,82.35600280761719
2010-12-30,8393.379512667212,3849.6846557580666,11184.114021453857,5390.719033984001,91461.52282164124,81.61799621582031
2010-12-31,8381.188179170616,3828.8957671396665,11302.906065673827,5408.814322303645,91690.73142901668,81.4800033569336
2011-01-03,8430.73110738956,3872.5443581083127,11194.974151611328,5368.4005017683185,91773.25679910368,81.12300109863281
2011-01-04,8482.901583068962,3895.4356638802064,11005.03225326538,5417.36465543499,91271.91461995509,81.66999816894531
2011-01-05,8565.415405157439,3947.1360952537634,11023.4463306427,5382.903393332217,91963.0500240915,82.03800201416016
2011-01-06,8668.577111637063,4015.6365056689006,11133.184270248414,5486.797275400082,93226.5809579688,83.18900299072266
2011-01-07,8663.10910946057,4017.344832105428,11127.21440765381,5530.81344937588,93222.60746173681,83.30000305175781
2011-01-10,8624.162163320976,4019.6026282597722,11135.983436279297,5531.764164971914,93285.25143768115,83.02999877929688
2011-01-11,8621.369504239621,4009.909272479562,11158.405976486205,5488.70103853453,93261.1259225645,82.70999908447266
2011-01-12,8765.43469154287,4069.299658049832,11289.235903930665,5514.520369207535,94502.05980180044,83.33999633789062
2011-01-13,8722.767763868089,4057.5722279057627,11135.533459091188,5533.838951313034,93735.88145573062,83.06999969482422
2011-01-18,8758.532051499722,4080.413581171623,11030.657855682373,5478.410608626308,93580.63964860022,82.66999816894531
2011-01-19,8666.566373184358,4030.4955777966165,11046.876574707032,5488.654354274819,93051.89370688619,82.61199951171875
2011-01-20,8607.199559558288,3979.402379215541,10778.735839843748,5415.680096628619,91350.21006316954,82.15499877929688
2011-01-21,8707.01684922653,3985.212263253408,10865.007360076905,5484.372905353027,91771.05106338167,82.91999816894531
2011-01-24,8721.259845191542,4024.884835079403,10765.91076904297,5462.868774448154,91839.93102579137,82.58599853515625
2011-01-25,8721.339767028026,4028.707872262445,10738.714176177979,5487.522470336605,91774.64591431056,82.54199981689453
2011-01-26,8725.187874290636,4036.389226499057,10789.221880187988,5435.46021508514,92072.0294768294,82.26000213623047
2011-01-27,8736.40587878531,4056.82932643194,10510.291217651367,5449.482992047455,91178.79553462751,82.16300201416016
2011-01-28,8659.272818443627,3987.161922506618,10798.258078308105,5522.69286224478,91522.24120512168,82.88500213623047
2011-01-31,8640.573339733786,3968.292603533801,10660.898025741577,5448.074092706146,90737.56163585998,82.08899688720703
2011-02-01,8776.866089397185,4042.887982873876,10734.755960083008,5421.404363911347,92095.08802775381,82.06999969482422
2011-02-02,8686.941284523911,4002.6637407598964,10617.455798721312,5363.7962903677435,91165.1904519393,81.39099884033203
2011-02-03,8717.825635338335,4014.9995407733063,10773.374099731443,5339.75298316042,91467.67134691199,81.49299621582031
2011-02-04,8759.333300572616,4045.451942831688,10750.039200897216,5316.8898740730765,92032.6136762498,81.6500015258789
2011-02-07,8875.631348986379,4093.5068470799984,10826.729760742188,5351.664541792362,93189.94205679873,82.22000122070312
2011-02-08,8923.466725129954,4123.983334293666,10955.957655029295,5319.228700443443,93788.27317682876,82.28900146484375
2011-02-09,8904.788043688843,4117.833361612483,10952.060396804809,5350.618313067265,93620.30036123641,82.3030014038086
2011-02-10,8920.709278706223,4130.209362610908,10949.363979721069,5340.547357068292,93844.93628529477,82.41899871826172
2011-02-11,9074.249586189388,4206.962591238175,11027.548315429687,5425.158172313409,95524.85624536901,83.33999633789062
2011-02-14,9107.415731978865,4222.449720130596,11093.879832458495,5433.711594109452,95875.26218728232,83.44400024414062
2011-02-15,9075.37553371859,4215.033564928929,11174.839879837036,5444.170193084213,95622.9085736033,83.41300201416016
2011-02-16,9165.864282179487,4258.2951069166065,11226.316058349608,5456.194377469491,96590.43938315852,83.71600341796875
2011-02-17,9181.615056574792,4251.364558001917,11290.694482421874,5469.534438643797,96593.72740708377,83.61000061035156
2011-02-22,8957.444367641681,4090.4966923070606,11321.065397872924,5485.423538183652,93583.70860020521,83.06600189208984
2011-02-23,8869.612531946657,4041.342492362523,11380.32789375305,5451.65779169768,92562.7952347303,82.76000213623047
2011-02-24,8829.034082842942,4046.929527275238,11251.13872314453,5444.53966141566,92414.23942786448,82.43800354003906
2011-02-25,8881.116412865915,4084.8934481055044,11271.61645751953,5436.248600239856,93120.29225188988,82.0469970703125
2011-02-28,8889.86102188322,4072.2384525264406,11236.08474685669,5405.763794295758,93021.55027712372,81.62200164794922
2011-03-01,8768.52284290683,4018.1170507991465,11464.676343841553,5428.610853823918,93014.49500770353,81.87300109863281
2011-03-02,8789.958110460151,4040.874196562085,11459.168527221678,5401.617601445313,93251.67356775676,81.89800262451172
2011-03-03,8933.716618779596,4118.089386646174,11299.628924560548,5360.1952461309065,93477.29274451753,81.8280029296875
2011-03-04,8925.187064779491,4123.741894612568,11477.840999221802,5434.314496651398,94274.57151185203,82.36699676513672
2011-03-07,8852.5373047869,4066.438480296175,11504.964284057618,5419.209924085811,93731.84343013959,82.34300231933594
2011-03-08,8924.465006261096,4080.505611903793,11468.213094482422,5402.927722385107,93741.34441745597,82.29199981689453
2011-03-09,8966.688748514642,4077.397863041759,11543.148425445557,5468.203269535442,94013.96890374442,82.80000305175781
2011-03-10,8804.259080121312,4014.4208277730786,11411.90243522644,5517.102201604285,92755.30729606833,82.83300018310547
2011-03-11,8874.336853860474,4043.9715541687106,11460.92585876465,5509.7396578296775,93294.26246388126,82.91799926757812
2011-03-14,8646.93043928459,3950.034233678917,11287.09576538086,5413.350295291352,91507.02847952068,81.28399658203125
2011-03-15,8604.227743902178,3918.722548181359,11149.611358413697,5468.908362562229,90584.24892103882,81.81999969482422
2011-03-16,8366.084556628974,3786.951981419751,11043.069406738283,5464.138247916002,88641.72631017,81.05599975585938
2011-03-17,8275.180434063277,3731.54526566663,10838.161934280395,5317.784841304452,87166.6282266806,79.12799835205078
2011-03-18,8308.231546764,3740.4975281535,11000.415,5339.379594262499,87935.96363574534,79.5
2011-03-21,8597.771255708662,3886.4266730392774,11272.427015075682,5412.7879170370625,90720.49072379863,81.01499938964844
2011-03-22,8588.46709341984,3888.2505183977146,11292.11139907837,5428.64846836021,90822.24902213662,81.20899963378906
2011-03-23,8595.015382148931,3902.512115194544,11373.013465576172,5410.34147998657,91317.71719129418,81.03900146484375
2011-03-24,8658.796262114547,3964.4828774537646,11258.303289642334,5371.1451213520195,91553.60860183858,80.86699676513672
2011-03-25,8701.043928082896,3981.64261183855,11282.009631500243,5366.448932680214,91846.99783131207,81.01399993896484
2011-03-28,8726.443660895595,3980.8646977975263,11283.944113311767,5397.008133862949,91846.07004762281,81.4489974975586
2011-03-29,8818.617896534042,4035.52612193616,11300.049895248414,5401.855380119377,92536.37581489116,81.76000213623047
2011-03-30,8950.178884903413,4087.1843141634013,11427.933801651,5463.69484218737,93651.9833844825,82.41100311279297
2011-03-31,9018.1943806713,4129.672384686682,11629.359213409425,5498.44138577575,94965.26874156747,83.1500015258789
2011-04-01,9079.155194042525,4142.296593110661,11603.712084960936,5524.158410882881,95002.2411445555,83.36000061035156
2011-04-04,9180.400166079547,4170.989342492632,11777.324970703125,5593.810453071853,96043.61125832328,84.22000122070312
2011-04-05,9169.212939379844,4155.4578765036795,11950.666109848024,5559.526404835901,96578.90445194856,84.12999725341797
2011-04-06,9310.72904079641,4216.79558695312,12125.081321411133,5603.206662656408,97996.31886060476,85.16000366210938
2011-04-07,9304.49292638642,4221.723130372582,12158.953156509398,5614.344573112001,98191.83513006824,85.31999969482422
2011-04-08,9233.265143826029,4183.780019690065,12205.353468475341,5574.23395445552,97949.35351582413,84.95999908447266
2011-04-11,9214.134910002655,4173.540813287207,12130.10573059082,5586.788137578167,97523.08456739371,85.04000091552734
2011-04-12,9101.176768085239,4124.455319009942,11984.45391105652,5591.356017288265,96363.81914988408,84.62999725341797
2011-04-13,8989.726048220258,4109.471817369744,11862.839783477784,5544.850458262612,95692.75910652621,83.5999984741211
2011-04-14,9016.257714171166,4111.115132029417,12048.832817459106,5538.395063461756,96476.1709468571,83.78299713134766
2011-04-15,9049.153759339884,4103.762898301297,12152.72373390198,5579.179614450473,96819.33464981875,83.78299713134766
2011-04-18,8879.80240789051,4043.4256774206974,12133.642173156739,5550.518305569729,96051.94638785823,83.14700317382812
2011-04-19,8843.487663506716,4029.177221191825,12015.000566558838,5503.31866147871,95401.49974631538,82.33399963378906
2011-04-20,8990.824150550989,4133.610828608789,12097.970268249512,5497.888832674123,96935.04289790764,82.58000183105469
2011-04-25,8949.686688647353,4142.255059837526,12024.247303390503,5474.062701478975,96730.6568945372,81.87000274658203
2011-04-26,9023.39220251909,4164.43657573703,11979.738663940429,5495.490929201136,96800.94687811665,81.83999633789062
2011-04-27,9045.792358412318,4176.307078704541,12161.441436767576,5457.644465564446,97683.49654521728,81.51100158691406
2011-04-28,9152.285452912114,4205.321442711879,12315.803636627197,5525.229870720275,98649.396149948,82.2040023803711
2011-04-29,9098.585379862943,4167.264085085843,12422.725914001465,5491.016881633832,98654.4258753155,81.52999877929688
2011-05-02,9050.818070082945,4143.935965367413,12217.352675247192,5468.942569506956,97543.03335373465,81.22699737548828
2011-05-03,9013.04330127153,4121.591654353727,12167.258445739746,5480.343989617934,97079.98279236436,81.18000030517578
2011-05-04,8930.008647674027,4104.484276229862,11961.550631484984,5480.046504885061,96058.40676851486,80.96900177001953
2011-05-05,8813.248985140295,4065.1619117312644,11569.42071243286,5484.980710071598,94031.91956057008,80.63999938964844
2011-05-06,8827.687325557847,4067.328255138701,11684.590073394776,5472.698457771243,94516.50509950623,80.41699981689453
2011-05-09,8896.826279283463,4098.947821524661,11898.577090911866,5502.383641301364,95742.14204118872,80.73400115966797
2011-05-10,8918.090238868825,4109.175751526517,11867.791321563722,5442.360139959539,95739.994798629,80.24199676513672
2011-05-11,8908.79704663205,4117.632254844674,11871.352172546385,5514.2854834427735,95853.86814755427,81.01100158691406
2011-05-12,8951.09683453519,4142.818029352134,11875.256213150025,5502.007892939575,96166.30416856514,81.01000213623047
2011-05-13,8885.4702323411,4094.571467208666,11801.855333328247,5525.56538633125,95305.03592638335,81.04000091552734
2011-05-16,8804.828697847855,4011.6046503593143,11748.367485198974,5523.701081088091,94113.87657008687,80.81700134277344
2011-05-17,8799.69355541823,4021.2802407623894,11692.386344299317,5537.5422356798945,94004.79322926298,80.78199768066406
2011-05-18,8948.556290048993,4087.385091493169,11854.897253417968,5549.205525868253,95431.74531050934,81.4209976196289
2011-05-19,8996.30929160293,4111.615754566609,11893.925103378297,5571.423772969215,95872.92193829198,81.66100311279297
2011-05-20,8930.627549463754,4082.374489906753,12051.997400894166,5588.527922957212,96158.29862879231,81.71399688720703
2011-05-23,8829.832695554136,4023.0620210956777,12083.623884201052,5597.932571934572,95585.21730796667,81.73999786376953
2011-05-24,8845.899707444047,4008.570434808427,12177.990738830567,5618.675972507944,95790.53295398068,81.95700073242188
2011-05-25,8885.251450813388,4028.861058016,12190.6913230896,5625.5031723705115,96080.32969299721,82.0479965209961
2011-05-26,8923.363248110043,4052.8846061599374,12157.301310424804,5654.920523507082,96230.41687293194,82.02200317382812
2011-05-31,8924.823525044323,4082.938489062912,12102.882789001464,5584.312773257347,96367.76919857723,80.87999725341797
2011-06-01,8786.171297165598,4021.0879721586866,12210.619669189453,5670.4353748612575,96063.87668113469,81.4530029296875
2011-06-02,8716.608637957424,4002.010009912017,12093.65258026123,5597.760825024225,95373.37914172023,80.89399719238281
2011-06-03,8638.033848929783,3944.6637991688413,12163.313583374023,5625.158811788141,94972.75143814496,80.97000122070312
2011-06-06,8467.468281294236,3875.7435844639463,12071.505783691406,5569.591520036393,93793.35068688964,80.22000122070312
2011-06-07,8451.670162764462,3863.881471193313,12051.650813140868,5573.0253511423825,93574.24223046591,80.12000274658203
2011-06-08,8421.53192027269,3838.151834669806,12010.267425689697,5588.616569374834,93105.6755173828,80.16999816894531
2011-06-09,8456.16121307607,3831.4069269160264,12028.238308105469,5546.679835021804,93097.43111554658,79.88999938964844
2011-06-10,8380.28323545329,3791.054147469718,11982.479736633302,5592.360292798514,92438.68044810792,80.29000091552734
2011-06-13,8392.07322629148,3793.4147820586277,11871.841258850098,5583.703275299266,92026.66562867622,80.33999633789062
2011-06-14,8481.187307531904,3834.921439123155,11919.766292037963,5527.885646985349,92707.66461613694,80.1760025024414
2011-06-15,8368.166225563114,3778.121625765596,12010.124936523438,5613.2503020448885,92395.7887945979,80.54000091552734
2011-06-16,8422.01656586981,3779.166092077677,12048.693190841675,5652.658986514716,92561.48099624412,80.87999725341797
2011-06-17,8373.988148499646,3753.0170789387844,12081.715901641846,5627.424546250608,92383.8040206992,80.5770034790039
2011-06-20,8364.496590487173,3749.401238580429,12013.801739730836,5583.7922328428085,92071.04644579101,80.07599639892578
2011-06-21,8495.854479515334,3838.6555826650715,12096.078014831543,5587.30519851427,93452.81819199343,80.23400115966797
2011-06-22,8443.294465368632,3809.8824896723136,12112.56889137268,5584.091052749719,93178.4029379292,80.22100067138672
2011-06-23,8436.016962169228,3853.5609563571943,11924.01469985962,5624.864800854524,92944.80219194156,80.38300323486328
2011-06-24,8343.958540438514,3788.3766036420475,11765.154757080078,5652.583404643094,91542.93943741903,80.44000244140625
2011-06-27,8420.404012323806,3850.529523702216,11725.435666580199,5631.989422785281,92119.41512367211,80.45999908447266
2011-06-28,8571.662967306385,3927.857076433205,11823.50377685547,5606.932530393178,93423.04897179308,80.8499984741211
2011-06-29,8669.665646871254,3955.432324310868,11933.354669494629,5589.046812305768,94185.65627973383,81.08000183105469
2011-06-30,8712.626944968091,3990.620163755583,11783.659866333008,5544.37770404357,94006.23813193769,80.70999908447266
2011-07-05,8836.621041949566,4073.4126298271003,11918.613042297364,5566.957605081945,95141.94647914395,80.73300170898438
2011-07-06,8884.117392991991,4103.96314508475,12072.133654556274,5600.135618354944,95754.81293900395,81.06999969482422
2011-07-07,8961.679194019163,4154.22897911096,12071.903227996827,5569.418156407229,96760.04332349217,80.93800354003906
2011-07-08,8930.222913339594,4157.785528804315,12204.808004379272,5649.270208591473,96633.05807777608,81.2300033569336
2011-07-11,8706.150221494348,4052.2012756031872,12225.733731307984,5651.978261971039,94193.62721788284,80.6500015258789
2011-07-12,8629.852798941642,4003.0427748911425,12265.903439865113,5634.856638763908,93208.1592219584,80.29000091552734
2011-07-13,8553.926485268164,3971.323864055609,12226.076642303466,5575.793764358869,92429.14115745865,79.31800079345703
2011-07-14,8452.258954974573,3904.8918670783896,12196.296517028808,5515.939495233345,91105.11531009933,78.91999816894531
2011-07-15,8529.328801949903,3970.6818767480736,12288.73604736328,5556.955352963053,92289.71140640316,79.18000030517578
2011-07-28,8300.971614800657,3931.30079389377,11604.556345443725,5457.425177400581,90603.46417215897,77.93000030517578
2011-07-29,8279.668278679728,3908.2226025909986,11574.774799880981,5509.573923192772,90218.66044208576,77.7300033569336
2011-08-01,8133.64836223661,3863.89249581752,12178.033955688477,5492.9240318596485,90487.94141420345,77.21299743652344
2011-08-02,8159.66761567854,3776.7891953449816,12216.991055603028,5561.458977508153,90632.70329091282,77.45999908447266
2011-08-03,8146.500065149039,3807.4230525618273,12197.276055603028,5556.95730813086,90559.4437206269,77.33499908447266
2011-08-04,7585.596260231394,3617.399886035077,12387.2716015625,5614.526161837041,91265.45396933227,77.11199951171875
2011-08-05,7788.17428989915,3695.86206190389,12825.157648086548,5706.034256443029,92892.60809576114,79.29000091552734
2011-08-08,7185.849738459674,3424.5815870665456,13077.808112792969,5721.437697022659,93831.43966953372,78.25399780273438
2011-08-09,7455.697121678299,3561.7999531231626,13081.606695632936,5705.620184543271,93845.5549394577,77.58499908447266
2011-08-10,7077.180984278029,3390.188527927184,13451.38953277588,5741.48112599405,95219.64227134683,77.05000305175781
2011-08-11,7366.903040270449,3528.605467804541,13106.599708557129,5635.441750865403,93938.42723907609,76.75900268554688
2011-08-12,7426.26395882611,3565.0194713574115,13063.894303741456,5682.311308427619,93779.73692177038,76.86000061035156
2011-08-15,7579.49350393852,3616.538853517767,13197.675947570802,5658.248479484214,94276.86021566234,76.81999969482422
2011-08-16,7516.726720065385,3586.3931953182205,13364.012163085936,5685.8323595761485,94894.9540361859,76.83999633789062
2011-08-17,7513.33678031193,3560.777762041385,13387.432296752928,5719.423910119293,94981.98162576146,76.75399780273438
2011-08-18,7169.983108895507,3374.1153994655733,13603.932319335938,5733.884471104976,95786.48066818193,76.5469970703125
2011-08-19,7061.186841147968,3316.072811980734,13790.828336715698,5746.721315990077,96480.97328402713,76.63700103759766
2011-08-22,7080.568505432915,3334.6760667332414,14173.928314590454,5747.346325758326,97904.54618565756,76.78600311279297
2011-08-23,7317.9746230591045,3476.550881766284,13650.741570129394,5727.458382118486,95960.42059202337,76.83200073242188
2011-08-24,7404.431845384621,3496.411361053493,13158.689628601074,5653.114847353774,94131.98976297394,76.66000366210938
2011-08-25,7328.939610210628,3456.05532461067,13280.855321960451,5717.192442272552,94585.94899194618,77.0530014038086
2011-08-26,7472.319416646348,3561.7240164235955,13742.389016723633,5764.011084480335,96300.97613629393,77.43499755859375
2011-08-29,7612.294026139546,3626.902457012916,13334.232842025756,5670.260367551231,94784.29614806647,76.68199920654297
2011-08-30,7657.348646164001,3663.1326713138433,13778.700059509278,5728.312585196836,96435.90544854903,76.93299865722656
2011-08-31,7668.136674321,3658.1572292738447,13631.30108001709,5690.519763318152,95888.18108140837,76.70099639892578
2011-09-01,7590.698492601258,3625.7987640628244,13647.96569709778,5738.2116744076175,95937.77019016212,76.7300033569336
2011-09-02,7409.288922721111,3545.416004006259,14083.826511840822,5800.842427932084,97471.92355904201,76.86000061035156
2011-09-06,7359.239517615571,3548.029732356485,14065.375878143312,5811.813646757301,97406.98057520969,76.9020004272461
2011-09-07,7637.276455207989,3673.221154637983,13744.594769897461,5834.4284836042025,96277.88752246869,77.61799621582031
2011-09-08,7527.0465916456005,3641.2231276376306,14054.095264968872,5839.167282190207,97367.27480190038,77.3010025024414
2011-09-09,7349.393163193927,3568.490411991377,14005.696184539795,5883.446953184347,97196.9185556415,77.50800323486328
2011-09-12,7392.648475385086,3612.7457103966412,13685.387757110595,5862.068878377336,96069.48925619683,77.46299743652344
2011-09-13,7431.298313875397,3648.420507115541,13831.427854690552,5823.315947112689,96583.52470080528,77.18000030517578
2011-09-14,7511.8822584225445,3689.4730623414152,13633.11957939148,5807.948741324237,95885.5144683273,76.93199920654297
2011-09-15,7616.188401068877,3732.5425267475334,13372.469140625,5745.360205104896,94968.07079087864,76.677001953125
2011-09-16,7627.499098900871,3770.0932081794244,13507.486224136353,5760.751592689936,95443.30716570027,76.73400115966797
2011-09-19,7568.871266025717,3780.0959192214314,13329.272734680177,5821.335268741352,94816.0270432827,76.91000366210938
2011-09-20,7529.197949621258,3747.7899668377095,13464.044998016358,5805.338643745404,95290.40169416906,76.59600067138672
2011-09-21,7294.712066895167,3675.255561889841,13273.211725006104,5820.190801952142,94618.70215436147,76.46299743652344
2011-09-22,7065.838825286507,3557.4683226955303,12938.749240493775,5880.251112908127,93441.4530646927,76.53800201416016
2011-09-23,7086.864620200699,3585.009315012199,12193.698760986328,5813.769715521955,90819.00648436454,76.30599975585938
2011-09-26,7277.640929995203,3638.4916077837984,12061.1733442688,5807.195125433359,90352.54033819522,76.54000091552734
2011-09-27,7339.4182438908165,3667.133390621763,12261.851444702148,5752.997409117429,91058.89193812452,76.33599853515625
2011-09-28,7234.01215330222,3634.311919364786,11998.945550231934,5789.682415308038,90133.50945349432,76.80799865722656
2011-09-29,7265.745267743934,3577.793825335606,12070.35814437866,5769.481110241066,90384.86921832027,76.54000091552734
2011-09-30,7105.004689894271,3494.2912518480466,12133.475803527832,5823.153572589734,90607.0322716257,76.76499938964844
2011-10-03,6941.02873734464,3421.8172350673563,12424.502792968751,5909.835059034551,92135.9320092392,77.19000244140625
2011-10-04,7038.245410229933,3466.170225939661,12073.963332214355,5834.020776203545,90247.3482170892,76.59200286865234
2011-10-05,7184.283825394702,3564.405044509774,12240.14994064331,5822.29463167587,90769.99664456578,76.76000213623047
2011-10-06,7316.352345289655,3626.3161140856027,12322.742807769777,5783.266016722641,90770.16036205005,76.78199768066406
2011-10-07,7255.626553705192,3596.1431834484715,12202.419983367921,5743.870215792394,90017.34780963995,76.65799713134766
2011-10-10,7509.2511640281855,3727.8927231120147,12534.237351913453,5691.504931484657,90834.52861485336,76.7699966430664
2011-10-11,7506.017038404606,3748.2196806971365,12426.58659362793,5702.275017649896,90520.79078442676,76.66000366210938
2011-10-12,7572.5503170997235,3767.476838571621,12516.6543901062,5683.312387386237,90705.47598221146,76.66699981689453
2011-10-13,7608.06864159048,3828.049158092187,12526.31404953003,5744.31672660102,91218.15725707896,77.18000030517578
2011-10-14,7708.042580106954,3884.9753698343047,12562.191551208496,5693.519807439817,90953.61876024974,76.87999725341797
2011-10-17,7594.325563402377,3840.9197469756646,12557.516598510743,5756.264667852809,91426.91876575367,77.22000122070312
2011-10-18,7703.758677369494,3869.6367631784256,12434.329247436524,5721.130835681706,90696.84004602532,76.83100128173828
2011-10-19,7607.280285881202,3791.1480737526563,12274.339058303833,5726.029032984227,90143.7120298094,76.7770004272461
2011-10-20,7642.854806662952,3773.336011647696,12116.736481475831,5716.034469925195,89482.96850955236,76.80000305175781
2011-10-21,7794.05640858762,3824.367809944338,12260.707297363282,5709.896811662798,89967.18779981657,76.86000061035156
2011-10-24,7822.897421463286,3871.935239215937,12271.334052581788,5658.841774753949,89607.28835702623,76.20999908447266
2011-10-25,7662.940234744689,3790.827747185935,12606.698506622315,5701.694445195269,91182.05958141727,76.13200378417969
2011-10-26,7738.445189130562,3784.9880266045707,12740.646794128419,5657.973627408027,91335.37876866374,76.10900115966797
2011-10-27,8015.905525564591,3894.780416193792,12916.996879196167,5594.958192397708,91494.58362897325,76.18399810791016
2011-10-28,7987.317166117867,3887.816604234816,12879.246651763917,5609.934297137115,91472.12807468948,75.93000030517578
2011-10-31,7775.271703490382,3812.018277097978,12674.331242523194,5671.2363985247675,91193.93162418588,75.73999786376953
2011-11-01,7814.703684476311,3837.076844174452,13107.192815246583,5934.127811430382,94836.62462780066,78.30799865722656
2011-11-02,7941.970298394885,3870.0979680674886,13238.412318725586,5919.73357846626,95201.4168991681,78.30599975585938
2011-11-03,8069.484565308552,3943.0884545056947,13418.029069519043,5879.252548935129,95536.15808774522,78.13899993896484
2011-11-04,8011.441719468492,3918.1162134105252,13335.355289840698,5890.385895911935,95322.67712105715,78.0530014038086
2011-11-08,8167.18371062891,3993.6210614674724,13548.702413711548,5872.315699375987,95958.03277021389,78.0770034790039
2011-11-09,7828.56158872332,3833.0113579285203,13371.215591506958,5896.575362294964,95502.5624692117,77.70800018310547
2011-11-10,7907.380930371648,3833.4223436528255,13307.504673614501,5871.517760461134,95071.58214665737,77.75800323486328
2011-11-11,8045.234212692303,3901.407796575102,13508.341994323731,5836.395769355478,95526.20993959277,77.6520004272461
2011-11-14,7918.110122770792,3852.013039651055,13363.418893432616,5835.60311806686,94991.10696922007,77.15599822998047
2011-11-15,7949.299227622996,3891.6358463143415,13362.415852661134,5821.928660564397,94879.12157915065,77.0790023803711
2011-11-16,7821.271027038463,3825.492152895844,13216.560181274413,5841.797702434376,94504.29192393462,77.05999755859375
2011-11-17,7697.193681205813,3734.5543645268053,12876.892600250243,5853.64716884485,93358.71452516905,77.06099700927734
2011-11-18,7678.722315434295,3700.4044735264088,12899.69999069214,5823.987186930568,93206.98036555163,76.95800018310547
2011-11-21,7521.028683352145,3622.9146249254422,12563.17599105835,5831.417011978688,92037.86269688705,76.83899688720703
2011-11-22,7497.435323858146,3637.987612714726,12712.339252243042,5853.726339060751,92758.88719370376,76.9000015258789
2011-11-23,7338.673936361831,3557.879492340579,12686.965301208496,5879.214457065742,92868.2076235624,76.97000122070312
2011-11-25,7343.474818636667,3539.0620394508333,12608.924459838867,5856.5706049480095,92404.05853126796,77.16600036621094
2011-11-28,7605.250439229562,3687.959794636437,12941.652179489136,5895.159389662475,93923.87038312195,77.66699981689453
2011-11-29,7667.505534922942,3684.226411954586,13030.157493896484,5915.221881938607,94405.75547085654,78.08100128173828
2011-11-30,7970.648422507192,3816.590272735272,13263.334644241333,5871.456284597525,94909.9188945906,77.95999908447266
2011-12-01,7930.834729048624,3824.794799465644,13160.40432106018,5841.380616721258,94295.41918962427,77.58300018310547
2011-12-02,7940.910260677,3822.0664847949997,13203.505,5880.025214457,94761.96856918948,77.75
2011-12-05,8061.475724323966,3880.94418550805,13064.34590637207,5901.5673948905,94438.26435077732,78.08000183105469
2011-12-06,8036.351115163976,3856.6530105134893,13086.421564636232,5865.995930775199,94229.7167153956,77.81199645996094
2011-12-07,8059.83947888125,3853.58023453,13170.85,5887.959819346,94709.2832868814,77.75
2011-12-08,7875.228268184495,3784.0609654268524,12892.16396255493,5912.136790394063,93907.73208443834,77.6729965209961
2011-12-09,8009.375010950011,3846.0039999977566,12925.95205078125,5871.900088019788,93703.37578029752,77.68000030517578
2011-12-12,7885.550074055358,3798.8698268785915,12572.367800903321,5887.126903147804,92561.54032181742,77.61199951171875
2011-12-13,7844.820734872118,3772.2973394429328,12349.435023880003,5939.20168958959,92184.93652703105,77.93900299072266
2011-12-14,7763.494510279599,3713.5980972060947,11919.457066040039,5965.8828253088395,90862.39446800866,77.96099853515625
2011-12-15,7806.884456026499,3710.276913909715,11898.191900329592,5972.007783184988,90835.82796330427,78.10800170898438
2011-12-16,7741.894077593907,3716.8428937674735,12083.10263153076,5980.454628069054,91565.6028491809,77.83999633789062
2011-12-19,7656.168560209702,3678.27862343848,12050.434321899414,5998.568833213609,91595.1507930118,77.80999755859375
2011-12-20,7908.120883812856,3798.7257989153,12246.010135345457,5959.397024017647,91978.181433838,78.01000213623047
2011-12-21,7906.168168570725,3735.415969221913,12233.33382446289,5927.117757377015,91671.92263458333,77.83999633789062
2011-12-22,7999.775785506261,3778.879900824991,12182.04275238037,5952.029508678115,91689.79348236314,78.06999969482422
2011-12-23,8080.604383275736,3816.3909735329703,12217.190172424316,5934.392292806059,91672.96977317266,78.16000366210938
2011-12-27,8073.5465293689695,3821.0762370879042,12087.62711090088,5927.900615177275,91156.9991237237,78.02999877929688
2011-12-28,7951.255708280549,3768.511143873568,11760.706514816284,5953.277485772489,90192.59226818052,77.87000274658203
2011-12-29,8041.264551507449,3799.74212039742,11718.401511535645,5966.487343959572,90148.02448056245,77.94599914550781
2011-12-30,7972.271133830635,3774.770532654493,11803.390890502931,5965.501803824027,90444.09949856222,77.65899658203125
2012-01-03,8023.289793308163,3812.0801442280276,11994.925647583006,5871.862345575226,90023.8354006526,76.93000030517578
2012-01-04,8014.148275337883,3818.0454781467897,12023.104639129639,5837.497055874701,89760.31577019545,76.72200012207031
2012-01-05,8034.228936853008,3849.309814182573,12103.303655548096,5837.704322313153,89761.90512898576,76.70999908447266
2012-01-06,8059.591493527632,3885.075358187737,12128.137353515624,5894.364852290554,90196.38893666695,77.1510009765625
2012-01-09,8053.918206894447,3860.0257224202996,12036.415573120117,5877.07587157457,90063.81371763168,76.91000366210938
2012-01-10,8118.468210328821,3886.0438370488323,12193.07049682617,5861.467878976817,89944.12863779152,76.86000061035156
2012-01-11,8121.812080280926,3893.687842617054,12270.639256362914,5894.939104067982,90200.79240940051,76.8499984741211
2012-01-12,8142.147243231846,3909.715246756208,12326.486314086913,5883.205033046355,90110.81330297297,76.85800170898438
2012-01-13,8091.699080893147,3891.447625264668,12227.823433074951,5903.510334208601,90266.51824552476,76.77899932861328
2012-01-17,8127.438980301727,3929.5061965457103,12329.609951019287,5912.272779097255,90333.71035299952,76.81999969482422
2012-01-18,8217.297011386278,3982.458658365671,12414.111950683593,5893.759973462799,90191.75060983919,76.81999969482422
2012-01-19,8254.955703068015,4004.8121349927096,12376.375464477538,5854.375371780238,89889.74193272533,76.76699829101562
2012-01-20,8293.657827658151,4015.010452810176,12492.355896759032,5857.981385726331,89917.39353906355,77.08000183105469
2012-01-23,8285.152427360063,4010.1198747540707,12556.793450622557,5835.934951584469,89748.33725498768,76.95999908447266
2012-01-24,8280.010985015,4004.719031698,12474.769999999999,5845.715954463,89823.33986042219,77.0
2012-01-25,8423.787181443595,4091.939731756473,12928.669950866699,5926.237895764982,90440.79754521122,77.68699645996094
2012-01-26,8389.528979029079,4081.878793664058,13008.587338485719,5964.37361537813,90733.22955516225,77.7699966430664
2012-01-27,8352.285953561475,4077.9296953595153,13088.416045303346,5958.700505869495,90689.7270637156,77.45999908447266
2012-01-30,8245.543566022141,4042.9943511939673,12893.27833946228,5922.871157082379,90414.98074747091,76.73200225830078
2012-01-31,8202.44556862108,4028.7921570442163,12928.511703338623,5916.462094262512,90365.83482492564,76.36000061035156
2012-02-01,8264.5235859516,4057.070345151643,12932.34063079834,5888.889069208611,89968.4044241799,76.2699966430664
2012-02-02,8268.834756470711,4065.5547342288905,13032.12896156311,5890.996236586059,90331.30575397072,76.18900299072266
2012-02-03,8383.762237050169,4121.624975905959,12770.815251159667,5843.485333875603,89059.91470336443,76.18000030517578
2012-02-06,8418.956177741498,4138.315089714982,12797.796598358154,5888.184503063148,89495.44197919988,76.5510025024414
2012-02-07,8440.13601599151,4147.055451738247,12990.5355178833,5850.025858062357,89873.50716325568,76.55000305175781
2012-02-08,8491.722640483044,4182.451423636779,12939.115154266357,5871.175637742691,89856.5146276269,76.79000091552734
2012-02-09,8532.29566590918,4227.802024946487,12947.620789794923,5878.288751704451,89940.45923717413,77.05999755859375
2012-02-10,8532.127781305298,4229.341111647842,12975.413112487791,5955.431078218396,90626.85815569841,77.63200378417969
2012-02-13,8603.158165149849,4272.5279672736915,13015.526488800047,5956.668005019531,90775.7198375281,77.69999694824219
2012-02-14,8571.343041500435,4273.040236104231,12953.471557006837,5954.57762955916,90544.08026493317,77.51000213623047
2012-02-15,8624.957604478883,4289.430274852954,13173.099702606201,6024.46349648957,91841.67722953974,78.36000061035156
2012-02-16,8733.817623667806,4355.644323540152,13184.640563964844,6006.130546048118,91741.61498940006,78.4800033569336
2012-02-17,8795.311489125146,4360.804265494392,13191.19598121643,6026.113378968054,91917.1811425958,78.8239974975586
2012-02-21,8884.242840323417,4415.620471107217,13610.797469482422,6062.243541107785,93651.64871099248,79.58599853515625
2012-02-22,8882.749137358122,4408.699496239516,13805.800516662597,6104.7747155147945,94654.51905553683,79.83000183105469
2012-02-23,8972.22147483926,4463.348164990008,13890.045388793946,6147.996675483168,95277.75754670921,80.27999877929688
2012-02-24,8952.719601331773,4459.4291625634005,13766.343952560424,6125.8711470480785,94678.69594482289,79.93000030517578
2012-02-27,9140.650146459828,4551.883983137145,13988.570815277099,6264.835057642696,96513.47975512725,81.47100067138672
2012-02-28,9053.996629079642,4541.841697377389,13959.698819961548,6190.34328843425,95843.59427559565,80.46399688720703
2012-02-29,9020.248639321277,4522.119752092584,13222.05975151062,6166.846073771781,93100.45220128387,80.4800033569336
2012-03-01,9159.326598070262,4603.477430289765,13537.33072265625,6207.567135181681,94505.88218283799,81.2760009765625
2012-03-02,9111.886707044936,4591.057291841846,13495.123656921387,6220.618124404898,94457.74915311634,81.12000274658203
2012-03-05,9130.776751589821,4571.420169860607,13521.512368011476,6246.935889645512,94750.12854281298,81.62699890136719
2012-03-06,8979.88807933039,4519.930801354085,13263.79341255188,6264.876728862157,93986.47098886117,81.51799774169922
2012-03-07,8952.671303334293,4507.285405771112,13198.396399230956,6187.116630398193,93166.50174905887,80.66000366210938
2012-03-08,9116.413147349956,4594.769238599518,13443.544216308594,6220.646420756838,94277.81161179661,81.33799743652344
2012-03-09,9180.239422733823,4627.905486986839,13573.280704650879,6234.372355664861,94835.36475048728,81.58000183105469
2012-03-12,9270.149837481535,4675.074944035517,13597.311291351318,6293.162838347566,95366.54218057563,82.37300109863281
2012-03-13,9436.106489846628,4762.5786477758365,13367.514731597901,6247.134198846116,94213.76576658353,82.36299896240234
2012-03-14,9494.324148737316,4813.961916228711,13237.927053909301,6220.258069512913,93556.69303878625,82.95999908447266
2012-03-15,9650.584927069105,4879.103351641066,13504.946610107423,6284.212033427243,94975.84501392479,83.83999633789062
2012-03-16,9581.843615213615,4855.365086399041,13467.259078216553,6256.29238896191,94631.81574621782,83.49199676513672
2012-03-19,9614.567134920619,4887.642420845619,13484.685006866455,6214.62124624919,94375.66891474713,83.44999694824219
2012-03-20,9575.344656660263,4891.813309888554,13350.03853981018,6211.718509886434,93883.30342760198,83.37000274658203
2012-03-21,9590.397363758193,4908.982990703187,13401.56674446106,6264.454390744053,94464.46244332705,83.6500015258789
2012-03-22,9471.090377591554,4872.439519717119,13274.207087402343,6238.905032936506,93825.26491666428,83.2030029296875
2012-03-23,9427.976157254689,4828.862166096634,13327.840645065307,6209.915911996603,93792.05912538883,82.51000213623047
2012-03-26,9566.711425254503,4919.096746404395,13577.631088256836,6208.599069879889,94654.49066276246,82.58899688720703
2012-03-27,9580.23062189381,4950.148446856699,13546.79780029297,6273.180422676733,95038.09737318108,82.98699951171875
2012-03-28,9539.719727681357,4933.790545472803,13413.081918106078,6266.837500790079,94522.81115064144,83.0479965209961
2012-03-29,9500.679640723054,4902.040673129538,13359.145078125,6276.637785337279,94408.97969672314,82.83200073242188
2012-03-30,9470.212711280825,4859.490980430721,13339.744645538329,6203.533191575259,93785.08034942526,82.27300262451172
2012-04-02,9611.463379676437,4946.103964287979,13502.838247528076,6263.592216826874,95283.34225170809,82.87000274658203
2012-04-03,9421.856246989264,4865.279057161388,13037.430746383667,6117.578437997046,92866.89450415396,81.54000091552734
2012-04-04,9474.703892427642,4874.059624588946,13018.391387786864,6245.976994889644,92885.02439525041,82.83000183105469
2012-04-05,9426.046805680313,4881.761123251573,13051.076786499023,6244.404209117469,93074.33148844427,82.44000244140625
2012-04-09,9195.349285100649,4779.313857609334,12961.562391815185,6223.6074994402825,91768.48395458655,81.33000183105469
2012-04-10,9075.800883247297,4719.652843120726,13152.686936187743,6276.923551914426,91862.14976559507,81.64299774169922
2012-04-11,9042.913409758683,4687.6510980008825,12996.57567932129,6179.67732381996,91004.26791037875,80.69400024414062
2012-04-12,9196.71361911475,4760.033232381228,13180.002126312254,6191.237192500419,92348.88312939188,81.00800323486328
2012-04-13,9078.628541577957,4682.734053139079,13017.590549087525,6222.700521989818,91030.46773109408,80.93000030517578
2012-04-16,9069.531636685871,4628.117859329514,12981.534988555908,6218.766092516771,90375.26308884361,80.9020004272461
2012-04-17,9144.598219007199,4692.949380950809,12882.662341766358,6172.227457751054,90655.56381890338,80.38099670410156
2012-04-18,9190.681365727882,4720.393491167388,12913.66821105957,6236.861000524607,91030.05246620812,81.05999755859375
2012-04-19,9158.706372074315,4680.393327955001,12961.659486541748,6262.4884760704,90811.42246506455,81.30000305175781
2012-04-20,9208.869680122727,4685.178575706366,13019.900045013426,6286.889437464939,91062.23636996781,81.60900115966797
2012-04-23,9130.426400694421,4641.321207579229,12980.111757278442,6298.774142590493,90498.0543171473,81.5999984741211
2012-04-24,9106.73033945914,4586.623488706173,12916.044291687012,6242.566184329758,89743.7025245656,81.08000183105469
2012-04-25,9266.711447439146,4728.082866766545,12991.471702575684,6258.667233117043,91377.6652369345,81.38999938964844
2012-04-26,9320.972154434387,4750.922597741758,13091.739491424561,6272.63342817141,91950.78954635363,81.30000305175781
2012-04-27,9308.476583578036,4765.482369717846,13081.139823303221,6260.506623136025,92054.48773021947,81.05799865722656
2012-04-30,9192.99465428117,4689.717032477681,13007.057752990722,6211.132395612739,91061.06872944896,80.3499984741211
2012-05-01,9200.787552509992,4672.460191136268,12892.855335998534,6166.703471826972,90402.45467998603,79.9209976196289
2012-05-02,9206.501902623342,4702.846936156245,12880.923752975465,6200.796817314171,90946.52879084475,80.20999908447266
2012-05-03,9126.161222439716,4647.272174954931,12736.835719299317,6193.3276868300045,90351.81339622014,80.12100219726562
2012-05-04,8988.674178045565,4535.278095889197,12791.088554000855,6224.974506910903,89493.9820355656,80.20999908447266
2012-05-07,8951.274190726068,4517.352916248405,12697.447566223145,6192.791669841992,89084.98063778158,79.81800079345703
2012-05-08,8926.757345514932,4506.1462383206945,12467.519714355469,6214.806903617887,89136.62989285882,79.91999816894531
2012-05-09,8867.143030753328,4488.695293354723,12335.974294281006,6215.4254616388025,88971.50424408959,79.86000061035156
2012-05-10,8868.744316616847,4471.020641039994,12336.716558303833,6194.960633507349,88650.41377335654,79.70999908447266
2012-05-11,8859.649493354964,4479.232341524005,12264.684146118165,6227.869987079146,88970.29159145406,79.86900329589844
2012-05-14,8779.31299710455,4445.7546850310055,12110.939715270997,6268.077470681949,88938.14963899524,80.02999877929688
2012-05-15,8709.273374824488,4420.91160591575,11956.738771514893,6255.740718073619,88606.66538020999,79.8499984741211
2012-05-16,8727.572199014312,4416.63461002354,12005.374043884278,6297.678196257249,88870.99728035693,80.32499694824219
2012-05-17,8600.809898182748,4323.409498114958,12277.479766845705,6323.267538234097,88151.43029393682,80.3499984741211
2012-05-18,8427.227061073478,4216.4879948172975,12272.50595664978,6245.048659775746,86541.50657056608,79.40799713134766
2012-05-21,8546.384179212933,4322.9917717930975,12243.640216827393,6210.03370719064,87321.3992118389,79.16999816894531
2012-05-22,8587.232686343843,4331.17632115025,12076.673356933596,6215.431734221427,87440.33506638336,79.41000366210938
2012-05-23,8656.046935466075,4372.072485504087,12130.206146850587,6278.392922566957,88297.14241714586,80.00399780273438
2012-05-24,8609.751772909545,4311.3331595457885,12024.98192276001,6219.133464107653,87274.44491259627,79.41999816894531
2012-05-25,8607.751079411237,4318.72056363658,12162.48935913086,6256.082891582228,87615.77971542368,79.66000366210938
2012-05-30,8568.351507528,4328.3436205185,12076.845,6297.873663039,88014.16151190588,79.5
2012-05-31,8493.786924010226,4281.2639466676665,11975.251182403565,6281.226846283307,87435.07988696743,78.98200225830078
2012-06-01,8232.34560897558,4141.885554831788,12368.159980773926,6298.940085919519,86169.8240704339,78.52799987792969
2012-06-04,8183.643741493341,4151.182684256658,12286.69175994873,6228.378179110446,85780.44632102831,78.0999984741211
2012-06-05,8273.16793051922,4182.397221494561,12313.647549591064,6228.4202449137665,86103.50712718784,78.36100006103516
2012-06-06,8498.886834419665,4299.6632690917095,12377.143827743532,6216.589102508888,87234.68077046394,78.7300033569336
2012-06-07,8562.36634082907,4311.610887758599,12247.21448135376,6274.403820202321,87756.02875798289,79.2699966430664
2012-06-08,8676.178040943401,4376.781676246065,12330.434077758788,6312.342649406637,88690.96692878824,79.69000244140625
2012-06-11,8552.040251203865,4294.635278583542,12360.441220703126,6319.034232968998,87887.58148455364,79.55999755859375
2012-06-12,8622.80192367645,4333.982784132448,12408.373095855713,6265.069090607079,87923.13422511797,79.30699920654297
2012-06-13,8591.427703339114,4315.733819305476,12495.282307128906,6315.827844061369,88083.68707775243,79.5270004272461
2012-06-14,8665.578344828773,4323.482662748421,12520.93325996399,6286.568959146949,87962.49231203368,79.37200164794922
2012-06-15,8714.564027044144,4380.6861230806735,12535.968017578125,6319.7701008501435,88782.44646361048,79.4219970703125
2012-06-18,8690.778899578918,4401.660654162849,12484.682668457031,6288.58253043685,88784.74016809823,79.052001953125
2012-06-19,8769.069230702,4444.95676924,12415.64,6262.92218084,89055.87942492399,79.0
2012-06-20,8758.620143975084,4450.4459028982765,12326.932446899415,6252.814022939206,89043.08835420026,79.03399658203125
2012-06-21,8604.0132382288,4359.490887408595,12072.785848159789,6296.882636748481,88405.79753188096,79.4209976196289
2012-06-22,8735.66978850413,4439.229497407467,12214.252287597656,6316.680398399759,89366.55017297974,80.0199966430664
2012-06-25,8653.601227093679,4381.984165189958,12386.905224609374,6394.30655805092,89308.73032857143,80.55999755859375
2012-06-26,8598.85196467428,4360.047183760928,12156.183232879639,6308.001117567364,88488.05258576946,79.6500015258789
2012-06-27,8655.686439214393,4376.437056501325,12143.871660079956,6301.730180590199,88614.38240656609,79.45999908447266
2012-06-28,8655.426930903335,4339.338464116486,12036.418881225587,6340.110822681899,88494.8523971705,79.68499755859375
2012-06-29,8829.763709712162,4457.008673975171,12308.585019378663,6281.312057547635,89307.03602920179,79.31300354003906
2012-07-02,8915.097521520922,4500.026167532803,12382.23002723694,6352.414471632329,90236.78343308874,79.83899688720703
2012-07-03,8929.02724846709,4515.598641402886,12508.62278442383,6304.851001492973,90054.97116450779,79.44000244140625
2012-07-05,8944.685323665426,4546.857183033353,12445.059580078125,6361.630040080291,90771.67602728144,79.94000244140625
2012-07-06,8850.811914263873,4484.913012400975,12275.28069381714,6377.642646586071,90264.5224050842,79.86000061035156
2012-07-09,8797.422740400703,4454.997685367002,12242.790631103515,6364.718957470819,89872.84461872856,79.47799682617188
2012-07-10,8729.486776164806,4415.011236981621,12104.749495697022,6374.059116321972,89538.3862932199,79.55799865722656
2012-07-11,8707.962140133905,4378.827011177446,12139.756266555787,6351.542833699008,89015.72168381323,79.3499984741211
2012-07-12,8694.167100235729,4351.500405339133,12147.689993133545,6387.031652731483,88993.93118936947,79.61000061035156
2012-07-13,8806.722959906845,4401.9522882185765,12224.84302368164,6357.6988816693065,89291.2581648161,79.30999755859375
2012-07-16,8770.453962188285,4381.5379062690345,12208.805417633057,6360.4882434555075,89106.44617873983,79.16999816894531
2012-07-17,8791.641719773565,4385.245946370756,12096.505353164674,6316.094335811066,88828.22549041847,78.81999969482422
2012-07-19,8877.605319887876,4493.844603838468,12086.191172332763,6311.5063483012,89884.19606085891,78.79900360107422
2012-07-20,8789.80317070796,4430.048226154266,12099.975471725464,6331.748836191222,89388.52687777425,78.73999786376953
2012-07-23,8668.87403832165,4359.788011409854,12005.203032989502,6318.842373094818,88592.56463595986,78.44999694824219
2012-07-24,8579.207695468576,4317.322129240192,12022.304260864259,6319.774012268606,88173.51617074368,78.31099700927734
2012-07-25,8558.77616667221,4276.969309117664,12158.917041549681,6306.767422917557,87676.62667247062,78.10700225830078
2012-07-26,8699.52810421401,4334.267005825025,12244.206812438966,6286.861084363412,88109.54285675284,78.10299682617188
2012-07-27,8884.955105064319,4450.771830618286,12339.16256576538,6259.020181453638,89079.56635585852,78.3239974975586
2012-07-30,8904.920561150999,4457.2907035005,12358.255000000001,6293.346233863,89388.77360088986,78.5
2012-07-31,8797.689317297067,4433.249140156134,12222.025165252686,6272.301347080241,88998.27722112862,78.10099792480469
2012-08-01,8792.161975616937,4421.158496556616,12119.537226104736,6250.877138434057,88724.50799492696,78.12000274658203
2012-08-02,8760.515394130358,4419.8777621907775,12080.708976669312,6286.731573639281,88967.29592126579,78.37999725341797
2012-08-03,8916.026513866433,4495.52527501315,12167.121189880372,6240.970305989625,89396.79346842947,78.22000122070312
2012-08-06,8977.842726087716,4552.813378242325,12286.74309539795,6276.151324209946,90219.86838431982,78.61000061035156
2012-08-07,8975.793902340307,4567.2284422903385,12221.09552307129,6210.497176739915,89895.86688284346,78.19999694824219
2012-08-08,9033.785450481573,4589.082059963196,12300.892895507812,6234.350366141111,90284.21211769298,78.61000061035156
2012-08-09,9017.34818282871,4590.734995241085,12308.016239547731,6213.063753060849,90148.9865758295,78.4000015258789
2012-08-10,9056.291144156254,4605.821451544815,12355.91989593506,6247.703449964288,90546.61939264272,78.61000061035156
2012-08-13,9010.336629226751,4595.8372222255,12206.2175,6215.04623551525,90214.08826771646,78.25
2012-08-14,9020.830144758422,4602.6209202838145,12151.333184051513,6190.739871432168,90108.59192869153,78.33000183105469
2012-08-15,9087.000111783886,4643.007236992451,12265.978829956055,6197.638973937845,90561.21969625227,78.81500244140625
2012-08-16,9174.37359071791,4709.383948392022,12366.674065551759,6196.2320282035525,91214.27646466967,78.98999786376953
2012-08-17,9216.88864679825,4745.9798697685,12420.06,6224.236282327751,91779.48359219951,79.25
2012-08-20,9247.77764981216,4768.605004839885,12503.742935943603,6248.1799520699105,92176.18105692999,79.51000213623047
2012-08-21,9198.938782271338,4738.805204182628,12599.984190826417,6239.307862668616,91815.24571292181,79.33000183105469
2012-08-22,9192.623038273034,4753.234489626793,12721.510160675049,6280.9608840538485,92256.30683316814,79.24199676513672
2012-08-23,9036.547761058233,4672.042871023499,12714.678947143553,6236.260191018269,91126.58271635894,78.53900146484375
2012-08-24,9098.215690939754,4704.961602826955,12730.841752853394,6238.201083226043,91469.26752665234,78.5999984741211
2012-08-27,9115.196200158136,4720.427571594421,12703.873341674805,6264.799850087784,91813.37319736436,78.7300033569336
2012-08-28,9108.49306003875,4721.6265135637495,12729.15,6268.71745859625,91853.27630638877,78.75
2012-08-29,9094.743230764101,4710.834206092416,12617.556250991822,6250.327023211012,91614.37095437624,78.56999969482422
2012-08-30,9046.426614527147,4671.63477779809,12636.134595947266,6273.8874293647,91390.7252187227,78.72000122070312
2012-08-31,9067.630199981015,4691.713508906404,12896.196399536133,6299.34292909996,91772.76159380878,78.52999877929688
2012-09-04,9037.245328301477,4675.436758927971,12885.198208007812,6269.582544628698,91232.06943914943,78.33899688720703
2012-09-05,9044.655590635075,4678.381746717095,12893.40590057373,6277.745658723814,91298.18608194299,78.47000122070312
2012-09-06,9222.992743473787,4780.464678578556,12931.457698059083,6230.827692985006,93194.54910436073,78.41999816894531
2012-09-07,9317.633608138494,4802.116252987596,13288.231497192382,6276.339655625081,93882.88543008357,78.88999938964844
2012-09-10,9182.07833352402,4699.505443258375,13085.256806106567,6225.8487570148,92196.80735377148,78.21900177001953
2012-09-11,9207.214999312946,4692.291038850301,13134.145051574707,6214.834952674524,92252.84459062354,78.22599792480469
2012-09-12,9182.9892082345,4677.67373725925,13055.779999999999,6146.5425773444995,91987.90253810969,77.75
2012-09-13,9339.50189054753,4746.5703024273225,13334.6142137146,6170.71087972127,93449.82980785781,77.83000183105469
2012-09-14,9351.960358828908,4778.185061429223,13339.926850891114,6098.281055768289,93821.73018856594,77.64800262451172
2012-09-17,9402.42407328638,4822.422453448655,13347.943231201172,6164.824200874398,94508.45932370087,78.33300018310547
2012-09-18,9435.511907353926,4847.541884060274,13508.94023262024,6207.291641128278,94920.7302736953,78.6729965209961
2012-09-19,9454.877394689533,4862.604301281117,13527.959223480226,6229.508851873183,95165.54889774036,78.7699966430664
2012-09-20,9410.74772298763,4834.709693824651,13442.734134216309,6203.489528061661,94670.53348118957,78.39700317382812
2012-09-21,9332.08788778592,4823.965959148948,13447.271475219728,6201.202430359843,94169.34429470138,78.19999694824219
2012-09-24,9298.607595488915,4787.731636112009,13357.926713256837,6205.545788541979,93646.40458033836,78.08000183105469
2012-09-25,9183.715115638759,4706.935960661502,13293.72044906616,6211.41277491654,92277.71301253937,77.86399841308594
2012-09-26,9110.45186575655,4659.98397165015,13198.991141052245,6226.431832821455,91449.6207366072,77.72799682617188
2012-09-27,9197.820771765446,4723.172447082133,13392.026943359377,6210.81231817615,92507.52463708805,77.697998046875
2012-09-28,9137.251356734077,4678.460818253844,13350.472304992676,6203.778217215171,91765.2662256507,77.61000061035156
2012-10-01,9198.108564103673,4692.562332132284,13436.233586883545,6243.29508247008,92207.4711409648,77.95899963378906
2012-10-02,9224.381044790829,4711.386233575788,13430.856163024902,6245.816632767131,92523.97719256216,78.04100036621094
2012-10-03,9281.415181118064,4752.512328917419,13485.047518615722,6266.113234745249,93213.63744668661,78.21499633789062
2012-10-04,9382.119777486472,4781.410575036932,13613.628308944702,6257.166837868128,94002.82551527693,78.41500091552734
2012-10-05,9381.387601572296,4759.77916378494,13547.908280181886,6234.194031633548,93787.10757553161,78.48400115966797
2012-10-08,9377.188657882312,4728.882323994046,13540.679698562622,6271.908982839962,93463.1500158268,78.7020034790039
2012-10-09,9237.330925673468,4627.903303894671,13386.12367225647,6226.0030344755405,91770.70157808202,78.28600311279297
2012-10-10,9167.362439086932,4600.334629668232,13362.934262390138,6235.734622304384,91148.95742727237,78.21900177001953
2012-10-11,9155.594046756632,4577.276388029629,13375.808477172852,6230.036039883032,90863.80979651547,78.07499694824219
2012-10-12,9160.592095177682,4594.3546652897085,13332.2601726532,6256.71004800845,91056.32684527313,78.4020004272461
2012-10-15,9243.40126253286,4632.434283977209,13210.088190460205,6263.720432458558,91845.61197261773,78.46800231933594
2012-10-16,9382.398424287727,4717.985333205364,13348.432628173827,6259.587935145087,93382.50602676693,78.78900146484375
2012-10-17,9424.082010557795,4717.335273389864,13363.98998260498,6222.754487980766,93585.54233640383,78.82499694824219
2012-10-18,9432.776961943007,4675.824931792843,13342.955787963869,6230.182546835321,93222.32289932281,79.05999755859375
2012-10-19,9296.291661619673,4576.878485215094,13239.677295837402,6276.154344787671,91566.74085048956,79.30799865722656
2012-10-22,9297.445600497222,4597.913134618265,13281.888694152833,6250.989575933205,91778.7279313278,79.25700378417969
2012-10-23,9248.643893717963,4595.596178316198,13231.945446624755,6339.010608742309,91510.84800483854,79.98999786376953
2012-10-24,9209.400755840941,4569.778172448949,13159.125149688722,6311.943560528548,91060.62146509613,79.81999969482422
2012-10-25,9236.293741060595,4570.524404993319,13254.704334411623,6290.3089938478315,91203.04031299052,79.83799743652344
2012-10-26,9276.971724904795,4606.816409827457,13314.196001281738,6361.991463939355,91763.14546539844,80.23500061035156
2012-10-31,9202.182750807948,4546.818867289711,13296.07192428589,6344.265113895402,90799.30371569775,79.68399810791016
2012-11-01,9335.519452843242,4622.441859730637,13263.148901367189,6345.562646278231,92207.38111771998,79.86000061035156
2012-11-02,9289.017435689322,4593.106951547103,13043.772198486327,6379.521479819149,91685.15665660868,80.22000122070312
2012-11-05,9343.828005673,4639.9388288715,13140.015,6417.308684633001,92422.90502401133,80.5
2012-11-06,9371.90077631572,4628.900873349714,13338.624609375,6361.078723705371,92451.49056547527,80.16000366210938
2012-11-07,9180.219362508868,4525.673455919453,13367.482252426149,6424.978286804114,90475.30204925578,80.29000091552734
2012-11-08,9023.922718033016,4435.767906276517,13433.36080505371,6427.829347656525,88806.73934320084,79.97000122070312
2012-11-09,8982.16974834339,4427.627239697848,13338.165155181885,6388.958602469957,88519.32776136204,79.47899627685547
2012-11-12,8985.222597872982,4425.861912446599,13303.987646713258,6391.556038821077,88516.8022586455,79.45999908447266
2012-11-13,8972.179027796468,4402.385132886728,13300.825728607177,6410.329593782426,88218.2580777359,79.5979995727539
2012-11-14,8838.328767823694,4342.432495623581,13280.94424697876,6400.983547607434,86959.2649384882,79.45999908447266
2012-11-15,8902.269943559808,4367.879835586516,13319.615493164063,6457.6034772488765,87528.85841871687,80.19999694824219
2012-11-16,9047.522229145186,4437.48131359595,13456.186055603028,6535.891894825919,88940.39092069214,81.12000274658203
2012-11-19,9279.528507454623,4567.095016479854,13688.215563964844,6555.182666147357,91378.88849235959,81.5260009765625
2012-11-20,9268.14601102548,4558.6395993830665,13617.176244583128,6514.024207080139,91238.34680264334,81.3499984741211
2012-11-21,9325.655900061009,4590.7915097284085,13698.867339782715,6536.754303117323,91843.03444700911,81.75499725341797
2012-11-23,9522.553988129062,4695.792097503097,13968.910186691286,6581.3833854319255,93862.67228672662,82.35900115966797
2012-11-26,9523.918513860239,4727.093024204915,13985.768376693726,6607.344296164967,94181.55520261938,82.5459976196289
2012-11-27,9398.050947399981,4672.453249373649,13812.794015350342,6568.652508543673,93014.97254055459,81.87300109863281
2012-11-28,9497.680830879885,4725.165808950125,13670.42430496216,6593.781194349756,94032.74075644117,82.08000183105469
2012-11-29,9550.131123467667,4757.703149176564,13733.837255096436,6606.105352239493,94616.28120125264,82.1500015258789
2012-11-30,9552.935250982377,4749.72032609859,13641.173712158205,6604.9673754927035,94550.52427679853,82.1510009765625
2012-12-03,9540.514181372348,4757.816580576936,13698.41549293518,6626.844163606409,94568.18806012203,82.45600128173828
2012-12-04,9489.705166679372,4736.255928127064,13504.30839187622,6612.471712209965,94102.08953298259,82.13300323486328
2012-12-05,9469.809720403595,4665.065334491834,13427.642230529786,6592.417233089495,93296.11212523664,81.81600189208984
2012-12-06,9573.938348148462,4730.989487959524,13560.721508026123,6646.046383745565,94467.32437723735,82.43599700927734
2012-12-07,9602.235381982237,4702.040561900691,13614.138850402831,6626.590547330389,94319.96179007538,82.43000030517578
2012-12-10,9621.43068804757,4723.413610839011,13688.447595214844,6643.170867835698,94627.48021358676,82.55999755859375
2012-12-11,9662.298093324176,4773.682401562774,13641.27724723816,6613.433558268472,95329.54071020475,82.3499984741211
2012-12-12,9686.969356711923,4773.257299873088,13679.339843521118,6598.902617837752,95447.61774117214,82.5199966430664
2012-12-13,9708.071344110587,4774.750398266343,13677.227549514771,6641.106389541893,95567.06036891864,83.20999908447266
2012-12-14,9725.801361579362,4754.735415243804,13732.264679946898,6692.488972057977,95456.08262691487,83.66699981689453
2012-12-17,9897.151625958264,4847.037938136981,13838.941048278808,6696.147655621034,97222.62330760335,84.15799713134766
2012-12-18,9976.973971414049,4906.798704348606,13598.998220214844,6649.8939452158975,98212.10444658555,83.90299987792969
2012-12-19,9956.908421145128,4912.062598301794,13640.330099868774,6695.388437895454,98164.9372912379,84.36100006103516
2012-12-20,9998.157982772018,4904.164397676907,13453.418648529052,6689.051296737728,98290.94369619829,84.22599792480469
2012-12-21,9860.290084374088,4863.087150866428,13535.058306427003,6722.635215972803,97199.35791631995,84.41999816894531
2012-12-24,9828.742345164517,4852.69312375395,13557.934788208007,6714.945478512787,96939.69358482971,84.41000366210938
2012-12-26,9855.724456735,4843.26144468,13666.3,6775.821412804999,96979.73644195411,85.0
2012-12-27,9919.864457341608,4873.65865482393,13806.25476196289,6843.084134166415,97599.71981764951,85.66799926757812
2012-12-28,9908.751088516758,4873.400724613156,13887.834387512206,6926.182655632078,97542.06561637699,86.50700378417969
2012-12-31,10013.443425794292,4946.424081280154,13927.23905166626,6845.957101464028,98786.6101413141,85.95999908447266
2013-01-02,10346.554280612276,5143.637459425085,14130.521751022337,6864.733683979429,102395.70828907644,86.5999984741211
2013-01-03,10403.64177386951,5156.562443234338,14068.73024597168,6883.2005588792435,102806.7563134951,87.2750015258789
2013-01-04,10505.004727125608,5166.600413541763,14077.005257263183,6922.483269891169,103408.01376904157,87.73999786376953
2013-01-07,10530.98260299176,5195.179771062973,14061.406828613282,6963.208718064214,103821.11808415089,88.197998046875
2013-01-08,10388.171947158797,5129.335685225774,14009.341415405273,6905.468214907026,102459.09008259512,87.25299835205078
2013-01-09,10368.625402644471,5126.133727625556,13941.444712677003,6878.873176004881,102330.53412932303,86.86799621582031
2013-01-10,10603.243879664953,5232.325126094722,14275.783863983153,6958.732667441628,104548.42660050737,88.13300323486328
2013-01-11,10736.41828726945,5305.588918677394,14373.961113891603,7069.172543902294,105936.69447324186,89.24600219726562
2013-01-14,10762.418956397532,5298.026300847583,14461.545843963622,7088.451308126073,105989.96077975634,89.52300262451172
2013-01-15,10762.162410666146,5267.883286057613,14542.617451171875,7100.756285412479,105688.48708586834,89.45999908447266
2013-01-16,10675.2966050875,5247.5150235662495,14435.1875,7053.639189373749,105056.04155938036,88.75
2013-01-17,10729.735372310477,5265.795974618061,14477.710051345824,7011.81223343558,105507.33240731557,88.62999725341797
2013-01-18,10898.166490394458,5324.502257082276,14648.90675064087,7126.07102128194,106924.97729763706,89.82099914550781
2013-01-22,10929.985353063455,5320.220138133189,14664.831750259398,7114.533250923419,107039.6888588468,89.5999984741211
2013-01-23,10816.717717213474,5289.103322993289,14448.817980422975,7032.783496554961,106169.62567073936,88.52899932861328
2013-01-24,10825.847636527751,5218.442030852864,14298.583895568847,7024.980428597796,105511.03642862977,88.58000183105469
2013-01-25,11129.812718200057,5362.519047773159,14548.142484283448,7134.044185416851,108449.1955872695,90.55799865722656
2013-01-28,11192.710509935483,5411.529832057082,14615.082046966554,7168.051715559458,109248.3694377522,91.1790008544922
2013-01-29,11148.106320117631,5369.666018976777,14563.155252609255,7100.766093292983,108610.8449589453,90.45999908447266
2013-01-30,11144.958684795783,5377.882061711681,14725.230248489379,7130.720147890099,108677.10495454242,90.79000091552734
2013-01-31,11145.767526987804,5379.349288926716,14672.585800170895,7154.9540007662,108695.71768128139,91.02100372314452
2013-02-01,11345.29306102561,5484.7145948909865,14806.09526824951,7184.304565991911,110729.72879435048,91.70700073242188
2013-02-04,11347.794881055112,5450.342851101672,15028.739456176758,7309.709712976305,110394.82492474909,92.7699966430664
2013-02-05,11386.146488369744,5494.897784551826,14925.099860229491,7235.02357847637,111031.84548802099,92.15299987792967
2013-02-06,11569.646006190991,5560.971985213775,15194.832250442503,7368.565372890612,112594.2034481914,93.56999969482422
2013-02-07,11537.667674275059,5557.964673180042,15121.520004882816,7361.41211621082,112407.84544992942,93.43499755859376
2013-02-08,11626.454191094688,5627.549470168459,15128.28433265686,7382.588966408656,113543.65165929028,93.63300323486328
2013-02-11,11487.844292336076,5563.213181472697,14777.840084838866,7288.438055191024,112217.81292760777,92.53500366210938
2013-02-12,11712.691497083015,5639.174462217873,15060.199292526244,7411.157658479619,114081.70824650233,94.19100189208984
2013-02-13,11612.43871930514,5606.166092442464,14840.160298538209,7315.743264722985,113259.34222266215,93.30500030517578
2013-02-14,11617.019400458366,5601.552941939789,14767.087078094482,7343.143600376619,113235.09998404044,93.25599670410156
2013-02-15,11566.08631158528,5566.958800287419,14478.98243408203,7312.679595110643,112637.29812683766,92.95700073242188
2013-02-19,11739.64141887462,5649.519277928096,14546.654737014771,7355.343514009558,114317.63672989632,93.6500015258789
2013-02-20,11600.506698771129,5564.981282568405,14191.139547729494,7375.94458504362,112785.22835405712,93.70800018310548
2013-02-21,11524.081330117877,5501.793759648586,14294.389758911133,7386.809702468454,111774.3227520281,93.66000366210938
2013-02-22,11573.337237634387,5527.593136762285,14249.155733413696,7355.602043705828,112275.12833603712,93.1500015258789
2013-02-25,11483.543868195868,5521.200811453321,14541.914988403321,7497.614082361935,111772.56827360866,94.22000122070312
2013-02-26,11338.447836829251,5435.0427868052275,14434.25983581543,7338.790224874253,110194.720922663,92.39700317382812
2013-02-27,11445.63016577885,5474.120156802175,14237.44279434204,7312.565819360788,111112.17745379845,92.11000061035156
2013-02-28,11446.961726438845,5474.110582932088,14122.359214782715,7338.195812862431,111118.57603867902,92.3030014038086
2013-03-01,11519.42729362353,5513.8512729808745,14113.20019165039,7378.784393773598,111871.55246881238,92.58200073242188
2013-03-04,11703.604664161421,5597.450522421349,14249.797655487062,7439.615041619923,113613.9322717051,93.56400299072266
2013-03-05,11787.884433936684,5671.268855692814,14232.444528808594,7418.99615655593,114772.21576379756,93.4010009765625
2013-03-06,11789.774218287894,5650.278445852346,14294.67369445801,7386.458049903557,114568.33345578966,93.28900146484376
2013-03-07,11891.916812376563,5704.047815523267,14341.713928222656,7408.269596446869,115609.8101610707,93.927001953125
2013-03-08,12069.900358503108,5771.63192461231,14496.455094375611,7449.0126177267875,117159.57581342394,94.9280014038086
2013-03-11,12274.230539355489,5864.354939889549,14713.048019866947,7550.056370955362,119092.36721732689,96.16999816894533
2013-03-12,12303.875723225445,5870.122548471442,14897.68411819458,7606.191463101918,119294.7817010952,96.61900329589844
2013-03-13,12219.370698294257,5813.862709703149,14723.70115310669,7536.86314785333,118313.62463359386,95.81999969482422
2013-03-14,12310.065957254841,5845.757534394081,14756.353084106446,7554.741311362801,119077.51777646974,96.0199966430664
2013-03-15,12231.98422086854,5825.815678763456,14778.147689819336,7576.6430620939855,118496.16338833113,95.96199798583984
2013-03-18,12028.46094394359,5747.909660167618,14743.852810516357,7516.679462411383,116717.68130271135,94.88899993896484
2013-03-19,12057.935699446183,5764.295204337855,14881.135802001954,7576.095166465373,117027.0412634922,95.34300231933594
2013-03-20,12104.85004114506,5787.412086591369,14767.91897415161,7523.765620240441,117489.36183672686,95.0500030517578
2013-03-21,12115.712182451884,5775.479529187168,14992.969036102293,7615.427705891402,117420.96152402213,95.95500183105467
2013-03-22,12080.033610947854,5768.758870695599,14763.251069641114,7535.321590912491,117179.5925107715,94.91000366210938
2013-03-25,12019.177388030588,5742.513891864818,14721.099174804689,7534.46573930826,116617.85935048344,94.8280029296875
2013-03-26,12004.847490307815,5721.3106706184535,14537.954963378907,7473.44165727636,116333.10020764658,93.96299743652344
2013-03-27,12090.703775790864,5769.951551782729,14702.493931884768,7559.337695440057,117243.48235242258,94.63500213623048
2013-03-28,12086.979506429747,5764.7966632941525,14568.992812271119,7519.7962741829515,117173.0854758466,94.31600189208984
2013-04-01,12034.80641286618,5722.977973994355,14582.59658126831,7537.112331961958,116861.56845354258,94.28199768066406
2013-04-02,11952.829288095923,5701.211390273257,14203.427446517944,7434.4113126775765,115666.93296470876,93.18000030517578
2013-04-03,11854.748959836936,5659.5979083906595,14072.454186401368,7480.28955170601,115547.3326159225,93.36199951171876
2013-04-04,11842.557960427011,5632.590797588594,13960.287800827025,7472.204066710205,115425.4576034618,92.88899993896484
2013-04-05,12239.678393075714,5798.5229611548675,14736.537429046632,7782.08558851863,119756.39395839561,96.43699645996094
2013-04-08,12618.18504483038,5969.451992839031,15025.952076416015,7943.019691786696,122841.06962652851,98.7509994506836
2013-04-09,12729.632693130125,6042.3863539450795,15223.595012817383,7988.533663176029,123734.79771066068,99.27999877929688
2013-04-10,12842.72451441057,6140.769832839226,14916.712039947512,7928.745994076114,123819.24803085248,98.9499969482422
2013-04-11,12978.04790156499,6182.969963927814,15054.549355316163,7995.04507520795,124990.08149361983,99.66600036621094
2013-04-12,12940.407848489418,6175.711321901817,14340.443266296386,8036.048122589606,125125.7639512792,99.62100219726562
2013-04-15,12486.362155582958,5978.602598809703,12921.691627578737,7955.665811825636,122299.91051554828,98.40599822998048
2013-04-16,12463.908432892842,5960.030139378428,12855.040405273438,7803.4313972574755,121009.51657275742,96.8000030517578
2013-04-17,12384.56261323731,5891.2876118583035,12969.440781097412,7883.299223790505,121244.56863558287,97.61000061035156
2013-04-18,12359.943454723776,5833.409635906114,13165.294609832765,7921.528893863086,121421.87467727819,98.02899932861328
2013-04-19,12489.523226727484,5924.876730381155,13303.560806884765,7931.192008284876,122125.29840206131,98.2030029296875
2013-04-22,12748.575008052263,6083.696911607439,13762.005895996095,8064.39728271817,124415.44449319912,99.7969970703125
2013-04-23,12797.791950301771,6103.5581229791505,13573.021301269531,8007.7423767479795,124214.43200299704,99.16000366210938
2013-04-24,12872.670254455667,6132.698959152773,13792.306760253907,8053.212788580814,124930.47032599321,99.677001953125
2013-04-25,12891.52734941476,6149.876422466744,14080.854340667725,8023.544116642197,124791.6621495582,99.41999816894533
2013-04-26,12858.660966810481,6125.4516537263535,13998.281624221801,8046.166681212847,124807.8437586462,99.34200286865234
2013-04-29,12749.339028260607,6089.11903019807,13922.91700820923,7921.753697824148,123312.08542549053,97.84200286865234
2013-04-30,12782.624738838113,6135.248660874258,13972.04305343628,7922.073698398878,123475.99590143758,97.86399841308594
2013-05-01,12593.517207556675,6069.160343237571,13725.628193817138,7899.708037724581,121809.112176903,97.2689971923828
2013-05-02,12692.576065579753,6138.140205297908,13784.973977050779,7888.582109020319,122980.22418283467,97.13200378417967
2013-05-03,12928.735769497205,6263.365034250698,13917.147018585203,7886.619338188462,125378.8845532006,97.9459991455078
2013-05-06,13114.297718511365,6362.0448765762685,14087.064783096313,7969.1714022906535,127266.48131689458,99.0999984741211
2013-05-07,13213.222594887953,6374.1457179653835,13945.910968475338,7977.657061582977,127866.62412242986,99.34400177001952
2013-05-08,13197.465960586438,6368.70587654259,14071.629099121095,7941.640688826322,127735.81525065948,98.7760009765625
2013-05-09,13173.888599065556,6366.104364085882,13923.01094795227,7948.363497616855,127595.61274413031,98.87799835205078
2013-05-10,13468.985842855942,6527.674101665154,14066.793914794922,8054.117065399561,130643.9652412281,100.76499938964844
2013-05-13,13634.610520939998,6610.917078771876,14109.20040840149,8132.20368450884,132280.27908993795,101.9229965209961
2013-05-14,13740.909220812604,6628.95983061434,14010.729244766233,8079.108687045077,132975.69111394326,101.66699981689452
2013-05-15,13888.708620268468,6678.114396441274,13760.532176742554,8143.645724191615,134183.92701663487,102.20999908447266
2013-05-16,13829.987935425941,6673.914308039174,13711.775653762817,8186.443399654576,133857.59765331377,102.25800323486328
2013-05-17,13947.024741504803,6730.920101335952,13386.83472999573,8132.327506142109,134995.66229065368,102.13500213623048
2013-05-20,14023.473893473643,6758.088911266598,13876.958633422852,8171.253963607833,135638.10491309542,102.70099639892578
2013-05-21,13970.478911365355,6730.214223473345,13575.81812866211,8150.065433116685,135102.1056353845,102.16600036621094
2013-05-22,13904.312738168597,6688.587309717896,13516.197657165527,8107.011062755353,134364.46383882014,102.44200134277344
2013-05-23,13963.42731516031,6720.873728509629,13888.521696853639,8173.579516068872,134974.31874280827,103.1760025024414
2013-05-24,13848.03228575497,6667.302921190311,13698.36208984375,8115.958504479453,133878.64279870313,102.41000366210938
2013-05-28,13753.443795208985,6625.8650890604795,13496.506898117066,7918.092864534299,133005.32933347946,101.1050033569336
2013-05-29,13845.357690940455,6681.590174820596,13812.794064788817,8056.033599705028,134008.95440409658,102.4459991455078
2013-05-30,13688.935911977687,6617.099004994409,13795.217250061034,7936.473417489838,132605.20638688907,100.91600036621094
2013-05-31,13516.245222885935,6567.509390866099,13539.311795654296,7929.033719786527,131272.1313381302,101.0999984741211
2013-06-03,13507.612600733375,6538.688112786958,13715.978476715085,7891.490156769544,130939.54285357145,100.47599792480467
2013-06-04,13343.947126535288,6456.67147588428,13487.569599685668,7813.37560449227,129325.1002488618,99.73799896240234
2013-06-05,13224.660357687,6404.4058446945,13585.880000000001,7891.74429784375,128223.55324004364,100.25
2013-06-06,13171.607358886798,6352.543859271106,13509.917034988404,7799.1912149672,127447.4189395803,98.9520034790039
2013-06-07,13120.099228148878,6334.633483901342,12971.74302368164,7611.391139471879,127018.35810963315,97.3270034790039
2013-06-10,13242.905342704347,6396.569659960905,13157.99758102417,7663.52175753482,128233.70442909776,98.23799896240234
2013-06-11,13187.813498736403,6371.639525638485,13171.629119873047,7730.417750660176,127717.0446254923,98.8489990234375
2013-06-12,12715.20197948431,6122.176204693013,12901.693147659302,7481.790919611952,122928.78265409448,96.10199737548828
2013-06-13,12885.345918072357,6189.443534663467,12829.544574279787,7525.032283952215,124427.13990828139,95.9290008544922
2013-06-14,12746.460040838556,6120.26946689196,12837.258863067627,7500.913666360724,123061.38031229479,95.49400329589844
2013-06-17,12676.475084651573,6099.190135347427,12606.751907272339,7384.9399175629405,122510.97204218376,94.24199676513672
2013-06-18,12836.072015797261,6178.483450971937,12510.068440322875,7415.011532251717,124078.43536459142,94.68000030517578
2013-06-19,12770.624950353334,6162.860680885568,12473.564806823731,7377.636902695239,123604.62106654154,95.51699829101562
2013-06-20,12594.096784831494,6081.799668201963,11938.52354736328,7426.543098745873,121937.32485562371,96.58999633789062
2013-06-21,12639.71861059958,6084.036745402322,12147.481904983522,7389.674733697602,122181.06315912816,97.14099884033205
2013-06-24,12644.706000260365,6102.347131195244,12197.561958847047,7468.785752594576,122388.3996721951,98.4229965209961
2013-06-25,12651.372486906592,6091.791471906216,12042.15235145569,7392.338885168849,122315.17069909588,97.53099822998048
2013-06-26,12856.519929473085,6185.894903035882,11608.82753540039,7469.1408911879125,124251.77943864159,98.14700317382812
2013-06-27,12882.311045252722,6188.521017337593,11335.45341079712,7480.689162012669,124403.18743764659,97.7699966430664
2013-06-28,12922.170362135932,6242.067985603772,11729.476112823484,7525.8647071903815,125132.15702563901,98.47599792480467
2013-07-01,13117.208611126354,6338.708702886179,12037.899067306516,7597.875707593465,127042.91646468139,99.37999725341795
2013-07-02,13141.5422929721,6359.066187300201,11963.82257156372,7622.040174326475,127364.70277741321,99.65699768066406
2013-07-03,13289.20038626934,6454.0972213276045,12162.502626342774,7689.239565674429,129031.91638654095,100.73300170898438
2013-07-05,13364.165718328853,6470.728061201865,11834.979944152832,7520.9133782236295,129561.7380984726,100.22000122070312
2013-07-08,13595.947737167227,6552.3959867502535,12116.6410496521,7653.237659406593,131502.7836747953,101.38600158691406
2013-07-09,13622.237151833364,6557.676146450561,12164.526815948488,7625.623650934921,131683.05694625276,100.8499984741211
2013-07-10,13668.129349090119,6615.599505008902,12234.455335235594,7621.247937524353,132485.5130568636,101.15299987792967
2013-07-11,13497.919124130396,6574.869606751533,12243.97655090332,7499.788818795094,131252.80737369866,98.5510025024414
2013-07-12,13570.565143951,6636.896783102779,12293.83531364441,7531.064834358083,132226.00687165445,99.04000091552734
2013-07-15,13644.819356545384,6662.588800368551,12318.28328567505,7566.788880125514,132843.12480057718,99.1969985961914
2013-07-16,13696.34106595282,6703.903946308155,12482.255833282468,7627.6675578408995,133506.53968807578,99.9459991455078
2013-07-17,13622.697160976966,6668.132866803838,12228.411651611328,7601.118408374421,132791.44351621653,99.16000366210938
2013-07-18,13766.38661205562,6684.720724706761,12358.837054138185,7603.60065573079,133653.86443089426,99.66000366210938
2013-07-19,13910.125351038325,6672.000538410214,12576.307817077637,7711.548484516308,134223.02180839726,100.52200317382812
2013-07-22,13918.819094124823,6683.04194271608,12934.118752136232,7700.592897897556,134375.7237490904,100.38899993896484
2013-07-23,13741.909256886183,6562.996903037978,12883.315715408326,7609.9680736699,132316.25917981297,99.3239974975586
2013-07-24,13715.385021577846,6595.911439599566,12683.877770080568,7571.779905987672,132517.34483302536,99.49700164794922
2013-07-25,13880.718438439239,6701.695648352644,12925.159287643432,7655.746777107692,134377.89770421304,100.4520034790039
2013-07-26,13732.694279300673,6658.8966060579005,12784.634696502686,7572.738976492636,133231.98206512292,99.2750015258789
2013-07-29,13509.122594363918,6558.354310354756,12584.921082382201,7457.015229003974,131141.70744797125,97.95999908447266
2013-07-30,13520.56869133621,6599.192881382929,12561.269066162109,7461.129476079173,131606.14764564706,98.04299926757812
2013-07-31,13526.466312565484,6609.720722424499,12542.127211608888,7464.215934135252,131740.15685624775,98.01599884033205
2013-08-01,13657.263010659015,6665.152112578735,12386.636153182984,7384.265384465061,132927.05791390495,97.83300018310548
2013-08-02,13902.38834467066,6811.731465662596,12562.710968627931,7568.205922540128,135581.53036102178,99.41999816894533
2013-08-05,13814.336426072472,6782.952138883851,12436.129193115237,7507.530144328722,134865.98988639686,98.93499755859376
2013-08-06,13638.234934566317,6694.102755729415,12177.821319961547,7456.395708011094,133123.0087611458,98.23200225830078
2013-08-07,13466.17087250359,6618.879705946542,12080.788033294679,7413.274246698421,131535.51277714016,97.30799865722656
2013-08-08,13413.017023436842,6601.695202693896,12250.8701612854,7367.920164043449,131105.4457867932,96.56999969482422
2013-08-09,13397.854066623875,6586.33660432802,12272.4361289978,7385.971659305191,130878.53073363681,96.73999786376952
2013-08-12,13285.750203847774,6554.504068059716,12402.161554489136,7318.419524649512,130015.46328485891,96.04399871826172
2013-08-13,13485.413426186306,6670.996726439609,12416.327610168459,7339.404796393811,132148.7030578787,97.1999969482422
2013-08-14,13547.781454252568,6710.794916038542,12661.736984252928,7417.99291806734,132849.0446934605,98.15299987792967
2013-08-15,13317.472560054155,6575.8399572499175,12886.261152038574,7354.275382299257,130382.57713661224,97.85299682617188
2013-08-16,13165.203479064614,6520.030735037784,12867.551940460206,7265.82582553066,129084.96953172333,97.05500030517578
2013-08-19,13163.535487797782,6549.282149345004,12893.020645828245,7280.129201993849,129368.43258848516,97.66699981689452
2013-08-20,13216.32810520538,6572.350985072523,12924.33886528015,7313.108310336981,129855.3970751699,97.5790023803711
2013-08-21,13098.703154718194,6531.470701243049,12851.731377563478,7246.946562536377,128875.26175754907,97.30999755859376
2013-08-22,13286.018153027704,6630.146971116124,12990.145775756839,7281.247246830654,130770.78974359154,97.80999755859376
2013-08-23,13476.51955786135,6747.97803082787,13338.776803588868,7402.375700156314,132872.76848156512,98.87899780273438
2013-08-26,13402.74666598033,6739.655708960248,13369.592498016355,7404.162701536131,132430.66165421027,98.70500183105467
2013-08-27,13127.452520888324,6570.349676605031,13436.781942367554,7412.657434842914,129402.77483163429,98.25800323486328
2013-08-28,12990.920438135081,6504.28617790201,13246.105086364747,7279.79640695745,128079.56316190143,96.89199829101562
2013-08-29,13123.792494444211,6607.004266119538,13278.302928771973,7349.940688282328,129750.3362433094,97.72799682617188
2013-08-30,13157.723041979401,6601.804353090707,13232.06901535034,7378.344969989631,129863.68660081204,98.29199981689452
2013-09-03,13389.071510038599,6726.160121287253,13583.339358367919,7431.693164685848,132224.39106110873,99.56999969482422
2013-09-04,13497.670278142468,6797.626034770143,13405.94175506592,7405.810507505302,133463.28014386224,99.5540008544922
2013-09-05,13538.391903965294,6821.170259532044,13184.041180419921,7361.796222484386,133895.810841926,99.72799682617188
2013-09-06,13597.615690023998,6855.8148636564565,13430.561039733888,7435.579585072,134528.82994125638,100.11599731445312
2013-09-09,13708.766974581476,6927.246229641501,13387.919718551635,7440.2824344976325,135779.9671265363,99.97699737548828
2013-09-10,13774.536228080364,6943.460774660886,13136.981293182373,7386.9857414129265,136263.89001616405,99.71900177001952
2013-09-11,13891.275032745207,6969.338422604878,13207.534982299803,7466.218768442587,137094.2741351533,100.28500366210938
2013-09-12,13796.40183057035,6933.227320191685,12745.29633377075,7433.094092587646,136271.01262502192,99.83000183105467
2013-09-13,13792.528191760659,6920.205180451553,12728.060334472655,7424.0590124110095,136123.75418523385,99.5780029296875
2013-09-16,13793.919841699888,6862.372505546545,12520.446672821045,7398.454078031317,135561.46745010276,99.01499938964844
2013-09-17,13863.17089312257,6912.531123503721,12532.354961395264,7417.453736327135,136396.61579799518,99.06999969482422
2013-09-18,14031.836002455839,7000.407636823627,13085.887062454223,7514.168225988739,138093.2324910017,99.12799835205078
2013-09-19,13878.593711594229,6952.366020707771,12939.167379379272,7418.750106889424,136864.70357206522,98.20999908447266
2013-09-20,13879.494523342823,7011.030613352932,12717.944321899413,7515.355981270792,137446.4830744798,99.38999938964844
2013-09-23,13799.560793827528,6989.1743197784135,12662.78140449524,7535.1617095237,136837.18381802773,99.2770004272461
2013-09-24,13692.609899509143,6951.368941794052,12605.148127288816,7521.857766146822,135937.68555492023,98.73999786376952
2013-09-25,13653.725586146453,6927.663642732583,12717.3689037323,7542.645624526714,135512.6306391174,98.74500274658205
2013-09-26,13663.1974467281,6960.096399505544,12579.008338012698,7503.061692379435,135878.52359181765,98.43499755859376
2013-09-27,13665.331255057072,6984.404352367252,12755.777692565918,7549.292482918501,136128.26910885767,98.90499877929688
2013-09-30,13444.369581900739,6891.507163266678,12539.465305938722,7479.508184005326,134124.33444665006,97.8270034790039
2013-10-01,13630.168365192847,7002.905368483747,12259.656190109254,7506.530928228618,136131.83637874102,98.4000015258789
2013-10-02,13551.694626916036,6966.521029886528,12442.477877960206,7482.900664259164,135386.3750818782,97.9260025024414
2013-10-03,13340.903724026657,6840.3344059428955,12374.614388122558,7445.317830442948,133106.95911462122,97.3000030517578
2013-10-04,13436.319040193546,6897.129842567257,12306.181609802246,7421.684795141515,134135.59684997398,97.25900268554688
2013-10-07,13324.411743732768,6841.3870304767115,12418.09571685791,7430.640232176706,133034.9836631489,97.29000091552734
2013-10-08,13169.226873048443,6707.947027312342,12394.746116638184,7426.979115557404,130962.18486563257,97.29000091552734
2013-10-09,13126.083286481631,6660.14104436563,12220.185233154296,7384.156097060898,130281.67226329894,96.9010009765625
2013-10-10,13489.037369855074,6843.242293223812,12113.71486732483,7412.0609213510625,133873.81132921707,97.47899627685548
2013-10-11,13674.275406681134,6947.735339258919,12037.480700683594,7476.827894851067,135814.63244033948,98.18499755859376
2013-10-14,13746.927391841107,7006.543530468872,12075.908987350464,7461.494086512144,136749.37528075877,98.31400299072266
2013-10-15,13693.847858776482,7002.893968568923,12205.964688796998,7488.479451930965,136449.2090841786,98.6500015258789
2013-10-16,13870.173691917065,7075.398035820706,12174.125601654054,7516.774219935414,138034.1692856056,98.54399871826172
2013-10-17,14018.983056482606,7144.898899658934,12606.935111083983,7590.169942251554,139452.70439603564,98.94000244140624
2013-10-18,13978.156087224295,7192.12649472501,12430.031229019163,7518.027951249067,139708.9382894874,97.98999786376952
2013-10-21,13969.97082629664,7203.408382181729,12434.770708007813,7508.035631186433,139777.9639297872,97.927001953125
2013-10-22,14089.184656822816,7233.681122373422,12700.411991577148,7580.977230708674,140667.04179188755,98.19400024414062
2013-10-23,14013.004511470937,7184.912562227425,12628.736186294556,7589.19295125105,139812.44931643928,98.13300323486328
2013-10-24,13957.409435934407,7164.355575705567,12654.857762145999,7519.021509279156,139335.139760956,97.41999816894533
2013-10-25,14016.123293564639,7213.628303444637,12704.84737869263,7529.513352501429,140107.55974207717,97.38500213623048
2013-10-28,14065.09612789954,7229.092525430876,12738.73916015625,7536.473497018662,140502.27265651105,97.56999969482422
2013-10-29,14147.365069827707,7245.12953416059,12668.147756423952,7550.621715721449,141068.56466994795,97.62000274658205
2013-10-30,14159.867528346022,7280.641877455893,12725.942431640624,7575.065014828632,141476.62694824708,98.19400024414062
2013-10-31,14164.714832879588,7286.9610260946965,12583.28466339111,7590.314726202835,141562.3138026792,98.50700378417967
2013-11-01,14171.747122186975,7274.975907461584,12481.850841522215,7533.84521783618,141479.36557971255,98.3209991455078
2013-11-04,14275.274325097313,7313.113682503191,12515.1326902771,7577.152137267321,142367.25300029514,98.69200134277344
2013-11-05,14220.693712734135,7316.306609852071,12482.232980957033,7537.962639150452,142125.2714668142,98.6269989013672
2013-11-06,14268.520326352329,7301.84490404448,12523.60336303711,7547.900580077552,142224.1115154429,98.45600128173828
2013-11-07,14115.879822886152,7177.366642124147,12445.684192504883,7582.851099567669,140252.66507733054,98.6500015258789
2013-11-08,14236.853110410882,7239.959182316694,12200.69158416748,7460.92996559391,141465.13713138338,98.1709976196289
2013-11-11,14388.368953479636,7304.136015503679,12287.779820022584,7535.318437666643,142845.73432174604,99.1989974975586
2013-11-12,14350.327906276265,7311.274147713625,12139.448159790038,7523.95925073315,142724.75871298934,99.13800048828124
2013-11-13,14535.372433767661,7436.4886187663715,12237.948052597045,7591.850598567831,144865.40923062805,99.61699676513672
2013-11-14,14549.385695471592,7429.980956894362,12329.821148223877,7598.090619260435,144872.33565573627,99.21800231933594
2013-11-15,14763.207852899897,7520.98573821788,12461.836534423826,7670.30988755385,146824.90441237314,100.23999786376952
2013-11-18,14728.281755755572,7455.284515890265,12333.50614242554,7706.265984505927,146012.60230986384,100.35399627685548
2013-11-19,14624.363579613253,7397.181701288319,12278.15572242737,7639.956595368172,144928.99909975386,99.86299896240234
2013-11-20,14625.042772705234,7402.657436122241,12033.741690673829,7621.995629743547,144985.53782002244,100.18099975585938
2013-11-21,14746.872553706284,7480.532887618277,12018.82766784668,7630.772120095091,146350.61383145422,100.20700073242188
2013-11-22,14985.108844948438,7604.685808656521,12150.174509277344,7737.59963079084,148746.98495502933,101.31900024414062
2013-11-25,14965.906127843686,7620.7889840180815,12201.393510284423,7741.493213073687,148807.22933261446,101.29000091552734
2013-11-26,14978.916100437036,7665.542363529074,12143.75681716919,7762.886329396908,149306.6258500032,101.3499984741211
2013-11-27,14998.207975624924,7710.664500269647,12093.413778533934,7736.450102133035,149841.0182366289,101.23400115966795
2013-11-29,15144.913733240086,7838.32335665411,12346.644377899169,7812.67741749171,151813.65142020583,102.29199981689452
2013-12-02,15132.020440951712,7828.923509462935,12048.54025894165,7792.622630979095,151655.9072710072,102.47100067138672
2013-12-03,15134.569908986097,7857.719082772748,12141.976521606444,7841.745242052456,151947.45290319293,102.93299865722656
2013-12-04,15047.322032780525,7820.678699366618,12278.025711059568,7761.859136799104,151151.44759598508,102.35099792480467
2013-12-05,14988.939647766707,7814.564107558565,12114.39312057495,7746.549215602932,150799.5479669701,102.40399932861328
2013-12-06,15058.489226220216,7820.9661198812355,12061.513716506957,7703.384317895528,151210.21783090814,101.74199676513672
2013-12-09,15302.875943573312,7960.310379367983,12346.84292541504,7817.896239837531,153784.43497149314,103.13099670410156
2013-12-10,15268.002272474754,7965.1397938496275,12579.863978729249,7860.876748365912,153656.34502788258,103.26599884033205
2013-12-11,15028.110031536622,7826.078554125698,12424.165859527588,7794.981438741757,151107.40122194414,102.7979965209961
2013-12-12,14936.244068644846,7783.651631032166,12125.671702651978,7750.5470026933335,150236.0967906161,102.50800323486328
2013-12-13,15084.92057845159,7851.736212300093,12360.605309295654,7840.301758114007,151640.61243370388,103.54000091552734
2013-12-16,15139.348827773289,7875.058203584268,12360.385898208619,7815.957818960997,152139.26869210153,103.2699966430664
2013-12-17,15055.689036127187,7840.723783471118,12224.153600692749,7822.458775841528,151387.44842349747,103.0270004272461
2013-12-18,15252.829924572665,7901.7306249295525,12069.608704605102,7762.4168009099585,152966.42676248864,102.6240005493164
2013-12-19,15471.098387325286,8001.509727105838,11965.73636566162,7849.56064935808,155026.67594951682,104.21299743652344
2013-12-20,15486.422424304406,8088.696238655965,12089.759553222657,7878.71273065191,155947.53796442575,104.2760009765625
2013-12-23,15532.430070697297,8155.3084757375545,12022.746958923339,7834.991323642553,156823.06011436303,104.02999877929688
2013-12-24,15588.315339733808,8170.526348675547,12094.833890533446,7815.312034646699,157250.56708555025,104.1760025024414
2013-12-26,15719.047414252514,8225.258928075673,12202.132002258302,7834.605146618959,158435.85880275513,104.52400207519533
2013-12-27,15771.576247329322,8232.307979591946,12283.42822265625,7856.4549067093285,158767.45739540947,104.87899780273438
2013-12-30,15836.17056754079,8254.52981531511,12152.874764785767,7910.995659249378,159306.43184636158,105.31999969482422
2013-12-31,15852.806602300856,8278.419972369747,12184.935860290529,7846.290555334071,159621.1135529083,104.93399810791016
2014-01-02,15759.233363961308,8243.402191165056,12428.231704711914,7906.516783882248,158809.83713551675,105.3239974975586
2014-01-03,15682.337201132708,8145.1882598011125,12505.528591842654,7864.901454872558,157475.61691006413,104.83300018310548
2014-01-06,15649.530768601748,8120.9366213815465,12536.98430633545,7893.043994805431,157076.62461806153,104.91200256347656
2014-01-07,15640.285749023482,8142.062851739476,12382.23209121704,7852.838479575921,157233.86369453472,104.20999908447266
2014-01-08,15719.054030748997,8199.294265602195,12368.581202087404,7851.863992723235,158182.23058387588,104.71199798583984
2014-01-09,15749.16137406879,8182.107627806087,12419.820449676512,7882.377678578226,158167.97080940724,104.84400177001952
2014-01-10,15789.9331755871,8207.585414182455,12606.856020202635,7947.91964226896,158618.87208866834,104.83000183105467
2014-01-13,15448.911668358054,8017.223216297101,12579.90767715454,7903.922081754999,155066.77103099634,103.9489974975586
2014-01-14,15492.11928822784,8106.058629959629,12362.576918029785,7810.950115200161,156141.01048270427,103.11599731445312
2014-01-15,15736.189578328842,8257.521941741154,12466.059242248537,7884.380923702201,158830.06177027104,104.1790008544922
2014-01-16,15774.871677975889,8289.539430446172,12526.55998764038,7936.191107848335,159333.52244069893,104.5709991455078
2014-01-17,15665.839575408401,8220.455404541255,12612.394128570559,7934.1745041270315,158118.54595924768,104.29499816894533
2014-01-21,15702.21522941844,8278.150205080301,12475.732317352295,7920.1789430875615,158858.05651501962,104.2249984741211
2014-01-22,15712.144451936172,8299.690709343324,12422.339319076538,7897.957410529724,159115.77872656443,104.2229995727539
2014-01-23,15645.014867670598,8304.084827511691,12743.49691017151,7982.988279798067,158820.35423086747,104.63500213623048
2014-01-24,15126.106425687087,8040.875295776511,12641.117635879518,7918.528596397861,153670.49258438003,103.37000274658205
2014-01-27,14859.492669744006,7860.598868544746,12343.968369140623,7793.4868898605955,150590.098506124,102.0500030517578
2014-01-28,15037.474259440301,7903.015795195702,12416.848326492309,7851.794360175706,151894.8358269111,102.66100311279295
2014-01-29,14975.72646012746,7860.924387433734,12642.70091384888,7932.863052338295,151178.14291867308,103.2310028076172
2014-01-30,14997.98487527769,7935.417949957953,12252.47136550903,7853.5831022091,152008.63666561933,102.3000030517578
2014-01-31,14976.87382507382,7949.5507983814605,12340.208608474732,7919.828707810075,152038.71342522328,102.75800323486328
2014-02-03,14559.176674644248,7722.601663601033,12397.933602905272,7919.191139081232,147745.54541025247,102.19200134277344
2014-02-04,14509.69072240434,7700.01793726287,12237.17037322998,7814.070361482135,147278.41698280594,101.14199829101562
2014-02-05,14570.695391829293,7721.4106434790265,12333.859172744751,7827.827851162133,147792.6123399323,101.68900299072266
2014-02-06,14730.467642469785,7803.674802338429,12301.738254394533,7796.057070552814,149390.2177902873,101.46600341796876
2014-02-07,14997.27996345527,7989.066159230916,12466.104808959963,7860.95414558128,152517.34253038833,102.03900146484376
2014-02-10,15096.238291988278,8073.442254439839,12602.25033508301,7902.201387623078,153826.51476795366,102.52400207519533
2014-02-11,15203.246012202275,8135.105068843065,12701.260282287598,7837.247080443909,154959.31210464815,102.13300323486328
2014-02-12,15268.400221960621,8181.706414108422,12756.563182296753,7848.303623031185,155735.6572387225,102.5199966430664
2014-02-13,15339.594748569081,8238.856269408006,12858.835032119749,7881.660556151428,156643.54107265445,102.46900177001952
2014-02-14,15381.953727966475,8232.913511112105,12993.204650115968,7854.62790793183,156801.67794948653,102.18800354003906
2014-02-18,15381.353175107492,8263.412506409028,13002.698348999023,7864.27201680163,157090.31694525358,102.06199645996094
2014-02-19,15319.922775820069,8227.840920004486,12921.46173248291,7869.572320242487,156438.35678901916,102.33200073242188
2014-02-20,15407.162573390175,8265.049972514978,13054.883218383788,7859.431320534373,157236.96037781466,102.31099700927734
2014-02-21,15389.738200345892,8254.01693933921,13052.964508361816,7869.5840985103905,157043.01356532876,102.31199645996094
2014-02-24,15505.504581743555,8314.775359449854,13223.151932983397,7877.278830623167,158211.6117513,102.51300048828124
2014-02-25,15494.947946153872,8302.98424310055,13241.699511795045,7902.069644225232,158045.268620206,102.48200225830078
2014-02-26,15445.586081095696,8268.688441986258,13086.436695480348,7899.685590550928,157466.75779721752,102.1500015258789
2014-02-27,15549.284839700003,8334.973472343532,13114.732261657713,7920.508285464116,158626.968141353,102.29900360107422
2014-02-28,15559.813288806952,8310.292579876881,13031.278277893067,7898.1392464807095,158444.3566089188,102.11000061035156
2014-03-03,15328.59031852766,8183.080786980249,13199.028489761351,7874.753465213939,156051.90562112886,101.30500030517578
2014-03-04,15560.460666124362,8296.81072933887,13049.696489868165,7822.28026155064,158316.56764216558,101.41200256347656
2014-03-05,15692.202692396295,8382.69870951588,13169.722600936888,7889.893046164011,159806.1533347272,102.1780014038086
2014-03-06,15757.234063088696,8390.759969947529,13325.111968917845,7870.309706072221,160213.96568537253,102.36699676513672
2014-03-07,15866.339198337584,8403.1241703664,13300.400580596925,7887.038109143335,160887.09702828332,103.03199768066406
2014-03-10,15882.230217934202,8423.514579913965,13324.925015258787,7907.746228546732,161162.4431847516,103.19000244140624
2014-03-11,15810.775290945385,8390.672108933042,13406.226967926026,7919.104602167495,160485.5827245394,103.23600006103516
2014-03-12,15754.332713611679,8390.26922809658,13550.197917480467,7919.9412336278565,160194.52095480237,102.83999633789062
2014-03-13,15569.042962638277,8266.031734290655,13588.940050735475,7962.34601878259,158066.67352198274,102.78299713134766
2014-03-14,15373.821431730801,8128.933805255196,13546.917837524414,7885.418499524649,155765.6247973875,101.77999877929688
2014-03-17,15444.270315085128,8164.836844214677,13339.081441040036,7819.030771336978,156466.5571828722,101.33000183105467
2014-03-18,15635.712811912865,8307.456458983299,13304.822731475828,7879.172885284113,158801.0408090574,101.85900115966795
2014-03-19,15488.418410190716,8228.102299854409,12993.449912719725,7773.638702889732,157294.63269965735,101.44000244140624
2014-03-20,15736.740196408053,8334.771737129005,13101.558776550293,7853.972319556775,159575.6687399704,102.46800231933594
2014-03-21,15597.531463816727,8228.679482558695,13156.226992034912,7864.0604592825075,157855.38100031932,102.40699768066406
2014-03-24,15507.851560498892,8142.685934616193,12900.769041137695,7854.416100672761,156578.82978310608,102.24099731445312
2014-03-25,15576.266524792947,8166.982138756942,12919.986962585448,7847.151177195449,157158.70740124973,102.20700073242188
2014-03-26,15476.039212706175,8066.981326407369,12827.562309265137,7886.513529557387,155694.88380788983,102.28500366210938
2014-03-27,15385.732261637315,7991.269397255555,12696.094754791258,7864.792066263421,154513.20673480944,101.90299987792967
2014-03-28,15498.607884166247,8026.317783571387,12723.430715332031,7855.721122480029,155421.88432399672,102.14700317382812
2014-03-31,15739.115993946965,8142.738442943057,12718.109282455443,7913.565863890019,157756.1650696806,102.88899993896484
2014-04-01,15893.521759310595,8313.271162824103,12735.575075912477,7922.054522513328,160174.97313347325,103.21399688720705
2014-04-02,16011.448318984556,8368.735208718466,12883.654962158202,7919.550494235848,161303.252304597,103.63300323486328
2014-04-03,16026.360185499689,8320.444592046504,12871.198239135741,7942.959319355037,160910.68262301094,103.86699676513672
2014-04-04,15841.317957202302,8099.3819679968665,13046.221187515257,7994.146673720865,157843.08033614897,103.89600372314452
2014-04-07,15579.393229946383,7977.291685054793,12905.701161880494,7968.677469452036,155347.72403843375,103.31999969482422
2014-04-08,15605.62052141347,8032.094513940048,12995.970240783692,7960.288365951257,156009.6635037504,103.06900024414062
2014-04-09,15602.91244962237,8082.753923460474,12878.955831298827,7871.926149150755,156486.3698672729,101.95500183105467
2014-04-10,15297.931808670995,7841.775293452923,12968.610356826783,7917.03972406593,152624.43672799395,102.10700225830078
2014-04-11,15052.179604860488,7694.502265272871,12868.163051376341,7876.854808794225,149966.47533236287,101.37999725341795
2014-04-14,15180.044454394934,7760.205076221961,12969.359871673583,7869.333594654739,151243.69475767383,101.44200134277344
2014-04-15,15354.207815534037,7821.552018359949,12787.93287574768,7914.469127833308,152710.9790612703,101.90399932861328
2014-04-16,15510.141027949903,7924.352166154693,12789.63844207764,7899.980499381609,154488.01589194222,101.8769989013672
2014-04-17,15582.039398458744,7951.416052917418,12749.574300765991,7880.0421966229715,155110.5683001607,102.20099639892578
2014-04-21,15691.304689369292,8039.1473054575235,12742.054096679689,7906.163062975009,156507.6916044554,102.55999755859376
2014-04-22,15779.519721916287,8112.311069903887,12708.492373352052,7911.5207917621865,157658.2457984628,102.66999816894533
2014-04-23,15735.054673435725,8036.449655057862,12700.375231933594,7928.028701202356,156701.02219946973,102.62100219726562
2014-04-24,15745.28946844169,8102.900832458737,12764.909218139648,7914.798596401638,157395.4818101608,102.4800033569336
2014-04-25,15591.581453492317,7958.342431724363,12831.74010498047,7911.938978371403,155225.46336947492,102.302001953125
2014-04-28,15607.911341584353,7969.06397104518,12750.872819213866,7885.060156671748,155411.13462642903,102.1050033569336
2014-04-29,15744.111363642223,8065.585814025185,12800.14761520386,7923.813290962566,157028.43238659255,102.51599884033205
2014-04-30,15805.177175679717,8090.854190704842,12740.500451507569,7948.575558578418,157579.27420390642,102.56400299072266
2014-05-01,15746.731334073114,8087.930649376945,12654.836151123047,7944.811788530571,157255.77784329167,102.22000122070312
2014-05-02,15731.649294104902,8076.662881079781,12789.385814971925,7960.07050738919,157070.9115267372,102.26599884033205
2014-05-05,15751.591565263121,8114.280868547343,12900.705614776614,7950.262675221431,157536.32404293265,102.1999969482422
2014-05-06,15605.323707241048,8003.434161664322,12867.597123107911,7954.930804410102,155728.19073261748,102.13999938964844
2014-05-07,15628.531563597982,7945.246437802679,12627.21990852356,7926.313754159414,155278.0695743503,101.69300079345705
2014-05-08,15638.95838242273,7951.806828236897,12649.446444625855,7948.800724931036,155393.9169217407,101.87200164794922
2014-05-09,15619.811595598809,7959.647272866223,12607.69158782959,7920.995629348581,155374.61542190352,101.59300231933594
2014-05-12,15818.714674160425,8116.456687219075,12731.38619064331,7923.821172274598,157892.4915575916,101.9000015258789
2014-05-13,15878.002268117096,8144.742743785509,12732.250695800782,7977.114430432224,158463.50791321934,102.18499755859376
2014-05-14,15810.044055686918,8105.645261041126,12861.808204116822,8017.380506023337,157744.06252860668,102.23200225830078
2014-05-15,15607.305176400838,8008.114985453753,12703.457854614255,8013.370566428651,155783.60699312322,101.81500244140624
2014-05-16,15612.831167867842,8036.431355722221,12636.625568389893,7971.492057866104,156086.5992475124,101.4990005493164
2014-05-19,15676.756868817116,8096.26737520767,12650.102337188719,7964.814966019354,156987.62729658667,101.54199981689452
2014-05-20,15571.4720505085,8063.327458252501,12656.035,7984.712852549999,156141.7785713043,101.5
2014-05-21,15665.832820862059,8121.915026725828,12595.980309066772,7953.649939071249,157182.5623305883,101.26200103759766
2014-05-22,15728.437639530332,8170.623266350235,12644.031171722414,7957.562725782128,157968.76623044047,101.41999816894533
2014-05-23,15845.205474403003,8258.681268712957,12670.760074005128,8000.909022698761,159408.0187718724,101.76499938964844
2014-05-27,15962.808087685014,8373.21385459912,12415.783557891844,8013.379245547195,161108.93646965007,101.8939971923828
2014-05-28,15964.13274901502,8353.927622932337,12359.61208190918,8064.179178388471,160927.96469426953,101.97699737548828
2014-05-29,16007.848434407048,8387.449414618055,12303.22660598755,8034.574515225598,161472.18732131156,101.7300033569336
2014-05-30,16032.068293428925,8387.551484498983,12250.139747009278,8027.586535468379,161594.05904599553,101.72000122070312
2014-06-02,16074.988462318286,8392.061331865178,12194.557134246827,8003.010873157073,161850.90264026608,101.8759994506836
2014-06-03,16152.4480581788,8433.140945390694,12291.42398025513,8005.112548822044,162636.98170982933,102.41999816894533
2014-06-04,16204.08524857201,8474.784562823586,12280.190509643555,8008.233383237609,163298.36600158506,102.54000091552734
2014-06-05,16332.196477054946,8558.470078585464,12389.489430541991,8030.996097433684,164750.13280328154,102.68099975585938
2014-06-06,16369.075154411017,8586.421487237392,12353.237610397338,8004.565474227526,165205.2423021831,102.4229965209961
2014-06-09,16394.951361488962,8584.664978167226,12364.21240501404,7997.292778362296,165318.72041028494,102.4800033569336
2014-06-10,16396.62790831396,8599.603401251043,12440.047607498169,7983.219303108573,165471.0758529366,102.4800033569336
2014-06-11,16313.157872114618,8583.809212188042,12421.943103103637,7981.216136360239,164898.29091340132,102.31400299072266
2014-06-12,16147.952688708001,8479.406010756,12509.28,7987.849585578,163060.0145883573,102.0
2014-06-13,16149.539917465454,8479.483046418018,12505.03162475586,7948.837495999739,163068.75529173116,101.6999969482422
2014-06-16,16205.284590141377,8509.177132134502,12482.80049118042,7969.7065887774925,163635.72483364504,101.96700286865234
2014-06-17,16234.865994671596,8505.722912675805,12456.663935852053,7928.705242407734,163751.5201077006,101.87000274658205
2014-06-18,16401.99353700284,8579.510631592002,12533.685021743775,7994.460472872817,165304.55484666905,102.17400360107422
2014-06-19,16375.57162575322,8550.093253343015,12933.916522521973,7952.027647315587,164888.01843357194,101.88999938964844
2014-06-20,16415.233948818575,8563.608641326642,12894.145038604736,7964.481490319821,165218.0887470786,101.93000030517578
2014-06-23,16432.10289649192,8576.8995197536,12947.072340011597,7969.657307589356,165431.13260107546,102.06600189208984
2014-06-24,16301.749556980656,8552.053847321262,12935.452948760989,7986.995677683739,164534.890598314,101.87000274658205
2014-06-25,16381.859860123566,8610.338259756818,12941.55136505127,7997.90701150041,165500.0669852916,101.91000366210938
2014-06-26,16352.463649824722,8605.69409686607,12901.114386749266,8010.244290086091,165307.19058719024,101.8000030517578
2014-06-27,16358.023797571708,8629.981552590787,12873.342551422118,7997.418298788871,165569.17914263887,101.63700103759766
2014-06-30,16318.462662871552,8628.336035463895,12988.761821594238,7988.344762257172,165353.96512360012,101.44300079345705
2014-07-01,16402.909162247226,8710.627412506345,12934.733116912843,7950.138779121777,166568.06205642244,101.29000091552734
2014-07-02,16460.085437457892,8746.96783110354,12966.658116912842,7937.163631439725,167205.9276842731,101.54000091552734
2014-07-03,16588.279685576093,8827.762815901906,12948.703032836911,7943.487146433227,168629.53259334,101.83000183105467
2014-07-07,16575.983860499142,8824.985579900114,12970.012277526856,7984.8412211089,168540.61169021355,102.11000061035156
2014-07-08,16419.39964511693,8691.249453811246,12935.726387786863,7997.1713121495895,166466.03776712215,101.8000030517578
2014-07-09,16437.943825320603,8727.100417448308,12970.646282958985,7972.012424400767,166903.41239530692,101.45999908447266
2014-07-10,16385.002911734602,8705.726087544816,13051.309370727538,7994.979727435497,166430.36046313914,101.53500366210938
2014-07-11,16366.812042124613,8740.557588192538,13043.224370574952,7988.297228770147,166671.7825894,101.28299713134766
2014-07-14,16463.355111316287,8800.849253659657,12744.236745300295,7977.338400290489,167738.58312604856,101.37000274658205
2014-07-15,16456.842655984066,8783.267659502122,12642.28518196106,7982.158434430579,167537.17654829693,101.5199966430664
2014-07-16,16540.533513346138,8830.670216326675,12704.450657653808,8004.822367213747,168415.3833310844,101.66000366210938
2014-07-17,16347.708240393067,8710.064519807229,12916.054720939634,8049.068570734047,166282.89020775392,101.62999725341795
2014-07-18,16449.686977895733,8814.587428361801,12768.140323410034,8001.140236657603,167800.89361263334,101.2300033569336
2014-07-21,16436.825916870464,8813.056082731357,12803.295137329102,8012.157792940707,167721.04117078893,101.33999633789062
2014-07-22,16518.231907918456,8874.778472707889,12750.036191864014,8026.977682167685,168724.82460035826,101.4000015258789
2014-07-23,16566.33043269967,8938.09690486388,12746.661553344728,8031.7433712655275,169575.0795506835,101.47000122070312
2014-07-24,16575.327250445127,8932.577715999647,12624.011582565307,8003.109756728987,169567.81550319376,101.5199966430664
2014-07-25,16536.73080047951,8918.371208419936,12800.390668716433,8053.142447489615,169236.12141424348,101.76000213623048
2014-07-28,16541.633209705582,8920.195466765466,12777.639488983154,8042.93909384808,169278.4417771285,101.7490005493164
2014-07-29,16480.423194880987,8909.73229685724,12746.61169433594,8058.655397482697,168867.9872672066,101.80999755859376
2014-07-30,16525.99847884499,8968.444630622533,12742.146630477906,8022.7538307487175,169661.3355997429,102.07599639892578
2014-07-31,16320.887923584814,8851.43783372223,12689.427148132325,8080.442893050067,167501.04648246965,102.83999633789062
2014-08-01,16260.418775991577,8812.812357171288,12782.906066436768,8122.840042802647,166822.23443373968,102.77300262451172
2014-08-04,16344.366367188672,8855.704653098212,12716.786808929442,8110.95502328052,167658.8423329753,102.56300354003906
2014-08-05,16182.573119623084,8785.509983125763,12701.877517318724,8113.220369863624,166164.40424722404,102.54199981689452
2014-08-06,16195.049028207482,8782.976460593483,12892.35923881531,8124.0095402108545,166204.48196167045,102.58899688720705
2014-08-07,16032.622034802742,8714.240472675312,12884.618209075928,8123.068857458577,164720.58754325754,102.11299896240234
2014-08-08,16220.642267597616,8779.046735332715,12887.65823272705,8117.30254892103,166298.68712236054,102.12899780273438
2014-08-11,16270.95084564511,8833.540565557836,12867.443646240234,8115.457570979979,167072.35262113882,102.15499877929688
2014-08-12,16257.074441296121,8834.129829444062,12876.808180694577,8107.689523787848,167006.6963923946,102.20500183105467
2014-08-13,16379.448316620666,8935.15460716856,12907.988107299805,8140.429093209451,168590.39193146297,102.28199768066406
2014-08-14,16477.06201125095,8992.93685170967,12935.154117660522,8166.926381636864,169637.98496379104,102.40799713134766
2014-08-15,16487.852014109176,9044.671452027813,12861.505843719482,8206.911460711279,170182.6976743737,102.49600219726562
2014-08-18,16612.059025779654,9107.246729856179,12797.154057617186,8174.144781103472,171412.1326620233,102.41000366210938
2014-08-19,16731.366596865606,9176.586502327187,12793.414876098634,8181.464347154384,172680.3992891733,102.61000061035156
2014-08-20,16825.1130751918,9203.416284405366,12784.509754943849,8180.953768485113,173415.3808794637,102.91000366210938
2014-08-21,17002.165380018523,9293.10241188866,12744.85245742798,8261.306005123259,175172.50383561774,103.70099639892578
2014-08-22,16999.971199251562,9320.595586633157,12793.158189697266,8273.891870322945,175421.2819066528,103.8489990234375
2014-08-25,17144.092614826634,9385.50374904135,12789.63029800415,8308.320162798727,176775.00591907982,104.20099639892578
2014-08-26,17135.37020698973,9383.211586013027,12837.034462356567,8296.281370588762,176708.55229011475,104.06999969482422
2014-08-27,17131.818529124143,9386.916270945947,12836.274258392334,8320.992240247891,176725.36133263522,104.08999633789062
2014-08-28,17087.53493150874,9357.359875140788,12880.871795654297,8315.18213588826,176218.49093641178,103.87799835205078
2014-08-29,17106.17690008323,9376.014308801658,12843.786454162595,8301.407653051712,176490.62391332534,103.6959991455078
2014-09-02,17203.837925426804,9461.88485336176,12692.960554504396,8299.410555911667,177800.5042590117,104.33999633789062
2014-09-03,17342.22360123638,9486.508516227132,12854.699490356448,8382.86956737596,178746.44829556695,105.23699951171876
2014-09-04,17256.913865073147,9444.893939595191,12739.729346923828,8323.948842831083,177914.67139821872,104.87100219726562
2014-09-05,17452.011916475552,9557.152817632215,12887.339009399415,8382.812943349485,179977.62496296267,105.58200073242188
2014-09-08,17340.610906589285,9539.019927946745,12698.381436843873,8342.020062949916,179232.02476943377,105.18000030517578
2014-09-09,17391.368237469873,9547.407113129806,12831.55964263916,8400.200647459622,179572.91946875368,106.16000366210938
2014-09-10,17450.72371305204,9623.57343234642,12762.352112121582,8376.106032810796,180595.70080900044,106.1230010986328
2014-09-11,17586.517519476438,9679.51639801363,12762.71544177246,8420.93879283412,181822.8424085586,106.82599639892578
2014-09-12,17529.454453451082,9654.89828853342,12679.0902973938,8410.888682631232,181296.73611399258,107.1050033569336
2014-09-15,17553.135013892013,9581.055826560476,12733.631417236327,8444.20156049469,180724.44221543474,107.33000183105467
2014-09-16,17653.73235182376,9648.085664796583,12731.208598022458,8426.630161389377,181874.17907835572,107.13800048828124
2014-09-17,17679.487971174935,9663.848724529478,12594.411179351808,8406.202543238607,182155.38999927902,107.1500015258789
2014-09-18,18000.30738675877,9861.395439549031,12781.014343414308,8507.541439746867,185669.49746876728,108.51599884033205
2014-09-19,18032.969747494364,9881.007623887592,12740.480357360837,8562.358011975666,186022.56414983008,108.8000030517578
2014-09-22,17914.94130717215,9800.950934887738,12729.639285278317,8591.761398667248,184660.32301643447,108.94000244140624
2014-09-23,17781.323680143752,9756.9704907,12789.0,8595.1301214825,183556.92946085034,108.75
2014-09-24,17886.238293358856,9843.661735052465,12704.841078567502,8554.543540009221,184913.87926223187,108.54199981689452
2014-09-25,17723.121892812487,9703.649602064803,12832.605462112428,8657.475019678828,182754.97834335966,109.31600189208984
2014-09-26,17748.567582702264,9744.409847817096,12713.886671447754,8583.231992770468,183269.7028689889,108.61000061035156
2014-09-29,17846.93933839485,9803.251127355205,12804.369694290159,8674.231402738846,184330.93304394855,109.41100311279295
2014-09-30,17796.542370069063,9815.392427962735,12712.211829071044,8665.013713931028,184184.9811891343,109.38999938964844
2014-10-01,17598.69640220966,9680.966582853096,12804.99862762451,8759.632435200989,181897.30752801578,109.66000366210938
2014-10-02,17498.686089270028,9624.465704162289,12726.994408111572,8682.535228691242,180849.671544083,109.0199966430664
2014-10-03,17610.685247183847,9675.987469057636,12437.821330795288,8640.451686709153,181912.57824341767,108.52300262451172
2014-10-06,17797.38239030236,9768.909867984414,12740.326286621093,8756.629547734758,183750.45747465416,109.802001953125
2014-10-07,17373.60338630899,9547.246530817294,12667.880039672853,8733.181151078925,179477.8775701304,108.86799621582033
2014-10-08,17548.206923200625,9663.48418790256,12695.217675094604,8700.058808550257,181472.06206376958,108.0719985961914
2014-10-09,17208.923424416902,9510.977063798016,12720.060150756837,8689.528615593761,178285.66563842655,108.1269989013672
2014-10-10,16965.765961511297,9245.908012773489,12679.72991531372,8699.637792238877,174539.85524220063,107.83000183105467
2014-10-13,16610.841343149837,9058.25619384143,12721.699456176757,8705.314313649473,170942.66341713542,107.33799743652344
2014-10-14,16594.01176906012,9036.029804436665,12696.601589813234,8700.290895555223,170646.9827170266,107.06300354003906
2014-10-15,16520.37468264244,8998.254922918895,12769.293215866088,8770.172550228383,169911.53159874922,107.31400299072266
2014-10-16,16301.011047829537,8830.114104156999,12634.936000213624,8637.53198031675,167198.634090387,105.9800033569336
2014-10-17,16559.68075041026,8983.417722451537,12661.130804748535,8646.81927006532,169975.5564759107,106.40499877929688
2014-10-20,16836.59755138142,9182.18092014548,12835.850863647458,8719.224261160762,173273.5767184734,107.1439971923828
2014-10-21,17132.646279675806,9404.907692856128,12831.338639526366,8676.354681367127,176895.49251341,106.91000366210938
2014-10-22,17028.48043863369,9365.674026029072,12771.886584320067,8682.895492054477,175988.44727440036,107.02100372314452
2014-10-23,17246.87678513725,9519.051932855793,12699.181271057128,8656.966662419543,178557.76518995737,107.14800262451172
2014-10-24,17543.9031539189,9688.279620123332,12800.854718399045,8746.292783119638,181682.5520173633,108.16100311279295
2014-10-27,17526.429626696354,9698.887608070538,12774.328530731202,8758.75547200607,181691.75058307804,108.2020034790039
2014-10-28,17668.644203304797,9813.844541081522,12736.258573913574,8708.145943369955,183506.39102881096,107.84300231933594
2014-10-29,17685.933831579983,9801.695183083915,12585.317863159182,8700.78635017007,183481.77276006585,108.11199951171876
2014-10-30,17920.155187537897,9889.171754037978,12537.970817337036,8769.059998643315,185514.33773669193,108.84600067138672
2014-10-31,18186.192674589758,10060.520543031818,12303.93629119873,8784.357949075604,188498.75427844052,109.21299743652344
2014-11-03,18800.579313190494,10425.724248888306,12655.118533325198,9072.740629364356,195101.66315980055,112.84100341796876
2014-11-04,18869.343197365764,10464.90328165598,12753.578854522704,9136.750755957912,195825.0594898251,113.64800262451172
2014-11-05,18960.456259876573,10450.47273174271,12458.96956855774,9125.865324981865,196162.05026536327,113.4800033569336
2014-11-06,19233.46444468973,10592.27493906872,12598.29126586914,9192.110699510795,198905.30847698625,114.65499877929688
2014-11-07,19338.933435174647,10630.91552071375,13011.433002700805,9293.28878195099,199813.8790463453,115.1760025024414
2014-11-10,19291.496180985363,10609.320289029556,12651.314863128662,9203.491343917985,199365.7337369671,114.53299713134766
2014-11-11,19347.02997145678,10663.32381648119,12856.92593536377,9222.053344804062,200159.44637019385,114.75299835205078
2014-11-12,19489.687785689806,10772.34796775845,12902.89157485962,9296.2827070534,201920.1115546908,115.72100067138672
2014-11-13,19486.20555606037,10804.854391501858,12905.70186592102,9299.277548764476,202206.5929890797,115.56999969482422
2014-11-14,19533.81408465889,10862.539506864086,13258.372993545532,9339.332270252364,202993.72412181046,115.8239974975586
2014-11-17,19727.15729979789,10929.89536706606,13331.989224624633,9414.973059497072,204626.70059939305,116.89600372314452
2014-11-18,19798.625638721496,10988.763931998294,13420.122728347777,9405.613778703362,205548.5683558563,116.64600372314452
2014-11-19,19804.629482274904,10959.475104941885,13285.668294677735,9398.402830396693,205305.2979739625,116.86900329589844
2014-11-20,20056.490583324285,11129.17952074084,13570.479581451416,9518.539569965065,208200.35889515124,118.14800262451172
2014-11-21,20178.825290043125,11159.121825363214,13643.252047042846,9544.744238236366,209114.84601350498,118.23600006103516
2014-11-24,20151.249945556887,11200.017747595317,13553.512219390868,9515.904720477092,209355.0633090572,117.74400329589844
2014-11-25,20258.090473550805,11284.908627614052,13667.222794647216,9596.995915841797,210704.02495133327,118.4540023803711
2014-11-26,20197.96916418011,11296.04853282305,13565.963448181152,9560.41485162041,210496.81666648856,117.8010025024414
2014-11-28,20161.84026528785,11352.660387391217,13211.041989440919,9600.774635151149,210839.93690155592,117.83999633789062
2014-12-01,20195.70343781691,11320.70300920365,13857.164934997558,9660.368772678385,210717.9901160546,118.86399841308594
2014-12-02,20230.67849382274,11313.248587315578,13621.982965393066,9572.300952307301,210831.77658538154,118.30799865722656
2014-12-03,20461.416362893342,11418.710061916805,13865.83804840088,9647.664068572529,213017.63633708382,119.19400024414062
2014-12-04,20553.1525106927,11477.120521055664,13889.492687072754,9735.851597557114,214039.6453847739,119.86100006103516
2014-12-05,20578.387371952114,11473.525342282435,13710.08675491333,9677.358391315838,214138.29364707897,119.81199645996094
2014-12-08,20739.261582072675,11557.531402180344,14074.33223373413,9851.437447287273,215759.54227077658,121.56099700927734
2014-12-09,20569.890876935486,11507.374864198267,14259.623680343628,9813.895305451275,214407.99642031814,120.6500015258789
2014-12-10,20020.69845905723,11202.310306287696,14077.582658386229,9751.67571375215,208703.6807622692,119.34200286865234
2014-12-11,19846.861371627845,11101.838642512223,13853.172166900635,9601.446744772,206861.80325330194,117.70899963378906
2014-12-12,19741.426816352676,11101.122725210467,13972.612314300535,9787.626217832687,206303.58507030774,119.00700378417967
2014-12-15,19467.09864411789,10907.886509399192,13516.894454727173,9682.837868427596,203075.0631819993,118.16500091552734
2014-12-16,19241.687061950026,10693.011576063955,13534.327641296388,9696.670275358232,199901.61995143443,117.74099731445312
2014-12-17,19430.962021630818,10784.908407722936,13325.367391433716,9537.67606930381,201744.6781141503,116.61299896240234
2014-12-18,20284.207203963822,11253.310399082933,13679.35912590027,9661.254960259525,210555.5324066485,118.7959976196289
2014-12-19,20404.732577492414,11316.698290365868,13656.461566467284,9708.574843934663,211774.3450739915,118.93800354003906
2014-12-22,20584.96918112679,11398.44111963462,13449.387535476684,9754.20428790323,213475.88211770274,119.49700164794922
2014-12-23,20725.390348981902,11419.87019672412,13545.711172027588,9725.970180753357,214409.36573491342,120.1500015258789
2014-12-24,20820.542518852646,11481.178768126709,13610.21157531738,9776.723525048243,215476.14235950244,120.69000244140624
2014-12-26,20832.300944171984,11532.604020447749,13822.087415390017,9763.816050945657,216014.92475146282,120.37000274658205
2014-12-29,20869.643650205326,11535.564216573217,13688.596489334106,9801.677744472709,216237.753713092,120.42400360107422
2014-12-30,20793.509581031056,11477.87881379959,13896.8068359375,9829.787262710799,215304.09502813744,120.63200378417967
2014-12-31,20386.820452224514,11248.696984611624,13568.03966079712,9745.19366379756,211049.5304926821,119.45800018310548
2015-01-02,20446.18505792519,11253.339945325431,13674.76991333008,9828.795253873132,211395.59528080607,119.87000274658205
2015-01-05,20171.396649056365,11139.146511682042,13946.256980895996,9935.497877272152,208901.89502890286,120.43399810791016
2015-01-06,19813.998305954672,10896.54639699685,13987.056357421874,9918.665679237947,204776.4006027349,119.4250030517578
2015-01-07,19934.58341869439,10968.633497586241,13817.096984939575,9854.37586511078,206076.7640852161,118.6729965209961
2015-01-08,20393.635636156803,11238.265167484995,13830.366829833985,9864.991685669145,210982.12455832388,119.28900146484376
2015-01-09,20315.512659047545,11210.785262620378,14046.809898529053,9955.62215648858,210319.90692518506,119.79199981689452
2015-01-12,19890.517002415927,10946.667586431859,14015.214481201172,9859.004363571637,205642.60694317456,118.21199798583984
2015-01-13,19854.034575336107,10954.147261079834,13981.636826171874,9877.817814769176,205523.81965702283,118.3280029296875
2015-01-14,19645.27958613599,10844.176828166834,13896.27593399048,9878.81026226157,203411.66381085344,117.79499816894533
2015-01-15,19398.391859501135,10665.554569605942,14197.146526184082,9929.159769259684,200458.3266667541,117.38999938964844
2015-01-16,19441.844790764164,10675.954562046072,14228.247263488767,9749.938428681193,200780.85894479937,116.12999725341795
2015-01-20,19748.232833577942,10907.939723620484,14619.83014984131,9905.485988997321,204542.67044048663,117.71199798583984
2015-01-21,20006.409339311256,11051.47387414987,14739.765527801515,9936.685849655334,207225.4612633202,118.64900207519533
2015-01-22,20168.905755468557,11182.714726430853,14759.607876434327,9846.031686296346,209297.51414587078,117.86000061035156
2015-01-23,20209.961232665446,11292.356691656198,14752.436661758424,9985.581202343503,210538.17515642027,118.7509994506836
2015-01-26,20020.661471561263,11147.234045237363,14433.055787506104,9846.038792952935,208197.16103292865,117.36100006103516
2015-01-27,19951.197991904737,10963.206544979255,14743.887582397461,9957.003201190093,206111.91507657367,118.5199966430664
2015-01-28,19571.536397514923,10838.006118911942,14535.790688323976,9970.820087466309,202971.93243129368,117.7750015258789
2015-01-29,19721.755144368963,10926.001112672382,14200.410266418457,9919.908903027057,204574.9112658855,117.59200286865234
2015-01-30,19582.39265313929,10901.095404198877,14597.71573562622,10062.918516727608,203619.70799294737,118.2480010986328
2015-02-02,19646.51638073551,10897.784774395037,14345.665048370362,9959.855583390083,203919.04485032294,117.18399810791016
2015-02-03,19997.129042690496,11040.047106725004,14232.453380584719,9908.501293984302,207070.31573161588,117.5749969482422
2015-02-04,19933.013803851893,11036.983062372645,14303.40113265991,9930.866792738372,206708.47904151236,117.64600372314452
2015-02-05,20072.969643896176,11099.337275339856,14284.505765304566,9864.354232677766,208018.39545301252,117.28800201416016
2015-02-06,20059.615863755665,11054.656072123676,13944.352834472656,9774.202695308684,207531.5505800965,117.53500366210938
2015-02-09,20213.646952408486,11153.5400760458,14177.655045471192,9888.93536957913,209255.90489508084,118.97000122070312
2015-02-10,20359.102700198153,11289.735423836239,14046.159029388427,9830.341459936415,211284.28269577242,118.56300354003906
2015-02-11,20507.50862234007,11407.122455933068,13973.2412600708,9892.56335078377,213152.27160879178,119.35800170898438
2015-02-12,20845.579724988027,11619.470587425216,14100.747585144045,9963.58121816418,216893.156360052,120.16999816894533
2015-02-13,20712.965441649434,11597.67688646762,14029.709723205568,9826.492625921794,216000.34046988178,118.91600036621094
2015-02-17,20671.578768190593,11567.214987608253,13746.256544723512,9721.79192245799,215500.65441297446,118.49199676513672
2015-02-18,20798.469072802334,11653.5457961028,13868.658741302492,9827.567569197772,216966.67553350647,119.20800018310548
2015-02-19,20693.136327910634,11660.625011809114,13760.803006744385,9759.991109167715,216485.39516214305,118.68900299072266
2015-02-20,20869.65019405066,11768.7394480925,13716.936520385741,9779.055255345153,218412.8310840719,118.98799896240234
2015-02-23,20882.118235986458,11789.481550584836,13744.942264328003,9831.423421772606,218671.41607737017,119.07599639892578
2015-02-24,20911.114397235517,11781.0960887257,13704.759765930175,9882.446327988024,218743.76745292018,118.90299987792967
2015-02-25,20891.41057904282,11750.502538389454,13755.804202270509,9890.729158127042,218355.53830652055,118.89199829101562
2015-02-26,20854.4457649483,11803.648558411847,13791.669377059936,9826.07832988366,218659.95943362053,118.8219985961914
2015-02-27,20880.487902246867,11806.117063920572,13866.832192382813,9907.066486392456,218818.36432869956,119.3769989013672
2015-03-02,21091.347623146332,11958.44992858928,13861.471263427735,9870.061198593537,221332.50136658075,119.82599639892578
2015-03-03,21071.051640753274,11939.830535921992,13879.95615486145,9879.776669315044,221053.65336909483,120.2040023803711
2015-03-04,20883.251274864153,11837.32853769525,13771.415189437867,9840.589429536923,219119.71440926043,119.63700103759766
2015-03-05,20908.544818799233,11859.60800505931,13759.865112304688,9847.303319870549,219458.6612227006,119.6510009765625
2015-03-06,20682.359188618033,11762.952095056722,13428.233495178225,9778.347396175024,217377.59790598025,120.04499816894533
2015-03-09,20888.14258877292,11865.356317920538,13519.145652313233,9880.716524084723,219404.92111773195,120.73899841308594
2015-03-10,20663.157653577033,11707.931415436455,13527.279040374757,9977.794427947581,216767.38255228975,121.40799713134766
2015-03-11,20551.946669940677,11604.39189545574,13404.958723068237,9965.205020677931,215225.41336640491,121.03800201416016
2015-03-12,20877.382689405673,11717.14828761008,13442.626264648436,10005.321589172703,217975.97601746698,121.41100311279295
2015-03-13,20733.159793284627,11656.881926495282,13451.739927978517,9982.617819906887,216661.66178621573,121.31800079345705
2015-03-16,21014.80213195036,11810.95806428621,13446.018087005616,10019.461236611318,219565.25756100088,121.34300231933594
2015-03-17,20956.47916942464,11832.256552162276,13375.856713485717,10042.130251997343,219456.69657800285,121.36699676513672
2015-03-18,21193.205818625458,11940.815322645092,13628.23346282959,10150.512356118224,221703.259471544,121.27999877929688
2015-03-19,20885.01309870924,11838.748422906654,13481.986895828248,10001.296646294713,219142.1014143263,120.06400299072266
2015-03-20,21191.82975057869,11985.230118810166,13714.940457839964,10100.608951636608,222107.3618972348,120.76200103759766
2015-03-23,21021.806142404537,11889.064212769983,13717.885878829957,10052.152629179238,220325.3085279602,120.0270004272461
2015-03-24,20855.441723053,11818.60397123925,13719.7575,10059.5722941115,218800.49681478972,119.75
2015-03-25,20556.86681499895,11550.081655497135,13743.621472015382,10019.393850949427,214748.25351872464,119.79100036621094
2015-03-26,20461.175029184342,11484.123031369856,13801.938379211426,9940.072113575827,213635.6855052376,119.51799774169922
2015-03-27,20450.542012121416,11498.046475327525,13713.195825500488,9950.995018398635,213708.87635970025,119.18299865722656
2015-03-30,20711.6728217415,11637.432935172,13564.6875,9955.665238815,216368.8863571881,119.25
2015-03-31,20662.025139967056,11586.964473570728,13640.677635498045,10045.400975157121,215641.19120632607,120.01300048828124
2015-04-01,20590.502326473368,11527.023162296204,13874.54356689453,10094.10754312774,214707.22115521424,120.02200317382812
2015-04-02,20586.942868094848,11491.706915301647,13784.490431518554,10027.662628499602,214360.05635568092,119.5739974975586
2015-04-06,20595.8880619413,11513.667426979166,13865.455642089844,9977.592447571184,214611.06407948182,118.822998046875
2015-04-07,20654.442583180582,11557.227167940704,13872.474165267944,10040.853751586106,215321.9361046328,119.47699737548828
2015-04-08,20864.714207641646,11728.952074051378,13889.886405715943,10099.84347690795,218017.06115341815,120.29000091552734
2015-04-09,20923.365221763623,11783.963736185322,13771.179182968139,10042.379222593703,218834.98748393648,120.09400177001952
2015-04-10,21117.42763145122,11877.57028668369,13979.701653900143,10077.703905938306,220718.69267989925,120.5500030517578
2015-04-13,20962.4492823005,11814.072909240898,13840.864217834473,10069.720278317971,219319.1005568453,120.20899963378906
2015-04-14,20976.343722211146,11765.045270390534,13739.551743469237,10086.96996306273,218935.45092745946,120.05899810791016
2015-04-15,20964.815313668303,11779.782742087295,13788.921594543457,10041.954380626761,219012.40653893698,119.45700073242188
2015-04-16,20903.74550098115,11732.3553508015,13705.01903022766,10022.955141126846,218252.42239650845,119.14299774169922
2015-04-17,20646.10874274472,11538.371777288214,13761.486251831055,10034.951380393055,215103.00951536605,119.04399871826172
2015-04-20,20795.1948254319,11690.500974790566,13630.801051025392,9997.458816066488,217296.49742128438,118.81800079345705
2015-04-21,20836.32363555637,11778.103134505347,13752.719064788818,10007.904489029059,218326.20669297513,119.19499969482422
2015-04-22,21015.658965530733,11886.405555786061,13617.824758224488,9986.190179157436,220269.78721030251,119.63300323486328
2015-04-23,21124.36553092711,11963.205444080077,13753.466650085451,10043.36965116888,221551.6650565596,119.9499969482422
2015-04-24,21106.484846719508,12088.426756368346,13517.501453399656,10046.897797587419,222623.43087219805,119.5709991455078
2015-04-27,20905.52341784546,11992.644092999268,13715.851135253906,9977.09631455786,220683.47412482306,118.927001953125
2015-04-28,21007.070197243167,11988.568464958,13857.927516098021,9947.566701546575,221175.50616681812,119.1259994506836
2015-04-29,20867.421205839728,11882.547684076655,13725.244504394532,9885.379528658388,219460.2695374281,118.822998046875
2015-04-30,20683.878533122883,11708.744157154753,13499.526038513184,9894.839524167062,216885.29770329292,118.97000122070312
2015-05-01,20992.829333634643,11912.437702085617,13507.632553405761,9880.452106932911,220388.5556917615,119.4520034790039
2015-05-04,21173.153923246235,12000.570430090756,13707.517781066894,9916.486695606258,222150.16512826382,120.13600158691406
2015-05-05,20924.409996924704,11800.041244698348,13741.841825408936,9896.712644308573,218988.67745666485,120.0999984741211
2015-05-06,20807.383732842267,11700.80269728634,13714.279584960937,9833.576833439778,217455.9395713247,119.9219970703125
2015-05-07,20798.94335994034,11719.971810641882,13542.008099975586,9832.287116384112,217589.29091527592,119.39700317382812
2015-05-08,21127.849317349162,11898.36739668925,13643.234688262939,9896.126995250186,220965.8712539478,119.70899963378906
2015-05-11,21038.983894276997,11859.080816936636,13598.623261413575,9804.244588526564,220136.1452281985,119.77999877929688
2015-05-12,21038.01647901227,11839.606309578838,13754.999122619629,9840.444085322084,219950.65645419314,120.13099670410156
2015-05-13,20990.177457816204,11834.720328341833,13966.769143295287,9803.158098281347,219654.65691404074,119.83499908447266
2015-05-14,21089.589792181687,11941.496156130173,13963.169229125977,9781.28120071064,221164.90444830124,119.16000366210938
2015-05-15,21117.939548160295,11944.60261159159,14008.518452377319,9854.231448067932,221342.27060827866,119.19100189208984
2015-05-18,21208.252054299504,12011.297339839084,14023.661815185545,9798.945433550305,222433.49935149134,119.33000183105467
2015-05-19,21302.556959907633,12055.417050273403,13895.211176834107,9801.95233924172,223336.5105664351,119.9000015258789
2015-05-20,21421.07036164868,12138.80737038337,14005.284209594727,9884.997223594497,224730.21956737887,120.6520004272461
2015-05-21,21583.171841556083,12258.79540779274,14023.016046981811,9990.229979996253,226691.4361710548,121.21199798583984
2015-05-22,21500.88443967197,12229.03422163226,13992.108569335938,9953.39358384122,225984.4333437016,121.03900146484376
2015-05-26,21368.295669719224,12143.450790589373,13851.455826187133,10061.903606629348,224496.63472198468,121.5999984741211
2015-05-27,21816.995702044514,12481.261494120008,14006.875546951294,10170.854257021048,229977.95548977482,122.98600006103516
2015-05-28,21925.982369110105,12529.283736325131,14108.834556427,10242.826813382591,230994.0712040494,123.73999786376952
2015-05-29,21803.845452489477,12462.102559699215,14127.861965179443,10255.22334276555,229731.537542174,123.81999969482422
2015-06-01,21915.10283048253,12541.974518294504,14158.002090454103,10240.589194408445,231051.66770607865,124.19300079345705
2015-06-02,22007.600353421974,12567.767184218055,14289.987633972169,10222.596288882642,231776.8843917663,124.84700012207033
2015-06-03,21922.571125218186,12523.83442719936,14095.45139373779,10069.289263438704,230923.9747373996,124.03600311279295
2015-06-04,21784.26342462489,12454.706315999314,14026.463456420901,10140.396165222268,229558.12211627874,124.3040008544922
2015-06-05,21760.34117699815,12432.530240461994,13960.41089172363,10073.008505245029,229227.75957684,124.37999725341795
2015-06-08,21837.406877870053,12428.915383255244,14142.056282653808,10188.829407134985,229600.7767439935,125.62899780273438
2015-06-09,21655.227487974305,12302.798258763023,14053.198059387207,10069.40552812962,227478.76095031513,124.56300354003906
2015-06-10,21876.571251507023,12450.194866700936,14147.291065826417,10012.579948115846,230003.2420661612,124.33899688720705
2015-06-11,21688.112744954113,12320.811376209258,13915.802855834962,9972.3948190686,227818.03844355524,122.86599731445312
2015-06-12,21637.047308412835,12290.052073132132,13993.076775131227,10024.655777111926,227265.51996905182,123.58100128173828
2015-06-15,21500.75289075698,12199.781755300564,14021.771804122925,10025.044581777955,225715.56514490658,123.29000091552734
2015-06-16,21641.797014446278,12279.725155026998,13985.954192504883,10074.046211942592,227195.45214357163,123.41999816894533
2015-06-17,21680.132350745007,12315.729735266506,14053.530490493773,10081.363031250115,227729.16263214572,123.43900299072266
2015-06-18,21914.5281405619,12505.744373189222,14245.479459228514,10081.101640062701,230714.96329083573,123.52999877929688
2015-06-19,21699.227513227033,12390.300200834852,14159.990113525393,10091.633804621186,228516.62049627939,123.0019989013672
2015-06-22,21797.942459396378,12456.82077752221,13949.423577575684,9985.994770303387,229649.71527181444,122.7509994506836
2015-06-23,21929.10751764203,12530.802975600298,13928.255061950684,10006.348717429484,231022.61556379526,123.37899780273438
2015-06-24,21851.628730787023,12514.468561066578,13945.397468719482,10075.249625005026,230463.6905363012,123.86000061035156
2015-06-25,21779.45935836516,12488.400987832953,13925.806206665036,10049.449796827386,229843.11704490517,123.85099792480467
2015-06-26,21742.219923697914,12379.581950840045,13912.19083190918,9980.812858497242,228644.5735829653,123.5979995727539
2015-06-29,21113.55674101106,11988.741299778352,13863.738784790039,10016.684459540498,221730.51828471117,122.61199951171876
2015-06-30,21166.722511293952,12037.45258747653,13784.427694244387,9993.729306604055,222459.44547662057,122.66999816894533
2015-07-01,21290.03305367537,12105.635832470412,13704.784457702637,9918.346849750405,223734.40520439963,122.38600158691406
2015-07-02,21426.671884364907,12201.436839158003,13782.243165893555,10029.614569628777,225337.5536738845,123.31999969482422
2015-07-06,21201.358486218083,12082.847984919757,13716.928160095214,10025.98355971472,223057.7345447052,122.40699768066406
2015-07-07,21374.386228839732,12133.551707763356,13580.394366760254,10069.459688731378,224435.7145645744,122.61100006103516
2015-07-08,20996.052469259423,11908.953584895162,13607.413862686157,10099.633103836562,220372.34247686595,122.48999786376952
2015-07-09,20744.345216427293,11743.97758350865,13459.192265625,9895.668175972056,217525.35433116817,120.86199951171876
2015-07-10,21161.517633957377,12007.441218675749,13568.332659759522,9895.013183995045,222151.86086626886,121.6999969482422
2015-07-13,21533.9942891728,12299.74372793353,13595.831283874511,9932.991853961066,226809.70997297697,122.49600219726562
2015-07-14,21822.21384053059,12489.731476263589,13684.141766204833,10051.873944270657,230079.6575230111,123.56999969482422
2015-07-15,21768.762777357108,12478.126634762088,13584.931166381835,10069.997114679603,229691.45746251612,123.31999969482422
2015-07-16,22036.101855816625,12712.198891872296,13595.971501464846,10111.045853690188,233258.75772668043,123.87000274658205
2015-07-17,22106.54409625675,12929.970044942324,13488.789075469973,10134.78747988534,235640.30230304057,124.14900207519533
2015-07-20,22120.902912380563,12973.943611579718,13121.809219360352,10113.889873514363,236121.9054133353,124.14199829101562
2015-07-21,22058.404296192628,12981.795568989333,13096.858644943239,10154.376810159985,235865.8264164545,124.29399871826172
2015-07-22,21932.595290215188,12788.93906106144,12980.528063964843,10131.47480324643,233423.2787749569,123.86000061035156
2015-07-23,21849.852826711183,12762.302742612268,12944.014522781374,10190.083567032518,232742.25504661174,124.06800079345705
2015-07-24,21587.642386517662,12616.737222027652,13050.336542129517,10183.972152040575,230019.30702194362,123.8759994506836
2015-07-27,21443.483879263953,12500.097013844155,12977.78823120117,10208.455401150854,228184.16627505503,123.76300048828124
2015-07-28,21618.3061967678,12555.374338876567,12942.664575653074,10136.490140528878,229613.82016412797,123.23999786376952
2015-07-29,21828.451109739635,12637.5272083145,12996.487541275024,10149.673744487161,231477.3912051289,123.57599639892578
2015-07-30,21897.94261540031,12735.40375360655,12923.224054565428,10191.166549412785,232746.67244834302,123.94000244140624
2015-07-31,21882.614707133776,12733.971787193426,13018.769940338134,10261.913322711689,232652.85938412457,124.0709991455078
2015-08-03,21802.300519742326,12690.705180420318,12912.564095306396,10290.752354679737,231826.1894235055,124.04000091552734
2015-08-04,21743.013764645228,12656.952823399264,12928.702918167115,10229.63871222337,231202.70494589757,123.94499969482422
2015-08-05,21881.966096511493,12789.230392137124,12918.282515716555,10217.005095379107,233149.67859700083,124.27400207519533
2015-08-06,21779.326360779058,12628.859389216459,13018.07045036316,10290.532023822787,231139.12506990728,124.7300033569336
2015-08-07,21735.074049770665,12613.140408154804,13054.660561370847,10331.770540178324,230760.29114362015,124.73400115966795
2015-08-10,21940.71376425914,12713.863291759557,13145.968322753906,10253.114686475463,232773.54257315613,124.3000030517578
2015-08-11,21791.270663921103,12581.344774190855,13241.377269744873,10347.047735589407,230768.59828984656,124.61299896240234
2015-08-12,21890.054221102197,12671.36746773881,13478.793867111206,10381.087524510653,232116.0535347638,125.06999969482422
2015-08-13,21732.83171600416,12568.145208961254,13277.889006500243,10286.272786588692,230337.3608560241,124.25499725341795
2015-08-14,21826.763641547936,12598.589979854592,13290.67369911194,10284.531241566001,231114.80831135454,124.36299896240234
2015-08-17,21943.285829413704,12702.902889325114,13319.12833656311,10301.905469483918,232687.0977597661,124.3499984741211
2015-08-18,21893.114303406124,12646.402053413007,13328.554559173584,10292.677355997414,231904.2738906069,124.43800354003906
2015-08-19,21707.25969553349,12555.763626943486,13500.472288513183,10350.262271715072,230088.31825865083,124.37100219726562
2015-08-20,21183.233899380073,12159.001013552837,13680.707090454101,10338.872596951176,223678.3205309307,123.89700317382812
2015-08-21,20441.765892449876,11578.87254929236,13715.664396514894,10340.509302020993,214437.42400631288,123.41999816894533
2015-08-24,19544.966855635812,10977.66248328763,13448.951609497071,10216.194123453895,204178.20610402623,121.73200225830078
2015-08-25,18654.29584592753,10680.2186555666,12977.377733154297,9922.407822565565,196726.3262632053,118.88400268554688
2015-08-26,19340.436332212554,11190.000593051647,12763.20189857483,9832.603591896097,205030.51543825513,118.54000091552734
2015-08-27,20038.869687147126,11622.621665640929,12933.848195343018,9952.892781558248,212695.22635051754,120.05799865722656
2015-08-28,20204.712213841536,11711.871070049503,13153.02592086792,10033.123686735898,214392.10826183535,121.00299835205078
2015-08-31,20079.665513575383,11592.847899773575,13198.669139404297,10039.789938859238,212640.13061287228,121.28900146484376
2015-09-01,19476.23115742241,11209.249765527456,13222.91846008301,10068.418708156576,207029.90746291843,121.08899688720705
2015-09-02,19600.367177783388,11397.084335271129,13003.442902221681,9927.019489222283,205572.1492326904,119.71499633789062
2015-09-03,19771.296194764094,11422.653975782005,13003.347397460937,10023.267139897647,206564.41641754186,120.58000183105467
2015-09-04,19374.475305826603,11236.66880053853,12904.819413757323,10010.694986982777,206434.80354187347,120.05599975585938
2015-09-08,19759.42829139904,11493.063811868067,12838.210546874998,9912.354348193936,205420.95865191735,119.40299987792967
2015-09-09,19601.214758553022,11428.254630313697,12745.045239639283,9973.059928146235,206046.80410893756,120.08899688720705
2015-09-10,19741.937715420463,11571.733641337525,12795.173627014157,9966.17933907401,205975.86853076075,120.27799987792967
2015-09-11,19894.95223455985,11669.135706431918,12804.913389892577,10020.848960763778,206539.486148753,120.61900329589844
2015-09-14,19840.120347165688,11650.568035826118,12830.950867156982,10045.000886811213,206788.4809397912,120.7959976196289
2015-09-15,20017.659078651384,11746.31940685593,12746.124064636231,9929.672245629183,205599.49788082362,120.36000061035156
2015-09-16,20200.54113356158,11820.260702673186,12923.772336959839,9932.951266058471,205633.30301110586,120.43399810791016
2015-09-17,20171.02704562902,11833.447510907674,13065.898714523315,10023.242128929258,206564.15856643565,120.52300262451172
2015-09-18,19756.80015533595,11617.725854994056,13110.223400039673,10030.516423394618,206639.15305866767,120.0459976196289
2015-09-21,19858.57419475541,11650.023882634643,13023.708470382691,9969.506112449266,206010.16597104672,120.0009994506836
2015-09-22,19682.98343028535,11522.058042204872,12988.47953842163,10060.744495416535,206950.79000479786,120.4980010986328
2015-09-23,19584.356855899754,11490.980200231865,12995.057798156737,10014.574665160073,206474.80116587883,120.08000183105467
2015-09-24,19536.083198364173,11460.18677957671,13280.89766281128,10039.62357692879,206733.04345013128,120.1999969482422
2015-09-25,19536.506920553154,11366.065032981995,13203.554165420532,10016.633387931242,206496.02561171417,120.23999786376952
2015-09-28,19054.352644153652,11051.736527830491,13050.29814971924,10084.72188315373,207197.98538944498,120.36799621582033
2015-09-29,18987.932465585574,10945.579083762894,12940.32280456543,10075.163875159084,207099.44690441093,119.83999633789062
2015-09-30,19345.519122879487,11201.455733649997,12808.239665222169,10078.72052905712,207136.11430279553,119.86000061035156
2015-10-01,19402.912244283365,11252.393694435497,12792.551193771362,10086.551014016924,207215.8741154632,119.85900115966795
2015-10-02,19680.615371735224,11446.290604767095,13058.091633911134,10131.22751293409,207674.55257851357,119.80999755859376
2015-10-05,20063.79983492797,11629.450253581079,13051.856448745728,10090.476684724477,207256.17764528817,119.99500274658205
2015-10-06,20073.725311715516,11618.865289115767,13233.845299072264,10150.42112088415,207871.6068421265,120.46099853515624
2015-10-07,20200.99328654299,11667.661980269148,13190.327765655516,10106.369342421758,207419.34217212116,120.23999786376952
2015-10-08,20325.197142172496,11682.741055056635,13087.523199920653,10052.752688899596,206868.87817365414,119.91500091552734
2015-10-09,20347.77641774444,11737.3862195255,13296.52832473755,10059.562735454492,206938.79461211304,119.9290008544922
2015-10-12,20409.428745406425,11790.774405608652,13377.124585113526,10114.421457298793,207502.01050481552,120.1790008544922
2015-10-13,20238.346184239388,11697.647859848083,13424.430637512207,10109.682841734333,207453.36074584216,120.01100158691406
2015-10-14,20100.519710062676,11650.446082600325,13625.333338928223,10140.497082163007,207769.7201021582,119.72000122070312
2015-10-15,20250.40873272372,11753.561287065639,13464.627507476805,10030.673266655402,206642.1962333619,118.83000183105467
2015-10-16,20386.18557348847,11826.559635097312,13391.934843292234,10040.851368252816,206746.69135071943,119.0500030517578
2015-10-19,20428.881217418795,11916.857444845371,13360.625023956298,10054.734759865145,206889.22742406925,119.2699966430664
2015-10-20,20445.63562760692,11878.197186330452,13471.573004226686,10039.743007676892,206735.3121885695,119.50299835205078
2015-10-21,20367.903714190033,11832.559446784362,13383.01926361084,10097.729111764962,207330.6358541662,119.77999877929688
2015-10-22,20722.715199613365,12081.603780663945,13385.15330039978,10113.282101713281,207490.3131274136,119.84200286865234
2015-10-23,21127.8301911559,12527.654170519301,13475.8900680542,10141.441128997076,207779.41231084496,120.86000061035156
2015-10-26,21151.93442555457,12580.705863881847,13516.01301475525,10204.628931848549,208428.1400535712,121.2959976196289
2015-10-27,21050.667202235018,12570.463061517483,13507.584040527345,10201.01533709483,208391.0405017286,120.9489974975586
2015-10-28,21207.026830065683,12626.22633766143,13346.441769256591,10108.359386640748,207439.77328122532,120.47699737548828
2015-10-29,21262.227260562315,12646.230266645238,13260.759266967772,10078.012740130258,207128.21455309016,120.86000061035156
2015-10-30,21195.116062934,12603.762305277001,13225.3,10109.590275576,207452.4104004869,121.0
2015-11-02,21356.368441579252,12693.91391847178,13084.552348251345,10038.377700996167,207720.50248901587,120.49500274658205
2015-11-03,21470.369966386595,12769.49986154038,12921.900455474854,10036.255315810095,208893.13598327024,120.78800201416016
2015-11-04,21459.65092733366,12803.076107278874,12832.43727935791,10051.31404948096,209114.62868051147,121.09500122070312
2015-11-05,21508.15680123746,12809.979451338217,12834.203374328612,10077.428618841232,209407.60626120892,121.48999786376952
2015-11-06,21528.748598602968,12837.967909361018,12665.846809387207,10023.63605819558,209736.31483937698,121.66999816894533
2015-11-09,21596.0493612702,12860.288518652054,12862.079681396486,10132.28627879635,210246.72164601868,123.1999969482422
2015-11-10,21624.257656618065,12814.414081873334,12822.162222442628,10141.481550997647,210010.2826614349,123.0770034790039
2015-11-11,21540.461451203122,12799.193322083502,12779.811681976318,10137.23011284232,209477.2817710152,123.08399963378906
2015-11-12,21183.334403785004,12640.207798627142,12748.314842987058,10116.076759596956,206438.23794398326,122.75700378417967
2015-11-13,20911.867787338342,12370.359244861964,12692.31334716797,10138.30091444445,202913.14583393076,122.55999755859376
2015-11-16,21195.920880513866,12529.521391586975,12690.370275421143,10135.526737270433,205597.06541597442,122.36399841308594
2015-11-17,21336.589182261465,12629.868547094027,12615.042321319583,10207.33925941698,207101.73390760776,123.26599884033205
2015-11-18,21706.592398646724,12892.718653550952,12644.471318740845,10217.319780345812,211050.56698050242,123.44499969482422
2015-11-19,21701.928949598307,12910.220595049495,12792.24915802002,10246.22938025851,211170.53061444813,123.5250015258789
2015-11-20,21673.029509448363,12933.750886518032,12670.998344268799,10181.88267811612,211221.39263885724,122.91200256347656
2015-11-23,21650.01158283193,12897.362439225613,12570.105624237061,10196.293891151872,210812.3483519113,122.9229965209961
2015-11-24,21677.596546839617,12885.146893481824,12652.870194244384,10205.273244362324,210847.33801958166,122.91500091552734
2015-11-25,21602.191224363716,12853.504998340943,12551.862018585203,10176.998086607451,210221.37491099775,122.50499725341795
2015-11-27,21649.73418793067,12885.201536319988,12416.692771911621,10198.297689617328,210711.82916387852,122.63400268554688
2015-11-30,21594.312034590654,12872.825833637511,12518.833786621093,10218.451428723072,210340.47943444323,122.83000183105467
2015-12-01,21867.67139946978,13042.655125894507,12601.918706359864,10304.762174727211,213056.5654609011,123.20999908447266
2015-12-02,21592.58433392167,12930.653407720767,12376.311442184448,10251.11711037529,210801.70205819124,122.91500091552734
2015-12-03,21344.198549338107,12742.105259652233,12539.477548828125,10168.615974247112,208051.67686211824,123.22599792480467
2015-12-04,21659.287527171768,12981.422320778758,12758.365047302244,10158.916328412974,211541.31441065334,122.65299987792967
2015-12-07,21622.317680212123,12978.96709687854,12647.917550659178,10236.303515277406,211341.16878870054,123.19000244140624
2015-12-08,21492.613495657148,12989.589910022947,12678.11507446289,10249.59337738293,210796.10759753833,123.27999877929688
2015-12-09,21261.853793956292,12752.866904753226,12615.687943115234,10234.449603110928,207738.45179087063,122.91200256347656
2015-12-10,21106.533288732666,12684.561234947738,12480.334687042237,10111.537352662268,206423.91727778933,121.6999969482422
2015-12-11,20699.165188245544,12391.584697522103,12549.518005599975,10193.652848117383,202046.46912693203,121.70999908447266
2015-12-14,20664.200613082005,12402.395463657198,12305.698240127564,10050.186417155019,201964.44850072585,120.89299774169922
2015-12-15,20915.15421518404,12498.817962238476,12293.056428222655,10040.875241951157,203974.49929979772,121.08999633789062
2015-12-16,21323.604069589954,12747.274946013362,12502.106563568113,10062.616088301811,207993.5809448066,121.6750030517578
2015-12-17,21134.66307184515,12641.67157790195,12307.531242370605,10170.120811141778,206210.62293144123,122.46299743652344
2015-12-18,20756.00118109124,12396.177336206649,12494.797688598635,10205.601042599446,202360.8471895632,122.4499969482422
2015-12-21,20730.578617817177,12417.148117311663,12512.095314788818,10114.520076504494,202408.29567706244,121.3000030517578
2015-12-22,20902.48166175246,12489.670453811457,12436.947791519166,10078.111967131901,203838.05053026712,121.20600128173828
2015-12-23,21130.59497398372,12564.79644106368,12382.579175109864,10040.369639741253,205562.88928334223,121.02999877929688
2015-12-24,21079.16375548953,12552.68831960917,12462.351498413087,10051.195496938722,205213.45299420424,120.93499755859376
2015-12-28,20908.568680171466,12472.918450006506,12296.02465713501,9994.57707353302,203730.87174650765,120.2310028076172
2015-12-29,21152.619394044745,12683.030162472991,12299.769844055176,9951.43335280703,206635.91085883058,120.3499984741211
2015-12-30,21033.932908434865,12586.638194926683,12224.051111907958,9970.02836736936,205270.42266682512,120.52899932861328
2015-12-31,20809.87301835982,12420.714045692306,12220.856690368653,9974.867591804867,202823.68927556003,120.4499969482422
2016-01-04,20495.180518949983,12142.776662612163,12378.798482284546,10005.960628432671,198556.5133937303,120.31099700927734
2016-01-05,20385.92794785277,12036.520359018803,12326.605355987549,9932.947427698424,197686.60996162338,119.46700286865234
2016-01-06,20067.276197532923,11883.64258153062,12466.406065292358,9962.583051551193,196435.0239490063,119.10199737548828
2016-01-07,19504.92430007781,11461.25486553413,12590.451564788818,9942.896311622526,192977.00299966754,118.61000061035156
2016-01-08,19117.100675076643,11264.014470421682,12421.627296752931,9878.17356068191,191362.22730301737,117.54000091552734
2016-01-11,19060.838711386255,11254.715148576026,12262.959391784665,9808.18951243883,191286.0952363424,117.08000183105467
2016-01-12,19308.272574926916,11441.671857624537,12260.30665901184,9900.37956087912,192816.68003326052,117.6500015258789
2016-01-13,18855.419167271546,11060.986035747352,12339.157791748044,9954.470612995114,189700.06584844246,117.83000183105467
2016-01-14,19099.093611227618,11259.535103076774,12097.123814392087,9899.926624597043,191325.5554360765,117.4250030517578
2016-01-15,18812.934198016614,10979.676706133505,12302.568544921874,10012.027090093705,189034.39931853866,118.2030029296875
2016-01-19,18707.452886294,10927.576565895257,12205.588599243165,9929.724017452947,188607.86376936364,117.38400268554688
2016-01-20,18496.191987897993,10910.590677723716,12387.824307250976,9994.067986753835,188468.80300856062,117.56500244140624
2016-01-21,18531.618617363612,10881.46655443242,12356.465943298339,9932.541747667387,188230.36845031398,117.13400268554688
2016-01-22,19039.349322362716,11274.538649937344,12382.020378112793,9977.25961390324,191448.38708433084,117.92400360107422
2016-01-25,18854.58068467021,11166.966134735136,12578.117611083984,10065.675498667259,190567.70803743973,118.5719985961914
2016-01-26,19056.36917742907,11235.550130585612,12684.68177947998,10043.91582914446,191129.19428682272,118.22799682617188
2016-01-27,18873.206640151424,10967.542422564266,12748.341904220579,10064.28133653573,188935.05787180967,118.37999725341795
2016-01-28,18985.463743707103,11131.781314202392,12621.474485626222,10084.7297231833,190279.655516277,118.46700286865234
2016-01-29,19524.388293005228,11410.46968883592,12719.444602638245,10178.424888348198,192561.23284753616,118.93000030517578
2016-02-01,19912.72943222932,11673.233821870575,13110.786604309082,10360.69475995964,193603.1977194967,121.33999633789062
2016-02-02,19473.28347912516,11371.5883821604,13061.595204162599,10391.32976931169,193892.66459142923,120.83999633789062
2016-02-03,19430.504362407424,11224.46583887147,13094.26830673218,10295.379075769592,192986.03692240483,119.8560028076172
2016-02-04,19179.10191961797,11060.793516228112,13060.528703689575,10170.463037336285,191805.718859369,118.12000274658205
2016-02-05,18614.00445733238,10560.369418515831,13126.388818359374,10075.383538370781,190907.32301315985,116.86599731445312
2016-02-08,18376.63991168431,10405.095606725188,13312.41815261841,10158.200992609645,191689.8561321954,116.9499969482422
2016-02-09,18176.176688942902,10258.819883201368,13137.571356811522,10048.6706050569,190654.91541120183,115.66799926757812
2016-02-10,18085.60207212635,10256.083018283382,13184.762076568602,10037.188515032007,190546.4223911881,115.19100189208984
2016-02-11,17549.870065104187,10068.722993269199,13483.669737197877,9913.751176579228,189380.07640346553,113.2519989013672
2016-02-12,17792.284626104574,10155.129387005272,13315.14511505127,9772.303265315986,188043.55047183478,112.49700164794922
2016-02-16,18386.097739144956,10554.433611723862,13120.735778884888,9901.104586302708,189260.58014720888,114.3219985961914
2016-02-17,18646.873764755634,10772.51151598404,13173.958611450194,9855.871966786768,188833.18204426958,114.08000183105467
2016-02-18,18603.056176359263,10667.26320353456,13518.181055603029,9919.081785896798,189430.44475122477,114.27999877929688
2016-02-19,18426.750406848,10602.662133595499,13315.935,9829.68169628925,188585.71302642586,113.25
2016-02-22,18567.94005211647,10703.732930821769,12991.354426727294,9753.878097574725,187869.45306551104,112.48899841308594
2016-02-23,18411.9904044048,10571.297626210724,13242.460698699952,9815.258840949777,188449.43303475113,112.97100067138672
2016-02-24,18317.613155039086,10569.9597599414,13158.206476974485,9720.469196881088,187553.77599594143,111.87999725341795
2016-02-25,18576.0941462226,10695.954115058254,13218.949675292968,9768.823907396309,188010.67439721804,112.10099792480467
2016-02-26,18701.386243713358,10779.337118965665,13247.248536834719,9809.309711284424,188393.2203554873,113.11799621582033
2016-02-29,18643.720908883453,10732.851321041584,13484.622834472657,9872.43430653043,188989.6777914191,113.66000366210938
2016-03-01,18875.476490800444,10960.112413164748,13240.881135940552,9689.056265314992,188927.721719757,112.43000030517578
2016-03-02,19213.234741337496,11110.569126868202,13521.212436218262,9801.24058208805,188927.721719757,113.93000030517578
2016-03-03,19209.50665656315,11044.251350091208,13698.75059265137,9772.964699728545,188927.721719757,113.46600341796876
2016-03-04,19307.137671742705,11068.328488879082,13701.78157928467,9757.34300402575,188927.721719757,113.66999816894533
2016-03-07,19345.15921584642,11012.603905261849,13786.095590057374,9749.001013782625,188927.721719757,113.8030014038086
2016-03-08,19074.93871637668,10887.002255500765,13680.042579498291,9775.340311863118,188927.721719757,113.4520034790039
2016-03-09,19035.34123641218,10881.078471926563,13471.883237915039,9668.867651037099,188927.721719757,112.66000366210938
2016-03-10,19150.891267154857,10921.528851109431,13760.23929977417,9684.902660910227,188927.721719757,113.25299835205078
2016-03-11,19392.40375653266,11075.375837107993,13476.61267288208,9623.68385139908,188927.721719757,112.86000061035156
2016-03-14,19525.071657563047,11184.476189174684,13411.01284561157,9709.146026514052,188927.721719757,113.77799987792967
2016-03-15,19502.16236522409,11185.360842888487,13427.38701599121,9711.786879469506,188927.721719757,113.83000183105467
2016-03-16,19490.09473558772,11213.875960098287,13639.332354812623,9700.810692751942,188927.721719757,113.1050033569336
2016-03-17,19552.525820599978,11172.596356228643,13544.897628021241,9681.212180493672,188927.721719757,112.7519989013672
2016-03-18,19385.243694601922,11051.070235804884,13339.729817199706,9577.52904366648,188927.721719757,111.3499984741211
2016-03-21,19429.312417119774,11104.083022874143,13257.49716369629,9558.435193901732,188927.721719757,111.44499969482422
2016-03-22,19539.797043235485,11207.689396522974,13379.304082717896,9597.603362338043,188927.721719757,112.13899993896484
2016-03-23,19430.307635300116,11125.957107429445,13089.705591888429,9651.569095332776,188927.721719757,112.2519989013672
2016-03-24,19447.40504766818,11143.766359583875,13075.492177505494,9654.536903862137,188927.721719757,112.4000015258789
2016-03-28,19640.6713908084,11232.02107002035,13228.26964416504,9759.051210984126,188927.721719757,113.4499969482422
2016-03-29,19807.421122642892,11405.068256033032,13463.108451538086,9817.858871286458,188927.721719757,113.36399841308594
2016-03-30,19774.197935836055,11391.8628095042,13194.828035736084,9745.28237235218,188927.721719757,112.68000030517578
2016-03-31,19671.23636235804,11343.376598545117,13218.735924072265,9753.597008090732,188927.721719757,112.36599731445312
2016-04-01,19825.330915322942,11476.379089323977,13152.286792526245,9760.678241916015,188927.721719757,112.4800033569336
2016-04-04,19627.96677091567,11355.347118407028,12976.51031417847,9706.380704239871,188927.721719757,111.72200012207033
2016-04-05,19349.734776254998,11197.5674193625,13089.675,9704.06371764375,188927.721719757,111.25
2016-04-06,19407.828352283363,11293.772036369854,12907.603127288818,9607.062791548722,188927.721719757,110.37799835205078
2016-04-07,19057.635798466734,11061.884720538183,13011.398093185424,9597.38673674565,188927.721719757,109.6989974975586
2016-04-08,18887.361508897142,10925.541621232705,12841.009841308594,9471.532725456109,188927.721719757,108.427001953125
2016-04-11,18822.961394429232,10873.510956685099,13000.56897102356,9459.687040477682,188927.721719757,108.31099700927734
2016-04-12,18931.42749792194,10926.716264348486,12956.996536636352,9388.875826393029,188927.721719757,107.93000030517578
2016-04-13,19248.541694438598,11140.22007960149,12903.172727508545,9457.508501878669,188927.721719757,108.63999938964844
2016-04-14,19387.57861698764,11221.221990411517,12814.175985565187,9502.923884274078,188927.721719757,109.41999816894533
2016-04-15,19347.735257559158,11182.055876768598,12890.542943115235,9522.405252948898,188927.721719757,109.31600189208984
2016-04-18,19252.068351067686,11108.521601394723,12717.92137878418,9399.858899911027,188927.721719757,108.01699829101562
2016-04-19,19501.694279282852,11148.058037482144,13042.949106445312,9476.236036223961,188927.721719757,109.072998046875
2016-04-20,19550.16333367874,11174.281339858839,12996.282545852659,9442.392456514597,188927.721719757,109.23999786376952
2016-04-21,19551.46044679204,11236.474140950268,13116.85365386963,9478.454877492779,188927.721719757,109.83799743652344
2016-04-22,19480.081189018176,11025.274690995842,12901.527512664796,9433.470621823044,188927.721719757,109.43699645996094
2016-04-25,19801.736669754806,11226.664813866479,13175.07792640686,9595.214963358354,188927.721719757,111.43599700927734
2016-04-26,19777.68069045258,11141.594946519175,13191.8433883667,9549.180071959569,188927.721719757,111.13600158691406
2016-04-27,19835.245051874284,11060.911265081304,13240.819599609376,9610.006998694957,188927.721719757,111.2300033569336
2016-04-28,19706.280241536217,10954.754236207249,13526.260392837525,9668.557146712998,188927.721719757,111.5199966430664
2016-04-29,18994.872637716075,10560.09000056017,13363.596954727174,9366.552374759793,188927.721719757,108.07599639892578
2016-05-02,18858.244558777726,10500.631318163616,13119.268081054686,9199.02745703226,188927.721719757,106.4530029296875
2016-05-03,18684.017683678034,10396.928865849408,13082.45261779785,9248.844417766399,188927.721719757,106.39600372314452
2016-05-04,18629.478966360944,10357.13287742429,13037.362837295532,9290.420616112464,188927.721719757,106.68000030517578
2016-05-05,18667.746661676243,10377.446547847765,13051.724176483156,9336.711460389757,188927.721719757,106.91999816894533
2016-05-06,18798.26206413978,10467.840422025643,13214.134687957765,9345.633972574335,188927.721719757,107.2750015258789
2016-05-09,18828.611922648965,10506.125087665736,12952.984073638916,9370.885241290352,188927.721719757,107.36000061035156
2016-05-10,19235.226802748857,10747.41117454128,13105.884535064697,9453.923723983253,188927.721719757,108.33100128173828
2016-05-11,19207.086270778513,10734.402670843901,13334.771309814454,9543.930446559605,188927.721719757,109.19400024414062
2016-05-12,19075.602213865932,10610.375700322744,13135.561510925292,9450.098017642413,188927.721719757,108.41500091552734
2016-05-13,19028.849010840113,10637.795619605173,13278.560814285278,9546.077520890705,188927.721719757,109.0999984741211
2016-05-16,19139.24913415202,10728.548653442618,13234.910179138182,9473.261278314896,188927.721719757,108.66100311279295
2016-05-17,19033.816567853475,10633.81444869073,13331.757823791502,9496.838773123423,188927.721719757,109.08000183105467
2016-05-18,19016.6069591822,10659.691307393956,13084.894633483887,9408.765783027666,188927.721719757,108.9499969482422
2016-05-19,19157.70414949587,10719.715095834652,13202.481726837159,9521.122801159529,188927.721719757,110.13999938964844
2016-05-20,19233.39438564488,10813.193134852627,13153.854115447997,9504.821594676208,188927.721719757,109.88099670410156
2016-05-23,19236.7293179213,10815.478511082169,13136.66886428833,9525.5386322344,188927.721719757,110.0500030517578
2016-05-24,19366.38531130283,10965.969437241958,12829.570264434815,9451.442481178081,188927.721719757,109.3740005493164
2016-05-25,19639.64908020965,11125.793309021416,12887.686385803225,9515.86747353859,188927.721719757,110.16999816894533
2016-05-26,19634.75929637802,11152.644812104108,12836.740387115478,9540.405903165689,188927.721719757,110.11100006103516
2016-05-27,19647.8974651813,11170.563740612099,12685.01676361084,9487.684136838576,188927.721719757,109.71299743652344
2016-05-31,19812.13967099607,11307.087086126821,12864.206856689456,9596.636954840933,188927.721719757,110.84100341796876
2016-06-01,19822.109558160686,11290.67304202168,12831.079587707522,9578.623772825777,188927.721719757,110.66999816894533
2016-06-02,19668.113413247233,11192.407910306902,12663.20428642273,9504.87577079065,188927.721719757,109.47699737548828
2016-06-03,19498.848074529862,11076.619266150172,12941.276872558594,9539.331771049614,188927.721719757,108.86000061035156
2016-06-06,19212.98287453517,10898.72310691753,12691.261399841309,9327.357863489557,188927.721719757,106.72100067138672
2016-06-07,19372.26543565369,10943.934487494325,12765.783580627442,9403.65086843661,188927.721719757,107.43800354003906
2016-06-08,19402.12556507594,10944.166378447242,12932.687055053711,9398.598778938638,188927.721719757,107.25399780273438
2016-06-09,19290.002370005444,10877.902571199891,12947.074851989746,9371.452922780561,188927.721719757,106.77999877929688
2016-06-10,19162.651167559878,10784.836533250753,13037.136154174805,9431.768637365498,188927.721719757,107.08999633789062
2016-06-13,18910.733778708094,10635.575853062948,13061.650290527345,9398.732516627466,188927.721719757,106.50399780273438
2016-06-14,18824.364323931124,10607.814559122227,13041.365765228269,9371.673365499835,188927.721719757,106.22599792480467
2016-06-15,18773.525947286096,10563.311191628196,13120.839910888673,9388.004206212532,188927.721719757,106.08699798583984
2016-06-16,18787.487409154186,10571.252571027384,12953.92281326294,9377.10074239156,188927.721719757,105.8499984741211
2016-06-17,18425.94472478475,10337.151920749755,12982.89438095093,9247.479903950252,188927.721719757,104.74299621582033
2016-06-20,18527.790318562926,10393.237464775946,12893.680403366088,9199.272793001262,188927.721719757,104.64800262451172
2016-06-21,18434.079900597008,10344.357647318586,12546.09185760498,9106.260650365779,188927.721719757,103.8239974975586
2016-06-22,18553.974334287384,10403.239802179503,12654.60277862549,9198.71705443951,188927.721719757,104.66999816894533
2016-06-23,18792.004249742575,10550.73964767804,12569.511683273315,9152.990512585815,188927.721719757,104.6500015258789
2016-06-24,18149.9597474682,10136.797943468038,13217.94542915344,9301.734834905892,188927.721719757,104.89600372314452
2016-06-27,17363.75948723056,9671.839021479966,12937.448220825197,9134.722970435789,188927.721719757,102.1269989013672
2016-06-28,17622.41043892617,9854.929090751451,12759.079396362304,9104.93344063111,188927.721719757,101.81199645996094
2016-06-29,18078.97219758188,10118.366470960647,12923.89338684082,9146.98451748682,188927.721719757,102.70099639892578
2016-06-30,18338.97319004188,10243.97940415493,12998.333644561766,9174.374898663582,188927.721719757,102.77799987792967
2016-07-01,18430.768732263427,10325.347320980894,13235.60367919922,9224.88761801001,188927.721719757,103.072998046875
2016-07-05,18199.57824427618,10206.579111303112,13273.005167617797,9225.673995230947,188927.721719757,102.51799774169922
2016-07-06,18062.816687804287,10152.583285446277,13171.59227897644,9103.362616474868,188927.721719757,101.14099884033205
2016-07-07,18052.878965412187,10183.70664009185,13123.20119796753,9092.128206291804,188927.721719757,101.1500015258789
2016-07-08,18256.835015463752,10305.55060707215,13155.11091949463,9077.371329082016,188927.721719757,100.79000091552734
2016-07-11,18303.41145971491,10354.755939366329,13018.468853607177,9020.584573235725,188927.721719757,100.69200134277344
2016-07-12,18771.78860820176,10596.75422156093,13035.926863861087,9130.175509260942,188927.721719757,102.52400207519533
2016-07-13,19177.782105088703,10801.04359352385,13442.289497070311,9353.060228834755,188927.721719757,104.75599670410156
2016-07-14,19159.677338411788,10804.778870276481,13251.99662147522,9253.51509846907,188927.721719757,104.07599639892578
2016-07-15,19338.957412661704,10902.85688960129,13342.426679992675,9316.743909762767,188927.721719757,105.19100189208984
2016-07-18,19440.239914430196,11003.494355471777,13397.511313476563,9337.96884727031,188927.721719757,105.45899963378906
2016-07-19,19547.080628516782,11034.544379286725,13502.833133621214,9424.07953579122,188927.721719757,106.14600372314452
2016-07-20,19626.338404349324,11163.419590394204,13308.51856010437,9403.901126681321,188927.721719757,106.13700103759766
2016-07-21,19748.76281889405,11249.62304427603,13647.06950302124,9519.715096733205,188927.721719757,107.2040023803711
2016-07-22,19580.025605408846,11149.876197738002,13369.219472122191,9388.456384292056,188927.721719757,105.81099700927734
2016-07-25,19621.88876233404,11205.137153685642,13340.722768173218,9426.554899165336,188927.721719757,106.32599639892578
2016-07-26,19492.843843013656,11139.12422946232,13302.828369140625,9366.106892336766,188927.721719757,105.5780029296875
2016-07-27,19337.70638521808,11139.542905862883,13423.817344970703,9341.387582820349,188927.721719757,104.8489990234375
2016-07-28,19378.86772861383,11189.57354318456,13398.044200286864,9355.473838898473,188927.721719757,104.95099639892578
2016-07-29,19372.05964441259,11192.059300179959,13510.01045425415,9372.866635485158,188927.721719757,104.74500274658205
2016-08-01,18910.096966508354,10992.508142445879,13223.341134643555,9125.080589986252,187046.14975497095,102.33200073242188
2016-08-02,18793.804566313855,10911.31115786837,13334.307081069945,9105.517874990206,187824.51324552903,102.35900115966795
2016-08-03,18611.091414826653,10809.54927114673,13103.466302871706,8995.495484842606,186205.2954614432,101.06800079345705
2016-08-04,18680.479267779956,10869.541028237603,13160.635928421021,9041.18843094151,186606.30812099803,101.33699798583984
2016-08-05,18807.61830947043,10959.614136361875,12907.932130813599,8972.561432926215,184833.73359415005,101.1989974975586
2016-08-08,18972.119182650946,11049.66612436424,13017.358372192382,9051.564032997258,185601.29692273162,102.1449966430664
2016-08-09,19010.007481221124,11090.920619175657,13088.772737731933,9096.762566040936,186102.22839430004,102.28800201416016
2016-08-10,18893.807432395606,11021.931521381932,13102.192517700196,9087.896161772815,186196.36057732563,101.91500091552734
2016-08-11,18835.842077455407,10984.570106131963,12911.650522994994,8974.749928079731,184859.81601682823,101.13300323486328
2016-08-12,18945.081774492315,11065.488854837307,12970.339028930664,9067.023903534568,185271.4827651133,101.80799865722656
2016-08-15,18901.738669762482,11055.706859123522,12948.018353271485,8993.696840993893,185114.9158220357,101.28299713134766
2016-08-16,18796.265950447956,10989.574904888668,13006.302525558469,8974.586985964037,185523.74639796087,101.23999786376952
2016-08-17,18638.1729388702,10896.328474127567,12875.699607849123,8896.732365008398,184607.64063597604,100.1999969482422
2016-08-18,18625.18576808943,10867.155599470323,12898.863431472782,8886.512638020615,184770.12178619398,99.90599822998048
2016-08-19,18636.301546414623,10886.759122805772,12811.33257751465,8874.593707179838,184156.14224370816,100.11199951171876
2016-08-22,18717.725566846097,10943.274110612414,12848.790229187014,8933.759862605324,184418.88653096705,100.5540008544922
2016-08-23,18698.896772727603,10929.95391378656,12808.067689819336,8906.042623529122,184133.24089906464,100.2509994506836
2016-08-24,18614.388163395408,10865.318828183666,12673.2913621521,8908.18290606177,183187.8610214888,100.31099700927734
2016-08-25,18646.26299566253,10873.586753853137,12692.679206542969,8915.197156472785,183323.8558083623,100.552001953125
2016-08-26,18611.70097404102,10889.87075047916,12674.957788467407,8881.089805432899,183199.55006164312,100.55500030517578
2016-08-29,18957.328528662478,11052.92167130835,12872.495768737794,9038.91787635003,184585.1675126964,101.91999816894533
2016-08-30,18905.375681548765,11004.764398777257,12729.179033432007,9028.264334980107,183579.8814953145,101.80899810791016
2016-08-31,19047.698991807767,11107.709045757085,12835.868567810061,9111.543714703012,184328.2483687463,102.86799621582033
2016-09-01,19128.942218810884,11183.506763536683,12942.707824707031,9164.41408396988,184085.2142926493,103.302001953125
2016-09-02,19206.99181865157,11215.377169394214,13069.365469436645,9136.672523179865,184085.2142926493,103.25800323486328
2016-09-06,19312.14698707533,11313.295107512198,13322.772374954226,9201.819091935397,184085.2142926493,103.51000213623048
2016-09-07,18939.983860809498,11102.976275228779,13022.611945724488,9030.206029304698,184085.2142926493,101.5250015258789
2016-09-08,18953.327228578964,11070.623856076752,12992.362413711548,9012.660826581801,184085.2142926493,101.8290023803711
2016-09-09,18586.34056058156,10840.710606310551,12967.285469055176,9011.714071587614,184085.2142926493,102.30599975585938
2016-09-12,18877.330777903015,11050.758056330766,12967.626868133546,9031.49654060968,184085.2142926493,102.43800354003906
2016-09-13,18481.177808052922,10877.848307170198,12795.188180923462,8937.716042871842,184085.2142926493,101.7509994506836
2016-09-14,18610.960849550265,11010.984075510363,12933.954442749024,9024.25887198177,184085.2142926493,102.50399780273438
2016-09-15,18805.0078675829,11188.045383385166,12856.44232383728,9030.581502991465,184085.2142926493,102.5479965209961
2016-09-16,18633.68089934114,11123.772744343794,12757.120884552001,8992.773297149372,184085.2142926493,102.00800323486328
2016-09-19,18691.801592446784,11107.542186767601,12821.113140563963,9003.657738403093,184085.2142926493,102.30699920654295
2016-09-20,18608.447667168468,11078.462615651291,12775.56232421875,8976.870017411327,184085.2142926493,101.84600067138672
2016-09-21,18762.461905463722,11155.239205593683,12923.886317138671,8965.066324254987,184085.2142926493,101.5469970703125
2016-09-22,18666.130660400457,11116.795495042637,12807.13472190857,8889.559218561717,184085.2142926493,100.39299774169922
2016-09-23,18644.84488283887,11093.572327305143,12871.077313613892,8932.356817077583,184085.2142926493,100.83100128173828
2016-09-26,18504.417862455048,11006.469061344666,12868.391942214965,8963.195528415798,184085.2142926493,100.88899993896484
2016-09-27,18521.48064928149,11057.610732338499,12707.456726837157,8931.288960513779,184085.2142926493,100.35900115966795
2016-09-28,18633.62985125904,11088.427462744616,12681.071252746582,8936.990357892711,184085.2142926493,100.46800231933594
2016-09-29,18550.875625248824,11058.723014532461,12724.875142211915,8984.155869645037,184085.2142926493,100.93499755859376
2016-09-30,18739.749444676283,11171.000132463618,12714.642045593262,8985.09706153516,184085.2142926493,101.1989974975586
2016-10-03,18761.941385590755,11195.021360840337,12727.875603637694,8996.358191351625,184085.2142926493,101.56300354003906
2016-10-04,18712.979384074573,11205.865366515975,12316.802652435303,8977.464272862762,184085.2142926493,101.81700134277344
2016-10-05,18992.02079387403,11363.300212815353,12425.846068267821,9050.6888959387,184085.2142926493,102.87999725341795
2016-10-06,19112.37725271592,11421.552467108499,12380.023490447998,9082.744971231608,184085.2142926493,103.45999908447266
2016-10-07,19102.98301113597,11429.971902817577,12424.821026916503,9122.755356008165,184085.2142926493,103.76499938964844
2016-10-10,19064.239555177173,11420.003807560577,12378.642608642578,9033.266143050572,184085.2142926493,103.01799774169922
2016-10-11,18947.534258081178,11330.277449794297,12396.976182174682,9090.325379730346,184085.2142926493,103.6969985961914
2016-10-12,18907.44165342643,11281.816983545186,12374.171423492431,9059.205610446468,184085.2142926493,103.34200286865234
2016-10-13,19020.941499027274,11345.835541031644,12519.609222564699,9162.659958922537,184085.2142926493,104.3040008544922
2016-10-14,18924.575240754963,11296.11870824052,12380.257934570314,9083.422170958474,184085.2142926493,103.72200012207033
2016-10-17,18916.502494035176,11299.481956413965,12451.387695312502,9131.087534931048,184085.2142926493,104.03900146484376
2016-10-18,19000.567333778443,11380.152258628064,12505.73717010498,9132.799641629774,184085.2142926493,103.85099792480467
2016-10-19,19053.813256019737,11380.71425263826,12579.089891281126,9138.170561290004,184085.2142926493,103.86499786376952
2016-10-20,18931.45339394379,11315.229285543903,12483.42919998169,9088.225835551595,184085.2142926493,103.39099884033205
2016-10-21,19071.836424111818,11436.682963528547,12579.490610122679,9161.298060439938,184085.2142926493,104.10900115966795
2016-10-24,19117.6213622993,11553.704154398858,12528.233497924803,9131.977029232854,184085.2142926493,103.91699981689452
2016-10-25,19127.641561588698,11561.518089261137,12671.871766204833,9165.816354323659,184085.2142926493,104.3209991455078
2016-10-26,19058.679465382236,11464.047598474406,12580.761578903199,9131.217403081038,184085.2142926493,104.15399932861328
2016-10-27,19082.496225549592,11456.217582465451,12653.169058380128,9135.401441643573,184085.2142926493,104.56300354003906
2016-10-28,19143.644362494422,11454.125441511485,12791.310175476074,9193.517789051282,184085.2142926493,105.20899963378906
2016-10-31,19027.358961541682,11373.247715995572,12750.656397705076,9144.744901457472,184085.2142926493,104.56500244140624
2016-11-01,18935.563852076626,11314.648087926687,12864.558562545777,9167.356146159673,184085.2142926493,104.81999969482422
2016-11-02,18690.87697423717,11145.458798922798,12869.935234680175,9131.107272618789,184085.2142926493,104.09200286865234
2016-11-03,18477.706410904346,10959.671244950103,12849.885195159912,9062.697183821443,184085.2142926493,103.37799835205078
2016-11-04,18399.14650281002,10886.529312656241,12818.638522949219,9062.087493400393,184085.2142926493,103.052001953125
2016-11-07,19013.552356647226,11270.58884636086,12727.41921272278,9124.339223680367,184085.2142926493,104.19499969482422
2016-11-08,19143.73010713537,11371.16444211389,12703.838750610352,9113.105466612515,184085.2142926493,104.43800354003906
2016-11-09,19456.267113298512,11488.705046462086,12767.446651611328,9024.748164272316,184085.2142926493,105.02999877929688
2016-11-10,19657.749834743398,11390.48659612413,12675.896369934082,9040.541163075846,184085.2142926493,105.85299682617188
2016-11-11,19798.275681575524,11503.417389750455,12512.837928771974,9107.438837125128,184085.2142926493,106.8560028076172
2016-11-14,19816.60868759081,11387.999836514218,12408.792065124511,9055.824884458127,184085.2142926493,106.87100219726562
2016-11-15,20219.96025636124,11690.85382117326,12672.618647460939,9168.608654429356,184085.2142926493,108.2020034790039
2016-11-16,20337.912223294687,11851.599109989322,12732.36749519348,9248.15186313717,184085.2142926493,109.03800201416016
2016-11-17,20395.0307528798,11910.646300772189,12637.553875427246,9185.879671064655,184085.2142926493,108.78500366210938
2016-11-18,20624.56089977827,12026.296135260496,12695.978020477296,9268.725517500345,184085.2142926493,110.25599670410156
2016-11-21,20915.442879052316,12231.22167550802,12826.259290618897,9336.973345770519,184085.2142926493,110.9729995727539
2016-11-22,20895.299809712888,12232.904738116407,12784.50117630005,9318.629835201702,184085.2142926493,110.6500015258789
2016-11-23,20973.93047320738,12222.390815899356,12571.429126739502,9314.938544322771,184085.2142926493,111.00599670410156
2016-11-25,21485.389732519496,12514.386968447778,12757.812099380491,9498.626598017683,184085.2142926493,113.29199981689452
2016-11-28,21263.715776621488,12415.22340156959,12819.797648620604,9488.131764010579,184085.2142926493,112.6520004272461
2016-11-29,21123.24937934663,12352.063501917302,12651.126576538083,9416.914614199204,184085.2142926493,111.69000244140624
2016-11-30,21219.73367301422,12286.739406167395,12568.522636413574,9418.935037739357,184085.2142926493,112.47000122070312
2016-12-01,21559.80121316582,12311.77947099023,12792.968787231446,9568.457443972547,184085.2142926493,114.69400024414062
2016-12-02,21422.96589073342,12252.035012716893,12773.754876708983,9545.764838379842,184085.2142926493,113.90899658203124
2016-12-05,21475.253863771446,12304.194014799,12660.34739364624,9508.279630847393,184085.2142926493,113.50499725341795
2016-12-06,21611.223837896683,12372.842318683975,12687.753974380494,9541.910160757549,184085.2142926493,113.86299896240234
2016-12-07,21926.351031486807,12551.36837084965,12754.43537841797,9589.659105768715,184085.2142926493,114.052001953125
2016-12-08,21916.66801277726,12536.411694464055,12686.95912399292,9524.794734479981,184085.2142926493,113.71299743652344
2016-12-09,22123.164114401112,12675.617089656682,12595.020413055421,9505.873659548486,184085.2142926493,114.0749969482422
2016-12-12,22351.826876098465,12765.848797729222,12786.49576400757,9619.131568436,184085.2142926493,115.41200256347656
2016-12-13,22417.149926930917,12881.954738803013,12700.820758666994,9590.4752743809,184085.2142926493,115.0019989013672
2016-12-14,22281.877039653937,12879.860664626185,12542.132293701172,9528.854078256927,184085.2142926493,115.2239990234375
2016-12-15,22755.428399325523,13122.81361599334,12586.117022705075,9666.003806090843,184085.2142926493,117.21099853515624
2016-12-16,22915.572647893317,13188.730935111396,12772.392529907225,9763.23207705496,184085.2142926493,118.24099731445312
2016-12-19,22874.008039939647,13192.71919510482,12787.39099975586,9772.214368550598,184085.2142926493,117.79100036621094
2016-12-20,22816.281121575546,13158.809223276254,12616.588876342774,9691.884921918401,184085.2142926493,117.03700256347656
2016-12-21,22922.802990198503,13243.068917274126,12712.818749999999,9773.529492838,184085.2142926493,117.875
2016-12-22,22831.616891943428,13175.086498265677,12653.013959426882,9746.796756057773,184085.2142926493,117.60399627685548
2016-12-23,22845.898738788565,13176.96832762125,12683.957200241088,9751.06968357914,184085.2142926493,117.54199981689452
2016-12-27,22826.313822426288,13205.939429205187,12722.363665771485,9707.959868237078,184085.2142926493,117.19200134277344
2016-12-28,22705.36421562435,13134.72789618282,12788.87316543579,9767.560630441505,184085.2142926493,117.4800033569336
2016-12-29,22618.31669006096,13072.103059360328,12913.525007858278,9764.884120057219,184085.2142926493,117.08699798583984
2016-12-30,22379.81345079985,12855.039480222515,12741.700342712402,9725.355225016863,184085.2142926493,116.26699829101562
2017-01-03,22790.22052085542,13098.904093105775,12979.672953414918,9823.370135828327,185113.27691819638,117.49500274658205
2017-01-04,22952.736891766886,13188.97966871113,13043.676361083983,9848.385653276166,186409.79852256982,117.65899658203124
2017-01-05,22831.09656595757,13202.533831612509,13184.581423187255,9866.445886759988,186010.79691082725,117.11299896240234
2017-01-06,22559.173134411405,13108.898016865009,12882.01633178711,9666.458956482478,184244.24692330536,115.26499938964844
2017-01-09,22852.43406722718,13367.265232192394,13199.290671920777,9862.059497225937,187260.04729210288,117.1500015258789
2017-01-10,22621.182241490063,13263.731472371062,13123.70281906128,9759.342809778831,185589.0404967765,115.98500061035156
2017-01-11,22658.016166890582,13286.704269279448,13151.472187042236,9760.967562519276,185900.94094597164,115.87200164794922
2017-01-12,22456.11504882721,13177.422911866814,13110.813131332397,9701.295465731971,184308.7291437225,115.0979995727539
2017-01-13,22418.837269269105,13172.94336024768,13092.335687255862,9643.59946213949,184125.52742847658,114.66400146484376
2017-01-17,22243.038650251212,13074.474591678352,13224.50924949646,9648.978749117965,182715.76416539226,114.1520004272461
2017-01-18,22041.452390047896,12955.046503924195,12966.295670700074,9473.508209552303,181053.2289936004,112.87799835205078
2017-01-19,22336.204673586497,13164.810283384451,13171.234859085083,9594.872865803061,183732.10781339178,114.76200103759766
2017-01-20,22450.916382001844,13218.960801138885,13226.149786148071,9617.702296062627,184580.71451846586,114.9800033569336
2017-01-23,22166.596972862208,13095.131908983993,13178.059617309573,9569.95262089865,182550.6888397137,113.80999755859376
2017-01-24,22102.927120775083,13064.491227093222,13000.15045928955,9447.22379422928,182075.54900133854,112.77999877929688
2017-01-25,22503.796053766055,13320.863593836328,13014.188381347656,9488.620134811928,185514.86056048685,113.83999633789062
2017-01-26,22374.2021904368,13270.683071499678,12831.5650970459,9455.726886713102,184633.75107329816,113.29299926757812
2017-01-27,22570.173980686905,13432.581594235278,12987.209057769775,9564.623716266167,186573.16156982142,114.45500183105467
2017-01-30,22474.917477042025,13352.089440640182,13068.711876525878,9579.668912919997,185617.78113766736,114.66799926757812
2017-01-31,22270.496472663326,13206.880717484855,13132.257676315307,9527.380741866185,183761.78892895847,113.6500015258789
2017-02-01,22102.471538368227,13192.49931538759,12987.993164062502,9433.199487302416,182967.58770598326,112.74299621582033
2017-02-02,22225.53356087333,13247.262745010745,13125.945893554688,9484.358516612367,183856.52837033238,113.31099700927734
2017-02-03,22276.610394290703,13224.35226303726,13098.186740112305,9447.901829315613,183908.54864352595,112.78900146484376
2017-02-06,22210.123995717946,13222.625488895561,13257.610292816162,9480.497826571176,183621.74967696858,112.63899993896484
2017-02-07,22049.051769955822,13175.594533837904,13135.199828643797,9429.191926798823,182629.3976146222,111.8270034790039
2017-02-08,22186.56637541595,13263.729426734773,13283.019652633666,9515.162227354318,183809.8137013016,112.38700103759766
2017-02-09,22228.915897040442,13260.734534448562,13130.850488052369,9421.777615494391,183964.0595738041,111.9520034790039
2017-02-10,22613.047111725136,13481.000445700392,13336.435157546995,9540.133749001247,187081.3610584709,113.43399810791016
2017-02-13,22832.33933615551,13615.039268716999,13305.155371093751,9565.888328951727,188918.55493046105,113.91400146484376
2017-02-14,22883.470758221956,13635.957184049672,13295.525864105224,9513.690437348121,189275.15467871714,113.70500183105467
2017-02-15,23120.55103438602,13788.978546632272,13424.652743911744,9545.226814018179,191317.69065851875,114.3010025024414
2017-02-16,23067.57963688523,13761.892884074177,13474.344902343752,9567.874624470089,190910.6555826388,114.11199951171876
2017-02-17,22933.717990685,13724.13224953869,13333.732435913087,9525.650407625544,190095.147967982,113.30500030517578
2017-02-21,23063.279476420936,13789.161326550658,13338.719856262207,9519.006702608003,191082.23969845957,113.27999877929688
2017-02-22,23129.75272150646,13841.848113954313,13402.71163887024,9567.189835500465,191722.8616212621,113.66899871826172
2017-02-23,23093.125651429506,13758.991913018284,13489.817958221434,9571.44468659567,190996.09981876993,113.41699981689452
2017-02-24,22975.492564319356,13696.271136206393,13488.035305023192,9553.691515770139,190074.34100878699,112.68199920654295
2017-02-27,22905.684223096872,13653.077288701525,13363.834981689453,9477.623346499795,189485.85517317383,112.18800354003906
2017-02-28,22962.124093838425,13678.528097257104,13442.586677474977,9520.158189108377,189895.87369207948,112.74500274658205
2017-03-01,23344.269573348316,13869.539087988942,13462.948034210205,9481.43953778977,192799.45404435706,113.0770034790039
2017-03-02,23419.26346135384,13926.886232018494,13418.347438354493,9541.487383998647,193507.69376129785,114.12100219726562
2017-03-03,23477.416634792866,13979.617090795786,13436.328757095338,9569.146276011754,194114.28982780926,114.34200286865234
2017-03-06,23307.151268080735,13888.104479700583,13288.221854248048,9525.891763326865,192775.10039737477,113.84700012207033
2017-03-07,23249.868329051147,13873.117400611029,13189.310238800048,9518.027988799167,192434.331723748,113.91699981689452
2017-03-08,23211.4812605098,13898.811378097682,13108.325847930908,9486.762356733692,192454.26391106585,113.9260025024414
2017-03-09,23333.942395947975,13968.720907488858,13096.62752632141,9500.506975876764,193445.8764140291,114.41100311279295
2017-03-10,23566.76029082294,14118.276818200451,13209.893518066408,9582.130770374455,195446.74542521202,115.14900207519533
2017-03-13,23495.24814256026,14090.843587410423,13164.349939117432,9523.477164259011,194960.72201667732,114.73200225830078
2017-03-14,23447.617563828553,14078.798773278953,13114.099904479981,9548.817303736989,194680.27041671413,114.91500091552734
2017-03-15,23586.93663028633,14134.618132445063,13329.108352661131,9611.326676799938,195643.63090846036,114.65899658203124
2017-03-16,23290.26887515289,13970.08071949184,13237.415509872437,9479.551539717377,193274.9031965899,113.4020004272461
2017-03-17,23245.490087370115,13957.553985807244,13258.512771606445,9499.850974316989,193002.88447083626,113.33999633789062
2017-03-20,23069.917190869353,13888.257459004753,13240.322163162233,9466.647816352599,191796.11959334684,112.67400360107422
2017-03-21,22760.06207983963,13667.19249438691,13344.403188476563,9489.799106742561,188980.17696191536,112.572998046875
2017-03-22,22596.859843689796,13629.986536541122,13253.34728439331,9419.955180519295,188047.47238056705,111.53199768066406
2017-03-23,22533.976124118675,13575.495585788429,13216.159621124269,9396.35183572713,187409.1052502824,111.36900329589844
2017-03-24,22454.361832630835,13559.196076771694,13190.605058898926,9370.903826848999,186966.96459985152,111.00399780273438
2017-03-27,22335.20122307476,13525.823456168142,13214.280793457032,9355.826827199147,186242.83435459126,110.552001953125
2017-03-28,22539.4438059036,13635.978546681128,13186.180283203124,9342.339966447264,187851.9102150378,110.77100372314452
2017-03-29,22660.885056795414,13755.812190615008,13272.59833236694,9407.507264913904,189186.16706914053,111.22599792480467
2017-03-30,22713.512705180736,13769.911244619028,13168.414300460816,9374.641516777956,189501.5344253626,111.15399932861328
2017-03-31,22784.542287021683,13837.502511678244,13271.164595947266,9445.948803954423,190264.57016052914,111.7760009765625
2017-04-03,22647.659676700925,13765.868949907614,13279.47767715454,9449.177029289305,189197.13169316674,111.26499938964844
2017-04-04,22551.723102316595,13718.94976589243,13243.010536193848,9388.604242614523,188474.00507318098,110.70899963378906
2017-04-05,22508.39179644648,13680.607011472504,13260.355034637454,9418.729938938062,188029.49577136373,110.85399627685548
2017-04-06,22470.58763570724,13629.502017584071,13155.207187194825,9372.327797851354,187520.33695881552,110.38099670410156
2017-04-07,22556.449505593642,13685.914537371673,13247.755999145507,9387.603305167171,188266.65320326958,110.89700317382812
2017-04-10,22634.707649786174,13731.624172461154,13286.938317718505,9432.363186490364,188907.64603994612,111.2249984741211
2017-04-11,22506.43106993486,13609.542506056965,13417.793577651977,9432.91087918228,187532.80330326,110.71700286865234
2017-04-12,22182.89026562426,13416.004051028278,13371.805494232178,9365.718470514568,184851.40073665575,109.58699798583984
2017-04-13,21904.83002320936,13278.874191296729,13351.38525238037,9335.20063216815,182747.66859895608,108.9020004272461
2017-04-17,21976.683344912322,13318.323864839424,13241.403281249999,9270.75897071778,183318.88538308057,108.322998046875
2017-04-18,22065.034338496924,13394.803635679691,13401.135780029297,9391.810171223184,184213.53983932384,109.11199951171876
2017-04-19,21912.680504699394,13345.410951713127,13211.965995788574,9317.706359261942,183237.83050327716,108.53500366210938
2017-04-20,22149.071659172743,13494.791915672702,13273.394595336913,9322.369743633373,185251.78188566217,108.83399963378906
2017-04-21,22192.006585765626,13558.786230828126,13374.375,9373.1079605625,185870.96765516695,109.375
2017-04-24,22558.81371883366,13799.065105092455,13360.12705444336,9405.325667657895,189054.33466106688,109.97799682617188
2017-04-25,22618.655987472426,13856.825276698455,13184.330110549929,9328.011371075805,189701.2656569709,109.64099884033205
2017-04-26,22900.820071145255,14014.54679129526,13418.798352355958,9470.763831243266,191963.6833357815,111.0459976196289
2017-04-27,22948.99630592003,14117.569714362053,13386.284717788696,9491.178388608922,192873.04194591296,111.19100189208984
2017-04-28,22907.157198679804,14147.12396597843,13430.539249420164,9503.110214139317,192901.49496163195,111.22599792480467
2017-05-01,22971.90589345235,14283.47849454361,13317.284533691407,9488.115035583722,194101.22931096843,111.302001953125
2017-05-02,23089.736864431885,14373.117927277544,13376.069136505126,9553.202940772839,195208.4166647056,111.81199645996094
2017-05-03,23098.91700261614,14346.9563083222,13210.102828826903,9546.77806952298,195068.82751885627,111.96900177001952
2017-05-04,23288.30242845725,14456.560883345985,13171.926234970093,9594.381195557487,196613.49668409018,112.78299713134766
2017-05-05,23329.00148868235,14477.96025122175,13165.703929901123,9575.267316625517,196930.7650272519,112.53700256347656
2017-05-08,23358.499159772953,14528.671427306883,13155.85677909851,9564.17823816921,197400.5725776027,112.68399810791016
2017-05-09,23449.157051307302,14650.19615175197,13140.341889572142,9599.577678945152,198610.54983088473,113.2300033569336
2017-05-10,23587.37754517919,14719.303699915277,13193.515693359375,9635.591150748089,199663.73088170477,113.697998046875
2017-05-11,23670.612251738105,14789.033763741425,13319.212341308594,9696.348639351469,200489.51217359665,114.3280029296875
2017-05-12,23530.67359076209,14755.085451790192,13295.167158966064,9701.827884346185,199668.66462021036,113.80899810791016
2017-05-15,23538.962044677166,14732.218778794695,13268.565376129149,9649.57976766022,199547.77047924488,113.27100372314452
2017-05-16,23598.36666129868,14842.473840744698,13369.98109893799,9693.9985721392,200549.29500104644,113.64199829101562
2017-05-17,22984.293090611485,14336.215364591595,13493.864785995482,9686.152924796823,194512.75755383424,112.64600372314452
2017-05-18,22755.847916489136,14267.164031984294,13202.879994735718,9552.766491988665,193079.86528874515,111.1259994506836
2017-05-19,22960.542588494845,14363.250923273323,13301.279516601564,9573.714905780795,194596.92030291108,111.4010009765625
2017-05-22,23053.85241347347,14469.597926318706,13342.951190185546,9552.904360507753,195714.64993763418,111.28399658203124
2017-05-23,23021.352343687355,14433.102677447916,13211.55360183716,9494.16139764781,195329.0600078025,110.89099884033205
2017-05-24,23293.97912017906,14639.251503674817,13391.17685760498,9605.266605452587,197882.24779176066,111.95700073242188
2017-05-25,23317.708829809875,14704.328159091969,13324.887767944338,9573.507049057882,198425.6413647245,111.52400207519533
2017-05-26,23359.813717678353,14760.918041987057,13469.051904678345,9597.489786273536,198988.61695333786,111.7300033569336
2017-05-30,23224.337732150874,14700.013172877138,13356.444792633056,9573.905451320728,198002.89011667363,111.17400360107422
2017-05-31,23143.809376276182,14650.503579577273,13369.399804534914,9549.519323958248,197326.29038470378,110.83899688720705
2017-06-01,23314.987799595532,14702.143388804727,13375.292832641602,9540.777728079769,198399.20567264548,110.7959976196289
2017-06-02,23530.835603275893,14957.021352875272,13550.73876953125,9638.222092441201,201035.90904159797,111.43699645996094
2017-06-05,23308.92590009258,14823.174328998908,13446.660677947999,9537.942246990287,199188.56039449864,110.46299743652344
2017-06-06,23222.884999756407,14752.985200043473,13587.900694274902,9561.134060572118,198349.08036828856,110.38099670410156
2017-06-07,23076.366400159866,14694.12638692969,13409.377378845214,9467.93598550467,197328.14337500354,109.50900268554688
2017-06-08,23167.31471022945,14762.098576010043,13369.33518562317,9486.670854915594,198173.60803694234,109.9000015258789
2017-06-09,23126.36565717008,14385.59026791368,13244.60117980957,9474.270188677732,195463.13794657035,109.85900115966795
2017-06-12,23212.858870275933,14363.956345933251,13274.263922424316,9509.488123121739,195686.0806607642,110.28800201416016
2017-06-13,23247.797844239765,14433.000916597057,13243.281793212891,9481.390075712068,196300.04233255587,109.9209976196289
2017-06-14,23250.438252861542,14387.444287275664,13188.991236572267,9542.661467608666,196004.45419655988,110.05500030517578
2017-06-15,23078.235615834205,14243.998094305422,13058.002158050536,9473.082616904985,194304.31533245454,109.4459991455078
2017-06-16,23398.02549307593,14377.040280809659,13237.683535079956,9608.804388206334,196563.43305534523,110.9520034790039
2017-06-19,23592.27689523057,14619.058381849107,13140.28250190735,9582.128094695589,199021.470765862,110.9540023803711
2017-06-20,23586.9534526892,14597.922102091528,13197.51472885132,9668.542391554542,198856.4195655607,111.6729965209961
2017-06-21,23507.61136012386,14698.530487569999,13195.305636596679,9638.294316451245,199195.88150849033,111.33399963378906
2017-06-22,23491.90180420594,14691.161950841371,13236.98490966797,9645.19495017074,199079.29336170264,111.30999755859376
2017-06-23,23519.600707595826,14745.20896358537,13290.251909332275,9646.15527928518,199561.38144212583,111.29000091552734
2017-06-26,23519.456886182248,14669.200012536532,13166.247852172852,9649.810105101948,199048.81757974747,111.23899841308594
2017-06-27,23465.618773839957,14481.77731134765,13289.849183044435,9655.687260858154,197556.97868970578,111.85800170898438
2017-06-28,23734.73249788256,14735.086196334729,13339.153620910645,9675.123988446398,200410.14646178606,112.18800354003906
2017-06-29,23571.621714226334,14499.361217245372,13293.72483947754,9653.188333982172,198127.22462612044,112.35399627685548
2017-06-30,23538.18269422328,14460.122192033787,13220.422586975097,9600.960053727342,197720.40847391787,112.00900268554688
2017-07-03,23643.06102596135,14339.241228097953,13032.495700454712,9587.212216736541,197329.21712998507,112.26200103759766
2017-07-05,23831.719391447907,14571.431160347223,13162.332005310058,9654.292512749482,199708.94036514236,112.96199798583984
2017-07-06,23666.700774604527,14468.067412783505,13182.88947769165,9655.234836307056,198309.22872829868,113.18699645996094
2017-07-07,23806.267126889885,14620.101036229762,13043.816959228518,9636.454916582847,199934.77799459646,113.14900207519533
2017-07-10,24008.907240425047,14824.886230134416,13161.848020477295,9720.544884089293,202185.869000965,113.98500061035156
2017-07-11,23992.065836558664,14866.817707539263,13178.945770568847,9733.436148588102,202401.8038474624,113.98500061035156
2017-07-12,24116.176669219327,15012.939918939734,13198.180567474365,9741.683817635816,203922.0279706053,113.7480010986328
2017-07-13,24072.940398710165,14991.570257865345,13126.459593963622,9696.24212701337,203594.34561848087,113.33499908447266
2017-07-14,24200.973268933532,15121.29902093051,13246.08813446045,9717.086472751036,205018.96714736248,113.41799926757812
2017-07-17,23984.09142661631,14992.597429521289,13183.0445022583,9641.416329795315,203228.21221497655,112.39700317382812
2017-07-18,24035.09590331472,15118.023542601324,13296.942061386108,9692.668734346371,204299.90782563976,112.58100128173828
2017-07-19,24038.47568564304,15128.069505726433,13223.249974288941,9642.217151793222,204382.782312458,111.99500274658205
2017-07-20,24020.92627640534,15132.180137386242,13230.573890075686,9634.76892960264,204337.17932136805,111.8769989013672
2017-07-21,24002.22383395583,15126.930486365205,13342.286504745485,9652.63112629237,204222.7416321491,111.88500213623048
2017-07-24,23796.712024866334,15068.909919231146,13239.066813583373,9565.260768417133,202962.9542785521,110.94499969482422
2017-07-25,23914.342656001187,15069.071199204436,13227.70970855713,9536.091146319803,203458.09233739602,111.23200225830078
2017-07-26,24084.970312034235,15223.175438502614,13426.919442443846,9632.95280652833,205228.25147543958,112.00299835205078
2017-07-27,23875.563040263347,15008.859785438495,13312.022922592163,9542.43605424816,202883.58365455476,111.12799835205078
2017-07-28,23838.97046473365,14992.098089512698,13407.185974731448,9555.928811839314,202615.30668376834,111.09700012207033
2017-07-31,23703.40893178554,14849.29937384942,13344.082757949831,9508.116798474244,201069.7121651286,110.51000213623048
2017-08-01,23719.937546191686,14863.361080747683,13314.813489913939,9518.809802535325,201231.9194108897,110.35900115966795
2017-08-02,23747.144822212475,14913.817037677403,13296.012704467772,9516.171269676983,201688.85082122748,110.43199920654295
2017-08-03,23772.753044215013,14899.204629600757,13356.187086334226,9577.333851036397,201698.59018767212,110.75700378417967
2017-08-04,23629.87927327591,14810.871841490423,13149.535182571411,9477.441285189947,200494.58311843756,109.9000015258789
2017-08-07,23863.70977187576,15025.369666589102,13240.035232009886,9559.225453562043,202938.40472794822,110.78600311279295
2017-08-08,23801.08895451825,14991.236486185499,13274.495,9548.0543921765,202441.7117193095,110.75
2017-08-09,23654.17246117856,14886.90553617559,13356.473301620483,9503.768935117403,201112.27175108445,110.10199737548828
2017-08-10,23314.720836423563,14558.98597150228,13449.08873008728,9534.81004889228,197452.674095658,110.04900360107422
2017-08-11,23149.076511679334,14544.349723948022,13397.126084747317,9463.700122768973,196650.87085061084,109.1060028076172
2017-08-14,23405.12702011827,14749.42713544096,13317.322009277344,9451.478015575396,199125.1989198709,109.2300033569336
2017-08-15,23552.679997169853,14854.587636850289,13299.573264007568,9483.758423352987,200462.95387274638,109.93199920654295
2017-08-16,23736.273092983614,14970.390975088836,13478.3346018219,9558.93760027487,202025.64246215584,110.59600067138672
2017-08-17,23240.073463352244,14583.497835209877,13473.777577285766,9541.157481853537,197301.8914823947,109.9990005493164
2017-08-18,23062.20079196472,14484.225617241538,13370.814758300781,9484.725203068303,195875.3606460294,109.3280029296875
2017-08-21,23078.564946654005,14464.604375082026,13420.123162536622,9490.222295735543,195811.98068137225,109.31999969482422
2017-08-22,23239.68963777585,14635.791851925318,13314.046269836424,9439.070907537189,197654.2094580466,108.94400024414062
2017-08-23,23323.645807348323,14688.732569420243,13460.702114410402,9540.107054648013,198368.7136030173,109.7310028076172
2017-08-24,23095.185956000045,14535.686137602179,13318.604347839357,9453.748795716005,196363.6037923196,108.91000366210938
2017-08-25,23277.521212492484,14585.308771844924,13441.748352508544,9522.12669697133,197473.01918254484,109.51399993896484
2017-08-28,23242.762828584848,14608.316249153699,13634.35282371521,9516.366315144294,197481.28173045497,109.34600067138672
2017-08-29,23139.77421398481,14584.392612755406,13529.05747924805,9485.35929398358,196882.43214500605,108.73699951171876
2017-08-30,23474.546633614093,14899.607076749386,13653.48451385498,9569.220231410258,200436.1853741967,109.79000091552734
2017-08-31,23759.88611667232,15152.029611940856,13898.077084808348,9642.809891214769,203355.22104164097,110.45999908447266
2017-09-01,23722.188428048088,15085.849587312543,13882.861463012696,9585.577253245221,202746.1075934164,110.12899780273438
2017-09-05,23483.594103322353,14906.46396337309,13996.38228881836,9624.545662145298,200521.28384965105,109.80999755859376
2017-09-06,23304.54168773333,14787.553808677512,13771.81928718567,9495.787783054013,198957.12154444272,108.60199737548828
2017-09-07,23415.857410263674,14894.993053861679,13983.33976409912,9583.867065339424,200154.51469565323,109.13400268554688
2017-09-08,23203.186742639606,14648.391809028308,13855.311470413208,9500.973810493386,197589.39686372684,108.2699966430664
2017-09-11,23442.223991291416,14812.584105053387,13657.670244293215,9443.17845295215,199714.12847198598,108.2310028076172
2017-09-12,23774.203834477707,15008.004736213623,13845.030775146484,9521.690130322595,202446.08096298893,109.3949966430664
2017-09-13,23966.296708433933,15142.804785005914,13845.487599334714,9574.370621337914,204172.6914631381,110.22599792480467
2017-09-14,24021.44982683166,15092.85826489494,13942.572322998047,9601.264656468185,204073.35824831517,110.51499938964844
2017-09-15,23924.024721235153,15063.30406970525,13798.131909103393,9561.064336316738,203458.19957594553,109.91899871826172
2017-09-18,24253.658601407453,15218.403886591628,13828.458745422364,9634.385272902413,205909.45835122693,111.1969985961914
2017-09-19,24343.221714142674,15285.675304161192,13894.631793823242,9649.450303893425,206744.16543545868,111.49600219726562
2017-09-20,24369.896211910218,15249.452711884607,13793.272722167969,9637.560698361229,206615.12751920574,111.5780029296875
2017-09-21,24515.455063457277,15287.060504728417,13807.142987976074,9708.403934786118,207490.25721766322,112.5459976196289
2017-09-22,24499.89166575964,15259.41090545421,13858.58490875244,9717.608556201167,207238.0778584996,112.4520034790039
2017-09-25,24448.05958287735,15096.755750674856,14002.651350402832,9746.073127474294,205924.50557394914,112.44400024414062
2017-09-26,24314.201473522247,15044.146642144135,13762.249735412597,9678.723917701665,204998.7322305041,111.76100158691406
2017-09-27,24543.42441677546,15264.105502454417,13707.746325988772,9681.988187235487,207455.81871683666,112.3769989013672
2017-09-28,24678.486008589978,15324.376920044924,13792.620674591064,9721.772832302011,208438.17451827443,112.86000061035156
2017-09-29,24678.99607565404,15381.584750194774,13673.738208770752,9676.07284428367,208824.37047301675,112.46700286865234
2017-10-02,24823.755051198936,15418.813547203243,13603.291318969725,9679.710694312924,209684.9286537503,112.63800048828124
2017-10-03,24906.033613668962,15469.929397336273,13625.998694381713,9704.781027414834,210379.99947685478,112.7699966430664
2017-10-04,24952.83073682616,15495.564772152055,13673.792108230591,9708.746508562523,210752.00348427985,112.8479995727539
2017-10-05,25095.11785326681,15644.646599696922,13597.427724609375,9696.52429593178,212365.8364833265,112.822998046875
2017-10-06,25055.6544845941,15659.174042195595,13655.803911285402,9680.416157849972,212297.42042460456,112.77400207519533
2017-10-09,24966.786956370008,15610.122126813354,13740.226385498047,9672.234395636928,211588.47250692017,112.5510025024414
2017-10-10,25049.560893188875,15636.676370488452,13789.338848876954,9685.086046454524,212118.95978053918,112.65799713134766
2017-10-11,25020.197807754466,15639.96207895582,13794.842699890138,9669.118381395923,212016.99775417068,112.34500122070312
2017-10-12,25003.682754550176,15623.654435608685,13817.014027481078,9685.902114944003,211836.44203836552,112.43399810791016
2017-10-13,24989.727723749835,15657.035545255238,13898.555173492432,9701.893184307957,212003.91753567482,112.23899841308594
2017-10-16,24948.355247982014,15661.175516045021,13758.130005340574,9654.69196330032,211856.93104232263,111.88200378417967
2017-10-17,25030.888974177607,15725.139914313635,13702.375312728882,9678.059599814238,212640.2744465482,112.19499969482422
2017-10-18,25060.387113673052,15708.568579302566,13652.955398101807,9655.025454340008,212652.64912588827,112.21299743652344
2017-10-19,25251.883030242814,15761.801732183012,13831.66112976074,9733.947475465022,213824.27729946666,113.01300048828124
2017-10-20,25300.500107369724,15757.965987112733,13701.888037109375,9665.031881325114,214003.9862259803,112.68000030517578
2017-10-23,25517.01352414633,15844.698804981279,13891.045976257325,9791.625679799807,215508.8194349898,114.0479965209961
2017-10-24,25397.214213592666,15773.121895505317,13751.54175567627,9701.407712399563,214516.11453798844,113.33999633789062
2017-10-25,25410.59213805164,15797.136540003423,13827.346996307371,9737.55933926724,214735.69569280004,113.9459991455078
2017-10-26,25339.93556430545,15692.891471090064,13664.433978424073,9691.500282272998,213729.2617933976,113.55799865722656
2017-10-27,25688.522546934037,16232.850731955685,13797.591666412354,9771.29341589347,218868.69115140784,114.1240005493164
2017-10-30,25511.45847721714,16214.645213200352,13777.2048777771,9773.4035549458,217995.84046130697,113.73899841308594
2017-10-31,25379.348879246565,16169.609447273082,13635.227585144043,9703.1403263586,217131.1539765961,112.99600219726562
2017-11-01,25559.990138245474,16257.824288424299,13764.151684799193,9765.239689708309,218492.45900966626,113.6500015258789
2017-11-02,25682.86059569094,16298.34215079282,13834.080931777953,9821.362369589895,219290.15229573942,114.1520004272461
2017-11-03,25737.905474362797,16436.285207594494,13752.609780120853,9825.414721260195,220451.61309597004,114.01599884033205
2017-11-06,25814.36668975496,16515.765154952132,13889.753870773317,9851.43940196391,221312.27207179647,114.1780014038086
2017-11-07,25704.462179505375,16466.572728938627,13790.183361282347,9820.021830995951,220511.8271067225,113.77100372314452
2017-11-08,25745.922058873475,16531.80016944546,13836.750623016356,9807.138579774663,221127.05835797792,113.76100158691406
2017-11-09,25689.953158204156,16468.68852660181,13913.904748535157,9817.745347360002,220463.9507562038,113.927001953125
2017-11-10,25557.55749546925,16387.822270189376,13733.113749999999,9720.416646372876,219354.66361732513,113.375
2017-11-13,25651.49536527528,16453.19464144942,13791.248297195434,9742.460552821223,220195.4013809308,113.68599700927734
2017-11-14,25569.181231851424,16378.448233900717,13807.392488708496,9747.653101967542,219341.47390272972,113.58499908447266
2017-11-15,25400.21265586231,16274.875853312544,13768.136871871948,9766.972792911529,217923.2898437377,113.4020004272461
2017-11-16,25616.14021630946,16483.918002757477,13767.002851867677,9742.087109711376,220250.36086499016,113.4020004272461
2017-11-17,25456.628783576623,16366.513875968289,13886.62006500244,9722.818772979643,218779.79462103167,113.02799987792967
2017-11-20,25276.714921365245,16210.45226169664,13591.330024337769,9622.177541136474,216962.44518663475,112.03800201416016
2017-11-21,25558.589364025866,16462.359193070984,13676.072314071656,9668.065194400306,219859.40856399242,112.5510025024414
2017-11-22,25488.333620335634,16451.821158010283,13776.37724914551,9681.070727010943,219488.073870609,112.34100341796876
2017-11-24,25300.013769239733,16352.58142117013,13608.589011230468,9579.259094232106,218016.17587626236,111.25399780273438
2017-11-27,25382.16286638619,16406.484278931006,13716.548637619018,9621.517225939793,218729.4846540318,111.6709976196289
2017-11-28,25524.632179240816,16374.914879711412,13652.787475128176,9580.158466192703,219127.14751319186,111.16999816894533
2017-11-29,25618.779231061322,16157.19067602009,13625.522240295411,9590.49803376866,218068.49121393808,111.64800262451172
2017-11-30,25925.00832289537,16345.00157909022,13563.442066955567,9590.865769478345,220639.41367138585,112.0019989013672
2017-12-01,25999.171707073005,16355.624745118814,13685.684010314942,9674.008937525961,221027.54410226695,112.55599975585938
2017-12-04,26038.770519962873,16210.46765456551,13676.859327697755,9695.88739534382,220213.29253167735,112.86399841308594
2017-12-05,25861.21453373431,16168.678368661993,13535.87974609375,9671.857154986401,219176.9165132434,112.4990005493164
2017-12-06,25858.079411928422,16237.004470851592,13503.552106246949,9688.987718913624,219625.99091292953,112.46399688720705
2017-12-07,25899.709033012783,16267.226518457835,13305.360633392333,9656.716920421646,220007.19434752432,112.29100036621094
2017-12-08,26245.482815130264,16467.74793162974,13408.736627807617,9725.196381990821,222831.6959584911,113.1729965209961
2017-12-11,26410.626620334617,16650.388121520606,13399.209343566896,9750.52186521819,224768.56705716572,113.54299926757812
2017-12-12,26456.539030673932,16627.40880453811,13414.751108169556,9741.946492485735,224807.91998869053,113.54000091552734
2017-12-13,26454.728239176355,16660.341513474865,13531.157431793215,9782.118040018933,225023.09883434128,113.54499816894533
2017-12-14,26169.584057816046,16536.659581656375,13413.162984161378,9712.711934403755,222975.9119435433,112.78199768066406
2017-12-15,26297.230141057178,16668.12592243103,13395.355723724364,9677.640591450257,224407.3298231607,112.39600372314452
2017-12-18,26539.331724855827,16856.462286991617,13495.4870892334,9683.173484549354,226709.37001550233,112.71600341796876
2017-12-19,26402.69576193443,16734.091387795677,13487.897855072022,9626.476621813339,225301.3487936607,112.56800079345705
2017-12-20,26486.14744451506,16777.589566586037,13573.777825317384,9633.456297210783,225949.89501944446,112.98300170898438
2017-12-21,26601.306231436807,16818.046493134225,13624.024386901856,9662.298952270125,226712.4305289418,113.24099731445312
2017-12-22,26613.604877193262,16810.901743911207,13705.283383789063,9672.991218544175,226716.27766348136,113.322998046875
2017-12-26,26577.078690766783,16716.703322888072,13796.906480941772,9674.979244879167,225923.78941410186,113.3030014038086
2017-12-27,26566.54194364774,16704.09430814558,13836.803048095704,9707.9712133488,225793.74124841148,113.2030029296875
2017-12-28,26624.49379344332,16726.537682682985,13908.70880241394,9697.172518171492,226191.5786462694,113.21700286865234
2017-12-29,26443.98321525975,16572.292057458373,13956.993750000001,9683.5235409045,224381.6417595808,112.875
2018-01-02,26608.475116483976,16848.51283952945,14113.165079879762,9642.337092040223,226946.5639389449,112.7699966430664
2018-01-03,26651.881687671223,16933.672326246146,14010.296491394041,9607.428305386833,227707.0122370963,112.24400329589844
2018-01-04,26850.772227407735,17018.3043934589,14127.674503326416,9633.908641289638,229123.89452547918,112.60700225830078
2018-01-05,27071.949939109403,17216.91360295763,14135.093030471802,9637.01230342755,231406.55914519023,112.78299713134766
2018-01-08,27210.67273949333,17341.079127622615,14179.32765586853,9664.100927881236,232835.52586716728,113.15399932861328
2018-01-09,27269.128952537754,17340.15855972539,14112.076785354617,9616.870464059819,233077.43375283602,113.14099884033205
2018-01-10,27134.520388557896,17240.410567769868,14097.757306594847,9581.30295223594,231831.14194938022,112.75499725341795
2018-01-11,27014.70224239181,17157.14067183832,13979.535390625,9476.261570251323,230759.12483570474,111.44400024414062
2018-01-12,27154.210198890232,17260.561876811385,14129.886077270507,9457.155287661539,232051.06692334323,111.29399871826172
2018-01-16,26888.023366375968,17100.749238049568,14062.585932998658,9401.076324607906,229839.84662445338,110.58100128173828
2018-01-17,27096.936534691853,17255.992342986105,13924.342381591796,9363.969262251087,231777.03234909044,110.38800048828124
2018-01-18,27293.505340263957,17413.602784961608,14017.783290863037,9417.814586201517,233677.83595390242,111.3759994506836
2018-01-19,27331.52236511566,17413.571522036527,14035.907043457031,9363.779839935187,233839.00012009675,111.0260009765625
2018-01-22,27468.877457717666,17546.56544986147,14018.128360366822,9331.326303346934,235321.89473891637,110.68399810791016
2018-01-23,27597.314120726693,17737.38527436203,14123.752915039064,9382.241166124435,237158.1861399882,110.96600341796876
2018-01-24,27373.04706032797,17485.343401671398,14185.08510093689,9291.658760283755,234500.8787149164,110.10700225830078
2018-01-25,27190.403128504273,17355.103315907258,13990.447759170533,9246.251504052861,232844.3734926675,109.32599639892578
2018-01-26,27600.31118213478,17683.230332999028,14049.791584854125,9250.495537190947,236804.49210901372,109.7040023803711
2018-01-29,27151.157191188966,17426.14390501314,13835.176642227172,9137.66388189096,233158.44676454336,108.63899993896484
2018-01-30,26943.656437737718,17327.720654670327,13811.81711730957,9140.49082623155,231611.70352002082,108.9260025024414
2018-01-31,26909.032868410748,17368.96068120733,13879.640088272095,9126.870730247256,231743.76529923192,108.73200225830078
2018-02-01,26994.42203934962,17294.916096189216,13985.371608810425,9118.774526916597,231604.04078086297,109.20099639892578
2018-02-02,26456.326253235693,16980.189114039727,13827.824116287233,9101.943781882384,227188.09091882198,109.40599822998048
2018-02-05,25495.60064225999,16401.321183012296,13942.535314025878,9229.750706952125,219190.44655737377,110.03500366210938
2018-02-06,25775.825960031758,16694.22652990109,13678.331253051758,9110.814316192877,222352.75037006947,109.09500122070312
2018-02-07,25761.007969162158,16557.551319189362,13680.353192901614,9128.386625129277,221375.20442770424,109.6269989013672
2018-02-08,24697.26079625105,15793.192416819918,13649.499893188475,9100.52346734748,211694.70684571972,109.1959991455078
2018-02-09,24915.12783050917,15969.168022875074,13541.163246231079,9029.868807353112,213807.2760407313,108.52899932861328
2018-02-12,25344.12256431707,16294.537140927841,13640.256382598876,9048.863137922568,217825.72048229043,108.8000030517578
2018-02-13,25381.47536262316,16362.49155059583,13703.635507812498,9054.802879165332,218440.5606963574,108.69000244140624
2018-02-14,25504.869722079486,16528.321836489846,13818.57771217346,8923.099312858965,220079.46617111404,107.76399993896484
2018-02-15,25548.195300622407,16652.72753217288,13683.63880142212,8828.252078614752,221097.43075854983,106.58699798583984
2018-02-16,25441.554157989725,16503.975592804625,13577.963567810059,8809.622642521343,219644.68809115488,106.11100006103516
2018-02-20,25424.739957341444,16630.343611314598,13470.94411376953,8849.685010914338,220417.43164609553,106.70899963378906
2018-02-21,25457.58720849859,16687.2634719171,13493.496045837403,8879.109651911682,220939.1337871201,107.38099670410156
2018-02-22,25531.887428096677,16712.266313061762,13584.196538543702,8905.7936774918,221425.4890281252,107.55500030517578
2018-02-23,25760.14408428103,16938.12026329076,13473.518337249756,8878.454694866097,223916.20538548962,106.81400299072266
2018-02-26,26122.707736077045,17205.54037300307,13539.506983566285,8910.557942400192,227261.80020983957,107.0739974975586
2018-02-27,25795.322440547676,16990.72782606173,13397.544000549316,8882.163857570375,224419.08664223077,107.06900024414062
2018-02-28,25619.152118902442,16937.474667260594,13428.250312805176,8932.833461219661,223306.22971199697,107.4260025024414
2018-03-01,25061.90808836651,16537.763941295452,13300.140723876953,8905.790232385996,218239.1433365371,106.63999938964844
2018-03-02,25078.423819466436,16615.64883392432,13311.778822555541,8832.960465119097,218824.24603190925,106.16300201416016
2018-03-05,25223.230976392024,16704.63370224542,13213.500049438477,8771.233705623481,220041.94639274455,105.55599975585938
2018-03-06,25453.42757233125,16885.923695550002,13443.8125,8828.033050175,222240.10095290543,106.25
2018-03-07,25273.355609024304,16811.599897855936,13268.111962280273,8768.791968440233,220965.19380122126,105.53700256347656
2018-03-08,25551.82429840594,17008.530546645878,13317.847744903565,8840.95293267387,223476.89657495997,106.18599700927734
2018-03-09,26050.348331531754,17376.403905637297,13358.20901779175,8840.124270498538,228074.36398242833,106.40599822998048
2018-03-12,26136.24241963046,17548.762981289627,13419.095994415286,8901.399224350085,229584.3860283075,106.89099884033205
2018-03-13,25814.0410967906,17206.60537997516,13365.38306869507,8863.626831226095,225925.26283551787,106.26000213623048
2018-03-14,25741.513730115093,17243.737171921974,13388.056006622315,8901.73565475682,225853.58432466415,106.50800323486328
2018-03-15,25628.239348165658,17171.50137351726,13258.75934753418,8868.759378164577,224883.73436724045,106.15499877929688
2018-03-16,25693.22641295621,17145.05186261052,13246.101164245605,8871.191682484385,224992.9009398112,106.30899810791016
2018-03-19,25264.530121552576,16723.88118764913,13232.349251022337,8834.15304662254,220348.84631238185,105.96900177001952
2018-03-20,25313.94365749917,16783.457237015817,13176.36303314209,8819.065767792104,220956.80314305547,105.99600219726562
2018-03-21,25378.106681943627,16784.606660536156,13466.19934387207,8864.515660716303,221244.18811089016,106.46900177001952
2018-03-22,24618.226519214768,16285.379878689622,13344.935527648928,8855.942824037105,214641.64482533827,105.9290008544922
2018-03-23,23874.92213085358,15710.365684705192,13394.966775970459,8787.619840480076,207612.12733908388,104.96800231933594
2018-03-26,24502.646500953015,16280.069481433919,13451.312668762206,8754.48149947962,214102.6209097878,104.85900115966795
2018-03-27,24233.047819515003,15847.0468623945,13450.195,8858.042731819502,210074.30964530975,105.5
2018-03-28,24159.841955641295,15662.820543326086,13263.63441421509,8855.72908636555,208541.4433557691,105.49299621582033
2018-03-29,24774.4815770749,16150.53459354767,13435.881034698486,8984.79929582905,214434.75531557118,106.81199645996094
2018-04-02,24126.263973205663,15608.90178695524,13529.264669494629,8951.888154080758,210061.47059646246,106.31199645996094
2018-04-03,24317.58109780509,15709.258114523374,13362.414154815673,8880.088791363465,210729.32523406058,105.79900360107422
2018-04-04,24725.734400710826,16054.2954068801,13458.83182182312,8928.322006203316,213025.4909211549,106.43599700927734
2018-04-05,25000.00876914131,16197.471207110857,13432.169461059571,8933.931713491851,213978.3020143171,106.77400207519533
2018-04-06,24506.50371151993,15831.314020233489,13530.302526855468,8996.658858722274,211541.58694839446,107.052001953125
2018-04-09,24607.957091756176,15930.536041457122,13565.682054138182,8991.35221324619,212201.89296627935,106.96800231933594
2018-04-10,24948.050663939677,16250.39921706583,13569.932949829103,8957.201780023343,214330.5291011769,106.7490005493164
2018-04-11,24901.88833594534,16211.292604840866,13722.246297073365,8996.51985370006,214070.2811131518,107.11299896240234
2018-04-12,25040.193156441397,16363.940780975949,13526.688281402588,8940.284079647308,215086.12928957594,106.8290023803711
2018-04-13,25058.594249775266,16338.681661052933,13665.443915557864,8981.079030677056,214918.03405541365,107.22200012207033
2018-04-16,25329.653882434992,16506.196301946795,13719.969880218503,8999.793858974406,216032.8160776095,107.4980010986328
2018-04-17,25492.99574920312,16792.282403693724,13675.126195907593,8967.213775560795,217936.67141422833,107.0459976196289
2018-04-18,25504.716675426465,16822.100208586628,13681.995451736451,8929.631248896898,218135.1039372519,107.01599884033205
2018-04-19,25441.439957115563,16718.138234271362,13697.349685668945,8932.54289264829,217443.25432136026,107.34600067138672
2018-04-20,25245.923436916168,16465.48127738122,13604.114059524534,8909.774074124058,215761.86437346728,107.43199920654295
2018-04-23,25344.813871243427,16490.495001013616,13550.504194030762,8937.179339021983,215928.32653620586,107.86900329589844
2018-04-24,25210.24624393268,16272.89702916891,13728.901230316162,9000.390904988064,214480.24829191403,108.76100158691406
2018-04-25,25282.31708083178,16298.795888627084,13644.984406051635,8984.256221760977,214652.60088608306,108.8030014038086
2018-04-26,25671.01395627248,16729.419489691853,13667.21888168335,9056.563032415084,217518.32919638883,109.36399841308594
2018-04-27,25680.07702967915,16730.000859513893,13717.150382995604,9066.486156122131,217522.1981156809,109.3000030517578
2018-04-30,25435.4866466982,16580.038051319418,13592.51976676941,9059.561623063972,216524.22061543883,109.0979995727539
2018-05-01,25533.23234619993,16805.093784935125,13524.348088378905,9063.994314359157,218468.05227930465,109.322998046875
2018-05-02,25489.07585820653,16789.40625341098,13585.673003768921,9111.315989805422,218177.68471917545,109.87200164794922
2018-05-03,25422.490854105617,16780.44598852082,13649.299992370605,9131.022466582644,217835.91029258602,109.8270034790039
2018-05-04,25580.220726035015,16986.543853975065,13586.815923614502,9071.142319606572,219854.23367913283,109.09600067138672
2018-05-07,25678.527940451317,17136.208491835565,13596.317683792111,9070.820622214354,221250.8624142314,109.14600372314452
2018-05-08,25630.76791054499,17086.763818138745,13573.208468856814,9038.748102588303,220724.46162901795,108.94300079345705
2018-05-09,25897.751420506025,17286.704655243197,13554.954178009035,9024.886548801675,223167.19447254983,109.02400207519533
2018-05-10,26337.236621205455,17598.55220411119,13750.647475280764,9111.947577035968,227075.2466763882,109.84700012207033
2018-05-11,26318.75403219801,17516.091690727924,13679.499626159668,9078.752602129856,226457.50486614683,109.43599700927734
2018-05-14,26307.71407589136,17530.491704670054,13611.487300872803,9050.878738217742,226504.69954792398,109.33799743652344
2018-05-15,26220.44354983534,17397.764612312934,13439.853223876955,9032.973518301114,225265.74986194703,109.7310028076172
2018-05-16,26466.51707005188,17603.667871307593,13488.219771728516,9060.554016257143,227658.53363547096,110.2969970703125
2018-05-17,26459.02275846965,17545.500901539435,13503.52738189697,9060.212483994872,227246.35912017268,110.35900115966795
2018-05-18,26505.041627229923,17528.57864237407,13566.455838623047,9134.193886379424,227331.44195172883,110.8280029296875
2018-05-21,26716.84848893658,17635.69628241868,13580.582063598631,9144.849879398938,228932.61805115425,110.87999725341795
2018-05-22,26666.120207566757,17628.117410527906,13584.816591491699,9149.288774341936,228667.31522440555,110.97799682617188
2018-05-23,26678.76595856203,17737.274946915863,13568.363785705566,9170.32009366827,229434.7798942795,110.72599792480467
2018-05-24,26418.047639744767,17594.780011702096,13578.710117340088,9122.790839982943,227394.27961345785,109.86900329589844
2018-05-25,26221.488006693733,17523.211324490258,13468.331083831787,9112.43010983008,226090.3732989094,109.31199645996094
2018-05-29,25938.173360474648,17457.711411049295,13475.630902481078,9217.614652327862,224457.16899773228,109.38899993896484
2018-05-30,26045.229158696442,17423.36184747975,13372.567433624266,9094.62438200588,224687.90566898708,108.3939971923828
2018-05-31,25961.619013096322,17463.13117114335,13382.446952056884,9116.844175892475,224592.32012290752,108.71199798583984
2018-06-01,26225.425041813178,17744.578137651537,13320.665077285767,9086.166604016185,227535.49935556285,108.7490005493164
2018-06-04,26555.747796724376,18045.334052500006,13411.507207717896,9124.652919778013,230898.3604990989,109.5979995727539
2018-06-05,26663.571926728488,18161.772751738165,13508.954235076904,9178.554504030775,232113.5619284644,109.96299743652344
2018-06-06,26861.067680749333,18250.91906382897,13503.868422546386,9132.830155107666,233540.92830022867,109.85900115966795
2018-06-07,26923.193729640872,18145.688516241124,13529.9575,9193.888165691249,233132.65515313955,110.125
2018-06-08,26897.10616197859,18075.711964226197,13493.45897003174,9145.275634014903,232569.734161391,109.69400024414062
2018-06-11,26871.252782634296,18083.157782103866,13486.660987777712,9115.348742719996,232505.84424411348,109.44300079345705
2018-06-12,27137.81186769115,18335.327715504372,13557.608714904785,9188.442856709165,235280.47475120676,110.38600158691406
2018-06-13,27067.39282934627,18345.24275199054,13606.58230857849,9183.036179982893,235039.77469174066,110.4520034790039
2018-06-14,27083.946916031364,18496.552445677262,13601.657560882568,9194.589169723606,236084.6492230692,110.24199676513672
2018-06-15,27148.233131297296,18499.078465326133,13425.663892669678,9235.48062495226,236378.8590799169,110.6449966430664
2018-06-18,27085.53872681671,18483.707455620555,13396.824478225708,9237.692200022893,236008.90665924834,110.61699676513672
2018-06-19,26864.88830235169,18351.30564322329,13304.670458984372,9221.694703119876,234203.1834334778,110.13800048828124
2018-06-20,26894.34864415106,18470.970262369086,13237.138357238768,9186.66409916756,235100.3055645707,110.0709991455078
2018-06-21,26793.981107641444,18356.532335869317,13247.757284927367,9234.620756742579,233930.21496257925,110.35199737548828
2018-06-22,26745.534983429345,18249.22089620674,13231.624098663331,9202.956488310774,233030.46363231554,109.9520034790039
2018-06-25,26377.850758155742,17833.81551280158,13180.346505584717,9214.35849860518,228768.57729070893,109.93699645996094
2018-06-26,26365.554827827193,17859.10253161923,13076.023910675049,9194.225683402517,228878.07049915972,109.64299774169922
2018-06-27,26255.404513584417,17688.083593824824,13055.3022744751,9267.609671672235,227301.72434894543,110.09700012207033
2018-06-28,26433.819004559373,17860.048295231438,13029.61686706543,9268.47785242236,229179.31531995238,110.21499633789062
2018-06-29,26536.966492329506,17952.290121619342,13109.163907241822,9283.99846424233,230218.64974356216,110.48600006103516
2018-07-02,26647.6188580114,18109.747465674613,13003.996492462158,9296.403529610638,231705.98678789387,110.70999908447266
2018-07-03,26592.13620447366,17925.237159451382,13154.844410705567,9333.674634572271,230280.88013452632,110.87100219726562
2018-07-05,26719.848086751623,18088.33187069055,13155.262969207764,9303.52057516618,231881.3143704334,110.5019989013672
2018-07-06,26964.625300270807,18383.778963373767,13143.420222930908,9318.203784048961,234838.66400042328,110.5790023803711
2018-07-09,27168.7959765837,18523.571292792112,13156.780950927736,9281.317995415971,236620.6295373066,110.4219970703125
2018-07-10,27397.682176081984,18626.364063983212,13195.640638427734,9318.63714239624,238272.05903378414,110.9530029296875
2018-07-11,27167.37763480754,18511.036016909173,13038.158990783691,9327.567582970678,236533.99350922604,110.83100128173828
2018-07-12,27692.435220374282,19022.89722176669,13225.59856163025,9418.7262109396,242094.97140018616,111.95800018310548
2018-07-13,27889.254596086055,19159.093828623325,13250.530757675171,9493.98543359714,243822.00730792774,112.66500091552734
2018-07-16,27798.53010580378,19067.902913611117,13212.50269393921,9455.826517066069,242843.49126562133,112.39900207519533
2018-07-17,27904.773703577703,19180.130876473377,13066.848783874511,9448.167775108486,244024.30989507306,112.3740005493164
2018-07-18,28122.23641958,19252.489426491415,13144.425840682983,9494.36020862149,245430.83391175207,113.01200103759766
2018-07-19,27961.388140588355,19118.316006210243,13062.325752410889,9501.815055304396,243872.58970451847,112.79100036621094
2018-07-20,27823.45008733377,19041.495166192988,13097.031159057617,9432.429753649134,242781.85402701102,112.36299896240234
2018-07-23,27550.19517097948,18879.68761375902,12882.148162841797,9276.709598208248,240559.30017953564,111.0530014038086
2018-07-24,27790.30773798524,19027.307502006963,12933.818293762208,9317.136391733207,242547.20255800968,111.45999908447266
2018-07-25,27972.07950117903,19256.475452819006,12979.599566650391,9292.413662453739,244806.0606128947,111.24099731445312
2018-07-26,27806.751153255173,18895.971693079122,12832.5257913208,9249.288119429442,241775.07609618607,110.84500122070312
2018-07-27,27693.322237184646,18690.469779843177,12874.041611251829,9289.0573959555,239964.19556824132,111.14600372314452
2018-07-30,27496.118164590043,18390.055388167995,12829.51688117981,9259.456446365733,237181.00108452706,110.93399810791016
2018-07-31,27646.60516118012,18541.426887738737,12874.194442291258,9277.268453683018,238804.80197361798,110.99400329589844
2018-08-01,27802.83059523251,18748.634580597056,12873.572965393067,9323.142521937918,240810.48879051965,111.80799865722656
2018-08-02,27907.285189243426,18972.897230749913,12782.722714538575,9318.524457224723,242705.00140869708,111.62000274658205
2018-08-03,28044.440186744887,19043.206827779017,12835.415080566405,9348.34242495185,243750.23327319685,111.69000244140624
2018-08-06,28032.3649372337,19077.573095590844,12717.383352584837,9314.767148454897,243919.17274407626,111.23400115966795
2018-08-07,28151.739828539925,19165.625974815037,12758.450180358886,9304.34020903339,245001.72452806856,111.33999633789062
2018-08-08,28141.17546501367,19189.779812108274,12794.654090270995,9313.03154046454,245111.48192424205,111.34500122070312
2018-08-09,27988.393653650965,19100.10814184909,12723.747883911132,9300.775605712748,243874.12034148123,110.89199829101562
2018-08-10,27850.759396457204,18987.555530142006,12741.027182006837,9357.820585480507,242555.00165871053,111.09100341796876
2018-08-13,27631.10877323106,18887.551355810454,12496.651591796874,9316.16328884765,240962.13015476137,110.62899780273438
2018-08-14,27815.45980363184,19011.91844894446,12512.439621963498,9309.722631659808,242559.1921686906,110.66100311279295
2018-08-15,27753.695934796287,18877.591515522578,12369.442984313964,9381.897982549324,241427.89722622407,111.24600219726562
2018-08-16,27809.7568980275,18825.93101926407,12284.993199920653,9322.654595798978,241337.79490012408,110.57599639892578
2018-08-17,28015.67877681063,18903.021677891007,12446.878273620605,9362.405031872377,242723.8886666313,111.00399780273438
2018-08-20,27941.83265289398,18796.130157494827,12449.427578048706,9346.973252979406,241716.90589477733,110.4749984741211
2018-08-21,27873.7624772719,18775.46694561182,12426.322739257812,9289.677472437283,241289.72977206195,109.947998046875
2018-08-22,27904.341300274315,18880.536229299632,12474.878484191893,9322.66874797665,242097.97447477333,110.13400268554688
2018-08-23,27982.162252308746,18931.02550551828,12407.97331237793,9360.185701448316,242759.21372820457,110.58799743652344
2018-08-24,28348.867306017375,19242.282376443363,12713.656350708008,9428.87856958616,246347.0123011389,111.36699676513672
2018-08-27,28550.884664773974,19424.41053126788,12751.804114227296,9400.551753751688,248392.1000594098,111.28199768066406
2018-08-28,28527.459514198676,19427.633811777338,12634.054277954103,9367.200313244783,248311.59073434587,111.13700103759766
2018-08-29,28687.412023680616,19657.145616207796,12694.700692749024,9366.554407063748,250479.75610429086,111.16200256347656
2018-08-30,28712.638519521417,19719.349497789266,12694.95145111084,9430.420215503089,250989.0465051463,111.71199798583984
2018-08-31,28530.3639877347,19618.82236447656,12599.496552352906,9372.063680350477,249554.35938850383,110.9990005493164
2018-09-04,28504.061936983908,19550.04853112818,12545.167550506592,9358.048798573613,248994.86121556134,111.08799743652344
2018-09-05,28522.7963131042,19361.329179227458,12630.760354003904,9388.548359076562,247875.670568027,111.46099853515624
2018-09-06,28433.87893854351,19185.448733222238,12653.919175872803,9406.898210626063,246367.71551683283,111.4489974975586
2018-09-07,28135.70274583392,18947.67663221909,12511.349160995485,9284.329718307406,243551.33076807647,110.49500274658205
2018-09-10,28293.023498534556,19084.891549917145,12550.597792816165,9325.545287001923,245112.15305345546,110.91999816894533
2018-09-11,28444.66901385791,19272.083575233122,12584.176857147217,9310.695034941782,246966.24183855637,111.14800262451172
2018-09-12,28569.051813774713,19294.363485669397,12742.1714478302,9360.223672136406,247651.63329003903,111.60700225830078
2018-09-13,28638.373383231046,19433.682480860243,12652.387338867187,9326.846736779897,248841.25997227826,111.22000122070312
2018-09-14,28847.26642338545,19514.555583707253,12659.596357269287,9375.658065327485,250268.89469491772,112.01200103759766
2018-09-17,28679.427164184828,19222.178446245674,12718.980662841797,9372.57200666522,247674.6042485608,111.9530029296875
2018-09-18,28767.306398908357,19336.324943792566,12670.113876953123,9311.748746690988,248785.12899689554,111.69000244140624
2018-09-19,28949.312032599144,19423.00248255378,12786.104808654785,9344.433775438063,250132.19770416114,112.2770004272461
2018-09-20,29194.30994665327,19645.655097410072,12834.46374343872,9349.156594905993,252619.95023252326,112.31700134277344
2018-09-21,29213.824921788906,19568.752440108492,12767.057861709596,9367.695624103682,252215.80589278133,112.49500274658205
2018-09-24,29124.281490408186,19628.435844940763,12768.098515472413,9359.871309751525,252204.31342330866,112.52400207519533
2018-09-25,29165.01091940807,19700.998023812554,12818.12925376892,9372.334855448727,252844.122349206,112.78600311279295
2018-09-26,29124.92108700126,19746.952980094735,12771.145650100707,9418.380675555716,252961.38710603537,112.96900177001952
2018-09-27,29137.792384738445,19868.11134659687,12628.483466720581,9396.287312850964,253788.7270982237,112.7040023803711
2018-09-28,29309.639437658807,19978.90668487458,12782.135574645996,9455.417421544254,255244.89220255575,113.35700225830078
2018-10-01,29525.36621223326,20097.470327578485,12810.015452041625,9467.90857228977,256938.64555506175,113.7959976196289
2018-10-02,29547.057405254312,20078.37432180066,12975.030922698974,9504.945845841237,256911.19971027548,113.9459991455078
2018-10-03,29467.536137524887,20034.99189744414,12881.903734588623,9403.557401195345,256287.80042107753,113.5770034790039
2018-10-04,29471.222085175552,19806.00695115959,12991.87128692627,9454.143951003585,254841.7368767797,114.48600006103516
2018-10-05,29154.72957163072,19461.65219457077,12961.136880493163,9382.599231521286,251264.32113650098,113.8939971923828
2018-10-08,29108.90870631334,19311.9110383085,12797.485687866212,9371.623469599926,250108.59608175373,113.71499633789062
2018-10-09,28908.467058660455,19269.443813986585,12734.722213745119,9338.50420572954,248964.31397744405,113.09700012207033
2018-10-10,27968.629173643272,18402.22706351178,12755.21436401367,9335.012999678727,239333.0299265019,112.9980010986328
2018-10-11,27133.26747317044,18027.248081946243,12978.012092132569,9298.260977183754,233299.8887483679,112.09200286865234
2018-10-12,27507.159217478646,18529.247347455803,12914.97861099243,9286.11705617664,238133.92930595757,112.08000183105467
2018-10-15,27379.98562495798,18322.264679930526,13014.272155761719,9300.976279813807,236258.33383336064,112.19200134277344
2018-10-16,27891.14076877816,18798.693118671483,12951.188195800783,9270.95068730398,241527.01542540672,111.84100341796876
2018-10-17,28021.07678291737,18890.394153367222,13008.080512161256,9285.475575000613,242678.54526174313,112.34200286865234
2018-10-18,27686.72697084652,18497.536183251454,13055.837568969726,9325.918521150492,238713.63978366336,112.62799835205078
2018-10-19,27562.860241387356,18407.681292483445,13014.581566772464,9278.077941533915,237600.33565731253,112.18499755859376
2018-10-22,27511.294137617282,18551.446501230945,13015.061188430785,9304.34061643339,238293.68742847355,112.4800033569336
2018-10-23,27438.647897882165,18528.39034115055,13123.787670440672,9351.55487201502,237830.02329949453,112.75700378417967
2018-10-24,26533.435760223012,17627.5635463143,13117.717068481445,9375.926552209012,228134.9607020053,112.44400024414062
2018-10-25,26905.693723865756,18170.16362552302,13038.196920776369,9317.62183676075,233221.12970828803,112.01200103759766
2018-10-26,26512.253359712293,17754.096009710956,13119.10932182312,9387.645112016064,228850.62834500213,112.3499984741211
2018-10-29,26261.64308274485,17318.60790617677,13016.019146347046,9349.785133210966,224978.2876608348,111.90799713134766
2018-10-30,26749.87045980207,17670.80934356006,13007.118910217285,9364.05824073254,229353.87955596496,112.3239974975586
2018-10-31,27210.806146174284,18205.332308343386,13017.938024902345,9401.322143822552,234774.75265228294,113.052001953125
2018-11-01,27451.483992320125,18413.761653231148,13161.811887969969,9392.680939591117,237155.253088039,112.85099792480467
2018-11-02,27256.00181289555,18103.819988553274,13148.204322814941,9328.928164773395,234312.3178161208,112.71499633789062
2018-11-05,27509.466880361782,18126.656850553,13165.98542289734,9369.660072901146,235552.05930039933,113.13899993896484
2018-11-06,27709.727557351496,18281.880808526035,13141.066094970703,9368.173606176719,237416.98355366074,113.24600219726562
2018-11-07,28332.201043537247,18877.417931331926,13153.508769607544,9377.852058271237,243943.4365386508,113.36299896240234
2018-11-08,28326.683634077726,18786.9160713061,13146.471320800782,9379.868064920216,243335.52638293267,113.5469970703125
2018-11-09,28150.278207827465,18534.95809745581,13045.339775390625,9450.32440583156,240949.05304990744,113.9530029296875
2018-11-12,27598.34544868478,17954.71410098649,12939.736436309815,9469.821613822382,234825.31286427687,113.84600067138672
2018-11-13,27510.411698922395,17946.219846530785,12927.235102844237,9464.89999721762,234391.5247457311,113.6959991455078
2018-11-14,27344.679943290907,17823.241040235815,13044.77112792969,9492.492024641368,232883.52982355817,113.78900146484376
2018-11-15,27575.43475500199,18100.63392708229,13033.74062324524,9480.32575425488,235668.3958478507,113.56400299072266
2018-11-16,27644.954130593556,18035.378870004246,13129.229135284424,9508.816071498624,235546.81956531788,113.55500030517578
2018-11-19,26979.90593471773,17320.180455890473,13039.479488296509,9453.779349647535,228064.54704993783,112.7300033569336
2018-11-20,26413.19449262257,16965.464134085756,13006.281901779177,9427.842603217096,223332.7540700084,112.44300079345705
2018-11-21,26564.481952688002,17134.596761458135,13057.769919433593,9447.770202298749,225076.3928641569,112.7030029296875
2018-11-23,26451.44875463302,17051.565645785504,13079.462692565918,9476.453598337197,224053.3469261096,112.97799682617188
2018-11-26,26864.454002574752,17438.4963134323,13057.953011779786,9464.000889001518,228330.64420153495,112.91899871826172
2018-11-27,27094.483927355857,17588.30650854952,13047.284547424317,9522.459629150824,230288.92088937986,113.50399780273438
2018-11-28,27782.569770497998,18199.09547973969,13126.436262817382,9543.579104947265,237196.58073363572,113.76699829101562
2018-11-29,27670.202508619783,18105.68919965374,13142.855735321044,9550.320649403286,236109.4396390338,113.55500030517578
2018-11-30,27803.559680458402,18214.529413799497,13103.5072996521,9557.051841756329,237386.65601090895,113.41100311279295
2018-12-03,28259.156019910875,18591.831340910318,13243.150886840818,9607.765939573446,241781.44514025838,113.76300048828124
2018-12-04,27301.187505872764,17847.86451479946,13303.309204101562,9637.341408195703,232846.15414742695,113.58699798583984
2018-12-06,27131.1348246506,17889.64071101986,13242.794433135987,9616.332239402807,232389.82410294953,113.0510025024414
2018-12-07,26415.85831708927,17240.886564136395,13307.444363174438,9613.681339457133,225112.06940921454,112.68900299072266
2018-12-10,26422.050473510062,17393.38749922943,13239.235230712893,9603.346670473606,226129.69142149098,112.5019989013672
2018-12-11,26587.55924729018,17556.583798646312,13303.294711303712,9636.811494593134,227898.71037110826,113.18099975585938
2018-12-12,26769.366145745207,17743.603381989757,13355.501676330567,9627.668851075261,229892.3164284897,113.38400268554688
2018-12-13,26736.92519304153,17733.506529183465,13314.386480407715,9624.920700573188,229687.846322413,113.28500366210938
2018-12-14,26306.937804407055,17341.692280145995,13293.333314208987,9663.409518795233,225301.02834920908,113.55999755859376
2018-12-17,25752.229620981616,16921.48609031559,13365.279228057861,9677.260013629828,220195.87421192467,113.38999938964844
2018-12-18,25596.72307701606,16944.170428104848,13330.746631240845,9653.155469040152,219677.7227540647,112.8290023803711
2018-12-19,25145.23732823883,16481.406907923363,13213.693563690187,9660.851128934173,214737.78368998942,112.52400207519533
2018-12-20,24710.86414283674,16224.852489762614,13403.768836669922,9638.874053968924,211211.26162738845,112.41000366210938
2018-12-21,23937.803031870804,15546.176536625495,13198.220837402343,9540.978376804282,203491.7197702297,111.1709976196289
2018-12-24,23280.769484636738,15142.652895965752,13328.701182556153,9555.022602687532,198057.02724558668,111.0540008544922
2018-12-26,24313.439796878247,15998.733235440322,13210.703371124268,9453.80003977563,208040.6845110706,110.4020004272461
2018-12-27,24678.523203595312,16177.922372816314,13408.107574539184,9546.765343987388,210767.8364451642,111.20600128173828
2018-12-28,24568.896938533515,16118.388255715188,13420.106706390381,9568.415854195016,209911.70978210573,110.8550033569336
2018-12-31,24666.715995801133,16178.016238278551,13377.512722015379,9558.99275784766,210717.9107809368,110.33000183105467
2019-01-02,24544.218279214147,16145.899557029523,13306.018351135253,9521.76227227017,205127.54844478384,109.66799926757812
2019-01-03,23472.0050024275,15298.679822596667,13154.00186164856,9402.792406149041,205127.54844478384,107.44100189208984
2019-01-04,24341.078864740244,16011.095402101992,13092.203356933593,9358.471909008318,205127.54844478384,107.80799865722656
2019-01-07,24695.479359892393,16309.963620149207,13224.491306762695,9394.20063644819,205127.54844478384,108.52200317382812
2019-01-08,24949.093539981845,16472.467975968055,13200.102153625488,9378.780796658586,205127.54844478384,108.61599731445312
2019-01-09,25102.616312494847,16631.8214115978,13304.39267944336,9398.040911547705,205127.54844478384,108.7760009765625
2019-01-10,25055.22542346112,16589.61186460114,13154.700873641968,9342.813119715362,205127.54844478384,108.18900299072266
2019-01-11,25090.15503399747,16545.28525874605,13190.695976257324,9380.22969930526,205127.54844478384,108.2979965209961
2019-01-14,24973.92659563421,16422.60402871333,13241.63724235535,9388.660221430066,205127.54844478384,108.45800018310548
2019-01-15,25211.703034171253,16712.717272242,13193.51,9361.62505970825,205127.54844478384,108.25
2019-01-16,25364.695812041122,16770.432874301165,13283.901536712645,9390.261035442925,205127.54844478384,108.6439971923828
2019-01-17,25649.581953656663,16964.426211762133,13314.508383026123,9406.948026363074,205127.54844478384,109.03700256347656
2019-01-18,26018.628220237966,17151.396952997682,13209.696045227049,9386.909086933952,205127.54844478384,109.15299987792967
2019-01-22,25788.675397166175,16885.853045979544,13319.42127761841,9464.30287483268,205127.54844478384,109.66999816894533
2019-01-23,25768.40944355152,16859.29140229862,13262.574807128907,9432.558542624944,205127.54844478384,109.3550033569336
2019-01-24,25814.40339626645,16990.239139243185,13258.385888290406,9474.51477724085,205127.54844478384,109.49199676513672
2019-01-25,26057.794805899022,17210.693682643876,13465.08743499756,9461.660087728136,205127.54844478384,109.59700012207033
2019-01-28,25813.26608303621,16966.55806063454,13487.926188125612,9447.390596995414,205127.54844478384,109.4000015258789
2019-01-29,25744.60849803664,16783.184639015868,13545.310647583008,9462.122400500439,205127.54844478384,109.25399780273438
2019-01-30,26191.184971400904,17237.825851836747,13643.205707168578,9498.1442185017,205127.54844478384,109.41699981689452
2019-01-31,26315.92563408559,17427.329101938976,13595.380100250246,9503.931646221672,205127.54844478384,108.9810028076172
2019-02-01,26295.50162215142,17331.596295210722,13551.07822036743,9441.041097266545,204447.9297568798,108.84400177001952
2019-02-04,26625.01677838514,17643.636807177154,13565.93491882324,9471.524090370089,204777.4936452706,109.43800354003906
2019-02-05,26864.395404390896,17885.522636958744,13665.952897949217,9533.332673192284,205445.7310726654,109.96099853515624
2019-02-06,26824.10389166719,17828.706610677255,13571.11727355957,9538.95099794467,205506.47303935315,109.94100189208984
2019-02-07,26576.36680295545,17593.47479934366,13608.182639160155,9573.069270085321,205875.33939029364,109.9739990234375
2019-02-08,26556.08529869322,17593.199532786344,13632.792350616455,9566.936817369455,205809.03897958432,109.75599670410156
2019-02-11,26583.886101114134,17585.07131851991,13572.515698242189,9556.957386831788,205701.14734569038,109.80999755859376
2019-02-12,27070.408589265244,17942.162840575613,13674.144188995362,9595.38678785976,206116.62304350937,110.4000015258789
2019-02-13,27186.595315433555,17973.521224558383,13634.235474700929,9581.363106868443,205965.00739273155,110.51499938964844
2019-02-14,27226.432616122016,18062.128083338408,13761.106948394776,9662.168501687253,206838.6269887135,110.9229965209961
2019-02-15,27427.59909712694,18075.46725780226,13795.142651367187,9619.39290806793,206376.16285622094,110.53800201416016
2019-02-19,27488.237569547553,18120.0543131575,14011.880133056642,9640.645029871765,206605.92808545663,110.59100341796876
2019-02-20,27538.90613793265,18113.771543347913,13985.14638244629,9637.139761802295,206568.0312237245,110.5719985961914
2019-02-21,27488.87793405917,18078.72610427135,13851.163173675537,9625.25870913936,206439.58038884512,110.76499938964844
2019-02-22,27645.075216075795,18203.73704352925,13893.854022979738,9648.993271891268,206696.18428476847,110.70800018310548
2019-02-25,27698.713170518862,18280.92787877878,13887.486037902832,9639.756484890146,206596.32166858815,110.77200317382812
2019-02-26,27747.358119640387,18345.24051154023,13945.156381072999,9692.375679246305,207165.20892441308,111.0459976196289
2019-02-27,27613.052978702064,18252.673376739247,13785.227609558106,9615.414301958408,206333.14854672135,110.55599975585938
2019-02-28,27637.910434245157,18260.831074521,13745.779319458008,9617.00729329269,206350.37101619854,110.86199951171876
2019-03-01,27934.64856800847,18470.021352440745,13572.191435241699,9628.149989378688,206514.39787867773,111.35700225830078
2019-03-04,27978.25696022501,18569.59607213556,13607.183710327148,9708.383984396429,207231.1747167629,111.93800354003906
2019-03-05,27900.017862318964,18556.76843013699,13605.496492004395,9700.03699098392,206869.65912755666,111.7770004272461
2019-03-06,27753.10932373409,18465.746563088895,13604.023933410645,9734.929683847904,205817.673921869,111.86599731445312
2019-03-07,27461.15989064944,18198.506206317616,13563.310863494871,9746.502963137415,203245.64694664854,111.6230010986328
2019-03-08,27408.94073289496,18172.572466310514,13713.120889892578,9761.487636194315,202907.50889114966,111.63400268554688
2019-03-11,27668.409788998317,18460.156146093035,13578.419423828123,9705.60237901231,205472.56034764764,111.08000183105467
2019-03-12,27838.25437569266,18605.807819182675,13692.839512786866,9755.53694405347,206914.12637537564,111.34200286865234
2019-03-13,28013.46007590137,18740.1477281109,13784.135009765625,9748.653671930906,208312.4997093174,111.30599975585938
2019-03-14,27967.869989310566,18689.759750015197,13611.502255401609,9725.050318517111,207862.5982358343,111.1959991455078
2019-03-15,28246.846276468605,18958.4621230091,13742.266207351684,9804.650518690592,210394.689951389,111.75299835205078
2019-03-18,28300.559824646803,18971.181975706728,13726.465072021485,9774.724720223787,210664.69843992117,111.56099700927734
2019-03-19,28259.87434248382,19003.165812740786,13741.200875549313,9751.723681540316,210692.20691428494,111.3730010986328
2019-03-20,28181.89784925298,19083.639996456015,13833.776301269532,9822.283278822484,210851.83111485152,111.4010009765625
2019-03-21,28310.629090706618,19254.298314661082,13686.429252929689,9752.315267372927,212280.4212050102,110.66000366210938
2019-03-22,27802.38607979317,18854.45812063175,13736.619789733886,9837.565899056446,208167.42602900765,110.80599975585938
2019-03-25,27599.705374159996,18695.274693280026,13751.318680114746,9798.09129232096,206528.70916257155,110.08100128173828
2019-03-26,27802.153320470494,18780.498407352567,13681.45249862671,9788.637748977053,207754.23095313448,110.06800079345705
2019-03-27,27778.890712521672,18741.74773620345,13670.002205657962,9860.561668942886,207451.9673726404,110.5540008544922
2019-03-28,27868.042292113707,18774.25227805436,13468.730739593504,9855.778453217195,207963.6316214662,110.48999786376952
2019-03-29,28081.07382404638,18942.173974490146,13498.820496597291,9853.139249119298,209689.43142949225,110.63700103759766
2019-04-01,28506.03717373991,19256.28648516516,13489.222683792115,9816.823384748835,213013.08764210524,110.99500274658205
2019-04-02,28637.166362252206,19408.99323391024,13594.792540740968,9873.988872343123,214347.55464430095,111.45099639892578
2019-04-03,28644.657059546636,19495.41757907741,13556.94903717041,9830.229417086644,214853.44145219185,111.30500030517578
2019-04-04,28743.886378309195,19503.718068571397,13602.44304008484,9848.460999445602,215270.18208083324,111.3949966430664
2019-04-05,28951.20365989036,19651.283735255485,13620.042490081787,9876.39820045124,216860.95291978878,111.65799713134766
2019-04-08,28987.028405743895,19710.86023476193,13685.714430541992,9865.148851762415,217324.27246814524,111.71099853515624
2019-04-09,28772.646597122864,19596.533234078004,13725.80655784607,9860.40193134602,215890.89656376617,111.45600128173828
2019-04-10,28779.868586324013,19640.08813728853,13724.801064682008,9852.659765612216,216158.72811746853,111.1050033569336
2019-04-11,28740.806167985014,19572.139756164826,13534.620824432373,9819.664372689549,215637.0154722756,110.98500061035156
2019-04-12,29101.077644607973,19769.758722301678,13598.78669769287,9830.035818785806,218076.18534600222,111.62100219726562
2019-04-15,29188.062153447863,19845.060587041884,13622.604785156247,9879.040747483225,218817.65543818602,112.02799987792967
2019-04-16,29185.026954905876,19898.569123213747,13490.25102561951,9837.72524942261,219102.19322905457,111.94300079345705
2019-04-17,29126.615934679816,19977.12415397,13470.51758483887,9843.998651176871,219318.2763530779,111.99299621582033
2019-04-18,29195.180641482853,20010.529111658994,13485.773694686888,9871.284486131688,219759.2342165832,112.03600311279295
2019-04-22,29187.484981574064,20044.788743389752,13470.607140808106,9846.095409222771,219919.9160021852,111.91000366210938
2019-04-23,29454.927251652647,20304.209044935935,13444.911582641604,9865.614019678267,222353.89922315124,111.9290008544922
2019-04-24,29375.90246389939,20230.533412885754,13477.822057647707,9898.586062923512,221651.1688156766,111.8769989013672
2019-04-25,29424.19795374733,20358.913468729013,13519.513768844601,9908.737532873056,222541.5507409232,112.12999725341795
2019-04-26,29405.41243875815,20269.75616390929,13537.488607788087,9882.721724596258,221978.34048293595,111.53900146484376
2019-04-29,29465.77217412077,20319.085177189987,13483.782470245362,9866.903239666552,222476.68824803998,111.59300231933594
2019-04-30,29503.003535300144,20176.198835619576,13535.252636718751,9894.011809771722,221825.7253252871,111.677001953125
2019-05-01,29207.30372599027,20060.218501414773,13411.957595825195,9864.4854571118,220075.92266484772,111.3949966430664
2019-05-02,29159.161623098415,19983.02005315066,13367.553297271728,9841.417802735656,219471.0521652445,111.4520034790039
2019-05-03,29455.92450271202,20310.844660754967,13451.872081375124,9858.340506947347,222387.43677097152,111.49500274658205
2019-05-06,29105.280167411514,20028.125259216584,13364.364762725829,9806.354535546661,219515.53560886646,110.6230010986328
2019-05-07,28666.316272144006,19668.710809281794,13430.674086990355,9856.031299801167,215890.17853330504,110.80500030517578
2019-05-08,28484.91726223177,19521.84287274094,13331.174327545164,9788.744450415883,214401.11778746385,110.25700378417967
2019-05-09,28339.744232243058,19375.99497566028,13335.393585205076,9794.31939049205,213054.11516175402,110.02799987792967
2019-05-10,28424.896577300216,19361.2472144786,13333.863913650512,9768.183125990274,213293.97303343183,109.80699920654295
2019-05-13,27671.963685851922,18660.535612768614,13451.256097640991,9803.44260183318,206613.50434408663,109.65399932861328
2019-05-14,27794.899628154097,18780.19788839051,13366.998757781981,9749.562181707013,207733.08285267395,109.15399932861328
2019-05-15,28090.125944741303,19136.794969762985,13422.633398666381,9827.095549156995,210801.52884278586,109.6709976196289
2019-05-16,28299.60809479488,19295.374588423434,13302.307064590455,9790.201023973339,212460.62965899892,109.4749984741211
2019-05-17,28218.35551702742,19166.43678249274,13255.9364151001,9830.234602486813,211447.18420869284,109.87100219726562
2019-05-20,28105.507146381897,18891.08112703272,13289.702841796876,9839.417815626199,209511.45093683124,110.16000366210938
2019-05-21,28335.727119625197,19073.68802374703,13248.025163269043,9820.271838281888,211380.4872360867,110.06999969482422
2019-05-22,28248.6954632068,18988.361647381993,13234.816763305664,9849.890193547499,210584.53021448234,110.06999969482422
2019-05-23,27941.815658677795,18722.215638758753,13355.478651351928,9923.647713567263,207968.41237786645,110.22100067138672
2019-05-24,27836.741207955507,18600.161048611724,13289.385237121582,9861.191124503237,206902.99295690953,109.55799865722656
2019-05-28,27565.511918690652,18521.623891411706,13231.972794494628,9900.061294368232,205450.41618508074,109.50900268554688
2019-05-29,27339.772912016902,18341.26828199812,13216.651101150514,9881.647304196918,203610.6103938879,109.34600067138672
2019-05-30,27463.58171165345,18451.722966206198,13330.165957717894,9935.28404849567,204682.96287231694,109.54199981689452
2019-05-31,27047.746727419297,18125.423258377097,13486.999088516235,9984.714684888459,201326.40344736516,109.35700225830078
2019-06-03,26696.48668547928,17538.99764180781,13538.403068008423,9927.810142712158,199392.98724830523,108.21199798583984
2019-06-04,27229.34788383505,18004.2320721356,13519.579103469849,9874.430908833076,198720.7805745022,108.0270004272461
2019-06-05,27522.92597845365,18176.748593752713,13582.629104309082,9895.180072392932,199395.02608085022,108.25399780273438
2019-06-06,27720.83662849381,18334.31833842676,13636.329008789062,9900.119251425933,199842.20685839694,108.3280029296875
2019-06-07,28030.80523037771,18711.6591125798,13729.192161331177,9950.926380925266,201037.33383773098,108.4540023803711
2019-06-10,28158.136588501475,18929.792187473733,13591.91285636902,9900.669126682893,199518.59508360625,108.4489974975586
2019-06-11,28127.95421763945,18940.009238933122,13564.379765167236,9892.453062130628,199232.59247937135,108.35900115966795
2019-06-12,28108.098050576285,18850.067053231207,13649.28329711914,9928.998781237011,200226.41236109618,108.4739990234375
2019-06-13,28227.724762539852,18964.633236163954,13734.580668640136,9954.959706618978,201117.51283963158,108.48799896240234
2019-06-14,28153.12772891983,18854.5797059071,13709.105651855467,9946.936825162978,200848.6874415091,108.3209991455078
2019-06-17,28230.133986950987,19013.267587085396,13732.692024536133,9968.523206763462,201238.8844077664,108.57599639892578
2019-06-18,28516.01284705064,19284.13809612974,13797.47786621094,9984.330808769992,201876.67416222248,108.53900146484376
2019-06-19,28589.330621461042,19362.914235494434,13885.400720214844,10014.90121028075,202833.23117947998,108.572998046875
2019-06-20,28740.730910139788,19461.27259577614,14174.957369918822,9989.051140813635,204720.70202668442,108.11499786376952
2019-06-21,28476.471620070613,19281.681520568734,14158.41851638794,9870.952885544144,203419.52300750732,107.2770004272461
2019-06-24,28450.880725024053,19288.545966384732,14373.368805847167,9908.53054356694,205387.21769986325,107.31199645996094
2019-06-25,28175.776216578855,18958.737724036575,14403.283866882322,9925.288829111885,205776.12182270252,107.3270034790039
2019-06-26,28105.44926966679,19018.695498167344,14249.863068695067,9869.768518299754,204085.25740853435,107.16600036621094
2019-06-27,28355.655348062166,19193.57716078648,14311.915782165528,9952.403673298842,205369.74334818468,107.73799896240234
2019-06-28,28503.94942833916,19219.983977465843,14351.900619506834,9957.7743601568,205719.60941858427,107.74700164794922
2019-07-01,28932.23430333344,19595.222264374184,14156.857334289549,10003.861995702278,204147.7312905124,108.38200378417967
2019-07-02,29003.299755521224,19670.282938489472,14457.107701721192,10038.054933261943,206563.2367096754,108.36599731445312
2019-07-03,29083.838418880856,19716.31637677761,14405.98219078064,10005.19688399432,206478.78254341308,107.80500030517578
2019-07-05,29051.55233983488,19676.537075660457,14245.748942565917,9941.781095608285,205209.60653356812,107.80799865722656
2019-07-08,29070.401960805513,19658.67417669824,14241.551331787108,9993.127066525505,205245.847165026,108.4739990234375
2019-07-09,29172.917098041205,19802.504109345697,14323.9918384552,10009.458654976079,206201.92690315732,108.72100067138672
2019-07-10,29367.03955829697,20037.981087845666,14577.299401931765,10033.66423752792,208713.14763903042,108.92400360107422
2019-07-11,29276.437544410455,19914.894987101095,14375.921751403808,9929.940167581222,206941.57541228726,108.33399963378906
2019-07-12,29476.455365166992,20077.196239056142,14499.755297698975,9964.219694902633,208540.1021360901,108.58799743652344
2019-07-15,29280.97434959283,20001.542414102896,14398.807057800293,9915.78085671298,207122.58273567824,107.83200073242188
2019-07-16,29195.144294013513,19908.63311907762,14284.503591918947,9899.167894527382,205995.64250340982,107.88899993896484
2019-07-17,29087.116410497973,19867.613311830974,14561.690095367432,9974.369425447416,207612.98539080913,108.20099639892578
2019-07-18,29122.372232503043,19841.914421968642,14731.241276855468,9974.630036698309,208959.82051588752,107.93699645996094
2019-07-19,28816.784460667684,19598.133488292024,14442.212601318359,9906.968238459069,205797.78404835708,107.4010009765625
2019-07-22,28997.58060376595,19829.943063669183,14495.05417175293,9949.244885441673,206816.64850719576,107.80999755859376
2019-07-23,29230.37913526535,19977.638603581803,14425.68567024231,9941.526780720103,207137.86537821824,107.90399932861328
2019-07-24,29457.01926856759,20179.548853499906,14543.134143447876,9986.362598566815,208784.28486015217,108.23200225830078
2019-07-25,29304.65401126509,19979.557794150955,14434.576779022216,9965.04565060488,207464.02487350974,108.18900299072266
2019-07-26,29631.062916159754,20275.05837738226,14522.124288940428,10007.146492063479,209246.86431747244,108.66600036621094
2019-07-29,29568.119569424714,20199.090689031567,14614.397925186156,10013.276540636081,209690.07164659275,108.63300323486328
2019-07-30,29558.79959526809,20154.701324949045,14694.732317504882,10039.34705713807,210236.3915005333,108.86599731445312
2019-07-31,29153.77632247323,19819.359079727463,14461.543548431397,10036.968678838679,207126.12794199813,108.56199645996094
2019-08-01,28968.589375423926,19767.304630503513,14844.136158370971,10175.237355679874,210817.473292981,108.81999969482422
2019-08-02,28383.493491959274,19226.47137348079,14598.798556823729,10066.250284700916,207939.07876916713,107.43099975585938
2019-08-05,27311.070671016,18396.915308155163,14685.245309371947,10072.737927415757,208626.57586427414,106.5770034790039
2019-08-06,27438.360184673722,18483.29856101611,14667.923952178955,9995.808908967669,207714.56709292837,105.59300231933594
2019-08-07,27648.009294886197,18714.503096724762,14995.643455963136,10066.238183144214,210790.10076346848,106.33699798583984
2019-08-08,28133.204427460772,19084.652082868597,15040.529641418456,10046.688511295813,210912.4468251505,106.12100219726562
2019-08-09,27876.539064398054,18860.489439962093,14955.761317596434,10008.086499416377,209908.2367465982,105.8740005493164
2019-08-12,27411.125035634523,18556.539116008786,15029.054469680785,10024.84052960987,210606.3337610547,105.38200378417967
2019-08-13,27829.144270178913,18960.57221174795,14937.657482299805,9986.925006024465,209561.52776247571,105.35800170898438
2019-08-14,27322.09925506932,18606.697210341223,15215.721977233887,10171.297937479965,213446.81454352927,106.58999633789062
2019-08-15,27221.05703252984,18467.70846939347,15220.12925262451,10171.459924779447,213480.13711510174,105.91600036621094
2019-08-16,27666.25595334357,18794.953589317454,15146.530766143802,10160.589386591293,212840.07882177347,106.08300018310548
2019-08-19,28091.160094825384,19157.575904325364,15018.337343063356,10145.231957273625,211761.8466529615,106.43000030517578
2019-08-20,27913.624951780457,19034.25344908054,15155.888184127809,10204.012573294764,213351.85354885968,106.5739974975586
2019-08-21,28061.500262818554,19149.882552270992,15065.402534179688,10148.332747044644,212131.73256225127,106.27400207519533
2019-08-22,28138.125410589728,19145.71662403981,15072.815817260745,10156.644479758324,212270.08513638366,106.59700012207033
2019-08-23,27382.15055868482,18514.939419146023,15349.491894378662,10212.767993371752,214832.43993897917,106.46800231933594
2019-08-26,27264.743769868674,18510.478620076967,15118.609501571655,10048.00357240552,211486.87725044216,104.85199737548828
2019-08-27,27449.41319089816,18669.618446148193,15427.216997985839,10199.814849791273,215258.2504767707,105.97799682617188
2019-08-28,27580.09902273112,18694.27563766726,15348.927929382324,10180.292415832857,214495.91851999995,105.73799896240234
2019-08-29,28020.083687663035,19040.889193951898,15286.808356018068,10192.52676586651,214174.86778508505,106.06999969482422
2019-08-30,28104.80461815429,19061.00987161324,15300.463008880615,10230.58897143309,214662.63295691187,106.43800354003906
2019-09-03,27876.157153725857,18831.758025619525,15477.629865646364,10229.548300222981,215902.4200389568,106.19300079345705
2019-09-04,28104.420280699407,19045.001239877878,15525.574268951415,10213.704735255766,216070.59008847002,105.86100006103516
2019-09-05,28590.48107907987,19480.31431465172,15219.360063171387,10175.62758561629,213529.67538279842,106.3249969482422
2019-09-06,28813.582580458788,19597.663397386004,15195.658040771483,10253.465608376959,214183.87027612212,107.0719985961914
2019-09-09,28793.890422194083,19533.387852002827,15120.953506851194,10177.902396355083,212865.95603773504,106.94499969482422
2019-09-10,28892.64820637405,19548.362032832058,15046.50037765503,10140.666118668632,211953.47657511005,107.33699798583984
2019-09-11,29169.400680864226,19780.996578337075,15174.827784805299,10155.488984702297,213006.36805690406,107.5999984741211
2019-09-12,29384.963167883074,19941.280311629194,15265.528246154783,10172.35303274694,213817.81590883608,108.02100372314452
2019-09-13,29407.593411106467,19898.301453821205,15160.866750717163,10093.500838629685,212255.9170796108,108.1760025024414
2019-09-16,29205.374016792917,19733.80778819894,15229.349713745116,10098.960325779582,212791.98756498657,107.76499938964844
2019-09-17,29386.91416143307,19901.766980991753,15315.598040771481,10162.635938567491,214065.36546148098,108.16100311279295
2019-09-18,29384.373477519104,19879.856190290626,15208.921486587526,10159.344164404623,213285.22423518126,108.08699798583984
2019-09-19,29474.305136088235,19975.302374759733,15318.284431152342,10195.705384308025,214432.44182860936,108.4250030517578
2019-09-20,29231.112987658005,19693.15635770584,15444.461002349852,10218.156979951453,215550.65246119862,108.04100036621094
2019-09-23,29119.03159640154,19630.957862296982,15474.975061416626,10195.95423955045,215530.03890049312,107.6520004272461
2019-09-24,28880.34122484487,19362.359107674554,15551.298910675048,10243.393474562996,216563.05372805905,107.61399841308594
2019-09-25,28929.411833913295,19498.529152080107,15198.928575668337,10133.303664034442,212941.12115543452,107.16300201416016
2019-09-26,29011.655898916386,19522.33069170913,15269.648870391844,10205.21518608152,214192.73159795412,107.69200134277344
2019-09-27,28872.51128647608,19290.558902687815,15200.060895080567,10225.881244309654,213924.10609048413,107.75599670410156
2019-09-30,29057.023559302295,19508.879029187898,14990.18331390381,10251.950263856257,212732.02384266877,107.94400024414062
2019-10-01,28744.646038174964,19371.5203243672,15089.674504089355,10292.304146864963,213853.68453640805,108.06900024414062
2019-10-02,28150.133127913057,18978.5949672697,15218.928551025392,10296.324358907175,214813.2734868319,107.73699951171876
2019-10-03,28229.55374235022,19085.52728638415,15206.429985809327,10295.096696804783,214711.78706495085,107.16300201416016
2019-10-04,28521.58214315857,19306.820538478525,15158.60888900757,10282.655004877002,214243.20585926,106.82599639892578
2019-10-07,28382.04208694719,19237.128406811524,15020.627151412964,10242.275526368057,212844.72756578657,106.76399993896484
2019-10-08,28068.8709763024,19034.19905068177,15221.061842041014,10310.8282320901,214978.77381242675,107.2509994506836
2019-10-09,28258.807104288877,19168.797505761035,15193.809841918945,10256.638107294912,214223.49289166566,106.96099853515624
2019-10-10,28507.654428852133,19357.047962395452,15091.73437767029,10212.90149638731,213045.20688615227,107.1780014038086
2019-10-11,28991.84694039769,19735.78045538992,15106.436015396117,10209.33575393759,213112.6491829066,107.87999725341795
2019-10-14,29114.98423040135,19839.619527097067,15248.250758514405,10292.64883435227,214983.4076442902,108.45899963378906
2019-10-15,29383.984053696135,20079.7660310633,15132.048748168945,10236.26606713974,213573.70716442086,108.38800048828124
2019-10-16,29452.908840733988,20109.042299490953,15278.995158538817,10297.087119551496,215247.7513033915,108.81700134277344
2019-10-17,29501.762659488355,20136.439364818252,15281.073244628908,10280.152104873147,215086.95685166336,108.677001953125
2019-10-18,29346.681834799056,19924.54988815867,15251.28744003296,10280.280945646946,214876.7646600905,108.58100128173828
2019-10-21,29498.55342906554,20069.925933957344,15154.353918991088,10226.20078520239,213627.77122619556,108.40799713134766
2019-10-22,29454.53354381222,19944.9192640677,15225.859909057614,10268.356813558643,214572.57943333473,108.60099792480467
2019-10-23,29508.138704382807,19961.82568205667,15245.116230163574,10260.88075954451,214631.832221672,108.48300170898438
2019-10-24,29599.673471813865,20186.337431369575,15376.102018127442,10274.076461480347,215698.83459298726,108.64199829101562
2019-10-25,29711.035459660383,20341.437995692573,15406.847558288579,10248.563601988524,215652.70590399153,108.6060028076172
2019-10-28,29913.71834144473,20567.102040029975,15292.3499230957,10221.906062110636,214563.247800769,108.73400115966795
2019-10-29,29968.097019977966,20450.3783084317,15282.200563430788,10252.769963763929,214811.11308972695,108.96399688720705
2019-10-30,30035.187216487888,20532.89331562858,15353.4115574646,10294.169544685345,215745.98483613366,108.8740005493164
2019-10-31,29931.80974988083,20526.273082480588,15494.817478637699,10351.648278912777,217346.03522892983,108.78900146484376
2019-11-01,29988.88904602585,20562.440730860577,15395.910073242188,10256.749253817421,215824.41671811434,107.99600219726562
2019-11-04,30171.828612925656,20733.021037251154,15383.47317352295,10225.6230763825,216631.79524302424,108.22000122070312
2019-11-05,30270.458933718422,20835.32187639747,15200.855934143066,10215.011251217788,215887.4623265103,108.69400024414062
2019-11-06,30403.26857604059,20874.760992860003,15329.556222915646,10287.159660022116,216996.9855481225,109.14600372314452
2019-11-07,30445.057607786333,20900.33033516753,15059.400788497926,10182.857254113193,215236.25415867887,108.91300201416016
2019-11-08,30621.2991131189,21053.62347038096,15013.155145111084,10202.685264747328,215715.84056353237,109.27400207519533
2019-11-11,30549.39363577385,21016.031158161262,14970.515275573729,10209.33737201591,215219.61785280285,109.22599792480467
2019-11-12,30562.220709361314,21041.411664669395,14985.642034835813,10196.77051280341,215458.82285069837,109.04199981689452
2019-11-13,30558.37225328914,21037.19321834442,15038.853617858887,10219.964079738786,215809.91729568952,108.99299621582033
2019-11-14,30548.108670939488,20982.8252161467,15075.050397949219,10253.435296272977,215778.6629099821,108.7979965209961
2019-11-15,30682.624479860755,21078.129970932874,14994.678872909546,10216.302502009376,215714.77518524183,108.49199676513672
2019-11-18,30763.84338310795,21135.06172840981,15067.855033111573,10253.339039029932,216526.60067840817,108.6989974975586
2019-11-19,30744.502530138856,21159.198656009994,15070.333135528565,10269.233547130656,216670.56793014635,108.66200256347656
2019-11-20,30569.00057758298,20989.788175554477,15047.828157653808,10286.495114377247,215624.24744641507,108.44499969482422
2019-11-21,30529.104327189256,20949.259285068212,14969.963562011719,10263.823260772504,214865.5628667266,108.47799682617188
2019-11-22,30627.17782658542,20983.490303980263,14956.497773895264,10272.10265248942,214950.6405507151,108.58499908447266
2019-11-25,30905.76083839734,21261.26426191318,14904.708860168459,10290.438169809488,216044.18744595943,108.7300033569336
2019-11-26,31050.422345729665,21353.347748323886,15012.557634429933,10334.676808671044,217283.55486020126,108.99199676513672
2019-11-27,31218.875907628193,21523.8576213417,14947.379986724854,10317.757519049215,217720.64826047252,109.09700012207033
2019-11-29,31221.411526469157,21506.798030048496,15097.324463043215,10348.63340186606,218682.8673498266,109.51200103759766
2019-12-02,30962.69418140259,21290.242823163248,15092.82815460205,10313.547805106884,217552.60064382176,109.53500366210938
2019-12-03,30611.004861977395,21023.93163606919,15166.050861511232,10357.061941619986,216732.59890676208,109.02200317382812
2019-12-04,30695.634947980987,21059.286107223415,15094.074743041989,10282.26159143822,216389.70790730463,108.65299987792967
2019-12-05,30801.48577890716,21135.819134042747,15127.64810180664,10275.129615315027,217021.68034461397,108.83200073242188
2019-12-06,31055.980212004746,21344.342958106547,14964.523417205812,10234.80367962444,216896.08587234956,108.73799896240234
2019-12-09,30926.733047377555,21225.462579902844,14944.9025088501,10232.67272076996,216150.47614326281,108.6269989013672
2019-12-10,30879.450442316964,21198.92939239511,14981.058641052246,10216.425770709793,216278.20369269658,108.58200073242188
2019-12-11,31019.011572263353,21347.35609467307,15109.494871520994,10276.111470225436,217963.35004807016,108.76399993896484
2019-12-12,31224.521326488302,21464.775607458705,15026.438568496706,10174.537416615907,217956.4773160573,108.54900360107422
2019-12-13,31491.909899786,21707.1306992594,15213.877930068971,10316.0219893737,220546.39428040845,109.41300201416016
2019-12-16,31704.4928862999,21923.248756630197,15210.976212158203,10266.401909847542,221621.9812174876,109.4000015258789
2019-12-17,31762.45418555109,21971.154756095708,15232.159259414671,10283.849917933137,222018.7827850664,109.57599639892578
2019-12-18,31747.049615433105,21975.96531342609,15224.914158782962,10250.26966172981,221990.61934958136,109.51599884033205
2019-12-19,31887.36946112822,22120.916662617925,15269.218728790283,10261.609306635708,223047.6355987378,109.5510025024414
2019-12-20,31978.053957713557,22176.35127931967,15261.116611328127,10245.872865997939,223270.13381936093,109.38300323486328
2019-12-23,32060.872455446937,22258.68179503193,15324.38512687683,10247.410055341348,224147.00504404248,109.4990005493164
2019-12-24,32027.61329782759,22246.48785818173,15452.395674591064,10254.165697133518,225014.02873629407,109.38200378417967
2019-12-26,32194.278653434234,22440.831177090957,15571.958689270019,10267.854419793426,226867.78091852996,109.36900329589844
2019-12-27,32237.21466013752,22457.336045911597,15591.112833938598,10299.026847199537,227090.5218468286,109.54199981689452
2019-12-30,32026.119889642734,22286.40834006072,15607.715840225219,10281.783295963147,226343.66569307505,109.4280014038086
2019-12-31,31941.095323818972,22215.32069757665,15557.951856994627,10192.53617092183,225621.83857374938,108.8730010986328
2020-01-02,32192.42422943523,22554.389260986525,15649.235980987547,10224.789404483938,227985.07516514647,108.71299743652344
2020-01-03,31898.695648075416,22312.12055869828,15832.081873168947,10277.226893006064,225719.82079563575,108.54299926757812
2020-01-06,31849.582955215705,22336.60359957189,15912.813501205444,10211.36797132749,225670.80779339932,107.96399688720705
2020-01-07,31890.053976749212,22424.91658059158,16040.835558090212,10238.396793863161,226261.63331669444,108.40599822998048
2020-01-08,31944.674550786414,22512.782170118517,15863.229589691166,10177.638371593126,226900.0979186598,108.01599884033205
2020-01-09,32463.493533257755,22917.55732087535,15921.79667152405,10280.705799802274,230783.81239504754,109.03099822998048
2020-01-10,32511.39408727804,22958.54506289771,16087.673925933836,10347.978540690652,231160.7293870948,109.50700378417967
2020-01-13,32752.620494798415,23236.851345085925,15976.91439590454,10341.419490976903,233423.6395414489,109.56600189208984
2020-01-14,32829.83382116883,23235.028114316956,16024.734008712769,10402.24167655644,233686.73972368008,109.99199676513672
2020-01-15,32862.74279060696,23215.399210119962,16098.004614410402,10415.394357145678,233703.22660217463,109.85399627685548
2020-01-16,33144.85625068828,23444.843042505952,16076.982203292848,10396.61434117598,235862.44191317612,109.88300323486328
2020-01-17,33336.37306673705,23623.87355794202,16149.45194732666,10415.79474459195,237446.31784456762,110.1750030517578
2020-01-21,33270.49030015477,23612.831790982706,16166.785509490968,10456.901962318469,237157.91016466508,110.1729965209961
2020-01-22,33194.472005142794,23618.49318604038,16133.394898910521,10433.622566637838,236918.49887434737,109.90799713134766
2020-01-23,33178.1152220937,23655.906697544804,16143.182893066407,10442.708751761453,237050.62956779188,109.72799682617188
2020-01-24,32830.31905696289,23418.53717876898,16211.505249023436,10463.290524553839,234619.5223207775,109.552001953125
2020-01-27,32082.911618994727,22776.156578949023,16210.410270996095,10462.101555598188,228723.97897150056,108.802001953125
2020-01-28,32454.27142419815,23152.300517858952,16083.126929626467,10438.187856465447,231942.30168605776,108.91999816894533
2020-01-29,32490.58323126809,23235.205479680677,16201.737281799315,10508.708792212145,232491.0179197156,109.13200378417967
2020-01-30,32552.716407863798,23287.261347988024,16181.299817504885,10504.958904303881,232974.29335148307,108.98699951171876
2020-01-31,31929.36664062348,22893.57709131585,16258.602245941165,10547.225203055677,228778.14458221907,108.8769989013672
2020-02-03,32017.360695664567,23132.890976101105,16078.070164489747,10489.364179405406,230282.55055665702,108.37200164794922
2020-02-04,32577.331399830917,23716.59421308636,15904.05508850098,10451.443771207052,235205.1330526808,108.61199951171876
2020-02-05,33206.879679647274,23977.987197699982,16046.024464187623,10486.045329473925,238766.40362795437,109.4469985961914
2020-02-06,33430.3394774154,24266.757506725757,16186.58404083252,10528.701917227263,241009.8164006609,109.81400299072266
2020-02-07,33298.798798618634,24195.929744627923,16252.171062774658,10594.123364287452,240184.7032125661,109.96800231933594
2020-02-10,33448.84933968195,24417.39029308193,16246.099152603148,10583.582725848846,241828.81578960884,109.6449966430664
2020-02-11,33543.79365638527,24448.565804217596,16208.047388763429,10569.9809174374,242324.69852892222,109.76599884033205
2020-02-12,33783.59168141186,24704.819179527887,16206.236562194823,10550.222592537844,244464.15345998836,109.84300231933594
2020-02-13,33748.4685032738,24673.753453767455,16298.949579620361,10559.880979418404,244183.10602086334,109.84600067138672
2020-02-14,33775.45738951359,24724.816758670968,16353.942481994629,10577.637580456854,244534.94103220804,109.75800323486328
2020-02-18,33710.516342924915,24750.5562794824,16574.44557632446,10601.440519380083,244430.9316095407,109.83000183105467
2020-02-19,33899.1424587538,25008.820864669407,16684.604815444945,10608.155699110146,246397.13221973897,109.91899871826172
2020-02-20,34156.38509457967,25066.898953722768,16949.515960464476,10764.054950077136,247608.81670569265,111.20999908447266
2020-02-21,34030.78918210624,24748.282175929173,17319.28416824341,10879.99831854816,245566.82508646598,111.9540023803711
2020-02-24,32785.46900032271,23706.380995243257,17412.93200614929,10926.11203474977,235899.67339463046,111.55699920654295
2020-02-25,31592.5125666572,22914.84859640021,16994.378446197512,10887.814216704093,227671.15923836752,110.85700225830078
2020-02-26,31314.18061262502,22914.728167723355,16980.73589927673,10826.08880687449,226673.53799487074,110.28600311279295
2020-02-27,29928.68702700252,21778.453061897835,16995.90184020996,10886.36822600896,216032.69214765527,110.36299896240234
2020-02-28,29613.100328846824,21656.627053494478,16271.351343383789,10938.63268095515,214293.47096756706,109.66000366210938
2020-03-02,30342.48585391621,22370.57266361927,16068.392190551756,10735.488443120486,215641.54828064865,107.6969985961914
2020-03-03,29689.908057848224,21809.499947896806,16695.064354858398,10940.249126163286,216988.38808375067,108.48699951171876
2020-03-04,30524.361141031655,22419.050349345136,16500.824315185546,10770.257360383735,218717.41409951955,107.03700256347656
2020-03-05,29686.124622446623,21865.494038719484,16958.051037597656,10931.217201046416,218989.62699432942,107.677001953125
2020-03-06,28807.92284732167,21209.977885681805,16739.3725730896,10895.946428034038,214325.13266376517,106.2480010986328
2020-03-09,25980.76518062545,19302.251981662976,16402.456338653566,10754.923543512901,202715.0868514863,103.93800354003906
2020-03-10,27107.98175085649,20195.628128106277,15928.741684570314,10473.06849408914,204009.05140012607,103.11199951171876
2020-03-11,26265.170661240154,19671.213592262986,16166.652330322266,10560.730763858424,202986.0085126027,105.0260009765625
2020-03-12,23644.542869845114,17779.54162372956,15451.444951019284,10518.225096587477,188973.2513170957,104.5500030517578
2020-03-13,25680.55550599617,19303.116802183988,14988.520887451172,10455.466010086076,193443.102233171,104.61000061035156
2020-03-16,23324.799244780956,17319.001266715986,15111.288821411132,10945.625518216186,184472.469921346,106.68800354003906
2020-03-17,24465.942753578784,18548.800382654947,15242.48343811035,10619.137938123875,191392.6050496727,106.1750030517578
2020-03-18,23490.113044824368,18185.83026920459,15107.943745422364,10589.872789125993,188721.53261712304,107.3769989013672
2020-03-19,23755.530894627784,18462.94682352327,14958.014484252928,10721.987542046247,189103.30735576275,108.36000061035156
2020-03-20,23346.62724407612,18216.289201191572,15592.982061309816,11293.352698939789,192053.74455181108,111.29100036621094
2020-03-23,22580.234820365666,18093.65019399194,16160.590305328371,11342.25164362514,195173.32503474687,110.46199798583984
2020-03-24,24707.451296915722,19562.474097182807,17000.8623336792,11302.11410977939,207923.13805034116,110.8270034790039
2020-03-25,25143.62463160712,19468.635236958045,16812.456415557866,11338.637414780454,206224.72531955043,111.12000274658205
2020-03-26,26553.318410876265,20451.091512457002,16990.638155822755,11341.201240793307,212234.4248793425,110.8759994506836
2020-03-27,25351.843757923252,19431.57161856777,16611.845426559445,11243.396077962405,204725.98107447062,109.10900115966795
2020-03-30,25768.29458203131,19826.825181882392,16425.59626800537,11094.314537391712,205451.55636428023,107.41300201416016
2020-03-31,25531.201192840064,19770.985510884133,15994.582292175293,11178.85821196798,202348.72072694259,108.03500366210938
2020-04-01,24263.235798231584,18836.835054701747,16067.071083450317,11169.740708425006,198848.52344421842,107.50800323486328
2020-04-02,24765.16405818983,19175.09118936508,16292.338874816893,11145.496936616497,200038.37351819949,107.25700378417967
2020-04-03,24576.50580533966,19033.479194715183,16486.352566146852,11231.119946629105,202004.27349269085,108.0009994506836
2020-04-06,26395.26561564577,20527.916211805816,17051.75796447754,11251.963864588937,205712.61053346645,108.69300079345705
2020-04-07,26524.756355414505,20599.207487963027,17026.304266662595,11245.265895889574,205494.77111236457,109.11499786376952
2020-04-08,27298.57174695834,20947.99970079806,16802.87730102539,11183.511048544655,203556.45433851343,108.6510009765625
2020-04-09,27783.106530660672,21030.671955092505,17284.83171508789,11235.620579260454,207020.92870673194,108.9219970703125
2020-04-13,27381.33542444015,21143.9578896411,17486.513523559566,11151.087663098391,207531.01379064424,108.33599853515624
2020-04-14,28003.368112312324,21920.112438205822,17508.109818725585,11092.422696474194,207147.22021454605,107.6230010986328
2020-04-15,27276.17462097415,21563.727110997588,17334.781797409058,11137.839789139724,206468.2098127606,107.10399627685548
2020-04-16,27536.993354408052,22061.328492440793,17401.451577529904,11202.31761411619,207453.52811797845,107.60900115966795
2020-04-17,28369.22081155896,22342.31019687932,17116.838601608277,11207.759090236475,205727.6326971649,107.94499969482422
2020-04-20,27798.41386938153,22020.944461880466,17194.898707580567,11208.667527822965,206222.2053835441,107.66999816894533
2020-04-21,26954.11224736348,21206.667850823887,17077.379886703493,11239.86594301813,205765.40561422214,107.66899871826172
2020-04-22,27565.65387329272,21847.73183803896,17421.71743858337,11210.292571852555,207650.3163024942,107.72100067138672
2020-04-23,27587.2202675259,21819.662678861205,17610.17599822998,11227.242247943377,208974.7485469689,107.81300354003906
2020-04-24,27933.868816592578,22134.40292504699,17510.960850219722,11214.799897756333,208246.39617992303,107.66699981689452
2020-04-27,28291.36549531646,22277.125123399954,17366.892643737796,11137.138124457058,206662.15490347124,107.49500274658205
2020-04-28,28105.72690223435,21813.662732664736,17255.397258605957,11163.793126686327,206202.7503467907,107.28299713134766
2020-04-29,28695.785491706825,22474.531185346612,17263.2214956665,11101.916655136438,205704.73717698292,106.74099731445312
2020-04-30,28393.718005058556,22437.70805399928,16929.66809692383,11061.855398407837,203271.7061596465,106.61000061035156
2020-05-01,27817.055135043338,21942.2043968917,17141.997885131837,11147.320062275061,205295.26496343,107.28500366210938
2020-05-04,27751.56139406934,22085.290343188983,17114.370753631592,11092.311514481551,204625.34196153656,106.73799896240234
2020-05-05,27997.20907610423,22327.559032449954,17180.350713958742,11079.830929850174,204908.56739581638,106.6969985961914
2020-05-06,27743.573271240857,22413.68295335902,16920.545952987668,11013.385112146487,202735.326993134,106.4520034790039
2020-05-07,28009.50742560331,22647.15787484978,17138.165795364377,11053.64664514135,204414.7796907178,106.19100189208984
2020-05-08,28518.002870890927,22994.40958267348,17062.11096603393,11034.717379617168,203783.36647576955,106.35900115966795
2020-05-11,28674.036679876306,23322.470901927172,17045.026775665283,11061.699829083682,203927.4245158094,106.91899871826172
2020-05-12,28272.57443617701,22971.48285117105,17214.862942810058,11165.467866967547,205900.31031104882,107.56600189208984
2020-05-13,27662.044166662534,22593.206288366342,17311.35811889648,11143.967975101485,206284.80399225553,107.13800048828124
2020-05-14,27939.521956184188,22806.432093455063,17431.1481111145,11140.035962183154,206970.42526124069,106.93299865722656
2020-05-15,28181.351145704135,23047.47927486803,17600.34409980774,11177.688431873321,208334.29313374445,107.36499786376952
2020-05-18,28997.282122145156,23443.336701838547,17441.669549789432,11092.517226787957,206598.86300260184,107.20800018310548
2020-05-19,28745.75658030342,23422.213254477087,17638.402518615723,11141.668303577855,208233.8605621806,107.38099670410156
2020-05-20,29350.884778461357,23986.17989745129,17750.916098022462,11188.949208299468,209344.4051975506,107.80999755859376
2020-05-21,29089.03798600972,23676.31341567298,17456.640304565433,11173.58882682424,207431.10173901354,107.59100341796876
2020-05-22,29155.113718483357,23767.01109928717,17566.454972076415,11198.932236152039,208324.5924196491,107.63099670410156
2020-05-26,29529.67852688618,23715.070035268513,17325.760860443115,11175.261882255587,206658.00151110615,107.68699645996094
2020-05-27,29914.503373556756,23801.321691729958,17325.398947143556,11164.123054785112,206553.86670619523,107.49099731445312
2020-05-28,29944.591943584488,23838.151041942456,17433.09199737549,11185.858224620897,207401.55030016843,107.7979965209961
2020-05-29,30034.77357081337,24153.271321522458,17536.120762100218,11205.709380664293,208203.89183705166,107.64299774169922
2020-06-01,30174.378484970082,24240.47549296044,17627.49130996704,11208.065699550329,209005.67337813153,107.70800018310548
2020-06-02,30379.030724309818,24367.096958851995,17487.304234313964,11172.985404881672,208719.7617703611,107.5479965209961
2020-06-03,31144.256731088703,24763.89103756187,17365.91609802246,11236.861567672857,209709.49830262095,108.80899810791016
2020-06-04,31116.69173097444,24632.859542525635,17579.35880859375,11211.653761734793,210410.91801462776,108.9990005493164
2020-06-05,31958.408971375346,25156.889929973488,17246.791741104124,11171.071075648722,210696.30924241984,109.1500015258789
2020-06-08,32488.12933643632,25464.851245761165,17510.742908935546,11232.81877169806,213588.88715035928,109.63400268554688
2020-06-09,31885.573247487948,25363.045638639156,17482.034788818357,11147.250282989748,212979.93805172638,108.40899658203124
2020-06-10,31528.653878306155,25523.038165006456,17632.354810791014,11167.449518344176,214560.9401646747,107.7969970703125
2020-06-11,29486.156833036508,24072.737768713876,17372.645045928955,11122.3312918351,206771.30833202868,106.9810028076172
2020-06-12,29789.62434248305,24224.02112038755,17368.304088287354,11079.116662280134,207397.42332365748,106.8030014038086
2020-06-15,30210.7435708626,24635.879079867296,17419.794144515992,11122.618274564815,209477.48275849497,107.31099700927734
2020-06-16,30836.132655019854,25095.378621270647,17436.033494949344,11115.45652256878,211553.7374713996,107.46399688720705
2020-06-17,30692.614223930384,25162.429516282613,17460.5701953125,11127.358147828341,211988.18992733798,107.41000366210938
2020-06-18,30556.92534367762,25109.49876548764,17342.482104492185,11098.631086235015,211059.68638252548,106.8939971923828
2020-06-19,30414.151034456223,25131.68495901886,17552.193639373778,11113.927309502144,212399.17280470225,107.00599670410156
2020-06-22,30559.2073775988,25392.004329044074,17636.730001602173,11085.682702531696,214022.2811258536,106.83100128173828
2020-06-23,30720.58282083648,25625.72141302107,17797.21141967773,11089.489917210009,215981.2256982252,106.90299987792967
2020-06-24,29805.041438296383,24986.0160506236,17657.06866836548,11061.606047086028,212393.56029478344,106.43199920654295
2020-06-25,30297.78734450196,25369.300949496817,17747.894987487794,11127.046293144725,214583.82176226657,107.04399871826172
2020-06-26,29608.84306995847,24794.92362504444,17845.5934967041,11168.88353020886,212688.38557464065,107.15499877929688
2020-06-29,30061.685408446287,25080.538000942506,17865.735726470946,11186.474742017184,214038.53817543853,107.21800231933594
2020-06-30,30552.397877644737,25661.679816607415,18007.337687072755,11205.005027935822,217382.51499062922,107.58999633789062
2020-07-01,30880.509845805405,26057.964057757006,17993.12691558838,11228.967377567167,218970.39464332073,107.98899841308594
2020-07-02,30871.431142570742,26083.73829712967,17927.974231567383,11177.998005850002,218685.78372651685,107.36599731445312
2020-07-06,31410.195646015818,26779.028158935096,18071.120819854736,11183.567110056774,222492.5153960841,107.5790023803711
2020-07-07,31022.664230683156,26539.883532047774,18147.96555603027,11196.604955000814,221944.98781193473,107.35900115966795
2020-07-08,31323.71359076715,26944.853165018194,18297.94251831055,11201.915371449963,224564.62618377502,107.5780029296875
2020-07-09,31059.98050282928,27097.653791126428,18198.414803390504,11208.920116085235,224609.77240863378,107.28299713134766
2020-07-10,31363.375446573275,27270.987613722413,18143.258850326536,11180.098316187527,225009.89749218413,107.23600006103516
2020-07-13,30997.28237123646,26627.970860239428,18110.55462036133,11158.030355101455,222091.64785019262,106.91000366210938
2020-07-14,31506.466738696538,26908.543122874486,18257.30260620117,11195.308905955319,224165.4429350793,107.2760009765625
2020-07-15,31786.73706725651,26955.609349761387,18268.113767852785,11188.394926162444,224429.90600892197,107.24500274658205
2020-07-16,31585.150930378713,26689.545231832297,18040.10537910461,11162.428289538602,221926.5069128213,106.91699981689452
2020-07-17,31783.674121201646,26810.713185426324,18250.133339233398,11197.357581368367,223708.2002726068,107.27799987792967
2020-07-20,31984.38514744839,27524.201687943845,18305.963973999023,11185.081715272614,227064.354010312,107.08999633789062
2020-07-21,32084.15986740047,27263.917881798952,18544.907852172848,11208.104559842375,227406.81524506467,107.1959991455078
2020-07-22,32157.220948407386,27267.20058695949,18762.904288635254,11173.710776201237,228737.8754012168,106.83200073242188
2020-07-23,31875.544514784735,26639.16813815993,18989.26704071045,11220.61569852723,227448.3512201994,107.1750030517578
2020-07-24,31570.667145199008,26302.85159123309,19091.95014190674,11179.83554989057,226645.8027039702,106.83799743652344
2020-07-27,31549.375444687354,26561.154304664404,19315.103700408938,11074.140909701584,229087.02910468928,105.99299621582033
2020-07-28,31132.775593330996,26041.5557216686,19341.70904159546,11023.841535656518,227049.3279966911,105.26100158691406
2020-07-29,31469.56266144357,26303.635795447,19458.45932807922,11022.13605634386,228863.63033988245,105.10700225830078
2020-07-30,31334.9053653087,26422.68734894079,19300.679893798828,11029.133392440586,228414.01546665846,105.03199768066406
2020-07-31,31477.57836418197,26805.56383762619,19411.368441009523,10995.628154247446,230702.78916929022,104.68299865722656
2020-08-03,32054.607597561848,27475.18543113403,19652.963741455078,11114.423441680681,234993.23992624765,105.86599731445312
2020-08-04,32228.272207526494,27620.050932021128,20102.227468566896,11169.864295702306,238296.91732893966,106.02999877929688
2020-08-05,32301.21130424568,27579.959610793652,20209.238596343992,11088.87364414842,238764.53938935447,105.61399841308594
2020-08-06,32498.34963351476,27929.644783728527,20465.671442184448,11095.152995739301,241793.02426557022,105.5530014038086
2020-08-07,32530.30566569239,27614.12788078068,20145.910854568483,11074.534510635569,238532.50373861636,105.58100128173828
2020-08-10,32710.66365092602,27566.013128579845,20127.377209854127,11090.9391368107,238215.85585947477,105.8499984741211
2020-08-11,32484.169119191876,27079.391812738544,19072.1998979187,11067.608351742438,229830.04658824217,105.99199676513672
2020-08-12,33101.462613926305,27900.063078157917,19077.91176681518,11089.932561438278,233376.77508511546,106.52100372314452
2020-08-13,33134.989390899325,28042.801236559106,19583.67700263977,11098.347472586976,237008.85285146354,106.8219985961914
2020-08-14,33186.84605189193,28052.822754894463,19529.224451141356,11120.896187802045,236726.48009858938,106.98600006103516
2020-08-17,33157.835821337656,28264.421798780997,19872.321159362797,11094.282472168474,239681.61076745985,106.5540008544922
2020-08-18,33055.141250036744,28387.154688672497,19946.13961685181,11055.185428189987,240647.87460245693,105.99500274658205
2020-08-19,32678.068364530263,27990.816067205647,19176.02158203125,10960.31995160651,234351.26147287732,105.2239990234375
2020-08-20,33046.16904110541,28610.256774674282,19465.496936798096,11081.245879823258,238731.72072606112,106.0790023803711
2020-08-21,33033.96665310586,28696.381371361324,19234.200116653443,11046.160830906318,237718.72138461613,105.66500091552734
2020-08-24,33435.65297749383,28933.74819562612,19163.736801147465,11052.874080181005,238313.78568994944,105.8769989013672
2020-08-25,33589.416119090325,29193.502635115565,19208.05077423096,11038.145688080698,239690.28261012203,105.99299621582033
2020-08-26,34058.04275717997,29933.232481641553,19510.420576171877,11076.941962206052,244662.62295423474,106.40499877929688
2020-08-27,33956.40790099292,29685.849604626343,19185.341948852543,10980.72165635947,241661.96062569198,105.8560028076172
2020-08-28,34427.891924608695,30057.144275192102,19662.796621322632,11080.042301970276,246103.18807302197,106.63700103759766
2020-08-31,33948.68211656323,29985.819372571685,19506.034726867678,10977.315749675721,244861.50517387208,105.53500366210938
2020-09-01,34420.71788292488,30634.553730078358,19616.039793395998,11062.336833377842,248167.87743850233,106.00399780273438
2020-09-02,34883.00439402197,30893.516090138884,19338.728199920653,11066.529690860227,247488.374963377,105.89600372314452
2020-09-03,33781.76700638001,29411.556011614804,19238.517153167726,11113.730663103126,240802.53460789507,106.20800018310548
2020-09-04,33467.46112637409,28985.745159264294,19269.460773925777,11039.001795671264,239255.89948936895,106.08599853515624
2020-09-08,32620.235422649697,27647.582664313228,19272.033505325315,11085.530926855796,233802.05561430723,106.30500030517578
2020-09-09,33158.94558636914,28370.721698243724,19397.442824554444,11044.927436983542,237544.01554742557,105.96800231933594
2020-09-10,32664.052483075033,27873.30412346018,19382.908772277835,11086.02656092519,235419.6435297671,106.2310028076172
2020-09-11,32653.60968197295,27656.655157216537,19365.789937973022,11094.164897239525,234426.76114548038,106.14299774169922
2020-09-14,33084.3227708831,28139.54353789857,19519.00343269348,11084.344909144931,237360.91854217148,106.1449966430664
2020-09-15,33116.770659844675,28423.3429829296,19393.416078186034,11033.993348087039,237733.87635944242,105.71499633789062
2020-09-16,32881.12827341153,27881.08152726462,19386.941963653564,10992.796065067703,235476.71310155693,105.38099670410156
2020-09-17,32493.27169415138,27361.811186615752,19222.142872314453,10962.678083445197,232321.22526943922,105.06199645996094
2020-09-18,32007.928077918725,26918.503394792362,19180.6732421875,10915.254171468354,230249.2170339711,104.697998046875
2020-09-21,31603.0216356265,26980.971930286563,18766.482700195313,10918.223615731244,227908.62105714093,104.53700256347656
2020-09-22,31971.605208080175,27523.210500913126,18702.868936157225,10934.20347778441,229726.41370372116,104.69000244140624
2020-09-23,31332.767623713265,26769.25715053175,18358.892262573238,10970.131473209422,224488.62006821783,105.03399658203124
2020-09-24,31497.04527899011,26963.223797965344,18474.533909912112,11003.75867402963,226006.2781255582,105.3040008544922
2020-09-25,32046.07095893504,27625.344674597807,18444.79847290039,11026.503407019987,228526.4432781026,105.43499755859376
2020-09-28,32621.28574381204,28237.10634616617,18654.925357818604,11039.226537402637,232344.0980532567,105.5739974975586
2020-09-29,32400.30016585236,28072.051002692526,18787.1060307312,11032.633587484877,232497.85084410445,105.43299865722656
2020-09-30,32717.48339567804,28326.52172988893,18715.20793945313,11026.855586539774,233087.42094350883,105.66400146484376
2020-10-01,32861.15256976168,28718.76334983635,18844.093056488036,11010.903311985223,235496.76830180953,105.45099639892578
2020-10-02,32577.553091856247,27934.090332209475,18843.647089233396,11009.170762236598,232274.10243930024,105.54299926757812
2020-10-05,33144.88662100783,28521.75941374855,18929.54948326111,10936.354406453343,235221.90283417222,105.51000213623048
2020-10-06,32734.706998121303,28064.31520064326,18741.8512298584,10982.213122281608,232172.92931729672,105.70700073242188
2020-10-07,33283.39794357802,28532.402696759073,18721.520691833495,10943.473112399739,233966.78132539068,105.63999938964844
2020-10-08,33681.67590668648,28772.74068831498,18845.87459869385,10997.177091568528,235729.38543184835,105.96499633789062
2020-10-09,33999.454933914276,29227.624133002177,19197.739031066896,10997.21031310445,239792.7973051332,106.01799774169922
2020-10-12,34420.64831615811,30021.442307755213,19072.91460327148,10968.974043865035,242270.88351595047,105.63200378417967
2020-10-13,34101.160605702666,29937.149615124785,18720.846526794438,10962.993209762219,239726.90794666135,105.33899688720705
2020-10-14,33929.03330629432,29723.681015379683,18802.137117614748,10980.253329177447,239358.4714807269,105.47000122070312
2020-10-15,33780.75164205168,29431.280159464422,18811.46986907959,10934.045837581905,238216.88118811295,105.13899993896484
2020-10-16,33831.3011203422,29331.27561710254,18785.688108825685,10950.69008295282,237645.55116116314,105.36000061035156
2020-10-19,33338.13639532702,28870.125498988524,18807.122878417966,10939.531091616705,235887.06057044122,105.427001953125
2020-10-20,33485.331695164474,28944.06581181266,18905.497718811035,10920.423569993702,236804.6606108137,105.47000122070312
2020-10-21,33424.162732901226,28923.56396833853,19049.145726013183,10906.642809766385,237617.37625653666,105.47699737548828
2020-10-22,33352.29032969463,28702.90629012899,18719.209527511597,10786.030641615625,234652.00816329487,104.6760025024414
2020-10-23,33543.852464835596,28826.858503233852,18743.087014770506,10826.60592056211,235309.71768202918,104.9209976196289
2020-10-26,32849.279950911325,28329.558029188174,18691.149410247803,10830.839154422309,232944.7960420903,104.68299865722656
2020-10-27,32782.63192561544,28591.715213532774,18767.024771118166,10870.583140974737,234494.2661576945,104.83200073242188
2020-10-28,31575.4737290442,27400.23456117813,18413.51052749634,10839.92377011675,227397.95001019654,104.54499816894533
2020-10-29,31826.2191338254,27818.728612881834,18296.851428222653,10770.350476363563,228386.88423214664,104.31500244140624
2020-10-30,31566.592399312383,27174.27667869895,18422.414950561524,10759.979763208728,226526.33220771354,104.5540008544922
2020-11-02,31928.3423847995,27241.66481741016,18605.828125762935,10781.178502285304,227926.76879613107,104.58000183105467
2020-11-03,32537.11727079464,27751.994683024786,18737.396726989744,10771.807938577838,230861.51478545822,104.7249984741211
2020-11-04,33207.43876341374,28943.036249226494,18694.91529434204,10844.20924424021,235560.04997079575,104.5459976196289
2020-11-05,33820.105913743224,29667.97022816611,19104.843987579345,10831.210957600653,241101.24950507,104.43800354003906
2020-11-06,33542.04286203375,29452.791167497722,18979.032988586427,10708.080688019107,239431.0445349217,103.60299682617188
2020-11-09,33848.78377426232,28752.686621874447,18077.534951477053,10592.872331555553,230968.590800987,103.25299835205078
2020-11-10,34415.85592219272,28752.10794672944,18468.365602264403,10755.41132889675,233370.98323069635,105.13700103759766
2020-11-11,34712.078096911035,29430.571407569623,18409.974373626712,10785.194523978804,235837.06486349553,105.26000213623048
2020-11-12,34425.960454680055,29335.38289955154,18548.823561096193,10862.725705261908,236295.0122556294,105.41500091552734
2020-11-13,34794.96114533401,29501.843654323402,18617.743751220703,10814.773805281739,237412.2844260408,105.08999633789062
2020-11-16,35090.50783445963,29615.21869521409,18543.353843307497,10764.067539414049,237426.69375366307,104.6760025024414
2020-11-17,34856.76822005512,29483.081586751105,18451.48656463623,10778.056927000895,236311.16291660158,104.54100036621094
2020-11-18,34318.683723796625,29164.116370196705,18282.723647155763,10737.35728078667,233944.469550153,104.18099975585938
2020-11-19,34368.23056341754,29311.65374218637,18198.07254821777,10719.39342251388,234038.0054536368,103.8939971923828
2020-11-20,34110.21531763,29091.54468200689,18241.013713836674,10731.025924090489,233385.61143401047,103.8249969482422
2020-11-23,34312.04394968456,29090.3074629653,17880.40214126587,10708.77067286356,231161.59659843548,103.81700134277344
2020-11-24,35102.70583151273,29700.763758301393,17726.395008773805,10764.721012670734,232756.14206314433,104.5250015258789
2020-11-25,35044.56159373791,29880.13792939782,17715.998712768553,10767.080479892385,233439.1516957116,104.51300048828124
2020-11-27,35051.035785779626,30077.63461099067,17490.764637222288,10771.43614505522,232875.72144757863,104.24199676513672
2020-11-30,34842.301696842114,30092.817184362288,17347.347062072753,10747.742402171172,232056.49101086223,104.08200073242188
2020-12-01,35296.82438273625,30542.549750840022,17749.604432830813,10712.681205609892,235805.18455616722,104.29900360107422
2020-12-02,35374.46812368967,30584.784085617543,17884.820815582276,10695.753857804933,236227.2059832086,104.30899810791016
2020-12-03,35415.341307740775,30671.87450767881,18051.38701164246,10739.799669186743,236700.69393306592,104.45800018310548
2020-12-04,35503.3919198651,30609.81525065444,17890.7790234375,10632.517151063637,236753.19854632672,103.822998046875
2020-12-07,35558.408235352064,30894.554186685506,18223.187878417968,10704.100277788928,238039.6511797483,104.197998046875
2020-12-08,35594.005965143166,30939.763072895174,18251.649192810055,10694.295118507915,238333.29081983073,103.9980010986328
2020-12-09,35321.23755730271,30278.189983251286,17963.28786849976,10693.147817721412,234862.00497913169,104.13500213623048
2020-12-10,35356.13742521686,30439.935299210963,17952.510786437986,10731.444992127994,235604.91017723316,104.27200317382812
2020-12-11,35284.19907412159,30346.21441840414,17970.353043136594,10743.700426152349,235002.3591191824,104.18199920654295
2020-12-14,35044.29537889273,30495.378521123934,17829.696573028563,10712.380026490127,234782.10030939907,103.93900299072266
2020-12-15,35542.33657906938,30842.833664170055,18091.49977157593,10708.956030300722,237785.7515941739,104.01000213623048
2020-12-16,35469.42509291664,30900.566442555428,18125.58706970215,10661.32395800395,237766.8570913014,103.63400268554688
2020-12-17,35613.046449116904,31055.121410650572,18288.171230316162,10637.172370538621,238843.67066772986,103.4749984741211
2020-12-18,35352.92540648315,30858.207524552472,18196.43305847168,10592.928237542927,237215.05945676274,103.13099670410156
2020-12-21,35337.87472464995,30897.80048832732,18196.01728881836,10633.540409595415,237318.40400841134,103.45700073242188
2020-12-22,35238.41752102025,30946.88482097243,18031.795960998537,10639.31231731867,237177.6650422358,103.33999633789062
2020-12-23,35336.295133754036,30848.63626667787,18185.746499633788,10636.99639128869,237122.63273856923,103.53399658203124
2020-12-24,35479.937167173164,30990.32569970786,18261.39554443359,10654.005481529091,238149.6601729617,103.552001953125
2020-12-28,35778.17016512769,31297.3253734806,18191.782925949097,10652.941715815696,240331.6801495446,103.53299713134766
2020-12-29,35763.72357126094,31372.588855760205,18285.55567741394,10667.208010307933,240575.2608323965,103.68900299072266
2020-12-30,35769.84693523207,31334.25647611102,18402.433963775635,10660.967743863941,240447.09542760067,103.55899810791016
2020-12-31,35799.5308742597,31278.592855385825,18392.661951904298,10622.98195325274,240330.1681030597,103.12100219726562
2021-01-04,35352.562220993605,30871.668244197546,18823.56658065796,10637.804374060537,239164.86791746138,103.23899841308594
2021-01-05,35556.74323471875,31092.13381291875,18858.46875,10601.192721796875,240235.22095103777,103.125
2021-01-06,35614.276313769245,30527.98771483599,18471.772452545167,10493.347982346404,235591.07827598398,102.6780014038086
2021-01-07,36265.20838835348,31372.83304447164,18490.747892456056,10491.446833354188,238957.46896359057,103.02400207519533
2021-01-08,36743.01040429333,32012.9944793815,17990.95875869751,10539.064157779383,238214.20501285058,103.79000091552734
2021-01-11,36601.173378893945,31641.330072276105,18007.743591308597,10549.01230556891,236894.2762544353,104.09100341796876
2021-01-12,36621.91669840048,31602.17757570953,18130.767073059083,10550.968165679777,237532.06481100532,104.12799835205078
2021-01-13,36587.94137283763,31700.980604749402,17987.48404953003,10549.50041970027,236993.5829683065,103.7519989013672
2021-01-14,36489.68256286063,31557.082099263367,17992.87501098633,10534.000431427894,236475.4454570326,103.83699798583984
2021-01-15,36220.43586754145,31304.0888302348,17768.08614135742,10561.698988953176,234063.63345066505,103.8280029296875
2021-01-19,36460.89038547229,31723.152491491706,17897.06424560547,10555.234749835383,236499.45532735588,103.7030029296875
2021-01-20,37034.6117891799,32522.71261988234,18222.495386657713,10579.454189194958,241655.25807590742,103.89700317382812
2021-01-21,36946.357169720526,32675.281725568766,18151.12045349121,10529.4696078103,241783.9638509117,103.55500030517578
2021-01-22,36798.16559465856,32565.636843989032,17999.692826843264,10540.530745076441,240392.7106783414,103.50599670410156
2021-01-25,37040.01645879391,32921.1295020574,18062.386924362185,10611.023945938323,242159.71814055444,103.7770004272461
2021-01-26,36976.142604322755,32963.94835739326,18014.811570892336,10605.711856186794,242019.3773471947,103.76000213623048
2021-01-27,36017.84577328461,31995.430146202467,17873.58901245117,10602.153957613287,237394.8036867379,103.60299682617188
2021-01-28,36516.95359786638,32352.729512508282,17983.41285003662,10629.613570234242,239470.69180176314,104.14299774169922
2021-01-29,35836.75600591414,31716.258223810164,18001.66957321167,10625.860074794155,237143.1412046128,104.29100036621094
2021-02-01,36571.26581701696,32632.885960326876,18239.441258926392,10679.415075532857,243042.85934160883,104.68599700927734
2021-02-02,37157.47893131219,33227.69390863795,18051.06834274292,10672.195090129058,247207.16096180503,104.88099670410156
2021-02-03,37238.816183094714,33142.09877300335,18049.061779022213,10660.907816086572,247155.61756604107,105.02799987792967
2021-02-04,37650.22965944288,33523.99946054329,17654.909711837772,10653.93948094526,249945.13451675838,104.99500274658205
2021-02-05,38006.136380581534,33822.68659892369,17927.181081619263,10689.745052958653,252239.67788660934,105.5719985961914
2021-02-08,38218.24614441867,33994.08411954095,18078.20826171875,10676.870539374768,253582.4098787221,105.4000015258789
2021-02-09,38123.9512029351,33925.67462036721,18104.536642456056,10665.782869586277,253014.63583486283,105.20999908447266
2021-02-10,37877.34424014175,33643.97989220649,18061.147722930913,10628.442347913839,251144.9962915468,104.5749969482422
2021-02-11,37953.03000923831,33842.168866519285,17911.13378425598,10624.39466259483,252137.05985692074,104.61499786376952
2021-02-12,38186.44439032676,34072.5273696075,17878.240831604002,10601.991412696976,253770.9238740955,104.74099731445312
2021-02-16,38388.69339920714,34189.840488804315,17730.30905456543,10590.190800199065,254878.6066306776,105.38700103759766
2021-02-17,38658.37173352145,34256.76515665006,17648.111462097168,10669.454482601379,256020.56167800236,106.10299682617188
2021-02-18,38406.047183259005,34029.02152402719,17606.801530151366,10644.207688096687,254333.97732411418,105.86100006103516
2021-02-19,38262.53271184653,33813.54492170007,17644.94059135437,10580.404275672421,253052.9896340294,105.6520004272461
2021-02-22,37918.634850634146,32893.03511232957,17885.67812965393,10549.309390253928,248470.4751840014,105.51399993896484
2021-02-23,37773.98503263692,32630.252914474262,17754.894276123046,10504.461794558632,247008.65564609904,104.98400115966795
2021-02-24,38298.99631118895,32993.25723682236,17792.826515197754,10519.863154952038,250102.9414874773,105.28299713134766
2021-02-25,37610.812914239934,32041.53844375016,17567.6341204834,10444.408732961641,244265.54831999878,105.94400024414062
2021-02-26,37570.650080887775,32307.995977025785,17213.18563446045,10581.70892262525,245130.21764463774,106.37899780273438
2021-03-01,38526.22567081586,33319.90597274102,17203.429323806762,10582.09383754433,252076.0825041241,106.50299835205078
2021-03-02,38350.497424334826,32891.9663520639,17353.670572967527,10636.017942158762,249880.81000830955,106.85099792480467
2021-03-03,37809.582388239185,31908.458708235565,17147.470479583742,10569.69115557439,244387.89206558856,106.75800323486328
2021-03-04,37446.628059169954,31473.742633518355,17026.50410644531,10546.777476707528,241555.39392501247,107.05799865722656
2021-03-05,38455.043535006516,32216.06428868294,17179.95899139404,10620.252516370569,247661.60034495627,107.95500183105467
2021-03-08,38428.044391346266,31437.268193258154,17074.90810813904,10623.832719744498,244622.8925982117,108.41899871826172
2021-03-09,39163.64193211261,32835.56188878204,17521.749241027832,10725.508868158982,252323.16183122815,108.93900299072266
2021-03-10,39276.47299530244,32632.90917630435,17552.55838241577,10712.336509611268,251923.94903337263,108.5770034790039
2021-03-11,39621.716583308065,33340.859811995215,17513.93651184082,10694.290543705612,255733.76342783318,108.43199920654295
2021-03-12,39720.084373042315,33107.56986011297,17530.546999282837,10628.735527579809,255171.23688485957,108.55500030517578
2021-03-15,40163.81726111402,33634.92829370561,17698.776875305175,10696.93273534027,258618.57038471336,109.11699676513672
2021-03-16,40119.40947011443,33825.04395263272,17717.905335998534,10696.717914543944,259193.78257048776,109.13400268554688
2021-03-17,40217.47873374251,33931.81254221297,17827.331680221556,10668.564818921528,259918.61415814306,109.02899932861328
2021-03-18,39582.164342334225,32849.55269511422,17701.320771484377,10588.401216185308,253743.2225493818,108.89099884033205
2021-03-19,39523.41580779325,32977.61005245217,17781.896400146485,10585.71630414241,254036.48054417694,108.93099975585938
2021-03-22,39817.067777648626,33577.51042617666,17745.973358154297,10614.617863015952,257268.4215764309,108.87100219726562
2021-03-23,39469.20428756168,33401.84977774913,17601.04471801758,10657.877009719723,255466.6637596248,108.7760009765625
2021-03-24,39176.14637039023,32761.23320439977,17620.391854934693,10646.82884391467,252082.40724235473,108.5199966430664
2021-03-25,39494.553352638635,32785.87821402087,17600.046348114014,10659.248724310177,253215.81646737683,108.79000091552734
2021-03-26,40274.50277662207,33396.6624802805,17713.201098632817,10661.591325477673,258077.4269212513,109.1790008544922
2021-03-29,40479.80454598724,33574.30141332327,17600.595268707275,10684.43576478582,259421.01801110347,109.79100036621094
2021-03-30,40388.95882185525,33419.01057032419,17306.85828918457,10679.34457876596,258535.95167301502,109.83599853515624
2021-03-31,40725.83223944902,34075.301064972315,17644.387848815917,10709.728504913093,262122.7081589513,110.30500030517578
2021-04-01,41331.70693428725,34795.97255835,17939.285,10800.68138477075,266825.1083490897,110.75
2021-04-05,41897.31177068254,35467.277084160516,17920.82015625,10763.00673963843,271224.31790890335,110.677001953125
2021-04-06,41689.45407171262,35287.641819871176,17985.70158950806,10768.226937618712,269864.64643942163,110.19300079345705
2021-04-07,41586.19279425815,35244.57137592107,17869.908560791013,10722.507521139869,269366.1173465216,109.79299926757812
2021-04-08,41806.04672353014,35631.43669456272,18071.752088241577,10765.231450756182,271558.7037082568,109.85199737548828
2021-04-09,41909.88425068968,35676.961541356184,17850.3093989563,10685.77985758375,272068.4998139589,109.33000183105467
2021-04-12,42064.74537091327,35749.021788494305,17801.14235961914,10714.731931875589,272844.76244148606,109.69400024414062
2021-04-13,42066.33986055037,36060.82102219412,17874.99290977478,10727.825136416377,274044.830218456,109.3740005493164
2021-04-14,41750.19257424199,35481.21144929916,17724.113865966796,10670.531333123265,270802.6168270352,108.92400360107422
2021-04-15,42187.068947552885,36009.026834193326,18005.622435760495,10736.173942820422,274236.21643239696,108.8939971923828
2021-04-16,42248.39152528206,35983.32395565588,18080.415647506714,10686.89387984275,274335.74768405315,108.68900299072266
2021-04-19,42052.42851901647,35663.85322940783,18035.395203628537,10678.587865375119,272478.59247466305,108.71900177001952
2021-04-20,41506.09309961103,35201.68264991971,17996.15496887207,10649.300712695132,268943.08196131047,108.0979995727539
2021-04-21,41912.395965456155,35514.54001422777,18180.401833877564,10658.346601510908,271454.1576440664,108.13300323486328
2021-04-22,41493.50440072847,35055.92578915212,18046.8348046875,10657.47007131235,268343.8395350514,108.03900146484376
2021-04-23,41919.71045134866,35477.21865898338,17967.538671875,10637.478612936096,271334.7509481976,107.97799682617188
2021-04-26,41966.76520960913,35673.82316839947,17997.69825164795,10616.065219653447,272240.16214405274,107.8740005493164
2021-04-27,42085.29799449915,35627.27834841252,18006.97741897583,10606.336551877379,272444.57301518414,108.2020034790039
2021-04-28,42286.284839827495,35686.6542392625,18151.462499999998,10674.12665950125,273321.18196150113,108.75
2021-04-29,42459.89235960768,35734.39632568806,18035.700643463133,10631.35642927466,274064.788339132,108.50499725341795
2021-04-30,42336.020622284545,35630.71597010625,18041.036528778077,10679.846463146203,273267.4230786637,108.90399932861328
2021-05-03,42574.97937059054,35564.29939307339,18338.77974861145,10735.36084419713,273781.12200443493,109.28299713134766
2021-05-04,42236.4344947109,34861.65547359416,18171.712124481204,10730.23338959112,269992.9722569141,109.08699798583984
2021-05-05,42343.37430733947,34821.52218769771,18287.462228164673,10767.251821685508,270183.85228685895,109.3290023803711
2021-05-06,42638.56651013992,35048.68317408039,18573.78344100952,10761.13293268119,272007.57124709163,109.21900177001952
2021-05-07,42882.43441260325,35278.40948526288,18711.89002365112,10748.247591034115,273675.61042971397,109.0500030517578
2021-05-10,42271.688078152765,34236.74419782341,18686.326678390506,10679.57599000678,267708.63578218466,108.5719985961914
2021-05-11,41999.38207560563,34275.10418992536,18736.406464691157,10688.477698155684,266977.63505817123,108.84400177001952
2021-05-12,41058.37273892875,33348.38904225988,18528.2968258667,10624.189114984729,260386.65154011542,108.71499633789062
2021-05-13,41914.30370534555,33899.57697415092,18766.80057067871,10752.907013489845,265262.20596660685,109.66400146484376
2021-05-14,42500.47703018361,34601.209662298774,18912.31783973694,10762.031511929918,269845.09179709724,109.51599884033205
2021-05-17,42352.07760770284,34358.64823944101,19114.276847839355,10741.421656714114,268435.6907863956,109.41200256347656
2021-05-18,41921.94413536547,34073.67622314584,19121.71911376953,10724.731495477048,265954.93439504766,109.24199676513672
2021-05-19,41668.88810338435,33996.0139919321,19069.318217163087,10656.058727543514,264840.79288158624,108.86799621582033
2021-05-20,42273.84135473754,34782.53081816438,19227.677541809084,10740.03924318968,269809.9790650662,109.27300262451172
2021-05-21,42079.58572639101,34459.2828842286,19163.71450744629,10703.206010387254,267943.06303182046,108.86000061035156
2021-05-24,42531.593400945014,35057.84531342267,19207.865423965453,10719.350177307895,271697.7353114203,108.91899871826172
2021-05-25,42410.73522086267,35084.42718466908,19370.03508071899,10752.126240654874,271409.9655823946,108.85099792480467
2021-05-26,42475.771811971805,35190.80701240716,19327.58762695312,10735.075581901363,272027.9339003231,108.802001953125
2021-05-27,42641.80975168759,35177.735170233005,19400.600374603277,10752.534791837614,272513.2543774743,109.16999816894533
2021-05-28,42968.12466458698,35495.24971145002,19587.72908248901,10814.524135154217,274784.0682192748,109.80899810791016
2021-06-01,42806.73316983066,35275.45512020478,19478.804026794438,10781.379424603121,273414.68036511366,109.49299621582033
2021-06-02,42874.05378811105,35344.348353213434,19574.062933502202,10793.67634070012,273896.6507128639,109.49299621582033
2021-06-03,42754.7260763178,35009.14907054226,19208.71586395264,10776.274723060096,272216.78972936724,109.59500122070312
2021-06-04,43409.914363743635,35821.22530382658,19534.724354553226,10902.266145973375,277456.03318533814,110.26599884033205
2021-06-07,43112.54515075723,35716.49885875172,19497.57521461487,10829.57484948483,276100.34161143564,109.61699676513672
2021-06-08,42986.80649842162,35621.66533778855,19376.466047973634,10826.8416184693,275331.2535376805,109.27400207519533
2021-06-09,42999.27004019416,35693.709586151905,19373.823933258052,10880.207676889868,275650.190543641,109.46900177001952
2021-06-10,43254.7896594996,36112.10498945458,19482.081508483887,10933.045683955954,278087.44565157185,109.61000061035156
2021-06-11,43246.814428469435,36140.14057979453,19227.53705932617,10896.928298122113,278170.58742465166,109.40899658203124
2021-06-14,43462.49066223942,36586.50771692305,19167.259326019288,10892.687855610482,280588.9338317425,109.70899963378906
2021-06-15,43514.057670884555,36457.555459258976,19152.636113739016,10927.552545549306,280254.0633674374,110.04100036621094
2021-06-16,43288.01402707428,36338.59939309725,18836.473177337648,10856.691796279814,279071.09185651067,110.08399963378906
2021-06-17,43543.31997656859,37029.33361378186,18371.203943252563,10963.581012932073,282562.7907987088,110.7699966430664
2021-06-18,42783.31996161435,36591.16017402814,18195.901746673586,10981.488464845994,278437.34269840585,110.3249969482422
2021-06-21,43347.03149534742,36777.17156181598,18398.05634880066,10933.920520509875,280958.79042399256,110.20099639892578
2021-06-22,43647.18737706207,37178.26966836257,18349.677591323853,10971.109724348433,283471.6212493328,110.3740005493164
2021-06-23,43705.168307992906,37290.81457914138,18384.05544845581,10976.954663911853,284092.87624757504,110.65399932861328
2021-06-24,44105.95451411352,37642.76935459397,18432.432652282714,11010.550606787303,286736.7746947517,111.01200103759766
2021-06-25,44226.33869676358,37565.687796474835,18478.32899345398,10978.526498981959,286822.7046782223,110.9209976196289
2021-06-28,44275.941860810155,37988.611625527075,18460.728526153565,11003.19428918964,288619.70257645857,110.8219985961914
2021-06-29,44212.221176762585,38050.741032811886,18230.69196685791,10987.183275557636,288656.8552466701,110.60299682617188
2021-06-30,44222.23278195934,37967.360854972154,18307.912656555174,10997.617441956043,288365.79631367396,110.53500366210938
2021-07-01,44704.02118317053,38184.75079429575,18468.808891296387,11048.220058598348,290743.2434725831,111.1240005493164
2021-07-02,45227.31970382881,38778.77125008369,18664.87964515686,11133.27087930539,294705.81080867175,111.5719985961914
2021-07-06,44879.50633707952,38717.379652941985,18647.197981567384,11126.301421246604,293340.08051447064,110.91600036621094
2021-07-07,44910.61032892129,38689.23312314424,18665.193077087402,11127.31139076648,293334.29519046005,110.60199737548828
2021-07-08,44557.969201326385,38467.04047854057,18658.593110275273,11159.32443102134,291341.32815547835,110.63500213623048
2021-07-09,44694.141339655376,38415.425035294145,18579.42763343811,11019.19883530789,291588.3268037966,109.8010025024414
2021-07-12,45023.3508575398,38710.87178094184,18626.334381103516,11055.028913959017,293783.59805736435,110.21499633789062
2021-07-13,44914.64943136975,38749.507353818786,18669.195983581547,11031.727871847095,293576.6646860931,110.3249969482422
2021-07-14,45091.75842601736,38914.008394944656,18916.16900878906,11106.53001572672,294778.81106248393,110.59500122070312
2021-07-15,44689.47934431446,38427.221412156854,18814.963078384397,11091.758901966046,291618.01149404794,109.98400115966795
2021-07-16,44255.906105507114,38044.59184595717,18597.490959320065,11069.085893142146,288751.4448633058,109.77799987792967
2021-07-19,43640.46804107545,37765.87034685292,18635.729233169557,11173.749709811684,285688.0000744486,109.8740005493164
2021-07-20,44128.87418989497,38086.35135299097,18553.96368103027,11124.969157011446,288496.71922571247,109.53399658203124
2021-07-21,44642.92645650347,38515.64680453354,18550.098890991212,11099.557827322344,291802.74333612394,109.91999816894533
2021-07-22,44872.75562055241,38888.40327742149,18643.017485580443,11159.120123026474,293968.50115189084,110.25499725341795
2021-07-23,45287.1206777915,39301.48488848192,18565.19829711914,11130.342471539,296888.34612920706,110.13999938964844
2021-07-26,45564.81847590446,39476.71280695986,18589.07882446289,11163.524105329536,298458.73993497714,110.54399871826172
2021-07-27,45257.85816051142,38956.29278156376,18579.269208984373,11186.762499616581,295480.33270756865,110.302001953125
2021-07-28,45035.87131493549,38930.09762336799,18589.057698669432,11145.950769436906,294658.0647469376,109.80599975585938
2021-07-29,45257.6588630655,39029.456618453274,18810.042271499635,11120.379171935525,295757.92336416035,109.89099884033205
2021-07-30,44840.32234186532,38655.74685664753,18579.835799560544,11102.815168894937,292978.13490839046,109.40899658203124
2021-08-02,44867.71613362944,38763.8723873354,18607.234877395633,11181.934053629824,293474.84749340895,109.70600128173828
2021-08-03,45052.555482548814,38843.48876925165,18520.00233413696,11140.227475542344,294380.4801688746,109.2689971923828
2021-08-04,44716.8857415374,38800.645751237935,18477.243774719238,11109.05629747377,293121.30067263055,108.99099731445312
2021-08-05,45222.20125575345,39239.49709604959,18495.06682662964,11123.151705365175,296435.1502017214,109.52899932861328
2021-08-06,45389.154025108124,39147.07934566422,18069.569099121094,11080.289803788779,296630.56512722373,109.7519989013672
2021-08-09,45561.73285988354,39400.58214279709,17831.08591430664,11107.631044876976,298154.92182334035,110.25900268554688
2021-08-10,45637.85515817692,39215.33463017438,17844.20158050537,11091.373393208716,297701.8354543085,110.30599975585938
2021-08-11,45872.37087308129,39251.61915447365,18138.07192993164,11133.171569353692,298605.62756162125,110.5979995727539
2021-08-12,45916.663688889974,39313.31660153418,18105.751050109862,11099.165716716429,298984.11015107733,110.3740005493164
2021-08-13,46012.30763851766,39461.66841695599,18369.955149688718,11166.068874985847,299858.69171822,110.40299987792967
2021-08-16,45795.2264619896,39200.22670917834,18331.32537185669,11111.937091824397,298158.8378176843,109.6240005493164
2021-08-17,45359.31768639542,38739.04597600242,18249.319600830077,11073.117906934971,294987.1905619831,109.2969970703125
2021-08-18,44961.3762199596,38450.447091196176,18303.633128356934,11091.748156992424,292593.4537023734,109.53700256347656
2021-08-19,45156.378265375264,38743.79917458579,18300.776097946167,11147.337175988127,294342.055807136,109.84200286865234
2021-08-20,45485.02524105052,39118.744643768936,18298.32522354126,11129.381846512559,296836.4932803019,109.76799774169922
2021-08-23,45915.22939647558,39729.871449025086,18533.302582092285,11139.532266002663,300557.5865858223,109.83999633789062
2021-08-24,45920.29273832477,39792.449399089266,18497.19493675232,11092.743123826489,300811.21536496736,109.6780014038086
2021-08-25,46038.467814492324,39857.04344103057,18377.580962219236,11054.338985071376,301442.09621336416,109.7300033569336
2021-08-26,45869.29464150894,39692.733887727416,18439.675572051998,11079.120788211285,300266.7864441543,109.97599792480467
2021-08-27,46309.708907689055,40104.79398193485,18729.068527908326,11122.548455483651,303267.0573659517,110.0479965209961
2021-08-30,46436.01149031984,40487.419801630975,18605.637388229366,11125.911430604447,305129.3942830182,109.86499786376952
2021-08-31,46400.556370901504,40483.50337585861,18656.39740142822,11112.988613444255,304998.7002013745,109.94400024414062
2021-09-01,46472.5110242689,40591.938359086635,18676.503158569336,11129.11184492721,305640.831424527,110.05599975585938
2021-09-02,46632.43039007536,40587.486455684986,18633.748113632202,11146.499222560613,306149.8162093202,110.09600067138672
2021-09-03,46557.168908896776,40656.48324096691,18807.19164779663,11104.563172695594,306162.2104290521,109.94499969482422
2021-09-07,46337.95939206601,40667.73144650418,18417.91214881897,11048.208643285296,305483.89691593975,109.81999969482422
2021-09-08,46482.10735048614,40701.834873071595,18451.41744178772,11126.647708588394,306086.22068014275,110.2959976196289
2021-09-09,46250.42417057142,40533.12498290721,18519.93092971802,11150.264332303297,304689.225493117,110.21800231933594
2021-09-10,45703.828172211885,40066.00716035567,18353.187284088137,11070.893422965693,301133.2024748861,109.78099822998048
2021-09-13,45876.72701579423,40087.217611088934,18437.142253570557,11097.72741813769,301781.4959367133,109.91500091552734
2021-09-14,45661.94642653062,40001.97077857885,18569.187636413575,11147.598399248729,300754.3687872485,109.99400329589844
2021-09-15,45928.229761147144,40198.62473823236,18414.140067062377,11100.73243427428,302370.3449122483,109.71900177001952
2021-09-16,45714.996634264775,40103.08380658807,17942.094020614622,11031.704370040727,301309.5404009917,109.38300323486328
2021-09-17,45400.47392766343,39742.65848230542,17965.404820175172,11031.287515428405,298918.2544228126,109.6989974975586
2021-09-20,44754.151795675934,39017.942676175124,18138.616850738526,11114.804868278581,294064.32854875317,109.97100067138672
2021-09-21,44494.76163792997,38876.25595095636,18170.918892211914,11054.20162333413,292678.00606355665,109.43699645996094
2021-09-22,44810.56718574362,39136.114724186205,18055.42792327881,11035.504524957703,294694.8031470937,109.14900207519533
2021-09-23,45634.66796373628,39740.75527858064,17956.994990463256,11002.77823510055,299681.0216463392,109.8219985961914
2021-09-24,45919.609462220666,39960.59792002276,18016.235211944582,11019.846785684267,301445.66046581615,110.32599639892578
2021-09-27,45970.01937353433,39799.00447148747,18125.420950012205,11033.873381058995,301002.8705359987,110.76399993896484
2021-09-28,45124.97137849535,38742.61800181021,17981.715695571904,11011.532447965476,294246.63358061924,110.96399688720705
2021-09-29,45430.667113473806,38875.69667177102,17991.696940307615,11079.086476045064,295752.7742572095,111.52799987792967
2021-09-30,45039.56294792435,38874.561240267394,18382.129428863525,11133.181908159459,294462.7080501388,111.93599700927734
2021-10-01,45381.42765587184,38949.66728982817,18345.365748901364,11131.336037616396,295862.48754198715,111.46099853515624
2021-10-04,44589.607866414466,37956.28755242581,18346.195687866213,11066.549236725887,289510.3871495917,110.9469985961914
2021-10-05,45062.09205037531,38475.94022923458,18264.223501739503,11034.03944099201,293023.5188748314,110.96800231933594
2021-10-06,45461.005150899466,38903.58925766655,18398.699529418947,11088.54285190343,295947.57127890305,111.48699951171876
2021-10-07,45823.61100144105,39234.47421578975,18289.55841064453,11036.788417996502,298386.15511116583,111.41300201416016
2021-10-08,45842.2667439343,39126.07524002625,18338.250680999754,11037.273465988148,298036.0150278213,111.66200256347656
2021-10-11,45758.18163918197,39037.394361054365,18403.297849731443,11070.140205594813,297425.2085403807,112.2699966430664
2021-10-12,46100.0929312943,39288.62413206256,18670.46816040039,11231.453395135646,299494.1744026573,113.38800048828124
2021-10-13,46319.39440915276,39649.00342762873,19024.648739471435,11266.062598210727,301576.7279428459,113.5189971923828
2021-10-14,47008.07061131326,40301.66423871267,19034.568420410156,11270.927245497971,306300.06953071704,113.3010025024414
2021-10-15,47588.897811608906,40746.37406944096,18820.175159454346,11267.742498795895,309882.7458229152,113.83399963378906
2021-10-18,47935.23755554615,41333.26918549082,18854.313667297363,11300.399376127869,313239.0133626433,114.3239974975586
2021-10-19,48288.574344961926,41631.85078546568,18908.453855895994,11255.955892920216,315524.84037918766,114.28500366210938
2021-10-20,48587.67810027111,41671.38016454989,19117.22657775879,11276.40487127576,316651.2763263044,114.54299926757812
2021-10-21,48648.91215304713,41869.499004037665,19074.365739822388,11231.517728828709,317602.465509112,114.38899993896484
2021-10-22,48369.50685990486,41322.06023469023,19100.614244003296,11207.194870848496,314614.3500100608,113.8499984741211
2021-10-25,48549.458558257465,41676.91244651754,19201.259767456057,11202.670039894561,316547.4721886635,113.66400146484376
2021-10-26,48636.33180981307,41845.29112073596,19076.11509765625,11226.42098521806,317469.5957729656,113.76499938964844
2021-10-27,48600.902274713364,42098.37240111484,19197.287155151367,11331.468227016449,318313.60671074846,114.18800354003906
2021-10-28,48892.795936744595,42412.303623509586,19123.470244140626,11261.015991313361,320457.03452868597,113.7760009765625
2021-10-29,48923.10908841441,42560.994159954535,18934.105952453614,11250.100495030185,321119.8382397635,113.61599731445312
2021-11-01,49274.69918390221,42939.54751741019,19136.81473022461,11310.643678514816,323698.0841510818,114.23600006103516
2021-11-02,49412.42567424251,43065.49681747843,19071.953335876464,11324.277003228519,324625.2279587395,114.09400177001952
2021-11-03,49656.58136782782,43472.30841035659,18891.48040611267,11275.611344724442,326961.5906933019,113.96199798583984
2021-11-04,49937.87003300881,44071.287431991834,19123.835448837282,11347.603986538496,330145.0975893992,114.06999969482422
2021-11-05,50008.77740856485,44023.235486090125,19334.07573791504,11386.59346392466,330196.29684786964,113.83699798583984
2021-11-08,49892.308865130624,43823.791971727514,19341.81348991394,11301.201270617454,329061.4697661673,113.4749984741211
2021-11-09,49630.54730093834,43437.373494070016,19399.27728363037,11331.223861221235,326744.33536554605,113.25399780273438
2021-11-10,49082.61258511425,42669.73551956685,19550.71324386597,11200.107484555612,322049.62102279835,112.91200256347656
2021-11-11,49530.28586081604,43164.34280652791,19833.138387451174,11262.072631382598,325384.9074797225,113.90499877929688
2021-11-12,49964.54402277068,43671.38706970445,19894.801222229,11299.443114231966,328723.13687522843,114.04299926757812
2021-11-15,49954.48140133816,43637.693682999685,19853.211069030764,11248.838350619651,328562.953757099,113.9810028076172
2021-11-16,50218.63299965644,44006.658210771755,19735.706094360346,11253.847146743285,330822.0463080219,114.13200378417967
2021-11-17,50435.495814201444,44327.732587477905,20050.747882843018,11370.806800137554,332745.2681458371,114.90399932861328
2021-11-18,50292.3326001707,44508.729422529395,19862.2090246582,11307.07925779681,332958.8808195975,114.19000244140624
2021-11-19,50242.84147567727,44792.950224936445,19726.215619659426,11346.898959621456,333869.3615870863,114.28199768066406
2021-11-22,50038.2712919664,44217.15535486698,19259.646202392578,11249.491404232367,331024.99967887683,114.13800048828124
2021-11-23,50390.839264638795,44267.04882514393,19202.071353149415,11266.985035379761,332369.74075494846,114.79000091552734
2021-11-24,50679.869000762556,44545.39445752051,19242.36372619629,11336.370130911007,334368.38591512735,115.14099884033205
2021-11-26,49518.563548345715,43673.54196577329,19199.262690734864,11475.910739141642,327268.4650031917,115.06900024414062
2021-11-29,49537.90581528043,44097.86367082368,18947.860074920653,11315.644285661314,328933.53797726776,113.71900177001952
2021-11-30,48610.32373219294,43482.702402997376,18834.56214141846,11392.171526892986,323569.1225981547,113.8040008544922
2021-12-01,47857.08970608032,42553.26899262391,18825.762438354493,11363.01687029895,317591.0788444748,113.29900360107422
2021-12-02,48411.24695728509,42702.20614774067,18652.62230529785,11296.713451154466,319988.1560206603,112.88200378417967
2021-12-03,48049.52202020599,42011.71291392474,18832.85638885498,11377.396354332719,316213.9184465101,113.02200317382812
2021-12-06,48627.190021493625,42355.84306697668,18789.841209564205,11322.531620943882,319416.12389666366,113.04199981689452
2021-12-07,49815.68802768704,43791.90957302581,18925.929010543827,11320.891728397404,328715.8636296601,113.45800018310548
2021-12-08,49977.09538247136,44013.823055389046,18947.32275466919,11291.138069003278,330078.96754294605,113.5250015258789
2021-12-09,49709.193686931765,43426.9245998025,18857.901606140134,11335.5521504363,327002.481684861,113.68399810791016
2021-12-10,50072.96847099982,43807.8611049728,18898.167514648438,11319.89371061871,329630.64319837315,113.447998046875
2021-12-13,49652.58862939595,43195.145267574226,18954.66690826416,11379.33696965652,325951.0664386775,113.5009994506836
2021-12-14,49343.999254626266,42776.68903018026,18790.179455566406,11367.251125690811,323366.64199520287,113.5770034790039
2021-12-15,50188.24229069483,43815.83512447831,18898.398821258546,11367.08992679149,330043.58769394294,113.74299621582033
2021-12-16,49917.53723309349,42836.62614033586,19193.11002685547,11439.649928407378,325496.6881103306,114.13600158691406
2021-12-17,49181.96761407843,42446.2713022991,19072.651737976077,11417.902498255877,321597.35703039065,113.66300201416016
2021-12-20,48596.917963776934,41980.94723735612,18967.722242660522,11393.479414673315,317919.24407908623,113.51799774169922
2021-12-21,49522.69482113502,42974.94562808693,18983.82766815186,11362.53385510688,324699.1173677676,113.66200256347656
2021-12-22,50163.95713319454,43625.372963151414,19218.249015655518,11406.6111918293,329253.5039682769,113.99400329589844
2021-12-23,50532.31539153883,44003.234609230974,19283.025741271973,11395.537072697507,331885.4522029428,114.12100219726562
2021-12-27,51342.65644005628,44813.581527703194,19364.580241012576,11420.677139562835,337597.56179921486,114.33300018310548
2021-12-28,51506.65209991826,44784.95914441388,19358.52284912109,11464.532937734935,338036.1929571582,114.79199981689452
2021-12-29,51564.00324381169,44770.85787233977,19349.58051246643,11403.837437338407,338174.34841625905,114.77300262451172
2021-12-30,51499.85660056196,44705.122280784875,19518.170068359377,11459.152743516344,337716.26146169327,114.947998046875
2021-12-31,51421.46441862732,44470.407714551366,19671.17108520508,11457.629355338386,336581.4795881408,115.06300354003906
2022-01-03,51754.69972890349,44929.33732355699,19381.85257232666,11358.51854808376,339398.5077641255,115.14199829101562
2022-01-04,51820.94391533889,44418.219388970916,19556.16945678711,11370.85912530064,337681.3928804259,115.3280029296875
2022-01-05,51198.70743417836,43369.46672682739,19640.377048797607,11405.851507204468,331676.5516646914,116.17400360107422
2022-01-06,51130.35515677871,43321.8332121027,19392.21444480896,11373.101087900452,331272.59596426436,116.12799835205078
2022-01-07,50812.87189085817,42755.48765599598,19436.353391647335,11310.119614785639,328090.541419294,115.86499786376952
2022-01-10,50641.45224773768,42692.42025958935,19453.884043273927,11282.996887907299,327290.8396387022,115.61799621582033
2022-01-11,50952.43219975386,43206.313423164946,19630.690599212645,11276.843173191637,330253.14202836435,115.27799987792967
2022-01-12,51113.67520043569,43397.59526419454,19691.615158843993,11284.030781007568,331504.66500849096,115.33100128173828
2022-01-13,50122.67320245129,42071.28640232104,19513.098519287105,11255.693893977013,323242.6221226031,114.6750030517578
2022-01-14,49899.6154898219,42127.453214910434,19362.400417938232,11123.732406838193,322725.0558732542,114.11799621582033
2022-01-18,49210.4874579062,41241.79512124259,19407.181545257565,11083.32899505383,317118.38047353516,114.5709991455078
2022-01-19,48692.281184093044,40782.75711394005,19712.45246704102,11108.540931812979,313685.3663587122,114.5540008544922
2022-01-20,48066.33787331242,40180.31526093651,19627.662570953373,11112.296777275915,309357.11676524946,114.34700012207033
2022-01-21,46976.8775130512,38945.22622957543,19503.0617225647,11142.231959382085,301117.9634563135,113.99299621582033
2022-01-24,47090.29906798944,39052.1283151674,19574.434179992677,11112.02174221407,301893.69164997456,113.78500366210938
2022-01-25,46607.76238939697,38222.6106915197,19676.01865386963,11119.242809518859,297175.62834272924,114.01100158691406
2022-01-26,46435.374613664375,38117.2793731095,19334.83625,11026.87628107175,296212.8420580274,113.875
2022-01-27,46549.35441646031,38013.74773180612,19227.239712524413,11155.615229416473,296194.17077882844,114.72100067138672
2022-01-28,47967.81712945537,39421.84957386273,19275.31876144409,11243.015935518277,306164.8124522541,115.35199737548828
2022-01-31,48793.671667483984,40650.75709355121,19374.38975440979,11234.244260262849,313517.7721982439,115.26200103759766
2022-02-01,49063.273849182704,40877.25734345738,19366.806199645995,11205.304980491477,315241.35798510426,115.12100219726562
2022-02-02,49374.20172935398,41071.584169147165,19372.026250305174,11190.766765028595,316989.8218650154,114.73600006103516
2022-02-03,48064.9082291563,39284.803424809055,19284.805838012693,11108.521066053778,305896.6680346355,114.38200378417967
2022-02-04,48533.67663343226,39980.35300163311,19411.63914367676,11078.43767558542,310083.4020306909,114.95700073242188
2022-02-07,48490.281102739886,39750.84341229992,19600.754473876954,11107.172747106326,309059.7956041016,115.2239990234375
2022-02-08,48820.94316356406,40141.291487926406,19633.200294036866,11055.651267187754,311627.1630963256,115.06300354003906
2022-02-09,49736.96629669433,41158.63911465545,19780.06220695496,11115.679704663777,318491.7910502026,115.53099822998048
2022-02-10,48873.42628457553,40251.83951791061,19717.07667236328,11020.027015017007,312221.767275564,115.60199737548828
2022-02-11,48094.13072771393,39125.01450623257,20170.128560791018,11177.429257192429,305375.15638558497,116.0469970703125
2022-02-14,47745.64034671893,39017.197502931165,20197.148096008303,11055.481043192874,303839.1193361124,115.58399963378906
2022-02-15,48495.479848283605,39970.71724450213,19996.971418762205,11017.75263749829,309923.44610432,115.53600311279295
2022-02-16,48591.43555697128,39994.85692183361,20219.936473541264,11050.309076883203,310325.02100682375,115.63500213623048
2022-02-17,47451.46723688759,38722.030737149915,20452.345933914185,11085.779192784217,301756.11330164946,115.38700103759766
2022-02-18,46931.34605814448,38107.54359314991,20345.065444335938,11071.664343561066,297716.4741488005,114.86599731445312
2022-02-22,46323.820457278176,37640.401705454904,20341.951615829465,11045.896973799894,293963.30321283673,114.60900115966795
2022-02-23,45695.44622559747,36832.07941470669,20520.465959701538,11034.813460574198,288828.89163585496,115.09600067138672
2022-02-24,46303.3328145283,38004.312701728595,20353.032184906006,11041.794657307204,295299.1632678729,114.89800262451172
2022-02-25,47602.166708902776,38819.7040554284,20404.059899139404,11103.456768055607,302616.9869258782,115.5709991455078
2022-02-28,47486.12639373672,38940.058987341545,20618.05213668823,11231.380815863335,302707.3988109055,115.58499908447266
2022-03-01,46557.78068391216,38175.64201065369,20900.466892089844,11291.334040563203,300232.8875397868,115.0780029296875
2022-03-02,47313.32147098032,38733.56640917855,20638.93512290955,11097.471567517388,300742.36210540356,114.83300018310548
2022-03-03,47359.01226820471,38408.34540329811,20885.83469238281,11212.002867896072,302681.1837160421,115.5189971923828
2022-03-04,46955.93802223122,37836.99083960952,21210.264140625,11319.138876747857,303752.2813656655,115.4739990234375
2022-03-07,45364.92036249453,36276.154794247246,21427.82893112183,11219.775586714777,300259.7409887444,114.9499969482422
2022-03-08,45186.64888347517,36240.40958261143,22095.083440399165,11187.79626196432,304537.3960179051,115.3730010986328
2022-03-09,46538.49221886936,37658.56929602366,21503.462062683106,11152.177126054898,304550.73449446575,115.72200012207033
2022-03-10,46403.20685900648,37300.555211912564,21605.436962890624,11118.773757350024,304860.012756611,115.90899658203124
2022-03-11,45919.90726026699,36612.09032256768,21503.57126815796,11141.642385611327,302579.29466205527,116.1790008544922
2022-03-14,46113.99963131606,36326.228363470516,21425.536577606203,11127.970403631847,302631.38007503044,117.52899932861328
2022-03-15,47404.34924758192,37685.30783625886,21148.018434906004,11188.065080150007,304729.88088613807,118.21800231933594
2022-03-16,48485.83541375061,39107.39508310819,21293.74288703918,11179.632401919405,309236.326702022,118.29199981689452
2022-03-17,49332.3144043966,39774.24052158228,21502.394796829223,11212.543114785627,313450.5199498194,118.87000274658205
2022-03-18,49711.53293495061,40457.22162648133,21244.539810943606,11209.305240089974,312786.87035811064,118.48600006103516
2022-03-21,50022.89477260623,40609.27761228019,21547.246298217768,11135.488411447983,315978.0365611629,119.26300048828124
2022-03-22,50748.691908797766,41522.279111561016,21450.380157470703,11105.011531558781,317588.58873663633,119.59400177001952
2022-03-23,50826.48622295852,41523.03391902437,22060.824734191894,11343.138153849706,322270.0669328725,121.33999633789062
2022-03-24,51502.09829007394,42371.44294662589,22181.987308807376,11260.003942230618,325304.08094439853,121.1269989013672
2022-03-25,52274.45211735192,42762.16243796757,22313.463602447508,11256.247913499286,328721.44143621286,122.34600067138672
2022-03-28,52613.57711719743,43396.81907708944,21893.66559890747,11274.783012778642,326753.8258902286,122.2699966430664
2022-03-29,53869.98091440054,44645.50656289858,22152.45305603027,11459.97319988176,332639.09847791324,123.66000366210938
2022-03-30,53305.71769879125,43961.35092406187,22233.912500000002,11455.378592146875,331431.6710343417,123.125
2022-03-31,52014.66469105531,43027.16736353647,22043.094322586057,11373.894101245272,325929.563703335,122.02100372314452
2022-04-01,52048.79389041797,42852.007226339694,21855.20140838623,11275.11805934364,323702.82314339187,121.75599670410156
2022-04-04,52862.87770322409,44041.02667051659,22115.16581008911,11346.727679418547,330719.8962857999,122.61000061035156
2022-04-05,52279.86162157917,43133.02420372374,22012.284820861816,11229.310345449974,325481.8198826625,122.80899810791016
2022-04-06,52114.06077686252,42487.56916840694,22216.036641998293,11266.911272758896,322533.5875929316,123.65599822998048
2022-04-07,52405.04145364033,42611.67438035918,22312.20574295044,11245.000761210944,323908.35112102143,123.7229995727539
2022-04-08,52422.48033287062,42142.67162058245,22519.70124183655,11221.621924761304,322196.1181100523,124.09600067138672
2022-04-11,51646.45725610463,41241.50560127113,22684.092839584355,11193.591525511096,316381.9873230002,124.38500213623048
2022-04-12,51904.76084301699,41426.17794691648,23057.989462432866,11346.049348052238,317883.002290256,125.47200012207033
2022-04-13,52475.82631898101,42249.382988957215,23158.06446762085,11366.107381602409,322764.40682485775,125.41600036621094
2022-04-14,51806.29314146139,41270.42643628859,23074.38287780762,11259.932518732368,316989.3006749437,125.3769989013672
2022-04-18,52340.58965577589,41710.94628833475,23374.94828140259,11338.302977640838,320314.5847047011,126.61799621582033
2022-04-19,53387.129859785404,42804.878842915605,23108.958282318115,11306.016382544442,327698.30154176266,127.0979995727539
2022-04-20,54285.6488685853,42922.332015746106,23630.431069488528,11594.940089081572,330942.3434996442,129.33299255371094
2022-04-21,52928.122326920544,41605.21540671304,23306.046868896483,11413.052510617095,321748.28090957203,128.01300048828125
2022-04-22,51634.65566580047,40640.76541816681,23150.679178314207,11453.860856440298,314082.36132852756,128.4080047607422
2022-04-25,52013.68366062073,41225.97361996029,22769.514493560793,11545.35426636624,317468.512777006,128.60499572753906
2022-04-26,50169.18538448319,39404.314466754906,22651.56666442871,11544.824455534146,304855.57078053686,127.74400329589844
2022-04-27,50121.9967018742,39209.82978658542,22396.270475921632,11437.33953954766,303975.8621903595,127.26599884033205
2022-04-28,51843.51784103659,40962.27191135742,22716.74992324829,11521.939362047426,315944.63324154296,128.3939971923828
2022-04-29,50867.490011169466,39855.438623940965,23141.77483062744,11676.180653814139,308732.1838917821,130.81100463867188
2022-05-02,50860.71892135677,40273.04811240573,22573.810205535887,11518.060290539428,307026.20542215207,130.01100158691406
2022-05-03,51133.55919266405,40347.36161885142,22651.197994995116,11540.622426311937,308377.3879166539,130.11199951171875
2022-05-04,52692.3459652002,41712.87559458492,22874.39232788086,11615.858687853995,314615.04083581676,130.11599731445312
2022-05-05,50470.735805819975,39340.18639829427,22630.825251312257,11420.07992792395,306229.51861518977,129.22300720214844
2022-05-06,50599.258950203286,39201.83008677943,22862.48892120361,11451.99721828207,308187.3058731478,130.3300018310547
2022-05-09,49136.66751067405,37789.08004243952,22603.885895996093,11574.320410184642,302001.6909913056,130.74899291992188
2022-05-10,49110.079493130244,38139.350107814,22349.225151672363,11580.043088535334,300197.3571515858,130.3769989013672
2022-05-11,48320.271453532456,37000.825148151765,22527.259461364745,11649.340739299889,299007.3604143853,130.3509979248047
2022-05-12,48078.75397658319,36767.223195477796,22094.023092498777,11641.719209866002,295342.5511072026,129.8350067138672
2022-05-13,48755.39712934139,37763.59365832385,21704.36808731079,11469.358175875734,294756.9973155522,128.58799743652344
2022-05-16,48876.28548959924,37570.84376644736,22055.21396484375,11593.1693575454,297498.33413934737,129.4320068359375
2022-05-17,49685.524744283706,38392.40190998193,21830.532292785647,11459.89308806375,298431.5156493587,128.92300415039062
2022-05-18,47879.01443900185,36658.067503966035,21932.09579071045,11589.494814480719,293640.8247214192,129.45399475097656
2022-05-19,47019.689384281104,36027.89439217342,21989.695991821292,11492.894106790103,291424.8463899669,127.91400146484376
2022-05-20,47010.05789796729,35892.89720579468,21990.939085998536,11539.029893910922,291404.0535244081,127.83200073242188
2022-05-23,47916.21718342818,36509.96977296531,22105.475468902587,11475.17651886646,294927.1847286522,127.90299987792967
2022-05-24,47529.24475095929,35717.76677681452,22261.824096908567,11569.27783139145,294811.9810252506,127.84600067138672
2022-05-25,47545.228895351196,35912.54079472867,21941.178034057615,11495.028735482525,292690.1138509276,126.7689971923828
2022-05-26,48641.76525215064,37019.08457543948,21966.779593811036,11524.214681020081,296188.5845791309,127.1520004272461
2022-05-27,49793.93892531903,38195.20177965148,21959.7279335022,11531.13359357367,299634.75431282364,127.04499816894533
2022-05-31,49802.56541349157,38315.46050906221,21868.953175048824,11476.756404359277,299046.4918642614,127.78399658203124
2022-06-01,49767.76546136842,38315.4247332704,22172.199976501463,11496.986798964168,301007.9984663289,128.73599243164062
2022-06-02,51261.529608524404,39788.52610770048,22686.76965713501,11637.806692214148,309011.2349569993,130.1219940185547
2022-06-03,50341.20572642833,38692.49565546658,22421.248313598633,11596.87661390997,304432.3872787664,129.91799926757812
2022-06-06,50801.13980562838,39057.151503678324,22458.076865844727,11579.436607519387,306065.5111015469,130.70700073242188
2022-06-07,51864.86013246392,39836.79148462181,22858.516553344725,11756.88901468982,311997.1098793855,132.17599487304688
2022-06-08,51561.41081688076,39750.8836057691,22953.304681091307,11772.500352215584,311733.48437210225,132.8470001220703
2022-06-09,50934.920224578214,39147.15480908385,23152.877638549802,11902.217475111085,311215.70714862685,134.42999267578125
2022-06-10,49453.618362679474,37763.044080048676,23461.317592163086,11783.80049856565,308874.48263835534,134.41799926757812
2022-06-13,47716.11304012185,36113.278508543335,22908.94223175049,11607.83115131668,299880.7890449628,134.81399536132812
2022-06-14,47364.48960128215,36020.77942160543,22626.309278869627,11464.540246261511,296893.1137928438,134.22500610351562
2022-06-15,48422.33159076235,37214.32917414917,23104.15746398926,11717.67087561757,303336.07892977947,135.29400634765625
2022-06-16,46411.74232546927,35401.64518739399,23160.3202986145,11691.667726562477,297681.0145843785,134.11500549316406
2022-06-17,45924.289103213254,35379.52208751436,22679.745569000246,11547.459176647548,292932.60268652556,132.42100524902344
2022-06-21,48028.22486751107,37002.442440409446,23049.89576812744,11718.613030227238,301781.5294424995,135.08700561523438
2022-06-22,48360.628003316815,37271.762182739476,23344.2419090271,11971.052811247144,304791.5255199657,136.2689971923828
2022-06-23,48746.889645124975,37758.8400238196,23159.44659332275,12017.221936626947,304688.7576830599,136.0240020751953
2022-06-24,49858.94075890815,38712.66665189214,22934.934977111818,11870.23889986959,306494.5017250448,134.83999633789062
2022-06-27,49750.2671447693,38492.105068490855,22947.033198547364,11822.569133434292,306250.77711230435,135.06199645996094
2022-06-28,48868.31562359311,37422.440889036625,22972.484285888673,11870.591146248384,303775.7351124256,135.43499755859375
2022-06-29,49049.16224851986,37626.014893586565,23058.605533447266,12020.441233285863,304907.4821679719,136.0469970703125
2022-06-30,48844.494578140264,37307.3773971036,23009.7837008667,12161.345741139967,303959.0978266188,136.58900451660156
2022-07-01,49070.905634290226,37332.84792539247,22855.498759765625,12219.900817205062,301370.30917048285,135.78599548339844
2022-07-05,49183.131585251875,37987.07871124761,22379.63939666748,12269.895810071337,298831.5843002903,135.83999633789062
2022-07-06,49233.34918572248,38140.87444747359,21973.374306640624,12136.803487972384,294506.9734799077,135.52099609375
2022-07-07,50134.813150047616,39084.969300257064,22057.76473449707,12101.757938005483,294635.9186860691,135.96600341796875
2022-07-08,50074.040115874835,39118.73728888977,22058.67898864746,12023.358531815724,293679.8326217468,135.91299438476562
2022-07-11,49643.33260208895,38392.2748593577,22003.069602355958,12153.026519890132,294902.7809883392,136.30099487304688
2022-07-12,49596.449508348785,38323.573472110445,22096.112118530276,12278.778695557716,297062.401846599,137.38800048828125
2022-07-13,49098.25957755902,38060.29955013694,22094.921264648438,12272.216276143019,296973.9770649305,136.7259979248047
2022-07-14,49302.147144619295,38448.193209968515,21928.270193023684,12284.58445767209,296021.8011689973,137.6280059814453
2022-07-15,50732.89538223851,39526.466971320624,22097.141912994382,12446.630664904718,299129.15635247587,138.9669952392578
2022-07-18,50077.573005905426,39007.806102689414,22014.055501708983,12351.862424788214,297415.73335300625,138.31399536132812
2022-07-19,51399.027942535955,40182.71745251747,22053.055283203124,12287.465457952898,296883.7831687231,138.22900390625
2022-07-20,51712.378671929306,40808.65104517523,21839.704733276365,12272.003435422183,295280.71047283406,138.1909942626953
2022-07-21,52316.09318642618,41455.57005185586,22180.567334747317,12430.493283389103,299483.75603501126,138.39500427246094
2022-07-22,51344.9590043944,40346.937542811036,22027.536817169188,12455.45319119962,298776.3377076696,137.09800720214844
2022-07-25,51112.60994377599,39887.139713701305,21841.27119277954,12339.943363203936,296124.8677137063,136.31199645996094
2022-07-26,50551.989667200694,39137.5361051282,21834.41720092773,12355.488148032817,296270.2347221828,136.43099975585938
2022-07-27,52069.5450405307,40952.63419374468,22143.94009735107,12429.45195079222,299228.3432639611,136.97000122070312
2022-07-28,52391.97110021448,41093.724415512384,22273.20280151367,12474.08485982668,300632.37943821336,136.11099243164062
2022-07-29,52486.412748071794,41316.23658033211,22054.548220825196,12321.704493822162,297313.86530972004,134.39700317382812
2022-08-01,51945.50351442934,40987.18849690548,22016.15682723999,12302.693663746186,296421.9300987845,133.40699768066406
2022-08-02,50893.011937020405,40302.89111591147,21584.387621307375,11965.211832012048,290511.9712060928,131.57200622558594
2022-08-03,52399.871939946104,41969.0285351748,21934.176188659665,12179.777091733335,297173.23719870875,133.37899780273438
2022-08-04,52593.35921908257,42349.60444713445,22394.42847869873,12295.205967539705,300814.3222859839,133.96200561523438
2022-08-05,51978.882863828105,41583.183321504854,21920.925453186035,11995.555209896303,295878.78313336766,132.62100219726562
2022-08-08,52872.188629446966,42210.110992696726,22512.652469482422,12288.054175018791,302405.7517097423,135.0570068359375
2022-08-09,52577.61300555702,41665.29426015231,22545.24738769531,12231.69577156885,301780.80104173545,134.83999633789062
2022-08-10,53820.100061753794,42938.42670926559,22546.487269592286,12270.277871736598,305347.2051016029,135.18699645996094
2022-08-11,52881.74289653397,41950.320250464014,22094.942504577637,11976.064139681694,299631.45247220725,132.8300018310547
2022-08-12,53843.37349286521,42819.91735954967,22325.703333282472,12038.612505201438,303933.01325266855,132.99400329589844
2022-08-15,54184.76649186618,43261.38135979381,22087.15354949951,12103.752017357123,303310.65582064335,133.28799438476562
2022-08-16,54231.84021372586,43113.11766861558,22024.515948486325,12076.590965676969,303025.3377757381,133.14300537109375
2022-08-17,54305.521448056425,42984.37648318084,22068.423766326905,12097.116765790492,303530.8354337881,134.27699279785156
2022-08-18,54733.89425940691,43301.785563036676,22120.02052001953,12180.848051193552,305103.6281555422,134.94400024414062
2022-08-19,54338.90857849242,42725.27707250801,22096.562102050782,12151.80243698202,303815.17469322647,135.7949981689453
2022-08-22,53695.64876060461,41982.1496226826,22151.307299194334,12209.285926387207,302340.26944554766,137.04100036621094
2022-08-23,53763.13838026849,42102.00610404309,22388.363274383548,12224.158046310904,304123.5174558172,137.54600524902344
2022-08-24,53616.44390060971,41974.40614943277,22321.6625289917,12111.182877301504,303256.05660468206,136.73300170898438
2022-08-25,54511.75864073641,42825.31244517958,22447.01271057129,12220.053349753944,306660.70073745097,137.08099365234375
2022-08-26,52467.577270005946,40914.78781412871,22090.431452636716,12159.523021817155,298415.1573052774,136.56300354003906
2022-08-29,52485.898960120285,40795.44398999788,22258.987891540528,12174.869121087819,299598.16466964904,137.52000427246094
2022-08-30,52315.87197600458,40656.77232548976,22246.042843170166,12266.486175779834,299024.4365551796,138.5959930419922
2022-08-31,51969.49258702955,40460.6581845307,22096.16314956665,12227.661508523988,297027.24468991935,138.73399353027344
2022-09-01,52343.75214236003,40642.21132029711,21990.660348663332,12179.292667017035,297383.93438355584,139.29600524902344
2022-09-02,52083.68765095697,40293.806896666574,22309.299049072266,12316.761894734347,298783.963233232,140.08099365234375
2022-09-06,52016.43761830655,40104.07194450341,22234.280740356447,12209.436859312229,298087.4014468568,140.42999267578125
2022-09-07,53976.903209343705,41706.99235365511,22895.571096191405,12527.657802273954,308133.80247736006,143.1510009765625
2022-09-08,54700.511224176116,42209.34667891303,22913.470390930175,12566.36543319372,310320.87938943075,144.1280059814453
2022-09-09,55445.46050660032,43050.73148077399,22991.06636871338,12543.91207439188,312970.36157029605,143.8560028076172
2022-09-12,55550.513029535374,43180.866719299695,22905.194362335205,12404.012164584423,312692.9257623073,142.5959930419922
2022-09-13,53130.94445909403,40809.819952449485,22605.426964416503,12332.991986220528,303766.46796767524,142.5850067138672
2022-09-14,54014.07672809768,41658.328590884754,22805.724818878174,12496.663277803409,307635.7700961338,144.4040069580078
2022-09-15,52853.1630926399,40544.43133011175,22150.207183227536,12325.857899393504,299911.8008976064,142.92300415039062
2022-09-16,52612.213104120245,40421.13312314937,22342.002456054688,12374.040615943572,300513.4178943594,143.36500549316406
2022-09-19,52798.3200623775,40565.35916399152,22265.629304809572,12287.17674493475,300531.3612730735,142.76499938964844
2022-09-20,52359.70990152443,40371.10839463626,22209.591726837156,12249.933764280186,298901.7957133115,143.22300720214844
2022-09-21,51582.493849668346,39753.14066863208,22371.756359710693,12331.49259136532,297772.51393462945,143.6020050048828
2022-09-22,51403.525199327414,39459.08690211728,22470.00030670166,12205.386313509298,297922.03654142976,144.3159942626953
2022-09-23,49829.221640527074,38269.007029417306,21770.262613220213,12048.17566207755,288720.0048799523,142.27999877929688
2022-09-26,49763.13485346289,38440.390678388285,21703.168769989014,11949.672506595485,288080.0564226192,143.51100158691406
2022-09-27,49963.98472613125,38709.83162235286,21891.316804504393,11946.215347343952,289918.9767391829,144.45899963378906
2022-09-28,51028.913401340986,39543.256637786,22382.249902496336,12235.831946081353,296261.9930603446,144.6909942626953
2022-09-29,49861.79557348294,38325.55249632687,22332.593905944825,12154.036662211674,292594.6422623738,144.3979949951172
2022-09-30,49101.97870903817,37684.29159658262,22339.142732238768,12125.130932591757,290468.55910482403,144.43099975585938
2022-10-03,50532.67406195073,38671.18407368942,22943.19797103882,12302.15876944406,296151.590981664,144.8159942626953
2022-10-04,51991.66351768564,39805.234095010426,23224.202848815916,12302.340620915244,297985.8899889953,144.5189971923828
2022-10-05,51607.888331140966,39582.562909010725,22978.60087966919,12123.726398109742,294256.63610058266,143.78700256347656
2022-10-06,51310.66383209378,39451.73874227211,23058.394688415527,12112.235893771065,294639.99249427643,144.44900512695312
2022-10-07,50083.140291987285,38103.465202093306,22898.75755126953,12101.775163225544,293474.54392956314,145.03900146484375
2022-10-10,49852.54310046959,37837.78833911013,22619.540524902342,12067.110396488126,291241.08447923174,145.48199462890625
2022-10-11,49602.20459988927,37367.215126802694,22602.77721496582,12113.774000171778,291687.7223241109,145.6739959716797
2022-10-12,49505.1103313871,37404.67472888924,22754.26053833008,12169.82920478249,293343.2048293931,145.8699951171875
2022-10-13,51113.61102221885,38509.438405861845,22731.028594360352,12190.559075669871,293438.7024137914,146.73699951171875
2022-10-14,50138.05605833637,37493.47905978989,22532.8830279541,12168.116245184607,291879.4310859991,147.29299926757812
2022-10-17,51893.9563952783,39083.665418390694,22803.122020568844,12291.801131755366,295114.9082213407,148.6320037841797
2022-10-18,52623.437953421926,39482.58031041947,22904.2901802063,12351.268988098236,296482.99642788526,148.9709930419922
2022-10-19,52334.002898792765,39401.45020331352,22633.51315444946,12241.131513003387,293405.41036524926,149.20899963378906
2022-10-20,52108.0187314741,39361.215330155435,22690.390320587157,12199.135620149897,293275.9215426934,149.8209991455078
2022-10-21,53500.78878762788,40379.59565540246,23149.629609680178,12255.767927640216,296944.8271943859,150.17599487304688
2022-10-24,53305.48779223962,40183.10174365639,22712.38938751221,12047.819828212247,291616.6317568721,147.81900024414062
2022-10-25,54547.980972631034,41310.65573483399,22928.59698486328,12286.70876961101,295872.3277865114,148.88699340820312
2022-10-26,53807.21994484625,40151.74384202256,22933.939737854,12274.308923732964,295759.43484289385,147.97999572753906
2022-10-27,52852.24769579041,38928.981823591435,22612.775575561525,12207.272654958779,292866.8204589254,146.13400268554688
2022-10-28,54161.479182545314,40158.67007366772,22403.326157836913,12155.95242022562,290889.81373804295,146.2740020751953
2022-10-31,54335.62173355354,40109.04628633424,22454.120382232664,12227.885517949777,292077.9737728466,147.81199645996094
2022-11-01,54436.39955435109,39947.66205138528,22825.17994506836,12302.149298183806,293914.9345882685,148.73699951171875
2022-11-02,52776.95474452641,38365.161865284805,22540.765826873776,12213.30857681108,287624.8364740459,147.9149932861328
2022-11-03,52225.3952964376,37609.8591483204,22451.484260559082,12157.985026031696,285568.23365514295,147.89199829101562
2022-11-04,53156.55096570177,38344.27499910017,23219.05355041504,12173.022893527244,293043.10504940967,148.39300537109375
2022-11-07,53103.755517892336,38360.406193313465,22885.17038269043,12003.013655508126,290735.04000137176,146.84100341796875
2022-11-08,53311.370634629,38582.844299093456,23379.195671081543,12065.371016639023,294496.9634339954,146.62399291992188
2022-11-09,51739.787538584416,37350.84955105942,23051.051459503175,11996.976154214477,288158.40613124915,145.2949981689453
2022-11-10,54926.46787945292,40359.21341202688,23902.247260131833,12344.258798515328,302216.87389160227,146.20899963378906
2022-11-11,53760.672305970664,39844.84696115958,23323.745975341797,11941.463376592661,295340.4886824592,141.73399353027344
2022-11-14,52483.116271406405,38888.390088968314,23015.079733276365,11729.428226762246,289915.81545465405,139.55299377441406
2022-11-15,53143.91181549052,39585.318363719816,23189.033409118652,11864.31650437557,292814.44454532606,140.11500549316406
2022-11-16,52305.63073304029,38724.53639393544,22945.9001953125,11853.870625243257,288991.5340395981,138.96499633789062
2022-11-17,52279.5510039981,38738.33295295414,22837.663260498044,11803.30653229386,288219.30460046744,139.32200622558594
2022-11-18,52927.7902383475,39042.7760420593,22857.669897308348,11853.587818142396,290085.2976589813,140.41200256347656
2022-11-21,52675.62486900786,38597.37965928558,22704.156608276367,11832.750880561662,288413.7369269836,140.2530059814453
2022-11-22,54086.74361298252,39668.34323716795,23029.824027252198,12057.268198014495,294306.4536274697,142.09800720214844
2022-11-23,54066.376278647,39800.58911279135,23019.557200927735,12041.923985907113,294185.27986630297,141.15499877929688
2022-11-25,53077.01383356368,38823.9229878715,22622.781141967775,11820.549255581678,288960.69886981556,138.60299682617188
2022-11-28,52417.35032039004,38391.4304239473,22524.463988342286,11867.838272121708,286555.9288886308,139.10000610351562
2022-11-29,52183.989324757385,37996.46004879198,22573.741916503906,11785.219627615757,286250.7022005068,138.718994140625
2022-11-30,53837.90794509777,39736.00458096725,22866.56264526367,11893.782018338543,292580.55257027945,138.7449951171875
2022-12-01,53260.868875926295,39387.33470674059,23054.333474121093,11903.996914896894,292225.3746771352,137.35899353027344
2022-12-02,52343.87095981618,38599.53803417678,22605.187979125974,11736.420500775728,286862.2322636867,135.14999389648438
2022-12-05,51145.52337324387,37762.15989909131,22106.346253356933,11559.085502857282,280413.5755666069,134.47500610351562
2022-12-06,51224.32073412681,37578.371503456336,22525.71449279785,11818.597630093325,283294.4693277344,136.65199279785156
2022-12-07,51224.745299914015,37489.04038741888,22768.248643951418,11942.765236794177,284837.07938383723,136.88600158691406
2022-12-08,51435.577260768325,37792.77072020674,22703.344521331786,11831.280563834505,285001.3308302552,136.38099670410156
2022-12-09,51138.561442010985,37615.936839810915,22822.734574890135,11763.450409450565,284947.6037312329,136.61399841308594
2022-12-12,51913.05262267542,38115.394399270735,22650.445090332032,11754.99237890902,285971.3137036642,136.71200561523438
2022-12-13,52609.04402392171,38748.31851506631,23170.798669738768,11929.916727384374,291182.4363998863,137.50399780273438
2022-12-14,51542.79259022269,37924.00541646392,22791.67033843994,11795.655208223357,285855.9940496074,135.58399963378906
2022-12-15,50194.44973393915,36586.85769822554,22379.792990875245,11798.088034492352,279549.7178808329,135.34800720214844
2022-12-16,50482.54177349387,36881.39954802812,22975.49047088623,11977.092108325312,284123.8389976794,137.75100708007812
2022-12-19,49668.93053167238,36083.06203485864,22734.281206054686,11788.113194672012,280365.0812943975,136.69000244140625
2022-12-20,49847.871542552166,36135.419896009975,23163.113774414065,11728.378651413661,283580.0812568868,136.9949951171875
2022-12-21,48708.6459055928,35294.05485564228,22263.36931152344,11305.502069251852,274745.18457991135,131.89199829101562
2022-12-22,48187.7722023529,34555.361599777985,22074.020385742188,11342.962305832672,272116.8482106382,132.3699951171875
2022-12-23,48460.2008411783,34629.68253259359,22138.03092163086,11290.334667292811,273268.9338720991,132.35699462890625
2022-12-27,48417.53176107643,34245.06441098128,22393.305156555176,11229.930251036334,274774.626976484,132.76400756835938
2022-12-28,48075.83110354023,33976.70247917681,22413.632989196776,11263.842552995284,273969.0599682056,133.48599243164062
2022-12-29,49142.131240217655,34947.77836319296,22631.640322875977,11365.807447239426,278271.6158985482,134.03399658203125
2022-12-30,48603.86677223164,34635.46262680159,22547.87030212402,11223.97532456907,276266.7217005366,132.91600036621094
2023-01-03,47626.557959053804,33852.119043012965,22373.62272583008,11131.555779212145,273512.68235822185,130.79400634765625
2023-01-04,48160.83492338437,34131.45551289963,22662.592349700924,11256.104768312325,275278.9004695103,131.2480010986328
2023-01-05,47973.18893135515,33852.618575152315,22550.588294677735,11325.31849385732,274594.31782075367,132.24600219726562
2023-01-06,49467.03077040509,35066.09636763286,23156.760157470704,11563.576990163625,278299.3152813065,133.3070068359375
2023-01-09,48903.08467167804,34910.520420252775,22957.174114990234,11467.390974090755,277079.4206838489,131.86199951171875
2023-01-10,49196.36476661261,35170.51366334505,23018.326142578127,11383.582043888806,277453.1894461878,131.72900390625
2023-01-11,49959.27777639024,35880.00628319502,23067.476257629394,11489.34399254991,277753.60103344265,132.1009979248047
2023-01-12,50065.63258861445,36019.5733403358,23299.1680078125,11574.70877614731,279169.72969059314,131.90199279785156
2023-01-13,49219.6253711637,35516.77351753037,23090.78619628906,11274.587937248836,277896.07426395814,129.1719970703125
2023-01-17,48805.79167666082,35354.3631967483,22788.52623825073,11165.122867233857,276048.6239850901,128.3209991455078
2023-01-18,48020.2739990959,34883.88347844545,22716.000517578126,11313.694176293904,275605.33780272154,128.281005859375
2023-01-19,47766.56631814136,34610.639143446744,23122.88097351074,11314.845155986703,278092.24151519843,128.53900146484375
2023-01-20,48592.43812007655,35511.07239283895,23015.456424560547,11225.025318517879,277435.64937443554,128.3699951171875
2023-01-23,49552.42890123317,36578.23830664596,23235.859721679688,11274.45532402371,278782.7816091146,129.35400390625
2023-01-24,49974.89489510826,36854.32479077106,23544.027182006837,11448.640654449115,280666.3392732338,130.5970001220703
2023-01-25,49856.58006058574,36671.72791603661,23587.585002593994,11429.929153291565,280932.57006448007,130.23899841308594
2023-01-26,50016.73379381689,37099.0966202682,23194.164302368164,11300.838566551387,278527.9340450028,129.23699951171875
2023-01-27,50350.04977494823,37631.618865643475,23262.756546936034,11332.846954352579,278947.1783345128,129.8000030517578
2023-01-30,49739.00038302093,36886.094830686925,23212.70173828125,11301.9544398062,278641.2371479656,129.85400390625
2023-01-31,50713.24707361669,37619.06854346001,23409.238090820312,11414.05945387121,279842.4916629945,130.47900390625
2023-02-01,51107.27411860292,38314.83083328936,23637.083810882566,11463.91819821285,281203.34555814724,130.11000061035156
2023-02-02,51258.242629467546,39236.03254212841,22881.85273590088,11328.250126149063,276693.3658726497,128.6219940185547
2023-02-03,50762.307453529414,38575.87194295669,22332.281541137698,11217.05682353949,273411.51611007657,128.74600219726562
2023-02-06,51730.764908701465,39218.97079896832,22945.80484680176,11401.881296268708,277075.26583752426,132.00900268554688
2023-02-07,52651.086795127594,40217.73229016469,23073.749731140135,11426.698421728404,277839.3085899274,132.6230010986328
2023-02-08,51454.57182927101,39031.708540188454,22855.036518707275,11332.299381734441,276533.2286659174,131.04200744628906
2023-02-09,51142.789572051275,38788.59727388851,22733.891469421385,11310.887529314194,275809.7921848494,131.38699340820312
2023-02-10,51313.64102825867,38572.73308940697,22800.133353271485,11267.456818794566,276205.36588459456,131.5189971923828
2023-02-13,51928.64499362096,39200.049386942075,22689.915595703125,11297.019064465145,275547.1834235161,131.55099487304688
2023-02-14,52214.87377303446,39725.65397428969,22842.690539245606,11312.901983647314,276459.50273167796,132.33700561523438
2023-02-15,52643.31229214061,40227.81352279545,22726.83153106689,11334.620925440831,275767.63266624056,132.99099731445312
2023-02-16,52274.515570332514,39743.6635310138,22863.937229156494,11374.366240301568,276586.38064104423,133.9029998779297
2023-02-17,52210.511020577535,39513.64119146672,22961.514118041992,11420.98157134405,277169.0761910894,134.07400512695312
2023-02-21,51263.099078341824,38653.53627215928,22920.40807006836,11318.263600983737,276923.60504000273,134.33599853515625
2023-02-22,51436.34108106291,38866.74749900558,22900.027807922364,11392.526034538087,276801.90113862953,134.9759979248047
2023-02-23,51693.09917282654,39193.43437446821,22880.42039916992,11433.06867309416,276684.8124513547,134.9320068359375
2023-02-24,51025.674078151875,38450.349467357,22664.624806976317,11338.092601862118,275396.15554984065,134.6280059814453
2023-02-27,51871.45354190256,39233.97707168843,23052.119672088622,11521.96851362841,277710.1413321834,136.39500427246094
2023-02-28,51650.18284245495,39160.84762810664,23143.900487976076,11533.504860564964,278258.22473193076,136.31700134277344
2023-03-01,51463.76267758169,38854.859768426366,23282.785709838867,11443.621894672706,278626.94621109345,136.34800720214844
2023-03-02,51805.42919625651,39132.17611567685,23242.868081665038,11383.515345000365,279313.7225852607,136.19400024414062
2023-03-03,52833.766629829624,40091.04212503011,23580.245765838623,11518.51351625641,284116.6438603419,136.7050018310547
2023-03-06,52543.56446521952,39888.43517778722,23316.293304748535,11426.79969542144,281752.18624801375,135.86000061035156
2023-03-07,51791.07082045889,39439.477191302096,22932.15018615723,11439.697977154618,277416.79804706667,135.99899291992188
2023-03-08,52406.56797761492,40042.14598618444,23155.880230407714,11553.127465678543,280421.86372085445,137.39100646972656
2023-03-09,51377.89673979736,39301.12174549711,23355.864846801756,11611.168955066249,278831.3590341915,137.2259979248047
2023-03-10,50329.90379489514,38514.54066824359,23714.999392852784,11754.088505855956,278140.20267053886,136.39500427246094
2023-03-13,49736.77795133431,38397.65324322838,24007.5420401001,11773.627324205023,278282.9434822201,134.97999572753906
2023-03-14,49859.987503287826,38737.00698944504,23538.548339385987,11500.901986557354,275812.19257760973,133.11399841308594
2023-03-15,50025.71221435033,39315.54200856345,23950.889935607913,11780.07833178516,278726.814530013,134.39700317382812
2023-03-16,50347.411940108585,39911.16743675423,23737.13168258667,11546.318065883703,278319.97391535336,132.9290008544922
2023-03-17,49923.06545614917,39853.7280952451,24509.0366645813,11721.870365593028,281786.38166231784,133.3679962158203
2023-03-20,49993.436619726235,39670.11663114229,24319.089931640625,11579.595023936716,280841.1527540896,132.28399658203125
2023-03-21,50308.34014618525,39965.3846204697,23699.17473175049,11401.141707755174,277987.1646153508,131.39199829101562
2023-03-22,49810.5654775395,39708.769971914124,24277.91844116211,11635.749135083932,280099.6102320109,132.34800720214844
2023-03-23,49504.062309160734,39824.74073489056,24365.18761871338,11599.390069930827,279791.23416252295,131.1790008544922
2023-03-24,49709.63779563001,39875.634262333086,24033.358258819582,11575.112587781914,278363.8045435356,130.86500549316406
2023-03-27,49795.35275803061,39596.68085600025,23807.428433990477,11430.472927603507,277244.9657497574,130.8459930419922
2023-03-28,49830.528462964976,39502.85504466868,24073.381833496092,11457.287128815467,278930.59554754675,131.23300170898438
2023-03-29,50482.772867401494,40165.832003964686,23919.82733810425,11421.172792424808,279779.11163064797,131.04600524902344
2023-03-30,51371.213125611044,41019.4011874578,24417.848421936036,11572.182588621015,285163.7077617248,132.5760040283203
2023-03-31,52340.862631874625,41898.178044653,24405.08795806885,11690.628721263798,287713.9031955762,133.2010040283203
2023-04-03,52597.89722366035,41842.15842357908,24607.855402526853,11758.745894956484,289617.1371582766,133.3470001220703
2023-04-04,51894.992504284375,41373.269681411184,24869.565262756347,11741.690924948218,289219.73654976935,132.2989959716797
2023-04-05,51440.6604033964,40712.77047885864,24696.827664642336,11718.598383537988,286952.24947121483,131.48500061035156
2023-04-06,51424.91870174259,40815.50535032697,24417.882729949954,11672.987013216307,285268.4694142084,130.9340057373047
2023-04-10,51934.942271450134,41154.73602388558,24452.475692596436,11660.2759202801,286876.985282603,132.0970001220703
2023-04-11,52488.4440647237,41315.31718251329,24862.604228515625,11776.630965638216,290813.72146449843,133.468994140625
2023-04-12,52323.46109973467,40988.69511884013,25007.459763183593,11822.141932684091,291211.0668683514,133.593994140625
2023-04-13,52816.45913775658,41632.119153652246,25248.887473754883,11738.011889677482,293989.0273012569,133.0850067138672
2023-04-14,52450.69526933487,41367.13689167387,24690.277229003907,11627.488804295808,289696.309460644,132.48699951171875
2023-04-17,53228.511219929176,41865.945176107765,24855.63833908081,11682.609202937068,292811.5944391223,133.9709930419922
2023-04-18,53443.73255504203,42010.45837852636,25036.656818389893,11741.342691911852,294469.04461609735,134.4250030517578
2023-04-19,53283.252406735424,41871.68261773591,24846.397016601564,11683.011018676474,292908.0567699906,134.04400634765625
2023-04-20,53253.39827515577,41757.023001295456,25067.06638320923,11808.871598748829,294123.5176533291,134.70399475097656
2023-04-21,53014.659472220555,41580.89111846668,24688.76340484619,11718.182824564203,291241.09240830323,133.99600219726562
2023-04-24,53056.10003798641,41483.372778686695,24757.332139282225,11772.35147104769,291758.4958906124,133.96099853515625
2023-04-25,52261.84096605097,40738.21198136035,24906.10293197632,11900.112091688407,290445.25051143876,134.08399963378906
2023-04-26,51895.71111661616,40871.262746051245,24701.769869384767,11820.595390410495,288234.94916123326,133.71099853515625
2023-04-27,52831.47229898144,41905.345977444726,24657.658073425293,11721.636085441301,290553.4999439856,133.46499633789062
2023-04-28,53416.93989960341,42300.98159022614,24726.6099609375,11839.358309503408,292571.9164458175,133.802001953125
2023-05-01,54393.55265051407,43068.4436063843,25090.93271194458,11925.465202925008,296892.4349524953,136.38600158691406
2023-05-02,54229.78434218956,43048.10609012218,25787.9371875,12181.752163127054,300920.8425267844,137.52099609375
2023-05-03,53444.383514916044,42438.319780509264,25807.08590637207,12167.436980531227,298919.03973855544,136.46600341796875
2023-05-04,52318.454588749824,41692.92248434854,25622.560568847657,11993.669222408831,295249.24922845466,134.54400634765625
2023-05-05,53142.44123422768,42463.56693369175,25153.195500183105,11896.488585540632,295161.2003375781,134.1790008544922
2023-05-08,53560.69491901345,42892.37574703489,25375.50127227783,11913.345861512416,297955.4099332592,135.19900512695312
2023-05-09,53276.1134477696,42581.0058667344,25531.498090820314,11887.781678208414,297793.1284073802,135.072998046875
2023-05-10,53610.233015104495,43112.87483910041,25535.60894012451,11996.02041126648,299661.53993881436,135.28799438476562
2023-05-11,53041.6553023331,42869.455999518665,25091.701360778807,11933.790437314437,296206.9728284364,134.08700561523438
2023-05-12,53134.52370690356,42846.623289502364,25125.571585235597,11898.372956175224,296326.9844295888,134.4980010986328
2023-05-15,53842.70319669779,43502.70105855872,25427.237785491943,11988.842656974859,300375.94186176325,135.82200622558594
2023-05-16,53570.699386998545,43623.45933020749,25150.63881149292,11969.686243974187,299168.0502252648,136.0449981689453
2023-05-17,54374.431162532375,44276.4295999734,25134.49755065918,11964.609774424003,301337.27803040185,136.42999267578125
2023-05-18,55374.66528423248,45490.1794053619,25023.72947143555,11993.552528714292,304894.50960113166,137.61399841308594
2023-05-19,55698.307693837705,45719.46894619632,25456.17590332031,12035.470404708105,308232.6834351318,138.6199951171875
2023-05-22,55347.90193191402,45565.897346522754,25226.551566009523,11932.786968105102,306349.81014391244,137.69200134277344
2023-05-23,55116.24984949966,45308.48919132724,25436.604422607423,12037.511043772098,306692.53041100054,138.6719970703125
2023-05-24,54687.7487532116,45052.02443200094,25217.907410430907,12000.175414644742,304517.1399376476,138.59800720214844
2023-05-25,55433.96514557016,46376.350119184666,25098.79745788574,11983.684039611833,308408.7327163711,139.2830047607422
2023-05-26,56447.78188080584,47811.92534093508,25331.875330810544,12069.320809469906,314757.21696427296,140.01699829101562
2023-05-30,56640.28364943701,48174.192714967845,25565.878595581053,12201.093636286336,317389.48684449535,140.4409942626953
2023-05-31,56065.91257003346,47678.92214451256,25486.87879760742,12190.856819933359,315207.5738255753,139.79200744628906
2023-06-01,56329.34897073854,48000.27679063584,25565.977318115234,12166.653866848137,316707.1241728116,139.1269989013672
2023-06-02,56988.26923493992,48228.5297555865,25120.32559890747,12036.729345364514,314712.49005824106,138.7480010986328
2023-06-05,57477.17546753037,48770.02990104067,25537.30311340332,12159.539646615689,319078.7554055258,140.20700073242188
2023-06-06,57263.79821416969,48475.20876222955,25415.095418701174,12095.556064493026,317348.41328343935,139.38299560546875
2023-06-07,57124.75201820103,47702.038129517576,25135.78775253296,12019.461749719949,313064.74073548964,139.52699279785156
2023-06-08,57623.50096490287,48422.93960845703,25535.764848785402,12132.828270834974,317920.07165432407,139.8990020751953
2023-06-09,57299.41086435349,48248.09016588931,25278.621719970703,11999.517471830128,315754.1858822445,138.86300659179688
2023-06-12,58030.74126356046,49242.82595045831,25348.79787963867,12063.356396465908,319480.7782690299,139.37100219726562
2023-06-13,58450.63580859035,49652.89600433016,25178.10961212158,11985.006792999682,319785.0783384269,139.4600067138672
2023-06-14,58821.10792676588,50270.881440024634,25321.5736328125,12062.920730548585,322716.5780530939,140.177001953125
2023-06-15,59465.38760017685,50797.32199871551,25463.216980438232,12139.593123596482,325333.743076507,139.9770050048828
2023-06-16,59386.089534160565,50582.59957872859,25476.877815551758,12112.146469870353,324707.1215904526,140.26800537109375
2023-06-20,59764.925572498156,51097.497726677146,25506.345623016357,12289.783003508253,326593.77335939853,141.8990020751953
2023-06-21,59222.37910227547,50200.83108071768,25368.220355072022,12252.310993091602,322772.52917294495,141.3350067138672
2023-06-22,59584.6008392959,50920.00304606873,25179.375109100343,12213.223065008317,323988.1860570876,141.68800354003906
2023-06-23,59694.231304327965,50892.71797008506,25487.945782470702,12380.063452644052,325802.2071668691,143.02999877929688
2023-06-26,59662.731417425675,50389.866234600544,25623.503975372314,12455.101079016931,324973.9067317065,143.54100036621094
2023-06-27,60282.79694804367,51227.35506626833,25491.40859298706,12404.453872243437,326931.5367416524,143.4600067138672
2023-06-28,60490.61828150624,51478.30595012384,25507.401630859375,12491.12354154082,327861.1184114695,143.8820037841797
2023-06-29,60943.031497324584,51556.252698023316,25569.84935028076,12406.016085692117,328504.5936768912,144.38900756835938
2023-06-30,61829.17644618355,52493.019219919704,25809.930382385257,12466.799615614113,333087.8308918661,144.77999877929688
2023-07-03,61736.98707672202,52477.81288960498,25770.710166778565,12379.779759883426,332636.9455608574,144.3979949951172
2023-07-05,61648.59238438795,52479.3069491849,25681.16408203125,12320.920063824282,332403.8226862217,144.406005859375
2023-07-06,61200.99630489404,52109.563023409,25619.34430862427,12226.972926391034,330026.2112574071,144.48899841308594
2023-07-07,60819.181299327334,51743.17260022075,25715.407359619137,12165.961748751739,327836.25205801567,143.9510040283203
2023-07-10,60235.260516014256,51133.75800430144,25424.12495452881,12081.201876779283,324331.3476063746,142.20899963378906
2023-07-11,60230.11648355038,51056.837362385835,25355.746124267578,12029.056132680742,324073.443084219,141.2969970703125
2023-07-12,60208.11179411343,51270.28128430866,25484.6611517334,12045.496778406256,324691.46862709103,140.1179962158203
2023-07-13,59905.087563819696,51469.853142161395,25174.71359436035,11989.690191970472,324509.2771455025,138.31500244140625
2023-07-14,59763.893676058964,51369.70096265718,25050.94669631958,11909.474220014437,323811.5612206949,138.0749969482422
2023-07-17,60235.05548805507,52077.36650341176,25179.10516113281,11981.72189116565,327324.78132598056,138.6820068359375
2023-07-18,60703.20088352855,52521.185960097915,25476.194277343748,11999.461891426145,329992.7244399409,138.72900390625
2023-07-19,60968.86894397575,52621.72063740792,25535.087767181394,12066.363569807027,331026.60452501784,139.02699279785156
2023-07-20,60813.12544240107,51619.8320168444,25510.13983612061,12019.565818879368,327428.6075600515,139.59800720214844
2023-07-21,60928.999280441574,51563.072745876016,25480.423230895998,12052.498187779023,327560.32314871694,139.86399841308594
2023-07-24,62026.453978776,52341.850196417254,25713.45,12185.79493321575,332984.4814980905,141.75
2023-07-25,62095.75244330974,52611.85165497986,25815.028598937988,12143.359322339866,334027.6488911324,141.52200317382812
2023-07-26,61838.03993413903,52211.189552931166,25829.35187072754,12132.787886366064,332062.8990939864,140.91299438476562
2023-07-27,61190.04511859932,51884.900794409295,25325.014932861326,11953.657789399673,329283.90927443036,140.36700439453125
2023-07-28,61127.49379111584,52264.279146824454,25253.806751403812,11864.25084652511,330319.32201687817,138.86399841308594
2023-07-31,62079.20284803746,53004.75302893285,25667.220498657225,12041.211471970155,335229.7561339694,140.75799560546875
2023-08-01,62589.80434654541,53469.76155526427,25683.608227539065,12103.660920824159,338075.34707454813,142.322998046875
2023-08-02,61999.706759813984,52534.153784425645,25677.412219238282,12134.272102891358,333523.2998986015,142.97000122070312
2023-08-03,61983.744836767866,52587.1651967105,25735.98070800781,12075.838621768538,333647.86566597916,143.343994140625
2023-08-04,61382.29142666937,52068.57258690979,25694.734917755126,12141.14535429922,330384.0380805091,142.59800720214844
2023-08-07,61604.566702512355,52243.56345697445,25506.468552856444,12050.346881668991,331537.53346777015,141.87600708007812
2023-08-08,61616.8122713379,52035.954916499206,25460.487730712888,12166.865620140668,330913.99722030805,142.5240020751953
2023-08-09,61528.68283851182,51736.09943405896,25473.395598297117,12238.958007011,329727.7409419336,143.2779998779297
2023-08-10,61743.656314146145,51994.15257716832,25525.916088867187,12183.021242304067,331124.2217280627,143.7270050048828
2023-08-11,62191.519934590375,52067.75580724376,25726.07109375,12213.461853115754,332566.0660378641,144.85400390625
2023-08-14,62518.84444889388,52638.61811404095,25641.298257751467,12190.82010608246,335255.16033832624,144.81700134277344
2023-08-15,62055.10681465822,52303.00572225906,25682.7192048645,12219.485315406415,332941.81701572903,145.43699645996094
2023-08-16,61672.16533853374,51810.01907577192,25564.396860046385,12186.744668143094,330348.871958461,145.60800170898438
2023-08-17,61506.960933282535,51499.24913785826,25652.173594665528,12231.642220234318,328920.0237006338,146.33299255371094
2023-08-18,61276.26669852018,51217.051890904244,25548.036411895755,12216.568922071763,327404.7432809292,145.71400451660156
2023-08-21,61501.830018615874,51896.15386052172,25546.070762329102,12106.538778871174,330161.445768406,145.30499267578125
2023-08-22,61729.083716097106,52154.74892748738,25752.512960815428,12189.532652775952,331592.7924320495,146.23800659179688
2023-08-23,62213.86625922349,52805.0782971654,25929.78015686035,12282.244755422455,334958.29098700464,145.76300048828125
2023-08-24,60892.85826493786,51289.90185619322,25730.093788146973,12144.894069154943,326600.0848770168,144.67300415039062
2023-08-25,61913.01223173353,52185.510820017,25944.42077850342,12257.978163562615,332186.6192372566,146.06700134277344
2023-08-28,62503.54727395982,52745.33741807636,26101.56807373047,12331.155903974119,335551.38032756496,146.531005859375
2023-08-29,63378.02964737327,53872.645514030635,26344.480492401122,12413.706779343753,341477.4413770436,146.46400451660156
2023-08-30,63432.24844970923,53997.02121350119,26324.55734863281,12372.05110699615,342017.1693607697,145.98800659179688
2023-08-31,63387.57881433933,54200.10537318924,26300.74180419922,12406.403967654403,342538.86381642136,146.0989990234375
2023-09-01,63233.70636545153,53910.76327555924,26201.143327178957,12277.45521104627,341205.7986052437,145.47300720214844
2023-09-05,63423.50668873508,54376.32757834658,26178.441389160154,12292.5000075273,343189.7226055352,146.54299926757812
2023-09-06,63396.078225184334,54238.695683081925,26224.76669265747,12338.454412477993,342680.724861386,147.4709930419922
2023-09-07,63303.439556668316,53937.71182414511,26295.15611480713,12400.954608847707,341479.37197153014,147.70899963378906
2023-09-08,63236.53700146556,53874.87013274159,26236.703349609375,12371.873869709272,341100.0331212003,147.33099365234375
2023-09-11,63558.238999388755,54429.010740308964,26246.43150604248,12332.36123776507,343720.2419103263,147.11300659179688
2023-09-12,63022.67577883205,53666.31743607174,26033.877115020754,12313.07464260763,339863.1924356262,146.67799377441406
2023-09-13,63302.642071888,54047.03326904475,26058.73948303223,12367.954426822638,341822.6474913711,147.1580047607422
2023-09-14,63930.02827893546,54558.595546904624,26105.289587249754,12355.875008388657,345134.2911205199,147.3459930419922
2023-09-15,63218.10113135362,53673.88363758793,26301.93892211914,12328.744519361251,340415.14795651624,147.48199462890625
2023-09-18,63420.72980480973,53870.39769954122,26526.039841156005,12373.002747090972,341583.5985016406,147.8679962158203
2023-09-19,63176.640637813114,53659.971351166074,26453.76733428955,12305.779195950434,340259.1602483798,147.60499572753906
2023-09-20,62653.93613129508,52935.79607515239,26497.52848815918,12307.883596576465,336558.56361430726,147.74200439453125
2023-09-21,61859.849113635515,52169.42770914209,26408.553897857666,12263.909205429856,331991.3588838891,148.3209991455078
2023-09-22,61439.03389908369,51938.55942176735,26372.17077850342,12255.820535783016,330124.8071337481,147.6439971923828
2023-09-25,62027.52537391776,52464.488180107975,26376.72281951904,12230.457214115271,333376.7501885579,148.4340057373047
2023-09-26,61271.48899041368,51807.917947937145,26232.403897705077,12257.498332699346,329259.29656696145,148.81100463867188
2023-09-27,61392.32997035579,52010.97121528915,25948.734181213378,12221.71428771855,330227.41545904084,149.0449981689453
2023-09-28,61935.92420660447,52605.45921420824,25897.53873031616,12292.534585658013,333574.6754251121,149.4980010986328
2023-09-29,61719.0709555685,52586.97088590072,25603.829612731934,12281.987683462314,332930.3093773791,149.33700561523438
2023-10-02,61778.38539233206,53097.91977912709,25369.459860992432,12198.572450085272,334702.40608630783,149.5399932861328
2023-10-03,61078.179061431205,52274.559869881516,25348.79480895996,12122.417014339231,330208.53022689617,149.8509979248047
2023-10-04,61252.38952536433,52752.933509448645,25234.335107116698,12145.926439017796,332191.22846009576,149.19200134277344
2023-10-05,61136.56040690454,52517.822133428504,25149.930357055666,12150.404135453142,331135.1825827119,148.96600341796875
2023-10-06,61653.53432611563,53217.47447900145,25194.170664978024,12038.296455170386,334743.12132209016,148.46299743652344
2023-10-09,62339.55747389903,53740.008380583175,25777.831832885742,12249.768346896328,338247.7547820535,149.16000366210938
2023-10-10,62314.06762157816,53735.837490058955,25590.856593933106,12157.239291764168,338165.72540492105,148.32699584960938
2023-10-11,62696.300061676586,54229.08669665915,25830.06115951538,12249.041966555373,340757.28744988533,148.6280059814453
2023-10-12,62485.13013972084,54188.982686244446,25821.976577453614,12164.190886693059,340060.17227945605,149.03599548339844
2023-10-13,62488.4484851774,53778.53509937317,26786.94449935913,12304.21249726628,338771.6765778334,149.7899932861328
2023-10-16,63051.487052560224,54305.24566448619,26616.76433898926,12212.853320674501,341957.34707852924,149.5659942626953
2023-10-17,63053.657225093935,54131.71508463486,26668.262142333984,12093.57665807934,341414.6641934378,149.5780029296875
2023-10-18,62288.74500169996,53486.266111502446,27086.910815734864,12051.39144747661,337308.4168436659,149.75900268554688
2023-10-19,61734.44283893157,52979.78881752262,27416.263584594726,11990.505362343389,334210.3012742878,149.74200439453125
2023-10-20,61000.277295627966,52210.35199852435,27502.14953857422,12065.00089303976,329795.16115957126,149.802001953125
2023-10-23,60926.26076871262,52395.16424835229,27423.544493408204,12128.825373838748,330179.4584408778,149.8800048828125
2023-10-24,61340.14101670457,52865.68696631591,27400.238036346433,12141.489118430436,332784.6569205305,149.7689971923828
2023-10-25,60494.09439539581,51601.02749190914,27531.17759765625,12041.438300755579,326501.9012212504,149.85400390625
2023-10-26,59867.02239389785,50699.55934648775,27619.534305267334,12153.246411748416,321958.6454236262,150.09800720214844
2023-10-27,59702.06224330638,51033.93630288935,27990.63040008545,12193.961757821366,322570.101703086,150.36599731445312
2023-10-30,60161.5144666365,51391.588127478775,27715.57861633301,12102.050696322456,324941.59024633036,149.73300170898438
2023-10-31,60287.85463746353,51422.85324655625,27449.842596740724,12026.184554606303,325381.65058019425,149.11099243164062
2023-11-01,61822.84865838153,53081.29980916521,27763.963104858398,12343.245772514661,332443.4928900224,151.29400634765625
2023-11-02,62708.205334900995,53788.057376668905,27723.868438110352,12360.969684392167,334441.9157344916,150.5749969482422
2023-11-03,63247.53664902275,54391.81349304993,27810.33952468872,12449.99674025073,336864.4025870912,150.4969940185547
2023-11-06,62951.59826717009,54233.39053180196,27401.475090026855,12291.549591584557,333940.5717177447,149.44900512695312
2023-11-07,63358.86812975006,54943.84779608778,27386.491220245363,12406.613664665569,336099.4870869762,149.98899841308594
2023-11-08,63577.32234661344,55128.41592863623,27187.08421386719,12490.687181267844,335501.8760534865,150.39599609375
2023-11-09,63277.796237539646,54874.397712299564,27380.307071990967,12405.193580726074,335843.1228246131,150.86399841308594
2023-11-10,64471.836740573046,56288.47414798304,27168.658814697264,12458.784147994591,339062.8177771901,151.3489990234375
2023-11-13,64461.44758834265,56157.428338413076,27341.66813232422,12461.801449672595,339673.3464397959,151.468994140625
2023-11-14,65788.83470555025,57433.336044812524,27617.76880859375,12664.560901252353,345345.9448679853,151.64599609375
2023-11-15,65423.37239814657,57036.52229591673,27334.095510864256,12469.452328620466,342409.6970868806,150.48500061035156
2023-11-16,65821.14509917496,57362.250427642335,27776.68267730713,12624.457006695346,346062.65267726494,151.21499633789062
2023-11-17,65680.74654030343,57182.11915542344,27679.987686309814,12590.070253315576,344919.82340398314,150.7050018310547
2023-11-20,65851.23741892603,57585.27538474111,27494.864786224367,12543.98575148048,345098.4040290597,149.94200134277344
2023-11-21,65015.333424939236,56647.45929336861,27498.89660949707,12427.931932094152,342155.29201097763,148.36199951171875
2023-11-22,65173.96215472446,56798.8034314662,27342.931790771483,12406.314019645579,341709.97473958146,148.15199279785156
2023-11-24,65866.86037561162,57286.46931193505,27760.284180908206,12465.438026723026,345725.73617606855,149.63499450683594
2023-11-27,65720.11450987683,57211.985748028805,27935.375510406495,12554.950132770007,346527.54922714515,149.5709991455078
2023-11-28,65293.020255621755,56932.78754851649,28096.02473449707,12516.156755065771,346596.1263901945,148.45199584960938
2023-11-29,64636.607867951636,56345.16827773105,27874.321690979003,12464.326300812116,343423.4095455534,147.06300354003906
2023-11-30,64880.519846352545,56194.34102618752,27753.611526489258,12401.021492992015,342230.9946019036,147.03900146484375
2023-12-01,65690.44341139952,56722.6902152724,28417.286630554197,12600.138101382312,347884.1366548933,147.99899291992188
2023-12-04,64636.52045335983,55586.303167330916,27501.389989013674,12411.552983310254,338781.4319311987,146.39300537109375
2023-12-05,65036.083622779945,56081.405502410824,27572.247273254394,12579.056379241054,340727.39734966797,147.32699584960938
2023-12-06,64711.570988386855,55703.30266006933,27647.22994140625,12619.069566839522,340035.8541703508,147.18499755859375
2023-12-07,65204.906666605384,56481.22037345317,27692.67067947388,12600.268715324923,342687.84947146627,147.1840057373047
2023-12-08,64192.28982489603,55612.79902052614,26783.767897338865,12271.551183945277,334445.37092959485,144.2779998779297
2023-12-11,64756.863069996165,56361.92384311508,26617.42928375244,12332.831898576153,335706.0885144437,144.98300170898438
2023-12-12,65547.08063957364,57242.61609551401,26805.13788192749,12453.110076963694,339547.1403516292,146.0850067138672
2023-12-13,66084.8023933961,57651.13725721287,27258.88617095947,12569.223703807022,343585.71017254534,145.27999877929688
2023-12-14,65152.8488185655,56607.17352105234,26945.547345428466,12455.282468491048,338473.5144346174,142.7729949951172
2023-12-15,64820.53326613158,56684.009367585706,26606.17430114746,12401.818860800751,336619.0378416709,142.2790069580078
2023-12-18,65200.72689515358,57054.707578725145,26733.497714996338,12377.557324175148,338533.16525564843,142.31300354003906
2023-12-19,65785.72697087379,57511.04071700406,26993.011883087158,12436.53213148903,341522.0576167229,142.7220001220703
2023-12-20,65404.576301534704,57119.71086997934,27065.5223236084,12599.829623479563,340774.96155970474,143.88900756835938
2023-12-21,65856.78863412386,57637.33514940885,27187.56094192505,12548.167581189255,343104.62304379616,143.5229949951172
2023-12-22,65321.08699240808,57139.17966629974,27031.6602935791,12409.485476973763,340625.91702396795,142.07000732421875
2023-12-26,65670.7772899776,57553.7110960107,27268.33478088379,12431.234088633008,343346.757187712,142.22999572753906
2023-12-27,65896.36549912245,57764.51843027244,27436.563707885743,12548.757049386986,345025.0539010619,142.46099853515625
2023-12-28,65429.83791512997,57306.03852422459,27073.666927337646,12407.550945852956,341393.3095419414,141.3990020751953
2023-12-29,65254.71976999254,57070.538296288236,27037.1716998291,12379.349247094415,340450.51232739596,141.42999267578125
2024-01-02,64750.05996250396,55984.18634722175,26915.5520703125,12306.45950159931,336597.950478394,141.12600708007812
2024-01-03,64689.52072410429,55795.66854800954,26885.774919128417,12425.974162762668,335874.9893852572,142.15499877929688
2024-01-04,64863.98562735971,55838.078728837434,27072.56933959961,12424.193977808709,336456.839457247,142.99899291992188
2024-01-05,65754.97845799805,56594.710373288915,27411.25263442993,12531.47350735819,341047.4056133818,144.76499938964844
2024-01-08,66671.12028909323,57744.85524467109,27187.79556213379,12569.418212697612,346883.2754126178,144.71600341796875
2024-01-09,66346.41013220261,57664.62241148589,27105.143097076416,12521.950105071948,345796.4518431199,144.22999572753906
2024-01-10,66813.22332589494,58135.14672561746,27080.248832702637,12519.404826040634,348423.73473927897,144.42799377441406
2024-01-11,67387.67833518058,58782.898157496245,27379.04536453247,12700.319273868608,351862.8914280288,145.73399353027344
2024-01-12,67116.01486704091,58535.4066893714,27516.67765579224,12674.717265522979,350412.8783524719,145.04600524902344
2024-01-16,67214.4628931164,58831.52692871512,27396.151732788087,12636.48631683812,351557.2339047586,145.79400634765625
2024-01-17,67506.52010301313,59082.28460560219,27364.197048339844,12720.753811887023,353070.19084628916,147.24600219726562
2024-01-18,68510.17508295015,60275.76035502657,27752.86895095825,12767.75101570537,359264.0506904188,148.1179962158203
2024-01-19,69368.92141623968,61475.242470175996,27837.69616409302,12769.96325086728,365098.24574525154,148.1280059814453
2024-01-22,69512.30104127458,61552.60975520413,27731.21403137207,12808.490061225642,365703.88090435986,148.12100219726562
2024-01-23,69724.91834504095,61816.78815077878,27843.288578796386,12777.917124943813,367050.031017347,148.14199829101562
2024-01-24,69852.497044182,62205.565167324545,27633.987719726563,12750.855712522332,368548.09552159987,148.25100708007812
2024-01-25,69919.74948557487,62004.253923761826,27620.18037963867,12749.21436662447,368119.8399130618,147.59100341796875
2024-01-26,69893.37849326691,61689.9862379776,27625.67957687378,12737.740132904408,367108.9307112564,147.72300720214844
2024-01-29,70645.7502050141,62497.640326761146,27899.20608505249,12850.617930412054,371491.1779732907,148.13999938964844
2024-01-30,70270.88786434985,61800.00543438519,27810.990557403566,12809.788546402326,368422.6635696533,147.46800231933594
2024-01-31,69077.85174666115,60548.90441898117,27771.68867111206,12908.587454280922,361562.46277863014,147.36900329589844
2024-02-01,69804.82305041784,61106.835579683226,27989.508778381347,12955.903797505258,365127.7181514623,146.99600219726562
2024-02-02,70278.1548431815,61909.18721967545,27622.123869781495,12739.357932427289,368761.5979955011,146.4510040283203
2024-02-05,71002.42486208215,62693.84120007066,27854.333898010253,12791.563761730358,372999.6086320603,148.50100708007812
2024-02-06,71275.21225286396,62626.561599607485,28026.071884918216,12872.762553694303,373512.95737579337,148.63999938964844
2024-02-07,71472.22497704819,62921.10324953896,27863.69171142578,12778.626018163946,374907.82469551044,147.8179931640625
2024-02-08,71633.4345795791,63151.91856542653,27889.03610412598,12759.87275756746,376018.7619100029,148.08599853515625
2024-02-09,72618.12920437125,64278.68647940693,28000.988903808593,12837.773472860601,381959.6356345786,149.25900268554688
2024-02-12,72541.51545718254,63987.727036039105,27910.63876327515,12842.120675505957,380890.6619840062,149.16700744628906
2024-02-13,71656.54448972733,63090.20828908284,27569.704424743653,12720.716009627831,375895.08212184894,149.40499877929688
2024-02-14,72946.08855152178,64340.767895983096,27796.51989990234,12881.193319046377,383003.51562168123,150.7239990234375
2024-02-15,73361.68477076814,64455.29180490899,27950.00021850586,12901.554666548289,384433.3476026093,150.54400634765625
2024-02-16,72706.38102741113,63617.116861469076,27940.937480773926,12794.164227521342,380216.15015412535,149.9459991455078
2024-02-20,72462.34356250038,63273.35338056621,28171.117700958253,12843.76622609113,378551.26502783195,150.27000427246094
2024-02-21,72368.22320855925,62881.33501778146,28110.562850341794,12774.397260323472,377134.83799937187,149.93899536132812
2024-02-22,74070.85672322716,64901.79507917611,28200.582998657228,12811.212407031522,387622.5839486243,150.35499572753906
2024-02-23,74185.04440547217,64765.76847560545,28384.103782348633,12881.210303128113,387515.5387729181,150.48300170898438
2024-02-26,73920.7090821437,64738.116186913256,28323.723806762693,12863.253401524576,386740.98274907004,150.4980010986328
2024-02-27,74091.49337078333,64923.14401820416,28306.40692138672,12840.190569688408,387740.3285392389,150.5659942626953
2024-02-28,73958.67647047888,64547.009521091684,28344.227380371096,12880.862610101334,386270.0018428061,150.4949951171875
2024-02-29,74303.96817922723,65169.78722965732,28520.68846923828,12920.783493344588,389032.7171552958,150.656005859375
2024-03-01,74722.26832173041,65904.7156377604,28951.824785461424,12931.661647431532,392318.16117991076,150.09500122070312
2024-03-04,74647.10355744009,65673.93101411476,29422.08021255493,12903.660500257492,391432.62551915075,150.10499572753906
2024-03-05,74078.80427188805,64650.220426924825,29670.391213989256,13014.600720549139,386889.61325794423,150.46600341796875
2024-03-06,74247.83368269652,64876.16186485393,29831.24088912964,13010.130770764634,388006.44873892714,150.0489959716797
2024-03-07,74595.05665497266,65518.49485823533,29844.84329864502,12964.36809148987,390832.4823675312,149.2689971923828
2024-03-08,73451.39316693867,63966.6823646348,29814.62407699585,12852.16518758576,383207.0293079309,147.8679962158203
2024-03-11,72845.277058599,63257.68864665564,29648.348419189453,12740.952354935462,379504.23074522335,146.7740020751953
2024-03-12,73607.82369343394,64146.12549403903,29315.585206909178,12684.909002362827,384152.1116532547,146.73199462890625
2024-03-13,73936.71968638962,64037.88306886129,29699.467273101807,12733.206235227,384690.18413551,147.61900329589844
2024-03-14,73791.55640207145,63877.28963987962,29575.867790222168,12638.763268921459,383830.85540150106,147.62100219726562
2024-03-15,73619.94920060816,63406.59819192117,29616.195208282472,12674.829267904464,381976.8517039211,148.29600524902344
2024-03-18,74386.58020135501,64295.85155768263,29795.46901626587,12716.151080879315,386637.8629496121,148.9550018310547
2024-03-19,74894.85860028629,64537.82977856291,29798.97063903809,12769.156457671907,388690.7691765377,149.1439971923828
2024-03-20,76545.96991654088,66131.0179666914,30536.257040405275,12961.481394246084,397768.2862049773,151.03500366210938
2024-03-21,76659.0890979798,66322.9787205592,30448.996090545654,12939.261121959826,398637.3290439268,150.75999450683594
2024-03-22,76956.82262806194,66783.33466424268,30379.670669555664,13078.053707851674,400790.708131072,151.63299560546875
2024-03-25,76578.19794400502,66397.02771224607,30410.790477905273,13015.129593446401,398646.53021446615,151.30499267578125
2024-03-26,76471.11697206003,66211.80141979344,30522.85194152832,13040.383655642034,397813.3944067168,151.3730010986328
2024-03-27,77193.74770175401,66506.23258172095,30775.742752075195,13103.856428813273,400584.04921659303,151.52999877929688
2024-03-28,77055.22708618734,66277.18095202709,31122.7621673584,13070.375915060136,399537.8090443074,151.28700256347656
2024-04-01,76977.60546497923,66466.22185789986,31463.531319885253,12961.212701076855,399897.81069011777,151.3979949951172
2024-04-02,76580.6193337451,65972.25227958075,31966.91575134277,12949.03999149667,397379.935279269,151.58099365234375
2024-04-03,76644.01449719863,66102.43177655766,32238.618171691895,12960.844924085162,397936.5733550809,151.5399932861328
2024-04-04,75728.96916498733,65109.29316371453,32062.41177734375,13008.89440329721,392571.15972816246,151.58099365234375
2024-04-05,76374.21938002718,65750.94178412703,32548.962481994626,12897.956022381824,396177.8471133334,151.29200744628906
2024-04-08,76617.96724182404,65943.36565883958,32837.85172851563,12902.633671722919,397389.7609565023,151.69000244140625
2024-04-09,76783.95970734078,66254.08204990944,33051.66631484985,12967.239378437544,398756.43083381874,151.84300231933594
2024-04-10,75982.06924096808,65647.23325689518,32724.63741714478,12788.775629848387,394848.35522052017,151.77699279785156
2024-04-11,77154.21882062034,67217.11408515353,33621.48819274903,12870.532977046838,402618.2582704708,152.96400451660156
2024-04-12,76202.66529561697,66244.14388080542,33225.81317123413,12943.173602988796,397218.92908672657,153.19200134277344
2024-04-15,75292.68860848958,65193.06323518572,33867.879901885986,12867.814508843794,391692.0836140156,153.2830047607422
2024-04-16,75607.91793626497,65591.70724266305,34113.44991577148,12894.319196957302,393710.7144856269,154.20599365234375
2024-04-17,75400.25822757652,64998.121403505036,33970.13339111328,13017.853384576989,391383.7078446719,154.697998046875
2024-04-18,75071.94460356345,64478.49309173595,34007.71523101807,12942.54155765644,388966.62241684133,154.3419952392578
2024-04-19,74545.90819730391,63254.13332388195,34173.44843490601,12982.052824059663,383913.42378737417,154.61000061035156
2024-04-22,75247.00948722038,63902.65608585251,33335.744668426516,12985.991768906222,387685.66970959876,154.63999938964844
2024-04-23,76225.12093773532,64928.825884983184,33290.98828125,13017.579611827132,393314.163907973,154.81300354003906
2024-04-24,76154.98425026033,65119.74694603101,33214.25286743164,12971.989420761201,393707.50571358507,154.74400329589844
2024-04-25,76118.16593309365,65020.90172049034,33523.52385986328,12965.260319283616,393314.20234010695,155.25900268554688
2024-04-26,77006.578178775,66168.02132990658,33705.42216644287,13029.20662101581,399074.4832183663,155.5970001220703
2024-04-29,78584.03010787907,67558.35891854836,34204.86410888672,13302.94302643646,407354.5610382728,158.2239990234375
2024-04-30,76405.558031347,65484.31412798992,33118.24619720459,13080.633005754502,395455.7834385313,156.31399536132812
2024-05-01,76843.4498345305,65596.41721352052,33719.38640609741,13250.878007072513,396924.2454665421,157.7220001220703
2024-05-02,76569.81645000588,65583.64766647288,33185.192401275635,13143.002156851973,396178.2947445988,155.70399475097656
2024-05-03,76195.11225696036,65759.27444785587,32592.462810058594,12990.444502490818,395740.5467893305,153.0449981689453
2024-05-06,77244.02765960709,66705.87397045085,33047.40196533203,13045.981650880218,401313.3587882071,153.5659942626953
2024-05-07,77667.15073183428,67007.99731048812,33039.107665405274,13137.079427107152,403320.3884725091,154.23699951171875
2024-05-08,77932.00343261061,67190.30311744912,33051.078074646,13143.546832486309,404556.10588195664,154.7480010986328
2024-05-09,78720.90955148476,67628.86066308629,33718.15342712402,13240.619318603303,407921.10315924115,155.41900634765625
2024-05-10,78807.09108583973,67775.25657344167,33985.12984527588,13195.128478512139,408586.40301743586,155.38900756835938
2024-05-13,79035.27620379983,68119.18004369701,33697.19920166016,13247.342889197858,410215.86262352235,155.8179931640625
2024-05-14,79609.36974635864,68739.93632970308,34072.855342712406,13321.477627978846,413576.3025867676,156.23300170898438
2024-05-15,80731.87289957608,69932.77688586127,34568.843462677,13444.970270352194,420083.66553196346,156.4980010986328
2024-05-16,79424.9634284026,68802.48580945045,33946.667949676514,13229.012636150586,413288.6771609632,154.28199768066406
2024-05-17,80104.68972134915,69257.96852480783,34752.06664855957,13281.574334955221,416422.6013566981,155.37899780273438
2024-05-20,80390.53315218397,69909.20195290276,34976.11774658203,13293.545330569366,419130.0296173463,155.75399780273438
2024-05-21,80906.41444980222,70323.00192442347,35062.84400512695,13380.685435842019,421714.41256841365,156.3699951171875
2024-05-22,80612.06463222406,70255.61534147721,34392.409168396,13353.234217868952,420749.8157333318,156.25100708007812
2024-05-23,80255.25121192216,70142.33420095519,33804.18574768066,13344.31826855584,419485.02076536306,156.70399475097656
2024-05-24,80924.94299388403,70927.18108933394,33893.611715087885,13384.57547871418,423588.5896500774,156.97300720214844
2024-05-28,80915.45995045155,71137.06592964684,34222.01081634522,13298.542572385588,424198.5042245201,156.84500122070312
2024-05-29,80562.46613850968,70823.45856137527,33993.75249511719,13268.719413551646,422338.0477674809,157.26199340820312
2024-05-30,80204.11523295117,70218.85885454345,34133.16493011475,13364.687314333645,419584.14710876736,157.60800170898438
2024-05-31,80598.27077746205,69796.95581169914,33791.98153076172,13371.305167496717,419327.74688228255,156.9530029296875
2024-06-03,80780.64640928038,70273.20130522778,34142.6380090332,13478.69774962518,421233.5272206217,157.17999267578125
2024-06-04,80302.93177938963,69970.57527913548,33598.481387176515,13457.558616030099,419080.8520401984,156.0760040283203
2024-06-05,80761.70255550505,70945.76570129461,33789.108137817384,13424.194024108396,423199.0288608867,155.12399291992188
2024-06-06,81179.29289721974,71289.31913497172,34215.50065750122,13488.096440018011,425317.4918565446,155.9290008544922
2024-06-07,80959.96761146624,71120.26879024251,32945.486517333986,13325.63754391824,424238.9619673614,155.69700622558594
2024-06-10,81802.64010490656,71928.53864533646,33490.11722991943,13393.887450651653,428858.41749962023,156.83299255371094
2024-06-11,82107.8705119982,72517.75292171494,33630.114562225346,13482.650036013247,431419.7736437535,157.0399932861328
2024-06-12,82816.49244168092,73497.98083862496,33733.584682617184,13563.698396151394,436204.74176721775,157.10499572753906
2024-06-13,82822.14124105306,73752.89925104316,33393.69664993286,13627.17267668453,436983.17762908083,156.8000030517578
2024-06-14,83045.88351306853,74290.11037189628,33897.224730377195,13687.612020508579,439176.1895047026,157.1280059814453
2024-06-17,83929.52870907245,75400.20316957422,33810.94818649292,13659.988006594607,444806.73781662364,157.54600524902344
2024-06-18,84225.01032786765,75497.24186819732,33979.618342437745,13733.068462018633,445868.17283667484,157.6999969482422
2024-06-20,84133.62590564815,75037.86961265345,34460.11565551758,13720.515316400073,444253.5916925124,157.95799255371094
2024-06-21,84538.39260694376,75297.80921899005,34135.200127563476,13807.968807631236,446088.1101716079,158.93099975585938
2024-06-24,84756.66225538494,74876.08558265369,34470.82579803467,13900.58089765275,445394.0059702998,159.86099243164062
2024-06-25,84989.91183052701,75649.43737871585,34262.22915527344,13897.16611782316,448319.26242776704,159.68600463867188
2024-06-26,85095.98737725061,75805.66613871795,33946.050866088866,13813.082998572416,449063.9854182763,159.68600463867188
2024-06-27,85729.18344004142,76446.3516248776,34531.90926239014,13925.12108804107,452634.99220686615,160.62100219726562
2024-06-28,85426.91865620215,76080.77099385274,34549.3111088562,13856.623026177745,450751.3482386784,160.68699645996094
2024-07-01,85719.92767986693,76631.763183356,34686.72149002075,13771.984729655156,453146.21547108004,160.90699768066406
2024-07-02,86621.26922048052,77727.52499209461,34815.525299072266,13876.14596131745,458770.324458717,161.51199340820312
2024-07-03,87003.51610150472,78371.66702867683,35206.25648101807,13968.241537962647,461687.1753141735,161.50399780273438
2024-07-05,87426.11999533173,79117.2515950798,35648.82331756592,14033.361796959007,465011.05970200116,161.35800170898438
2024-07-08,87136.4438242002,78951.54191411562,35049.60532653808,13975.20844259311,463756.0662943907,160.63800048828125
2024-07-09,87340.08913670931,79127.52929591086,35156.90474609375,13974.884066088112,464814.6297563254,160.85699462890625
2024-07-10,88464.2573174977,80188.1496946463,35389.56676757813,14029.518007719471,470922.2565339409,161.33099365234375
2024-07-11,87851.50883005947,78563.78505860982,36078.76155090332,14143.366140795151,464492.84852754045,161.60699462890625
2024-07-12,86542.41650451577,77359.81398749346,35296.226008758546,13874.601651440946,457472.74224160914,158.2010040283203
2024-07-15,86841.84920219891,77622.65989067157,35435.19958236694,13840.416539796237,459041.30705390224,158.31300354003906
2024-07-16,87261.93333883116,77568.0209799242,36102.010366973875,13886.923692479786,459987.26734831324,158.14100646972656
2024-07-17,86152.12727637886,75390.52605220643,35981.871886901856,13917.014831483084,450607.91552779835,158.35000610351562
2024-07-18,84051.81903861788,73771.40657955695,35150.786127319334,13643.932186528351,440270.971750095,155.68600463867188
2024-07-19,84278.79409014595,73805.08625439505,34844.868146667475,13728.5481039458,440969.3654799032,157.14999389648438
2024-07-22,85295.0730626875,75034.26363989506,34916.198950195314,13739.18215522132,447291.9405904078,157.4219970703125
2024-07-23,84874.03053667687,74517.59408460135,34920.80022003174,13703.015590100013,444650.5110946698,156.89100646972656
2024-07-24,82356.831664656,71330.37059511046,34549.34359130859,13574.621370419733,428567.4024176416,155.76800537109375
2024-07-25,80940.49726062309,69693.71324716594,33599.0234425354,13440.992624633012,419982.3045204311,153.89100646972656
2024-07-26,81743.8228476812,70319.73002690713,33910.170483551025,13488.135324084022,423955.93844978913,153.69700622558594
2024-07-29,82027.08537434152,70663.61762467425,33959.90614746093,13549.776431837645,425722.006837017,154.13900756835938
2024-07-30,81449.47432819285,69554.94327920736,34230.91750305176,13551.384066194145,420913.3952905018,153.83299255371094
2024-07-31,82147.62791501709,71071.92588386316,34587.38808517456,13547.95866304866,427249.83652919903,152.6699981689453
2024-08-01,79432.23411110786,68021.32519735342,33807.70362411499,13345.241798560617,412986.471375396,149.74400329589844
2024-08-02,77670.65659990246,66166.04008298436,33620.9542477417,13503.462714181049,406254.1412370055,149.2010040283203
2024-08-05,73580.51000393758,62637.0193062238,32389.52823852539,13189.635601188926,388048.37655025854,145.58399963378906
2024-08-06,74363.96005673583,63324.99664581879,32175.85151824951,13090.416358683107,388801.2236445273,145.7899932861328
2024-08-07,73330.8659836645,62184.62978102361,31920.641415405276,12948.339556577486,383797.7336020249,144.73199462890625
2024-08-08,75747.65809807967,64703.285629389626,32733.2356539917,13033.489661026084,396382.7292116083,146.12399291992188
2024-08-09,76886.11626564483,65728.89226540342,33160.552065429685,13224.821387060292,402101.64085504244,147.66900634765625
2024-08-12,76599.87945495448,65590.76131180108,33585.86492080688,13205.567334064985,404307.2278774229,147.04200744628906
2024-08-13,77827.84117274385,67190.81747000692,33520.713695068356,13258.917523503771,408719.30432470766,146.98199462890625
2024-08-14,78067.52467217016,67207.57446128699,33244.83862609863,13275.68231841709,407069.5395338726,146.9709930419922
2024-08-15,79557.98619559291,69037.66508376686,33413.17958724975,13217.673910987149,413612.626523074,147.2530059814453
2024-08-16,80802.55267031542,70050.75672806331,34618.01180831909,13420.764448086768,424085.6006302398,149.2220001220703
2024-08-19,80883.05383044203,70368.82351057018,34268.08768981934,13324.778283617345,422885.9402239155,147.95599365234375
2024-08-20,80065.48717932319,69624.5692864302,34101.650731811525,13264.748158289814,419621.20712918683,146.69900512695312
2024-08-21,79600.2020846161,69304.64235840189,33742.306078338625,13169.514739749491,416444.15522704873,145.3470001220703
2024-08-22,78851.03248249012,68098.35981109254,33285.71479202271,13088.072951777094,410001.28327405476,145.1179962158203
2024-08-23,80284.10597040033,69351.1193555323,33921.78707702637,13246.983685285291,417690.09045329085,146.20199584960938
2024-08-26,78886.42289352001,67643.456334912,33517.44,13031.406615599999,410060.8434584028,144.0
2024-08-27,79277.80695237707,68088.64622282606,33728.59074996948,13072.730579815528,412701.4386143567,144.51600646972656
2024-08-28,78522.52275774292,67064.01548945867,33366.207664489746,13017.10190944413,407385.63714293466,143.97500610351562
2024-08-29,78779.3619557495,67178.86388675313,33645.667037200925,13035.690050411036,409453.41184538836,144.43299865722656
2024-08-30,79783.03388227407,68194.69218379933,33511.60795883179,13031.151915275164,411683.23411303386,144.88999938964844
2024-09-03,79129.19794167313,66960.31807601865,33788.60940811157,13283.203238598786,410799.0930135314,146.7220001220703
2024-09-04,78230.42476464897,66163.16759908292,33493.69105865479,13236.493816276394,406678.258539336,145.35299682617188
2024-09-05,76950.7881679488,65300.49581908324,33301.332591247556,13082.453032068825,402207.03219700314,143.32400512695312
2024-09-06,75692.1202847242,63581.86961302426,33070.72882873535,13107.464466634556,397555.1138274472,143.39300537109375
2024-09-09,76055.44665212868,63992.160378359804,32999.755847167966,13043.149786975524,398054.1766861189,142.48599243164062
2024-09-10,76757.17174705262,64896.76783607735,33305.83419433594,13162.459655585815,401736.67521143187,143.177001953125
2024-09-11,77033.885391359,65869.31697582924,33033.844997406006,13066.486629963141,400779.80389850994,142.23399353027344
2024-09-12,77877.1936243898,66682.37898744612,33698.293834533695,13077.924515347171,407024.9361316953,142.58999633789062
2024-09-13,77684.95217060517,66468.61770147749,33772.97963012695,13002.921967122134,406988.67303468444,141.49899291992188
2024-09-16,77409.85486697961,65843.3881132943,33600.939797668456,12971.891246348901,405225.72567657864,140.7899932861328
2024-09-17,77441.48777624957,65878.17140942665,33415.09700653076,12948.268213046915,404166.99814192974,140.7899932861328
2024-09-18,77883.62108341098,66163.66907168907,33445.9525062561,13004.006572571561,405493.43407375517,142.01499938964844
2024-09-19,79600.32363244717,68168.55229559825,34131.952305755614,13057.004584155266,414117.10613963904,142.7100067138672
2024-09-20,79545.06333309386,68109.36263007035,34601.63659393311,13066.550125856482,416856.34171230166,142.85800170898438
2024-09-23,80383.53754838108,68934.54584253159,34946.89018676758,13163.314900666443,421130.8805123024,144.00399780273438
2024-09-24,80408.65386559299,69091.0120987317,35345.002780151364,13144.587642840244,423637.7717748501,143.63800048828125
2024-09-25,79854.2790828455,68830.0854760336,35130.297360076904,13029.510958629578,420894.7953724287,142.96299743652344
2024-09-26,81135.41535319867,70181.53356551255,35733.807008361815,13176.829467144504,427892.15957044344,144.68299865722656
2024-09-27,81237.81575839156,69981.10876179922,35546.52250701904,13265.363345605214,427006.5984777508,145.0760040283203
2024-09-30,80274.20285939505,69061.801833807,34704.837137145994,13019.761442311195,419364.75861865486,142.7830047607422
2024-10-01,80071.57245201347,68541.7319779594,35296.61474899292,13152.109457228353,420644.172673275,143.7100067138672
2024-10-02,80119.85331482042,68650.98779321494,35310.183900756834,13116.86212622567,421057.9178912608,143.73599243164062
2024-10-03,81556.86946546439,69957.99910772413,35984.415359802246,13308.060505734611,429086.12645975756,146.58200073242188
2024-10-04,82442.85911836597,70914.96200128291,35975.7991027832,13202.441753308149,431943.4902408035,146.83999633789062
2024-10-07,82799.15914346745,71101.33040174984,36337.38118835449,13331.769899588027,434684.63208677317,148.82000732421875
2024-10-08,83203.68979153766,71836.3748770601,35906.14507324219,13282.469800052571,434325.6961390056,148.14599609375
2024-10-09,83787.34322515164,72407.9645893655,35713.726126098634,13233.77114960799,434906.11756416206,148.15899658203125
2024-10-10,84205.81666388037,72814.39583441228,36219.0320892334,13321.788041811113,439180.61902615125,149.16000366210938
2024-10-11,84451.0867509095,72705.26217894943,36502.36959152222,13285.23158322436,440552.8617139761,148.70399475097656
2024-10-14,85502.47085217483,73625.97450203905,36597.283290252686,13317.782540245942,443922.6592800908,149.33399963378906
2024-10-15,85029.02513604965,72805.27098207847,36806.84594970703,13416.310249491355,442688.0313244416,149.6699981689453
2024-10-16,85072.80148543532,72536.38047305505,36849.81760864258,13386.034888931938,442129.03430882527,149.0989990234375
2024-10-17,85352.29892866015,72818.84129492517,37189.08188156128,13358.941893835223,445028.0778327705,149.5760040283203
2024-10-18,85980.76573232946,73552.92219014082,37715.62853363037,13421.17750795986,450426.38240923896,150.10000610351562
2024-10-21,85553.62887220191,73448.75188302025,37582.5135333252,13272.974411625952,449309.140463545,149.60000610351562
2024-10-22,86082.61706574015,74022.7649997393,38243.126565094,13349.468326097609,455027.12063132506,150.60499572753906
2024-10-23,85597.92038620981,73146.4125956231,37915.990182495116,13365.628004804872,450395.57512812456,151.13800048828125
2024-10-24,86708.7627528968,74535.296037056,38620.00249023438,13539.854922295228,458851.7802963794,152.7689971923828
2024-10-25,86119.38672094926,74505.49154476135,38449.670765991206,13422.66784349118,457736.78774446715,151.7830047607422
2024-10-28,87050.92789212528,75091.43860489638,38747.32910858154,13494.587155243029,461308.2134386905,152.95199584960938
2024-10-29,87321.21528928104,75925.46540711047,39227.6103288269,13520.343458847912,466732.11176265136,153.1790008544922
2024-10-30,87111.03929211607,75398.38540901981,39468.05553436279,13508.667616337396,466575.83372207946,153.2740020751953
2024-10-31,85364.3843029958,73461.55362460834,38838.74470932007,13495.336168165193,456903.11654090096,153.20399475097656
2024-11-01,85039.78924410879,73413.84275631211,38370.38952133179,13307.929261267713,454702.2170803874,151.97999572753906
2024-11-04,85028.03095065856,73347.83812957477,38502.72285812378,13406.217696534835,454466.31207148416,152.28700256347656
2024-11-05,86049.95172486776,74278.16561313374,38586.73864746094,13412.389261014927,460079.51653146185,152.2760009765625
2024-11-06,87702.57511459818,75874.42527204656,37207.57890014648,13200.561928947871,469441.30939952773,151.43499755859375
2024-11-07,90064.45650329477,78537.26730845738,38525.98982849121,13560.586277212306,484002.8358662963,154.32000732421875
2024-11-08,89786.36916483886,78048.16766907701,37982.51098388672,13489.139389673415,481744.4300296523,153.17999267578125
2024-11-11,89710.00128360697,77862.08866079974,37024.176244812006,13427.554443382003,480963.8686578742,152.9040069580078
2024-11-12,89768.21178065705,78013.94123181957,36842.87297439575,13393.217090385555,481589.87182409316,153.47999572753906
2024-11-13,90499.40113078237,78510.04078045911,36750.667359924315,13487.05015419416,485080.8709050324,154.65499877929688
2024-11-14,90367.4897594663,78354.60569131756,36838.22749252319,13553.091231101549,484246.8047908462,155.4290008544922
2024-11-15,89806.35123770294,76999.03638117196,37018.76466873169,13649.5593323701,478547.64165585523,156.46800231933594
2024-11-18,89134.6492854418,76640.06983417849,37287.94411315918,13522.645014589158,475640.45727247867,154.66400146484375
2024-11-19,89433.29971067056,77143.88392599477,37610.58631896973,13547.535266931385,477999.4027320376,154.61700439453125
2024-11-20,89522.03951383903,77149.81037542631,37847.11772735596,13536.071917497964,478254.9184269882,154.71800231933594
2024-11-21,90338.2738125344,77716.08595248457,38305.06424835205,13579.270895562477,482190.60282179445,155.2949981689453
2024-11-22,89989.81281539466,77300.9063011965,38529.82569946289,13493.773807760152,479973.12735642225,154.21800231933594
2024-11-25,90252.90296363042,77387.02211253568,37377.321132812496,13633.473845550061,480943.0166933974,154.14599609375
2024-11-26,90860.70978446174,77919.63409091267,37506.13655319214,13625.039513711581,484217.39286088524,154.3780059814453
2024-11-27,89782.09815838654,76620.60143135933,37256.16206390381,13558.74018918907,477310.44093492604,153.00900268554688
2024-11-29,89256.40697855993,76366.88594534714,37126.82167068482,13452.840024550074,475119.53385285323,151.1739959716797
2024-12-02,88661.65958688027,76546.75986091014,36491.16790161133,13338.163220700939,474089.063853101,149.8979949951172
2024-12-03,88472.00238800225,76581.7028220827,36469.48536804199,13265.488489028141,473692.43241815525,149.50799560546875
2024-12-04,89104.14145719164,77600.55635858598,36614.132266540524,13328.498656458736,478542.9197292651,149.64700317382812
2024-12-05,89504.3985552368,77861.26813718837,36566.70194610596,13409.023120488468,480419.4449086343,150.56700134277344
2024-12-06,89459.65769223722,78370.26696531793,36492.79082794189,13419.35092783062,481882.1886969892,150.20700073242188
2024-12-09,88894.09783748185,77668.3216981143,36811.360500488285,13356.9655249274,478193.9899784651,150.02999877929688
2024-12-10,89431.66094940646,78114.6109602376,37638.5159034729,13455.435403088068,481013.04810650635,151.4080047607422
2024-12-11,90360.51965324163,79722.59049444529,38097.486435546874,13450.91034719303,488484.93167201296,151.8070068359375
2024-12-12,90154.28951140621,79436.60487284216,37647.14239257813,13438.162305541042,487046.7294971566,152.2449951171875
2024-12-13,90338.87457168012,80224.45427951182,37275.4796017456,13405.195826836347,489987.02558940416,152.58700561523438
2024-12-16,91239.52657335822,81841.60733535081,37577.571357421875,13485.606551340055,497412.27938155644,153.4530029296875
2024-12-17,91238.42951595981,81817.30317056084,37587.73848266601,13541.23485134791,497333.82140363555,154.08599853515625
2024-12-18,88223.92060994172,78602.51310923461,36743.63820953369,13391.351813200044,479312.08800355904,153.57200622558594
2024-12-19,88829.1402517825,78813.48436731593,37059.651794433594,13426.04866420116,481580.027130118,154.67300415039062
2024-12-20,91622.7347280869,81028.81131861778,38165.611720275876,13734.523788289744,495907.00654227484,157.6439971923828
2024-12-23,91521.82587463467,81241.58309117869,37718.192827148436,13577.160823819382,496299.472048374,156.5330047607422
2024-12-24,92912.71277004988,82675.65432913446,37945.915979003905,13639.39375449524,504461.6677061154,157.1649932861328
2024-12-26,92899.97592992369,82602.67229806156,38194.317241821285,13646.9975949707,504200.915158347,157.13299560546875
2024-12-27,92281.84051242576,81823.6330875571,38080.367465209965,13664.680453809515,500133.0572290737,157.7480010986328
2024-12-30,91301.04950960806,80799.36125125374,37988.98025436401,13755.965393939532,494336.94955996715,157.8730010986328
2024-12-31,90462.96690304544,79667.4414497051,38013.19816772461,13654.273812648607,488586.4438422336,156.9949951171875
2025-01-02,90656.85369897481,79878.28280003706,38707.395541992184,13724.684395949118,492058.75517881085,157.718994140625
2025-01-03,91582.6083332419,81001.74217166056,38316.0732611084,13671.341945493128,493004.3945565036,157.36199951171875
2025-01-06,92179.83841167121,81994.64965825244,38297.805072784424,13668.30454369719,495931.8751600223,157.4810028076172
2025-01-07,91289.45122014146,80665.49654405078,38577.62715454101,13628.517691018744,493643.6319084497,157.7429962158203
2025-01-08,91708.55184012075,80931.73745776608,38903.901099243165,13695.004997784474,496543.28059903084,158.23599243164062
2025-01-10,90201.10891135655,79567.99766221893,39229.095110168455,13578.798049952047,494438.7165055304,158.04800415039062
2025-01-13,90248.92352838417,79231.48410810845,38799.14976013184,13541.123480748936,490661.6380271545,157.88699340820312
2025-01-14,90073.74951779118,78894.05613031925,38873.62852798462,13500.724417889789,490102.702251442,157.36399841308594
2025-01-15,92111.99088918578,81060.95223331465,39335.48475952148,13702.773833420635,499695.26820519636,158.0500030517578
2025-01-16,90890.72829148333,79578.86741910789,39157.50422363281,13579.592165035558,494014.90587770834,156.2550048828125
2025-01-17,91275.0775816435,80456.45692122792,38725.59081985474,13511.726276308398,493947.5487176388,155.3560028076172
2025-01-21,92047.12570498268,80872.58946816067,39298.17757781982,13547.839925966082,498879.55051156325,155.24899291992188
2025-01-22,92877.58941170595,82183.59760471628,39633.579347991945,13558.371733528487,505040.60958418914,155.7740020751953
2025-01-23,93783.78173221556,82710.43842621507,39746.711420288084,13580.90547048444,507378.2303855768,156.44000244140625
2025-01-24,93339.64809433729,82093.20273898711,39921.025437927245,13584.164550347605,506598.92647121334,156.15499877929688
2025-01-27,91777.12597799164,79493.31040530468,39401.67539382935,13636.602531315893,495311.7276457867,155.74400329589844
2025-01-28,92069.42538419997,80235.72284874956,39529.677747802736,13564.953150495081,498405.2166690844,154.90899658203125
2025-01-29,92041.28574331445,80421.07637647708,39543.09925842285,13605.72349235845,499059.18902118044,155.5590057373047
2025-01-30,92303.88075797721,80561.89856438436,40041.61802749634,13600.988250730348,502674.170474311,155.1699981689453
2025-01-31,91177.76004238335,79888.5660564687,39843.3203515625,13485.123013798553,499343.6086391028,154.0970001220703
2025-02-03,91308.2145928607,79900.28397019616,40385.05993347168,13605.673194199644,501875.7369233384,155.36300659179688
2025-02-04,91869.84418061771,80836.31247224762,40760.210609436035,13631.95361924374,505748.631088682,155.27699279785156
2025-02-05,91562.75126544054,80604.87976941669,40711.148129272464,13610.322776081734,504598.67524544394,154.13299560546875
2025-02-06,90970.71943501785,80222.8939381077,40200.99931961059,13459.592315978678,499804.9844621663,152.6060028076172
2025-02-07,89303.40551096416,78477.5883257842,39899.83089599609,13290.591930094746,493345.7493719311,151.1929931640625
2025-02-10,90298.20958102107,79770.6138135787,40750.909152679444,13345.118474245624,501362.646446969,151.8459930419922
2025-02-11,90315.11322721104,79535.11109984806,40578.83972808838,13302.989554350706,500342.2671679981,151.75900268554688
2025-02-12,90605.50214812387,80095.71454080577,40883.64770523072,13296.344319229715,503031.9932855783,152.73899841308594
2025-02-13,92470.87045161835,82054.37690357414,41696.67036987305,13529.08800285598,513210.472818156,154.2550048828125
2025-02-14,91707.42822940332,81722.61916023117,40739.440387420655,13474.541825172853,505172.54695820564,152.98899841308594
2025-02-18,91047.81962322512,81080.71890878565,40995.89086608886,13266.773835264281,504946.1176092011,151.44400024414062
2025-02-19,91555.70103594936,81364.07197230788,41150.51128387451,13331.012627482238,507303.5702653554,151.93099975585938
2025-02-20,90748.1228485538,80639.57399816895,40979.10813079834,13295.829503240737,504016.684385104,151.22000122070312
2025-02-21,88127.16574838241,78019.72023132473,40450.723208923344,13214.312887143242,493522.2220358674,149.4080047607422
2025-02-24,87713.81005284152,77087.9105072139,40664.633475646966,13240.741809084659,493710.20317552786,149.38699340820312
2025-02-25,87556.28288639976,76359.70328261434,40256.467253723145,13388.017650785596,490745.4984694171,149.86399841308594
2025-02-26,87141.0449017845,76142.70829364694,40106.455128173824,13354.498554067866,488671.76162761357,149.0780029296875
2025-02-27,85612.05463541961,73908.94604561068,39431.650660858155,13317.497897917941,480276.7078833388,148.83799743652344
2025-02-28,87633.89799874471,75668.25799426802,39493.65750457763,13496.397486820366,486229.3801804158,150.01199340820312
2025-03-03,86534.18247067484,74386.92619932722,40216.65549804688,13614.12729060865,487615.9254211951,150.77099609375
2025-03-04,84678.4450238937,73441.3314954678,40172.0013293457,13439.221516430878,482184.51071647566,149.30499267578125
2025-03-05,85871.74118270434,74644.87616709572,40388.80529388428,13408.301915527998,486832.93826618796,149.7989959716797
2025-03-06,83840.08969278143,72154.82137019793,39941.887157440186,13320.585470228843,478440.65168066963,148.8979949951172
2025-03-07,83862.69238181789,72299.77521855573,39750.70657867431,13233.03596624705,477328.60969474027,148.10800170898438
2025-03-10,81353.38317412484,69263.07936538251,39269.6327746582,13280.865911384464,467399.04038462124,147.60800170898438
2025-03-11,80382.50885020405,68845.2002680727,39585.092105712894,13184.890520676654,466639.60684117157,147.06900024414062
2025-03-12,81343.69218037756,70082.4428933532,40020.19587295532,13232.762322842154,471984.51256703906,148.04200744628906
2025-03-13,80387.8291712598,68931.80511392182,40796.00318435669,13307.448297299281,474095.7512850271,148.2790069580078
2025-03-14,81865.6986847857,70440.80059212502,40721.484171142576,13231.473327329344,477744.73972566635,147.94900512695312
2025-03-17,82858.87641752102,71208.52515729047,41121.52653305054,13300.803064053202,482963.0949881271,148.59800720214844
2025-03-18,82394.07897242812,70362.47354106819,41820.14422485351,13386.31069134096,485964.63079560036,149.37899780273438
2025-03-19,83332.12536306708,71338.86514639462,42012.45055328369,13434.005532714647,489753.18749065185,149.45199584960938
2025-03-20,82556.30956241715,70639.42212361925,41688.56904220581,13367.272940290026,485606.89836539375,148.49000549316406
2025-03-21,82642.42214965372,70922.88902463799,41382.498102264406,13365.526483399446,483965.31649990805,148.5959930419922
2025-03-24,84734.39406248962,73006.47366933046,41497.948791503906,13384.591468371893,490488.2780011742,149.677001953125
2025-03-25,85560.60357623862,73961.21872597608,41986.036357879646,13505.594784889769,495783.6971610243,150.7740020751953
2025-03-26,84077.13689288856,72203.5092629278,41722.087150878906,13400.460705463365,490039.1803301903,149.9499969482422
2025-03-27,84146.32756710186,72042.49673491967,42428.8738407898,13435.769960113437,494574.8435289834,150.47300720214844
2025-03-28,82656.69723695038,70320.11926397808,42849.59885467529,13578.020489454277,493020.69713323744,150.8470001220703
2025-03-31,82533.04891991506,69743.75934993396,43110.643646240234,13507.084328983152,494281.27180192247,149.61700439453125
2025-04-01,82929.90173051067,70445.05668418828,43110.47979522705,13581.453785341399,493437.33851712226,149.91299438476562
2025-04-02,83382.34541538838,70897.67103520273,43161.470651855474,13556.836424702635,493281.55610589974,149.7830047607422
2025-04-03,78261.78697798048,66246.14080396632,42353.496526794435,13521.910078661005,488025.2869254339,147.8719940185547
2025-04-04,72862.45533532945,61442.166917965784,40903.73610534668,13409.461440076395,477689.09527733206,146.2310028076172
2025-04-07,72335.76048637064,61254.332888700235,39806.46606246948,13176.971328464679,467187.2303881255,145.43299865722656
2025-04-08,72356.25965581718,61125.682500078896,40671.533203125,13322.86423519828,474786.9664234912,147.78900146484375
2025-04-09,78903.34587944111,67562.09483003903,41621.246448364254,13105.939174969712,476276.35527833586,145.84500122070312
2025-04-10,76249.76465057035,65377.797272969074,43092.098256683355,13162.745716307732,485721.84598340426,147.3990020751953
2025-04-11,75687.37867523036,64932.5914834045,42826.541927948,12764.049838953846,476956.29927137424,143.7469940185547
2025-04-14,76394.54618277097,65349.52430699031,42567.06582687378,12862.1803858273,477255.74750899564,143.6959991455078
2025-04-15,75928.75074929468,65206.11383695356,42648.34730804443,12857.861954306063,477642.17083776114,143.2209930419922
2025-04-16,74220.27459155745,63222.262263152064,44023.86199493409,12910.19043190497,486460.9593541949,143.18099975585938
2025-04-17,73675.7270302942,62657.704283536,43446.99745422363,12760.708334744328,480444.44976350904,141.92799377441406
2025-04-21,71922.04290629234,61107.13420911925,44791.05555526733,12691.759354729686,486878.99802973,141.92799377441406
2025-04-22,73246.3280335252,62246.49463281917,43827.934562683105,12607.080007722689,479831.01838009374,140.87600708007812
2025-04-23,75338.03467557122,64476.925354273524,43327.212274932856,12782.828481664252,480161.35316727316,142.68800354003906
2025-04-24,77212.24029984562,66539.67525029565,44122.71182876587,12900.33534931359,486847.2371880644,143.22300720214844
2025-04-25,77583.32483089574,67119.85271702366,43539.51700042725,12918.345834490332,483838.8310948218,142.87899780273438
2025-04-28,78135.48158764881,67550.32267458401,44456.9389263916,13057.391379563403,491613.57005571225,143.84100341796875
2025-04-29,77718.63522633389,67210.31705893697,43514.996774597166,12951.121717508859,484294.30803162034,142.17799377441406
2025-04-30,77815.64998436658,67259.02968362995,43226.16600631714,12982.476038632447,483212.1420211855,142.2989959716797
2025-05-01,78758.14200032021,68477.45857864921,42539.457938842774,12990.313347994403,479139.18586841464,143.00900268554688
2025-05-02,81290.38400576446,70679.1374474825,43340.594458007814,13122.900721938482,483666.66374613665,145.447998046875
2025-05-05,80366.34376172774,69861.78881041279,44382.21094726562,13025.05946792627,489553.1706015478,144.62399291992188
2025-05-06,79160.10785897163,68747.75069174272,45319.96611511231,12970.649685016255,494852.72401794966,143.6540069580078
2025-05-07,79150.47658392947,68720.25593608234,44448.12738800049,12948.932935267168,489925.6854227624,143.03500366210938
2025-05-08,80155.00590074324,69824.41755015549,43820.418433990475,12920.805142855272,486378.30200565106,143.84800720214844
2025-05-09,81258.82540524205,70829.83586974915,44803.24241271972,13125.218027607267,491932.55364060216,146.01499938964844
2025-05-12,83827.5160108006,73612.9724863446,43479.67922439575,13023.361179219371,484452.6761021903,145.81199645996094
2025-05-13,85826.691557299,76015.21968723193,44412.91186889648,13236.551441318079,489726.67129735206,148.30999755859375
2025-05-14,85483.26195605412,76067.57972745903,43249.30844421387,13117.412857551415,483150.777379568,147.5279998779297
2025-05-15,85389.55827748103,75697.96355403343,43678.2341821289,13124.836204351228,485574.7734690483,146.64999389648438
2025-05-16,85322.79079023983,75489.83069968801,42845.17105957031,13036.202977977247,480866.86817712506,145.61300659179688
2025-05-19,85231.34662524387,75398.74431277279,43303.16417694091,13001.059097510131,483455.13329479244,145.29800415039062
2025-05-20,84755.94986812206,74980.36696318704,44011.51235290527,12955.531874866558,487458.23466351524,144.97500610351562
2025-05-21,82955.86378242842,73608.4157980802,44138.38985595703,12808.058554264624,488175.2598826953,144.3280029296875
2025-05-22,82659.12479149342,73453.3714671724,43573.579530029296,12805.293044362637,484983.336665399,143.7550048828125
2025-05-23,82153.73696966883,72825.28191745779,44560.01602935791,12851.587577080243,490558.0038059539,143.85800170898438
2025-05-27,83160.4678256471,73915.19176898754,43438.4471282959,12797.286242236582,484219.6603820497,142.65499877929688
2025-05-28,83561.47267645081,74372.72124675664,43802.414963378906,12897.997695904092,486276.55865359283,144.177001953125
2025-05-29,84775.75733981199,75304.5376980906,44526.46207260132,13088.279467404203,490368.37969908654,145.69700622558594
2025-05-30,83566.16619355867,74196.00409859716,43651.30651245118,12954.454950636346,485422.5966229702,143.7790069580078
2025-06-02,84057.9284799273,74800.73592240344,44822.82181091309,12913.590604425579,494419.6090015137,143.81500244140625
2025-06-03,83736.07691241856,74670.9972396599,44004.84603790283,12778.909388845479,489482.9218351939,142.45199584960938
2025-06-04,84527.51819860564,75607.1873725529,44718.92504577636,12998.314245354839,496514.57141979533,143.83700561523438
2025-06-05,83472.78059557026,74461.62804845627,44151.28789855957,12860.137185110654,489597.3767700436,142.73199462890625
2025-06-06,84808.53597534644,75616.22079305029,43806.1498324585,12829.89650290763,491514.49706467247,143.54200744628906
2025-06-09,85564.43783499156,76333.6853329787,44365.15266082764,12956.178279854577,496968.10313846415,144.6909942626953
2025-06-10,85959.7595275764,76758.35968217548,44331.861340789794,12964.831036583588,498189.34183062916,144.5399932861328
2025-06-11,85891.32141200696,76657.44803223433,44663.693269500734,13045.721620541624,499684.15510478395,144.83799743652344
2025-06-12,85854.62262965547,76500.55712133263,45020.177514648436,13045.215232883233,501129.655365719,144.2030029296875
2025-06-13,84300.74026350462,75011.54554092005,45290.83033721924,12905.882740582107,497695.91902486933,143.19400024414062
2025-06-16,85635.90285113048,76531.38153412656,44924.69304565429,12949.426116927123,500705.43491334864,144.09100341796875
2025-06-17,85280.06511071572,76120.66254514824,45146.76547851563,13070.596561196886,500570.65665593353,144.72900390625
2025-06-18,85648.40271305485,76447.94933131621,45104.35995666504,13137.391283134759,501419.54185349285,145.37600708007812
2025-06-20,85354.3978437592,76053.04333559054,45036.45905929565,13131.466890277552,499739.13637114683,145.21800231933594
2025-06-23,86794.61829304253,77367.34166567869,45487.36161621093,13268.701652462636,506571.1890888249,146.2239990234375
2025-06-24,87575.81738252108,78391.43243051317,44681.692413787845,13288.014413463467,505518.8377852428,145.92799377441406
2025-06-25,87041.84025802997,78068.90395741997,44519.19406494141,13205.156524721775,503556.5449919742,144.95700073242188
2025-06-26,87690.77033851409,78770.06292045896,44453.651254577635,13247.567268812823,505514.5856244136,144.9040069580078
2025-06-27,87998.73097962889,78925.1836793678,43584.726753540046,13193.684092851308,501239.3684903342,144.69400024414062
2025-06-30,88311.3072295667,79339.21181547684,44053.11658905029,13230.199225279912,505189.965196558,144.51699829101562
2025-07-01,87844.72165170874,78280.11976864628,44225.690938568114,13140.107144076474,502622.9129070744,143.8000030517578
2025-07-02,87998.70995395366,78607.19832623101,44347.066272735596,13076.15134378892,504362.39033678133,143.40199279785156
2025-07-03,88768.95835158153,79449.35661809487,44082.5759399414,13041.901884685562,505559.69571343577,143.5260009765625
2025-07-07,88704.1463623212,79384.86652428676,44414.35059768677,13088.529367820078,507239.6536711034,144.4980010986328
2025-07-08,89510.83091334457,80195.71577865028,44374.51020019531,13195.150777941006,509614.1283708067,145.89199829101562
2025-07-09,90638.28246662537,81293.19901338565,44865.30618164062,13350.918052693074,515925.8433992224,146.8489990234375
2025-07-10,90438.96710681372,80769.983842509,44740.106314086916,13277.067697258213,513535.44654484553,146.11399841308594
2025-07-11,90228.35730834647,80684.18317940863,45223.47058410644,13230.966506190089,516009.14691075805,146.28799438476562
2025-07-14,91022.82309730725,81534.23327285661,45368.332386016846,13316.377518807172,519559.7871410521,147.2949981689453
2025-07-15,90939.67610192469,81884.36229592326,45332.24244400024,13308.712741675301,520477.6880321678,147.79200744628906
2025-07-16,91841.95147320718,82505.62212579003,45857.066349182125,13433.173667398676,525455.2884836904,148.76100158691406
2025-07-17,91933.15635723654,82749.51756542223,45524.24460983276,13360.455633256324,524344.873946362,148.0030059814453
2025-07-18,92138.30654740492,82915.18850823144,45778.028794097896,13437.207358012267,526319.6065014494,148.44200134277344
2025-07-21,92306.17501982328,83338.90708464198,46478.198953552244,13483.325572680855,531660.7408008658,148.43099975585938
2025-07-22,91683.73376069659,82336.716433912,46595.983819580084,13428.770292623041,529115.7558995067,147.40899658203125
2025-07-23,92072.32363107472,82362.14752556647,45823.34244323731,13323.921837717182,524803.2585853073,146.78500366210938
2025-07-24,91829.23195976013,82292.27907732231,45407.70392700195,13264.637527876912,522215.36325374985,146.3489990234375
2025-07-25,92630.51016731554,82860.12068964787,45189.33850097656,13355.203588992776,522795.0290066784,147.0050048828125
2025-07-28,93116.25382181795,83575.92814829326,45143.569411163335,13398.752293927617,524830.9107212175,147.81300354003906
2025-07-29,93289.09621431974,83822.46062500827,45471.69494628906,13547.669009835117,527487.8171245549,148.47900390625
2025-07-30,93148.39537925378,83913.84630369651,44675.10472412109,13497.175197151668,523250.69052595017,148.44200134277344
2025-07-31,93289.09299682961,83910.02021717487,45209.50833129883,13579.943315028571,526277.614689931,149.2259979248047
2025-08-01,92710.70280721613,83109.29302900904,46605.133901062014,13879.045876090477,531660.9902623906,150.77200317382812
2025-08-04,91979.31974799292,82717.76933187497,45810.41285110474,13581.87955880125,525858.4746422694,147.34300231933594
2025-08-05,91171.388880654,81849.47763554557,45676.109652099614,13521.265142299213,522325.6817426019,146.79299926757812
2025-08-06,92349.74775732274,83312.45517547005,45817.37924194336,13581.946514693174,527790.5867418766,147.55999755859375
2025-08-07,92042.90238418622,83386.5001443897,46089.07001953125,13538.223230588024,529584.0018603804,147.1929931640625
2025-08-08,92536.26901936508,83960.7961387518,45967.32460784912,13474.307395004926,530713.230552264,146.83700561523438
2025-08-11,92873.4218219574,84183.84347222187,45561.72765197754,13554.470473190424,529097.3115552204,147.66400146484375
2025-08-12,94155.18388855875,85508.0483201175,45662.493749999994,13593.927936824999,533888.4316235203,148.125
2025-08-13,94243.4039158487,85338.83228546448,45688.24982116699,13608.726153974627,533497.7009808139,147.75799560546875
2025-08-14,93845.20318405669,84904.46326549898,45202.61849975586,13505.954396470886,529331.1174922576,147.1199951171875
2025-08-15,93988.86387086462,84859.18600691519,45404.64236618042,13531.294265569426,530345.4179949391,147.6909942626953
2025-08-18,93696.74338830529,84580.14282596485,45202.687123107906,13479.384301282122,528299.5899213778,147.26400756835938
2025-08-19,93601.00433601835,83801.98020362055,45154.31743179321,13573.319949036104,525546.2943479257,147.91600036621094
2025-08-20,93235.54773030947,83200.23238160861,45554.33202575684,13576.30236389703,525925.2580332375,147.7310028076172
2025-08-21,92601.88924182487,82583.50759781623,45269.34611938477,13498.541915248092,522328.9156334673,147.3179931640625
2025-08-22,94705.59952489498,84465.50491074513,46085.72437286377,13672.294122198398,532997.9902134179,148.38600158691406
2025-08-25,93544.71059339905,83557.19525726524,45611.62231536865,13537.405742645511,527389.5313834951,147.21499633789062
2025-08-26,94323.70589230872,84238.61540346233,46132.29170288086,13628.88646114141,532543.081916064,147.82200622558594
2025-08-27,94308.3867878042,84162.60811561122,46112.84377593994,13621.309314533417,532189.7319064047,147.46200561523438
2025-08-28,94548.66275208382,84605.60275714465,46408.9576725769,13639.097217572515,535297.1062823334,147.3159942626953
2025-08-29,93649.21907477497,83327.65631328117,46689.49316452026,13579.065769957891,532839.476120552,146.7899932861328
2025-09-02,93141.4328006514,82794.862270557,47889.079440765374,13565.556459759371,537972.8575741579,147.08399963378906
2025-09-03,94578.33121005158,84276.83306560086,48744.542081909174,13748.041802854366,547592.5110679115,148.54800415039062
2025-09-04,95004.09621974897,84714.49722936422,48343.58480422974,13757.078544154536,546749.1102709251,147.97999572753906
2025-09-05,94981.80340519713,85063.18728707788,49119.543750000004,13861.316560046875,552251.9675134921,148.375
2025-09-08,95195.2372024114,85460.2601348282,49668.53611816406,13901.506362052301,556632.0367008126,148.343994140625
2025-09-09,94784.97838337976,85136.20779532068,49228.41730987549,13776.855023039563,553102.068881074,147.36399841308594
2025-09-10,95077.04826429283,85180.25432979815,49414.641347045894,13816.574596302025,554294.4013521356,147.39199829101562
2025-09-11,95828.13440348573,85641.17583617277,49320.86056518555,13832.346636660694,555257.8443485196,147.33200073242188
2025-09-12,95725.85327059557,85956.41374104784,49381.87375244141,13782.296482182715,556622.2577905783,147.2239990234375
2025-09-15,96524.41206388804,86952.20524290003,50045.48418411255,13846.548588487922,563586.5895501752,147.66600036621094
2025-09-16,96221.13536816185,86725.16687719697,50057.263535461425,13830.63736585319,562918.0258125525,147.40499877929688
2025-09-17,95454.84458220561,85969.58571691085,49336.786717834475,13707.792231537447,556410.7419827172,146.41299438476562
2025-09-18,96213.95369384947,87027.9751644059,49299.55959136963,13707.037039068204,559627.0893811416,146.89100646972656
2025-09-19,97385.61050483718,88246.98787948849,50180.66557159424,13799.84747854067,568540.0519397066,147.94700622558594
2025-09-22,97944.22509269015,88858.19438524026,51100.18017120362,13790.710961966242,575701.9461280139,148.09500122070312
2025-09-23,97167.68919904139,88047.44511765247,51180.80561462402,13794.872705301066,573531.8910628248,147.72500610351562
2025-09-24,96785.11608977745,87671.83188027973,50678.4974230957,13747.25641817094,569484.449452351,147.61300659179688
2025-09-25,97081.30379356408,87966.82621442596,51281.90969085693,13822.995615659658,573840.8374127983,148.75100708007812
2025-09-26,98366.06167014981,88987.56768512301,51962.80051574707,13918.888803826805,580983.3463784518,149.86099243164062
2025-09-29,98342.3655657373,89127.65517936739,52659.28586975097,13917.03831492281,585362.926547962,149.40499877929688
2025-09-30,98177.6386142491,88887.25935329335,52821.06508392334,13835.832671298122,585496.6723604343,148.59500122070312
2025-10-01,98115.72429861902,88954.22049082845,52691.36978042602,13826.788680756445,585024.044279459,147.9969940185547
2025-10-02,97622.10345962114,88768.29415181933,52183.57492813111,13755.680700754776,581605.2031474456,147.08299255371094
2025-10-03,97665.11426361433,88434.86447079861,52626.72381713867,13734.795579739768,582950.2997643116,147.14999389648438
2025-10-06,99651.2993046485,90586.13612697383,54513.43530303955,13923.356088575922,600480.5912376201,149.6060028076172
2025-10-07,99762.96113889964,90545.80845787725,55060.22973510742,14025.866470364486,603366.9171691262,150.33099365234375
2025-10-08,101506.09039769928,92631.65979117228,56608.585391235356,14189.295632074332,618812.4165420756,152.05099487304688
2025-10-09,101630.71662316796,92902.28237903459,55793.84972351074,14237.614243797412,615207.6505695616,152.67999267578125
2025-10-10,99068.44250301947,89844.6463008019,56462.439448242185,14353.32045086967,608792.805485022,152.96499633789062
2025-10-13,99990.80907630232,91206.03995095499,57490.85294769287,14275.408946188818,618972.2545519632,152.05599975585938
2025-10-14,100116.92576955265,90823.73958251519,58045.34504470826,14347.905386854336,620770.6923283243,152.4340057373047
2025-10-15,100097.62518860112,91042.84821807864,58779.07317764282,14265.526445259935,625546.9172729927,151.7310028076172
2025-10-16,98919.93367099135,90253.17819139382,59853.6419128418,14260.330902193857,628870.8690587983,150.9739990234375
2025-10-17,98918.70469377573,90331.96933002191,58395.17690063477,14156.339763063312,621077.0547879342,150.1199951171875
2025-10-20,100466.82124874496,91945.4884637957,60835.33253936767,14248.944407767744,639886.1464993139,150.89999389648438
2025-10-21,100381.44254216795,91844.68384277986,56877.98454284668,14263.403229616062,617698.7870190899,150.7740020751953
2025-10-22,100600.6952176136,91634.93652187039,57306.193066406246,14372.212450454923,619370.2112547279,151.89300537109375
2025-10-23,101237.88279129703,92442.36114389836,57558.653671722415,14330.761893471414,623433.3643703278,151.95399475097656
2025-10-24,102500.51455136389,93827.926591626,57610.30892944336,14405.213316935387,628298.642109053,152.6020050048828
2025-10-27,104021.72658635347,95786.1619123464,56174.919312438964,14448.541631244987,626844.8019912967,153.06100463867188
2025-10-28,104046.5644344761,96290.05618002429,55637.91144927978,14427.05425069087,625544.8507199956,152.69200134277344
2025-10-29,103441.38577859683,96114.8942441133,55078.35401916504,14243.423892044182,621875.736722212,151.7310028076172
2025-10-30,102971.89869486814,95263.5927266724,56526.99390518189,14315.687865025744,627061.7432731166,152.7220001220703
2025-10-31,104106.53101949375,96461.47761654451,56653.66575317383,14432.087626426335,631720.9123081632,153.89999389648438
2025-11-03,104501.84242266929,97108.82381083524,56864.03480102539,14452.811326963194,635025.7765235715,154.19500732421875
2025-11-04,103269.14415683605,95143.24794151844,55871.191378173826,14471.680503601441,623057.1849204041,154.20399475097656
2025-11-05,103192.23262757399,95360.64123487976,56280.17857543945,14342.149496975617,626055.103521663,153.5570068359375
2025-11-06,102428.07810201698,93898.80110074571,56401.50239501953,14463.889638742683,621964.7771364853,154.072998046875
2025-11-07,101780.29179221422,92919.0618823407,56332.27716064453,14364.238151750409,618380.9997110411,152.947998046875
2025-11-10,103955.80728902062,95514.43791338663,58201.276968078615,14426.371317674777,637307.2434595143,153.81700134277344
2025-11-11,104416.64727222598,95463.78002122167,58555.43953613281,14502.277463547629,639123.8497765413,154.14599609375
2025-11-12,104426.62072677475,95344.58776516489,59471.40807205201,14498.599711247569,643860.7034459601,154.0749969482422
2025-11-13,103119.00540374739,93784.77458573373,59234.96532852173,14516.434822565781,637448.6949769664,154.71299743652344
2025-11-14,103048.81287264591,93807.15090488661,58135.821027832026,14484.825825540773,631370.9364093125,154.63299560546875
2025-11-17,102057.0818198913,92977.1225996436,57451.51774520874,14496.895972788067,624833.6417476689,154.5850067138672
2025-11-18,101650.44780694346,92253.81945198879,58126.445676422125,14585.617460621168,626250.7332950706,155.2729949951172
2025-11-19,102223.87256762938,92968.94855776739,58324.279636230465,14600.84325907429,629690.9095897146,155.54800415039062
2025-11-20,101600.25771161514,91610.83595721793,58848.45284729004,14771.5634178485,628193.3207344487,156.99200439453125
2025-11-21,102858.73314478926,92520.73249860351,58898.496863555905,14856.093756894177,631441.8994220947,157.36900329589844
2025-11-24,103921.00681536633,94476.17336059666,59572.77894592285,14814.701845539152,641594.7709024057,156.68800354003906
2025-11-25,105066.50863610834,95210.7624346063,59649.37335693359,14876.65477137713,644419.9843129439,156.93899536132812
2025-11-26,105313.90188680396,95618.08898570086,59854.83596313476,14821.622603743142,646898.6452781529,156.22999572753906
2025-11-28,105925.35308142881,96426.60075121986,60619.43659423828,14800.863285276733,653815.0825851646,156.28399658203125
2025-12-01,105201.56539774175,95883.79874127278,60772.93557357788,14687.686648230316,652967.4930536661,155.92799377441406
2025-12-02,105145.65911258903,96404.2756773958,60237.89532714844,14664.900686877214,651883.475080638,155.5570068359375
2025-12-03,105679.32484993602,96795.17430299349,60278.6148046875,14718.916087517984,653437.5676602836,155.8070068359375
2025-12-04,105281.44335622998,96270.65679393019,60046.57083068848,14607.321350630335,650402.9034611246,155.10699462890625
2025-12-05,105505.23008844853,96685.00894613427,59953.07381958008,14580.300770145477,651318.93830457,155.14199829101562
2025-12-08,105322.50878104653,96622.67249536143,59871.141388549804,14568.552928499656,650667.4142082026,155.33999633789062
2025-12-09,105573.03330399598,97055.7260945821,60373.96333007812,14594.502353905707,654838.435763677,155.843994140625
2025-12-10,106951.03699792204,98074.81022605149,61017.82290267944,14735.094104303755,661767.3898287605,156.83799743652344
2025-12-11,106483.59740367658,97104.36387417383,61262.85695983887,14638.155202107957,659761.3969932443,155.7899932861328
2025-12-12,105187.9011137438,95111.56330576816,61517.415010986326,14577.682528491423,654311.700300782,155.56700134277344
2025-12-15,105245.70198369352,94829.43044324634,61700.47059326172,14619.947467306245,654326.8765359446,155.88800048828125
2025-12-16,104370.34815334863,94485.2538421484,61368.888108367915,14578.967658618296,651376.0069876022,155.01499938964844
2025-12-17,103064.08671323585,92592.00326535552,61801.30757125855,14553.653555072988,647218.3811674125,154.7779998779297
2025-12-18,104323.40378792919,94368.80983282308,61975.64020385742,14659.054626224668,654224.8623282525,155.4949951171875
2025-12-19,105330.58650725018,95654.89544546563,62081.925135498044,14634.49449807379,659189.7920041808,155.58599853515625
2025-12-22,107410.51137260787,97404.52372855846,64368.07138702393,14815.624492247623,677404.24378056,157.67599487304688
2025-12-23,107354.65675878627,97364.8145064345,64890.60182556152,14734.397762921952,680064.7059785265,156.8769989013672
2025-12-24,107250.89130683041,97213.3109895045,64333.5775680542,14706.82978244204,676566.0439880544,156.17599487304688
2025-12-26,107180.96490167531,97153.55145086272,65048.94507385254,14712.501993499483,680189.8911818725,156.08999633789062
2025-12-29,107054.22576191314,96914.30984334271,62366.150778198244,14769.131824906959,665015.7604052573,156.46299743652344
2025-12-30,106615.97315479179,96411.4490657883,62232.02576477051,14711.361856114629,662579.1147208184,156.01300048828125
2025-12-31,106097.386400588,95859.68578975766,61988.033804626466,14700.016312412992,659387.3806605502,156.41299438476562
2026-01-02,106507.97474148418,95868.5108096259,62422.82379821777,14717.612646561936,661726.6607000353,156.7310028076172
2026-01-05,107393.82247100821,96789.05555295912,64170.82299133301,14786.466699853556,674177.6163160955,156.98899841308594
2026-01-06,107782.71998127646,97413.73452506805,64714.73360534668,14741.530096798666,679217.5085879632,156.62600708007812
2026-01-07,107472.32072074221,97541.09744233612,64118.15340270996,14774.256380255589,676489.69361957,156.67999267578125
2026-01-08,107496.39718382263,97017.7696080421,64493.240345306396,14734.512433852566,676677.235377413,156.7310028076172
2026-01-09,108310.18425980528,98077.23733275266,65022.0556237793,14765.436192110252,683135.3499543809,156.8800048828125
2026-01-12,109357.77304953968,98952.62460302793,66775.25314620972,14866.270389618585,695458.2792499524,158.1490020751953
2026-01-13,109026.61439228678,98704.04990210553,66611.63398895264,14869.530965651908,693733.1393728366,157.98599243164062
2026-01-14,109309.9817423594,98387.0007197712,67800.7036239624,15013.022895539825,698952.2789028578,159.1790008544922
2026-01-15,109072.6234421036,98259.1437672461,67056.31561111449,14908.684628782976,694560.352508365,158.40199279785156
2026-01-16,109114.70886850351,98297.20942738875,66814.90590866089,14869.422643887165,693410.0977304148,158.5959930419922
2026-01-20,106611.08066960187,95954.50309770212,69159.73056396484,14771.21975279694,697783.4068041102,158.177001953125
2026-01-21,107831.26065281391,97242.43267490448,70160.6643371582,14808.578337351832,707534.9050122907,158.16200256347656
2026-01-22,108595.9712099264,98131.39698998473,71588.83337219238,14834.551228117736,718179.3282063357,158.45599365234375
2026-01-23,108666.23644937787,98469.20373979436,72593.46124267578,14863.624471375633,724676.1626050614,158.50100708007812
2026-01-26,106920.00958461185,96821.47445270108,72105.64037017823,14572.174214445335,716408.4100363201,155.16600036621094
2026-01-27,106771.79731783505,97176.58798837589,73479.3689025879,14477.584338038061,724924.122073923,154.33599853515625
2026-01-28,105458.49937927454,96308.84898736303,75397.15712890626,14288.993487995624,732113.6338054052,152.4530029296875
2026-01-29,105693.1283601918,96136.17715176381,75920.30294952392,14364.266276378556,734295.5075886328,153.0959930419922
2026-01-30,105423.3298736497,95022.45094457097,68149.4330406189,14361.45147799736,689208.6140848905,153.16200256347656
2026-02-02,107358.55581025366,96949.2238539063,66291.42848724365,14524.038004597869,686317.8183193074,155.20199584960938
2026-02-03,106616.08815476121,95607.92790246056,70616.19736450196,14560.34910751508,703580.4710759742,155.4429931640625
2026-02-04,106342.64708991784,94152.89175822196,70728.07020126343,14590.631517582651,698929.778233415,155.7989959716797
2026-02-05,105768.08961826508,93463.439105021,69338.4872503662,14781.752102815624,689362.2369243067,156.91700744628906
2026-02-06,107705.85417941587,95358.16710448559,71408.83908325195,14769.222335300698,706730.2633888505,156.78399658203125
2026-02-09,108542.7197494048,96370.54886746868,73437.66685928345,14815.648269636073,720719.807033927,157.24400329589844
2026-02-10,107490.91502720807,95245.10694337147,72195.43854980469,14775.364406273759,710339.7966524535,156.1320037841797
2026-02-11,106330.3603348134,94491.3064801259,72240.41514831543,14578.198320676316,707864.1838049146,154.48199462890625
2026-02-12,103865.66553593516,91842.5963807418,69184.09264266968,14552.661137602676,682757.3163918979,153.2689971923828
2026-02-13,103635.03745950859,91769.29482061566,70698.05062469482,14567.234752046197,690222.4095491965,152.8209991455078
2026-02-17,104337.48994842777,92147.47372309926,68847.55090026856,14640.83746155318,682133.5326951996,153.60899353027344
2026-02-18,104549.092969292,92557.55144714439,70185.1246710205,14566.871988590558,690432.981357129,153.1490020751953
2026-02-19,105324.60351651098,93132.6399444349,71090.71193847657,14727.421582662728,697119.4927522307,154.6929931640625
2026-02-20,106406.5557814156,94240.40510758263,72711.0809161377,14771.882940269088,709366.3235649657,155.16000366210938
2026-02-23,104762.7224780508,92602.33243224361,74280.27609375,14746.84452691457,711497.8101848819,154.33900451660156
2026-02-24,105726.57112086916,93776.51290979481,73391.3147428894,14772.084408852777,711173.8544396658,154.63499450683594
2026-02-25,107477.13119478723,95901.60163252623,73796.7119116211,14878.754766051192,720869.6555562343,155.8800048828125
2026-02-26,107099.56992930069,94939.0794400205,74582.37454284668,14949.237524129836,721425.9007939297,156.1999969482422
2026-02-27,106352.59217144645,94428.60700429972,75396.78812026978,14976.37999555232,723751.201216422,155.85899353027344
2026-03-02,106941.50744282367,95022.5544637767,76750.16784667969,14960.295275959461,733124.9871657088,156.63299560546875
2026-03-03,106421.1741644085,94379.78246310107,73618.29375152588,15002.883578567848,715782.3161621722,157.2570037841797
2026-03-04,107523.67057800121,96132.83084730204,74437.29903869629,15021.078914149995,726478.2289575578,157.7729949951172
2026-03-05,106388.77781661955,95363.31101101068,73174.48658660888,14899.551048200517,717501.7382722576,156.98300170898438
2026-03-06,105362.84895513291,94258.41519588818,74593.92272155761,14942.551482869347,719934.7818890535,157.53399658203125
2026-03-09,106888.31716750601,96058.74382389766,74861.51123291015,15073.996679026786,728200.9056028663,158.427001953125
2026-03-10,106326.5331847434,95709.25779493523,75429.24872161866,14970.783949105715,729533.385059943,157.84800720214844
2026-03-11,106372.01852175669,95857.91907713839,75300.21060424804,14927.59322713612,729499.6215779858,158.11399841308594
2026-03-12,105393.47009117936,94785.2891654417,74268.93457519531,14969.824743596648,720442.3704502704,159.0749969482422
2026-03-13,104883.22640815206,94301.08253443919,73368.49011474609,14966.495280401863,714292.4102246456,159.20599365234375
2026-03-16,106191.51158949225,95575.72155083694,73469.8910925293,15068.003850723393,719727.5093513052,159.5679931640625
2026-03-17,106161.93436958945,95763.48137652637,73072.15138778686,15050.882967334739,718572.1481134875,159.10499572753906
2026-03-18,104538.47702029184,94300.37226307731,70664.29722595215,14961.697605078258,701472.5080862925,158.88900756835938
2026-03-19,104875.4698793681,94538.3694242189,68138.18516921997,15045.438231421942,690424.5098945422,159.7949981689453
2026-03-20,102161.63766263495,91704.67272079247,65282.62145477295,14735.709060268555,665875.4125567827,157.9239959716797
2026-03-23,104090.67782258184,93526.7462987928,64336.90274597168,14904.92261115055,668475.3109170358,159.23399353027344
2026-03-24,103249.38575332022,92446.91418611768,64046.119848632814,14784.379127026186,662899.8017738466,158.47900390625
2026-03-25,103981.3430296606,93195.13886142039,66072.71718551636,14884.719979679612,675413.6521013083,158.71800231933594
2026-03-26,102552.89017429565,91352.49580712293,63855.6068359375,14826.48465823439,657742.8482995788,159.38400268554688
2026-03-27,101006.5526738701,89747.5870289194,66229.24662322998,14857.822088351802,662755.0222835107,159.70399475097656
2026-03-30,101002.93285677592,89357.176864492,66429.80903778075,15012.708768611867,662188.120447675,160.23399353027344
2026-03-31,103683.94888005435,92155.69606085788,68777.98536071778,15002.611587380625,684195.6050950335,159.84100341796875
2026-04-01,103640.36349670489,92557.51628995412,69429.05548187255,14871.199305011976,688811.6561980923,158.57899475097656
2026-04-02,103804.99231835497,92727.34543393707,68142.21560012818,14915.869652343525,683055.1065564813,158.68800354003906
2026-04-06,105013.36126676625,93927.24699444816,68329.91647796631,14979.097153408722,688448.481942622,159.77999877929688
2026-04-07,104995.79828126843,93884.5808082061,68952.71565017701,15007.818536360648,691381.4853912541,159.68299865722656
2026-04-08,107017.96905646328,96090.52149036303,68966.86496520996,14949.823148313017,699654.0952435165,158.71600341796875
2026-04-09,107585.18372086014,96695.43475408462,69470.91747161865,14938.156379588163,704405.5270921029,158.64199829101562
2026-04-10,107832.50484853158,97121.77455579833,69552.62834655761,14957.293118774742,706396.4131271446,159.11199951171875
2026-04-13,109274.99334917491,98476.5459872658,69518.28161132813,15043.774688640315,711263.3717815176,159.67999267578125
2026-04-14,110283.70989181864,99971.9941553235,70864.56127029419,15048.573889115256,723507.0046112284,159.21400451660156
2026-04-15,110859.34739024138,101102.8529714356,69941.52759979248,14975.784130306267,723129.8385901087,158.79200744628906
2026-04-16,111143.66437465744,101600.68391549787,69888.66724487304,14950.748248721435,724718.5231701673,158.8090057373047
2026-04-17,112760.31604812191,103180.22365319524,70989.82961608887,15068.769638716118,736058.042990156,159.19500732421875
2026-04-20,112510.79692941073,102830.66779087229,70363.48449325562,15051.415952993717,731649.0339132273,159.16099548339844
2026-04-21,111551.56620797608,102235.53267650849,68234.61456298828,14955.609505676422,718868.1723079863,158.843994140625
2026-04-22,113056.48284837756,104292.16720875927,69368.69245819091,15021.142652772993,732145.0749968743,159.3730010986328
2026-04-23,112699.0097179015,103779.56137385119,68745.71036132812,15008.376592137975,727146.4900642758,159.48800659179688
2026-04-24,113756.77596559325,105936.34691007371,69210.38515853882,15062.697064172284,737472.7882090902,159.7469940185547
2026-04-27,113830.78723288057,105878.7450158759,68600.12837173462,15011.933752508958,734229.2188702495,159.5760040283203
2026-04-28,113121.42298411104,104670.09670645949,67234.30960388183,14977.179023448842,722955.0023066083,159.35699462890625
2026-04-29,113242.34557716524,105438.87747008487,66598.6011352539,14924.661887390357,722657.8345504894,159.552001953125
2026-04-30,114822.10075936945,106843.78269681217,67863.5558706665,15012.230400926732,734161.0940266044,160.1840057373047
2026-05-01,112835.57312688149,105710.47744727937,66429.94869689942,14723.029715065073,722617.1037661543,156.97799682617188
2026-05-04,112327.67931393297,105422.60922447116,65045.60177444458,14656.303162742,714115.4513553493,156.8459930419922
2026-05-05,113480.02142415576,107027.31539988365,65749.5344821167,14710.608895435093,723431.7794814841,157.19400024414062
2026-05-06,115410.86112307788,109586.42654681191,67952.48076171875,14829.17479818609,744154.5265711446,157.677001953125
2026-05-07,114203.97467213067,108644.20143361912,67561.37154296876,14674.29993207737,738804.9258806898,156.50799560546875
2026-05-08,115383.0215917214,111418.96977244654,68027.7130531311,14743.211305489589,750837.5788466451,156.82899475097656
2026-05-11,115667.20719612596,111762.35029382055,68178.33044281005,14696.24674599385,752831.0505457446,156.85800170898438
2026-05-12,115766.61215691059,111077.91328665336,68070.01804550171,14681.384128070378,749899.4927906024,157.2310028076172
2026-05-13,116740.08712017747,112565.26752956242,67877.36775970459,14722.469186005663,753946.2165677149,157.67100524902344
2026-05-14,117795.98475204874,113494.77108338969,67435.52482345581,14729.899802687962,754729.9346226037,157.8509979248047
2026-05-15,116770.47069474614,112158.42467466502,66091.22635910034,14661.854844419262,742855.7453997307,158.3820037841797
2026-05-18,117028.69614187912,112001.64171419677,66465.09246826172,14698.332479112396,744348.7443004937,158.843994140625
2026-05-19,116261.63150503825,111323.34100943891,65371.29838562012,14643.288652391531,736087.748509041,158.86099243164062
2026-05-20,117581.85162239874,113291.23795347274,66381.21052856445,14758.51624985777,748308.8811551313,159.03500366210938
2026-05-21,117706.13078589835,113402.36812208427,66254.7073236084,14754.312018770048,748002.5685175828,158.88800048828125
2026-05-22,118265.57966683128,113976.45120606982,65804.83098266601,14778.978180565015,747525.717612953,159.01800537109375
2026-05-26,119002.77433694946,115953.42104525065,65806.9538269043,14835.97340412055,754306.352952298,158.95399475097656
2026-05-27,119198.49026928304,116032.21470679755,65049.17152420044,14869.253235062708,750461.9344310247,159.2429962158203
2026-05-28,120100.67529512268,117249.28859562108,65864.88053833008,14934.35279462997,759057.8804772694,159.5679931640625
2026-05-29,120175.04892816856,117461.47635706967,66434.7041821289,14923.80739389503,762878.1354749855,159.27000427246094
2026-06-01,120565.09370601442,118227.84167098918,65535.513474731444,14905.814926183804,760432.643960424,159.35299682617188
2026-06-02,120943.21532548418,118983.16519960735,65762.05085372925,14943.38679149863,764178.5539930853,159.63600158691406
2026-06-03,120344.30622489078,118919.02379133123,65246.14910598755,14936.32978027266,760985.4773725285,159.96800231933594
2026-06-04,120777.89983646508,118323.0573174654,65778.52480407714,14952.77972857084,762146.2343924942,159.94000244140625
2026-06-05,117697.48588067543,112678.65196363177,63394.43977661133,14877.995019809721,730152.5655546057,159.99000549316406
2026-06-08,118212.45284767274,114679.25075263018,63693.10564117431,14893.407486065944,738329.8063794756,160.32699584960938
2026-06-09,117752.95818516765,113251.4284349522,62592.794145812986,14920.561175913654,727358.3735987656,160.1739959716797
2026-06-10,116048.47161288648,111134.57537835522,60076.63972595215,14925.785834081591,705970.3278408429,160.38400268554688
2026-06-11,118126.14747125667,114990.67346984113,62014.787857666015,15042.736938545255,729618.531637283,160.52699279785156
2026-06-12,118471.29542048565,115381.30457932192,61896.65208740235,14980.086526267269,730193.788640046,160.1300048828125
2026-06-15,120428.65693331475,118875.80567029901,63430.15597610474,14979.603494398232,750334.1697051649,159.9550018310547
2026-06-16,119915.77239205204,116816.28974011487,63711.85882324219,15043.461007334998,745326.530976675,160.22900390625
2026-06-17,118558.70610618533,115777.02799632367,62338.825866699226,14981.627259505252,734028.8510932792,160.41900634765625
2026-06-18,119926.44855773926,118812.92996633479,62171.47436279297,15052.76940069069,742845.5385446796,160.60000610351562
2026-06-22,120169.10987045288,119129.48135910035,62085.51695358276,15073.11756353162,743368.2862393772,161.43299865722656
2026-06-23,118524.5259729004,115304.43572692871,60963.59516357422,15105.168771944273,724544.9560544412,161.57000732421875
2026-06-24,118490.85004394532,114835.48068603515,59132.30572265625,15205.794698128058,712432.856131824,161.5989990234375
2026-06-25,118782.57125854491,115883.77828979492,59764.95816040039,15230.86736134688,719473.915272248,161.76300048828125
2026-06-26,117954.22161071778,114318.46342529297,60455.199413452145,15273.394390818727,718424.0544577307,161.80499267578125
2026-06-29,119884.16889953613,117146.73281616211,59631.45340484619,15276.517353451563,722771.9077501018,161.78700256347656
2026-06-30,120919.24180938721,119240.10025634765,59649.196268920896,15210.547988610815,729622.0205613745,161.92300415039062
2026-07-01,121281.46174072266,117932.95109756468,60269.939016723634,15239.66883497318,728704.5157268767,162.6280059814453
2026-07-02,121055.79751098632,115825.29244384766,61460.87262390136,15245.90686599892,721523.4767661071,162.53900146484375
2026-07-06,121295.65544189453,116700.73164001465,61695.65117401123,15153.601446204655,724945.8278544622,161.45199584960938
2026-07-07,121194.81656326294,114990.08802139282,61186.598152313236,15135.75900186847,719365.1221270908,162.08799743652344
2026-07-08,121025.3851135254,115511.53740966797,60796.82781829834,15130.695745622379,720464.0467885877,162.36300659179688
2026-07-09,122182.1927911377,117561.20897949218,61468.99957397461,15179.493544590385,730267.5925425701,162.53900146484375
2026-07-10,122575.95182647706,117795.98491241455,61212.47711517334,15150.112743750486,732176.520901399,162.36300659179688
2026-07-13,121274.14574111938,115215.05197723389,59430.27233596802,15050.00678425046,720297.800947958,161.8780059814453
2026-07-14,122118.99571243286,116898.52762496949,60447.95266799926,15143.320749852153,728033.0922114621,162.4290008544922
2026-07-15,122420.3667979431,116408.09483917237,60390.32813186646,15157.93415227492,727426.8013039047,162.18699645996094
2026-07-16,121670.69651367188,114413.11207489014,59149.79939208984,15137.496110617114,719016.8656190226,162.07200622558594
2026-07-17,120692.46230255127,112904.90900299072,59820.944768371584,15185.308288379909,711420.9954374899,162.37600708007812
2026-07-20,120598.52518829347,113118.09813171386,59739.408776855475,15149.438610971913,711796.067743523,162.51199340820312
2026-07-21,121585.7719946289,115198.40804382325,60901.75228698731,15109.864335145317,721183.9993463061,162.48699951171875
2026-07-22,121966.85172698974,115103.24837188721,61867.07807861328,15140.713688971473,722036.9317508962,163.18600463867188
2026-07-23,120383.1278942871,112845.52436767578,60587.85076171875,15090.339603304108,710307.144456316,163.08099365234375
2026-07-24,121060.38030120848,112098.76986114502,60929.121072387694,15189.221397742185,710040.9621911151,163.83200073242188
2026-07-27,120923.24839630128,111602.3301574707,61293.58609466552,15209.494247035014,708096.8794404113,163.61099243164062
2026-07-28,121331.38016601563,110625.67015136719,60492.09282714844,15270.067618094843,706311.775601156,163.77099609375
2026-07-29,119532.23228240968,108433.72366989136,60806.652531127926,15215.050557631293,694136.7964222392,163.86399841308594
2026-07-30,121117.97926345826,111623.71708602905,61590.22915100098,15169.19231497135,708748.7165994253,163.3000030517578
2026-07-31,119661.50548690796,110204.3012461853,59514.39132110596,14838.143612043412,699987.9443313791,160.18299865722656
2026-08-03,119395.15449493408,110318.4312527466,58574.80549224853,14626.761307983397,699563.7759006023,157.58200073242188
2026-08-04,121506.84893692017,114027.37168655396,58941.053243408205,14689.579898834229,717526.5164400957,157.5290069580078
2026-08-05,121389.72571365356,113112.47256317138,61443.11140319824,14714.24064529419,714274.9822645485,157.69200134277344
2026-08-06,121125.06069091796,112628.84436187743,61411.99437835694,14648.920567321778,711963.9507917037,157.60000610351562
2026-08-07,122491.34069702149,114534.45679870604,63121.232868041996,14758.966211547851,722014.7103659887,158.40899658203125
2026-08-10,122054.48473129272,113818.88983383178,63557.44574432373,14645.969760131837,718463.1432646909,157.89100646972656
