date,Strategy,SPY JPY,QQQ JPY,Static Equal Weight,Strategy Drawdown,SPY JPY Drawdown,QQQ JPY Drawdown,Static Equal Weight Drawdown
2007-01-03,100000.0,100000.0,100000.0,100000.0,0.0,0.0,0.0,0.0
2007-01-04,100000.0,99783.95639209994,101498.85389817128,100000.0,0.0,-0.002160436079000627,0.0,0.0
2007-01-05,100000.0,98871.42870049315,100886.55929581609,100000.0,0.0,-0.01128571299506842,-0.006032527253652331,0.0
2007-01-08,100000.0,99328.71081727197,100956.94699201139,100000.0,0.0,-0.006712891827280298,-0.005339044583730468,0.0
2007-01-09,100000.0,99754.34996264159,101994.63886444768,100000.0,0.0,-0.002456500373584136,0.0,0.0
2007-01-10,100000.0,100262.87813112316,103402.65846136531,100000.0,0.0,0.0,0.0,0.0
2007-01-11,100000.0,101367.74256577756,105180.10263207954,100000.0,0.0,0.0,0.0,0.0
2007-01-12,100000.0,102137.84077899864,105727.0617126995,100000.0,0.0,0.0,0.0,0.0
2007-01-16,100000.0,102353.39343403536,106086.06897872899,100000.0,0.0,0.0,0.0,0.0
2007-01-17,100000.0,102252.23972758141,105054.53370303013,100000.0,0.0,-0.0009882789721000762,-0.009723569603711901,0.0
2007-01-18,100000.0,102449.78417345014,103622.38411250702,100000.0,0.0,0.0,-0.023223453276565054,0.0
2007-01-19,100000.0,102608.70310776104,103795.30060285518,100000.0,0.0,0.0,-0.021593489116211173,0.0
2007-01-22,100000.0,102638.59993275815,102992.39270671074,100000.0,0.0,0.0,-0.02916194653832016,0.0
2007-01-23,100000.0,102992.15168206092,102778.61100287596,100000.0,0.0,0.0,-0.031177118802622417,0.0
2007-01-24,100000.0,103138.98009290632,103823.35265482863,100000.0,0.0,0.0,-0.021329061823886053,0.0
2007-01-25,100000.0,102552.09458072788,103088.55977267565,100000.0,0.0,-0.005690239632482164,-0.02825544611945563,0.0
2007-01-26,100000.0,102303.05639174284,102526.5545382362,100000.0,0.0,-0.008104828071893833,-0.03355308076507668,0.0
2007-01-29,100000.0,102493.32771483657,102893.03727016017,100000.0,0.0,-0.0062600229078099145,-0.03009850152152438,0.0
2007-01-30,100000.0,102984.93934649129,102898.87913533296,100000.0,0.0,-0.0014935259809266688,-0.03004343429894729,0.0
2007-01-31,100000.0,102876.39541164806,103154.14815916786,100000.0,0.0,-0.0025459305591516435,-0.027637189762861336,0.0
2007-02-01,100000.0,103543.29786506978,103086.0152085288,99633.57056132154,0.0,0.0,-0.028279431965772206,-0.0036642943867846167
2007-02-02,100000.0,103969.74593976814,103702.84803598601,99682.57009677817,0.0,0.0,-0.02246497552115756,-0.0031742990322182196
2007-02-05,100000.0,103191.41444189717,102803.05530767236,98931.66113671965,0.0,-0.007486134459940619,-0.030946699247710763,-0.010683388632803492
2007-02-06,100000.0,103099.67818412738,102517.18866607473,99035.13642784578,0.0,-0.008368470537042705,-0.033641366364228764,-0.009648635721542287
2007-02-07,100000.0,103787.85386502715,103951.37457057287,99761.34503717082,0.0,-0.0017494711860348566,-0.02012228776790803,-0.0023865496282918786
2007-02-08,100000.0,104120.52037919704,104397.25020181443,100520.55166686999,0.0,0.0,-0.015919326572965797,0.0
2007-02-09,100000.0,103839.95214959803,103429.49834005613,100613.34462842614,0.0,-0.0026946487452925716,-0.02504165404795533,0.0
2007-02-12,100000.0,103537.47475311361,103143.48459562655,100288.82603712656,0.0,-0.005599718710202706,-0.027737707801129385,-0.003225403076481115
2007-02-13,100000.0,103982.09138645756,103103.5281871538,100226.9076866304,0.0,-0.0013295073078326558,-0.02811434922876821,-0.0038408120038440074
2007-02-14,100000.0,103836.40452095262,104047.26632501427,100366.76949906515,0.0,-0.002728721074478857,-0.01921838252036201,-0.0024507199345337183
2007-02-15,100000.0,103176.83363015912,103865.25204373247,99834.11489379186,0.0,-0.009063407919986388,-0.020934105263546,-0.007744795061848331
2007-02-16,100000.0,103144.57681896254,103528.58165802767,99761.61770762307,0.0,-0.009373210551389954,-0.024107664138390383,-0.00846534745414318
2007-02-20,100000.0,103887.6861134777,104859.74617240019,100146.68330638952,0.0,-0.002236199597076327,-0.011559696934143937,-0.004638165282746964
2007-02-21,100000.0,104645.37874411435,106002.64451510979,101739.55497507799,0.0,0.0,-0.0007863847197121521,0.0
2007-02-22,100000.0,105042.05975882766,107037.07927963593,102202.02370718209,0.0,0.0,0.0,0.0
2007-02-23,100000.0,104287.10272502346,106301.6715579127,101993.06058132544,0.0,-0.007187188022945712,-0.006870588460303195,-0.002044608494792155
2007-02-26,100000.0,103806.59001863348,105381.97438553571,101689.02073955376,0.0,-0.011761667117255459,-0.015462911593245532,-0.0050194991157721525
2007-02-27,100000.0,97643.65747176959,98835.8526661,96739.38946588642,0.0,-0.07043276097255236,-0.0766204260124671,-0.05344937451480025
2007-02-28,100000.0,99179.21209701763,99700.09549459488,97901.9527087227,0.0,-0.05581428691774404,-0.0685461882407411,-0.04207422556308149
2007-03-01,100000.0,98042.4631279442,98386.55900509292,96684.78158278817,0.0,-0.06663613267822677,-0.0808179775902087,-0.05398368764400696
2007-03-02,100000.0,96322.95572151082,96437.81018582481,94864.0474963472,0.0,-0.08300583649383442,-0.09902427425285376,-0.071798736900346
2007-03-05,100000.0,94103.46946277143,94367.0936821104,92893.15544572366,0.0,-0.10413533703709532,-0.11837006094332048,-0.0910830130734902
2007-03-06,100000.0,96698.91347567989,96954.5555265627,95062.41130132374,0.0,-0.07942672013766006,-0.09419655152148243,-0.06985783790655631
2007-03-07,100000.0,95700.34707577834,95660.82312362046,94151.18076468112,0.0,-0.08893306837753867,-0.10628332006607577,-0.07877381142243667
2007-03-08,100000.0,97727.45004898806,97539.64151877853,95771.41482314162,0.0,-0.0696350559636173,-0.08873035236738103,-0.06292056312372774
2007-03-09,100000.0,98731.5244108596,98420.22979390895,96490.58742701143,0.0,-0.060076271947225646,-0.08050340633095321,-0.05588378852980869
2007-03-12,100000.0,98252.0339056496,98447.12191002342,96186.95764596833,0.0,-0.06464101969028102,-0.08025216520689182,-0.05885466689434116
2007-03-13,100000.0,95072.45538888453,95222.70851035656,93846.31875212694,0.0,-0.09491059479253305,-0.1103764307545626,-0.08175674660802201
2007-03-14,100000.0,96804.46245036756,97677.58831219052,95431.466163298,0.0,-0.07842189430951074,-0.08744157660537055,-0.06624680508560521
2007-03-15,100000.0,96845.58376003099,97354.37640603,95305.66831431753,0.0,-0.07803041960159052,-0.09046120221862297,-0.06747767943052896
2007-03-16,100000.0,95856.2063302946,96936.75922852206,95019.85609104623,0.0,-0.08744928888126724,-0.09436281444794137,-0.07027422115156368
2007-03-19,100000.0,97734.74578638215,98682.7750551108,96282.35034882325,0.0,-0.06956560057202621,-0.07805056229813023,-0.057921292980648076
2007-03-20,100000.0,97970.71395466261,99099.67278754292,96525.41628946607,0.0,-0.06731918452856478,-0.07415567152534519,-0.05554300406007617
2007-03-21,100000.0,99718.95210848472,101185.723321816,97775.7833436252,0.0,-0.050675964109658356,-0.054666625782390676,-0.04330873502307997
2007-03-22,100000.0,100219.49015578188,101398.01536328044,98126.88528836955,0.0,-0.045910843847866256,-0.0526832753126919,-0.03987336327593838
2007-03-23,100000.0,100332.48970722817,101036.76689261627,97788.5847278515,0.0,-0.04483508855797824,-0.05605825969282807,-0.04318347934063893
2007-03-26,100000.0,100258.95835595338,101517.2381110321,98190.23996875976,0.0,-0.04553510673587402,-0.05156943001203507,-0.03925346674070218
2007-03-27,100000.0,99707.60474370701,100477.21375351599,97587.8771681596,0.0,-0.050783990978169546,-0.06128591671473216,-0.04514731090102908
2007-03-28,100000.0,98242.01400194282,98639.7961152144,96533.8402786303,0.0,-0.06473640913456447,-0.07845209548817667,-0.055460579183751135
2007-03-29,100000.0,99279.98625079036,99693.3347132596,97324.94971499685,0.0,-0.054854917366117806,-0.06860935122482836,-0.04771993562630905
2007-03-30,100000.0,99157.87548732043,99456.46702399611,97170.51595201297,0.0,-0.056017411359003066,-0.07082230108162202,-0.049230999276343446
2007-04-02,100000.0,99227.47529736163,99554.01969735176,97254.1826980223,0.0,-0.05535482143834658,-0.06991090968331237,-0.048412358480648066
2007-04-03,100000.0,101240.79325505828,101832.64027868876,98733.66917209828,0.0,-0.036188042318447855,-0.04862276732486781,-0.03393626084177115
2007-04-04,100000.0,101268.2563356571,102169.84188591401,99185.6768260584,0.0,-0.035926593898054304,-0.04547244213387214,-0.029513572938299037
2007-04-05,100000.0,101476.12817775109,102619.25444868083,99270.00899026079,0.0,-0.033947654770515756,-0.041273779709678604,-0.02868842133030347
2007-04-09,100000.0,102068.87394215855,102816.35273953798,99445.99024686395,0.0,-0.02830471740077667,-0.03943237771904484,-0.02696652532257504
2007-04-10,100000.0,102103.29151061887,103272.04462339691,99810.62435117447,0.0,-0.027977062283013887,-0.03517505038046498,-0.02339874759093996
2007-04-11,100000.0,101831.83512566454,102310.4203911169,99520.52430381105,0.0,-0.030561326011063206,-0.04415907945479869,-0.0262372437071674
2007-04-12,100000.0,102035.69899823132,102885.545287307,99580.32083687052,0.0,-0.028620542737821553,-0.03878594240677091,-0.025652162014159097
2007-04-13,100000.0,102699.3434504907,103296.65855429808,100215.51263044185,0.0,-0.022302650135724078,-0.03494509333131135,-0.01943710119118358
2007-04-16,100000.0,104135.4578311318,104727.07275866604,101375.64410294447,0.0,-0.00863084682247639,-0.021581367284275066,-0.008085745998584803
2007-04-17,100000.0,103706.10063121324,104254.02992958616,100769.47980142175,0.0,-0.012718325694314525,-0.026000796815270122,-0.014016786104595225
2007-04-18,100000.0,103396.5534463803,103464.35803989273,100488.92417897737,0.0,-0.01566521368892959,-0.03337835135065126,-0.016761894393724552
2007-04-19,100000.0,103193.9373742925,103617.125660667,100073.48195874138,0.0,-0.01759411790646892,-0.0319511111661992,-0.02082680627283051
2007-04-20,100000.0,104529.37079139586,104563.17449546633,101212.65177348253,0.0,-0.004880796974173096,-0.02311259612854799,-0.009680551302332252
2007-04-23,100000.0,104056.51714360535,104648.03712407162,100965.98671077103,0.0,-0.009382361860430732,-0.022319762194957682,-0.01209405598417912
2007-04-24,100000.0,104019.67272144309,105107.62752996811,100881.2855435097,0.0,-0.009733120615988744,-0.018026012692546445,-0.012922818118126678
2007-04-25,100000.0,105151.9545638314,106717.03894396915,101680.0927587256,0.0,0.0,-0.0029899950355584126,-0.0051068553197328725
2007-04-26,100000.0,106025.50704600295,108048.79746915052,102121.37454928216,0.0,0.0,0.0,-0.000789115077906799
2007-04-27,100000.0,105896.17688083301,108050.87114046818,102328.37331380177,0.0,-0.0012198023737234331,0.0,0.0
2007-04-30,100000.0,104912.53943109476,106502.15533718863,101590.65239674388,0.0,-0.010497168520262723,-0.014333209782882661,-0.007209348621184275
2007-05-01,100000.0,105569.11780557035,107250.21041886508,101958.84409619367,0.0,-0.004304523063818788,-0.0074100348581385145,-0.003611209732367171
2007-05-02,100000.0,106505.98936751818,108309.30520398996,102548.40451391121,0.0,0.0,0.0,0.0
2007-05-03,100000.0,107261.12198987712,108894.30527004265,103244.87212181397,0.0,0.0,0.0,0.0
2007-05-04,100000.0,107587.25257420099,108908.03406306519,103621.19855815211,0.0,0.0,0.0,0.0
2007-05-07,100000.0,107411.80496866805,108708.82336875547,103481.35562682965,0.0,-0.001630747150197398,-0.0018291643589338769,-0.0013495590986045691
2007-05-08,100000.0,107215.87351190583,108891.83012896593,103310.7616300293,0.0,-0.0034518872209235996,-0.00014878547977348333,-0.0029958824298735864
2007-05-09,100000.0,107614.99113375832,109238.31413001473,103293.7079161657,0.0,0.0,0.0,-0.003160459891830225
2007-05-10,100000.0,106250.75818852425,107475.6513797095,101941.0057487427,0.0,-0.012676978651965043,-0.01613593878982167,-0.01621475945837947
2007-05-11,100000.0,107472.94982884848,109192.20521722641,102912.98419177685,0.0,-0.0013199025843276813,-0.00042209469411469414,-0.00683464750678231
2007-05-14,100000.0,107353.84544345079,108548.72013152025,102683.58373331605,0.0,-0.0024266664667838,-0.0063127484526511735,-0.009048484652586564
2007-05-15,100000.0,107293.12638474496,107602.43135782803,102497.22270503841,0.0,-0.0029908913769578493,-0.014975357183191984,-0.010846968272451796
2007-05-16,100000.0,108476.37262884437,109124.49674207288,102981.93204257908,0.0,0.0,-0.0010419182028603702,-0.006169263861721119
2007-05-17,100000.0,108773.78171561933,109112.83314896529,103014.16501858659,0.0,0.0,-0.0011486902013160272,-0.0058581983996726095
2007-05-18,100000.0,109513.79574460212,109814.97099798152,103366.15239430688,0.0,0.0,0.0,-0.002461331922368304
2007-05-21,100000.0,109827.09584696681,110907.7023659823,103966.48384652026,0.0,0.0,0.0,0.0
2007-05-22,100000.0,109894.28010908708,111159.16131075447,103868.02097895552,0.0,0.0,0.0,-0.0009470635528089355
2007-05-23,100000.0,109800.27068984153,110520.68519621306,103716.40393406479,0.0,-0.0008554532515452351,-0.005743801113760605,-0.0024053897294887827
2007-05-24,100000.0,108661.23053265164,108765.02365102814,102684.29616968313,0.0,-0.011220325345517979,-0.02153792482324801,-0.01233270213052462
2007-05-25,100000.0,109475.84857389101,109823.75822266705,103346.24206804398,0.0,-0.0038075824763647015,-0.012013432562289594,-0.005965785852601324
2007-05-29,100000.0,109719.37940436346,110536.24729388396,103501.25931090981,0.0,-0.0015915360157963132,-0.005603802777254696,-0.004474754924839397
2007-05-30,100000.0,110613.04749767904,111450.17795588417,103825.24255798926,0.0,0.0,0.0,-0.0013585271262949172
2007-05-31,100000.0,110643.14253257727,112126.65237976174,104368.02474985176,0.0,0.0,0.0,0.0
2007-06-01,100000.0,111538.63849301892,112549.08680121115,105084.05604608406,0.0,0.0,0.0,0.0
2007-06-04,100000.0,111178.62755316123,112508.5664017697,104894.83586886711,0.0,-0.0032276791677013916,-0.0003600242400280118,-0.0018006554403835473
2007-06-05,100000.0,110392.80927714845,112157.07922965036,104312.83805208158,0.0,-0.0102729352926626,-0.003482992023321918,-0.007339058112338814
2007-06-06,100000.0,108909.10410333365,110631.31852379837,103495.60159962706,0.0,-0.02357509850588546,-0.017039394382648454,-0.01511603668743422
2007-06-07,100000.0,106828.91234292823,108766.76787702939,101802.38319449173,0.0,-0.04222506401120785,-0.03360594947218232,-0.031229027267021037
2007-06-08,100000.0,108961.97285378962,110886.08602690489,102784.49383334545,0.0,-0.0231011035641302,-0.014775782030497675,-0.02188307436220538
2007-06-11,100000.0,109194.3825516444,110714.88229706069,102943.67726927131,0.0,-0.021017433716668865,-0.016296929244660197,-0.02036825430371758
2007-06-12,100000.0,107879.38249670654,109913.99378106427,101966.25338003476,0.0,-0.03280707067749811,-0.023412833413753775,-0.029669607201705306
2007-06-13,100000.0,110349.42866573267,112009.03022279657,103689.97959096928,0.0,-0.010661864295220758,-0.004798409243146007,-0.013266298500159035
2007-06-14,100000.0,111402.9721569253,113114.80457201108,104391.91954865362,0.0,-0.001216316945648499,0.0,-0.006586503447553516
2007-06-15,100000.0,111959.76264392141,114518.20964968263,105252.31557950092,0.0,0.0,0.0,0.0
2007-06-18,100000.0,112081.84726761615,114875.98854451555,105510.110764677,0.0,0.0,0.0,0.0
2007-06-19,100000.0,112124.21483498624,114610.06251643639,105689.65880855221,0.0,0.0,-0.0023148965371132535,0.0
2007-06-20,100000.0,110610.81496008254,113556.61839516449,104714.04423593401,0.0,-0.01349752929936654,-0.011485169059849198,-0.009230936911107324
2007-06-21,100000.0,111468.78469186125,114858.22971632407,105239.21772072012,0.0,-0.0058455717535198515,-0.00015459129811623562,-0.004261922054720868
2007-06-22,100000.0,110375.34644836969,113709.9851975236,104861.65239868428,0.0,-0.015597597621444859,-0.010150105011197508,-0.007834318127261541
2007-06-25,100000.0,109749.79018568232,113119.58995285694,104474.5045467934,0.0,-0.021176733792948932,-0.015289518844732175,-0.011497380873941143
2007-06-26,100000.0,108147.10859286562,111967.66889935454,103281.5978813307,0.0,-0.03547053817031176,-0.025317036937044568,-0.02278426247532417
2007-06-27,100000.0,109783.98212799558,113823.0142521523,104161.16040959465,0.0,-0.020871786798550063,-0.00916618264360114,-0.014462137698128985
2007-06-28,100000.0,109778.2985681901,113783.49812999633,104376.00110540708,0.0,-0.02092247665010305,-0.009510172041704568,-0.012429387301975403
2007-06-29,100000.0,109814.79886704528,113978.54104429965,104571.26059221668,0.0,-0.02059694216222374,-0.007812315798859326,-0.010581907718724026
2007-07-02,100000.0,109970.88155270151,114109.91822642069,104579.44506672614,0.0,-0.01920489062468622,-0.006668672259547148,-0.010504468973990377
2007-07-03,100000.0,110586.06257498526,115061.2855575931,104855.64535211018,0.0,-0.013718287902971582,0.0,-0.007891154781309084
2007-07-05,100000.0,110902.87988102905,116364.10208261991,105157.95798573743,0.0,-0.010892695710330136,0.0,-0.005030774333162569
2007-07-06,100000.0,111857.66292968932,117240.54273853799,105917.33160955994,0.0,-0.0023772911648852757,0.0,0.0
2007-07-09,100000.0,111881.35746045114,117323.31450750344,106211.7996919756,0.0,-0.002165967225656984,0.0,0.0
2007-07-10,100000.0,108499.69508148485,114360.8414766699,104108.27043871547,0.0,-0.032325932081982534,-0.025250505777724808,-0.019805042936477557
2007-07-11,100000.0,110151.80981953786,116083.58914507828,105157.87677827047,0.0,-0.017591249297497225,-0.010566743427163128,-0.009922842064267856
2007-07-12,100000.0,112010.13283014114,118024.2600100625,106260.13709860582,0.0,-0.0010174609027406856,0.0,0.0
2007-07-13,100000.0,111884.94238484678,118362.58667161543,106155.4253771643,0.0,-0.002133994431903874,0.0,-0.0009854280664474135
2007-07-16,100000.0,111778.72068741223,118144.93433638531,106056.16833543956,0.0,-0.0030813517676130386,-0.0018388609217705465,-0.001919522868457979
2007-07-17,100000.0,111904.41215626844,119256.65749967883,106343.92218608575,0.0,-0.0019603497695951377,0.0,0.0
2007-07-18,100000.0,111610.37810926708,119014.12200310781,106618.7155777583,0.0,-0.004582745363928553,-0.002033727103006089,0.0
2007-07-19,100000.0,112236.00182984916,119580.75841319517,107141.74910591716,0.0,0.0,0.0,0.0
2007-07-20,100000.0,110336.31292626126,118110.9572596942,106344.86317906441,0.0,-0.01692584262283192,-0.012291284760231003,-0.007437678902040057
2007-07-23,100000.0,110473.37862811825,117944.61977206526,106189.63769485531,0.0,-0.015704615034336844,-0.013682290218267945,-0.008886465070871874
2007-07-24,100000.0,107714.66101200417,115269.2638405499,104579.33659472706,0.0,-0.04028422916115082,-0.03605508636889121,-0.023916097437022166
2007-07-25,100000.0,108249.88037556014,115772.0776519679,104783.73299912375,0.0,-0.03551553324513479,-0.03185028102988685,-0.022008377933632084
2007-07-26,100000.0,103931.89517928263,112865.01273360846,101934.2437962055,0.0,-0.07398790508553255,-0.05616075503034834,-0.048603885536381064
2007-07-27,100000.0,102318.70058369184,111010.05170511027,101298.01446892598,0.0,-0.08836114156304364,-0.07167295827368803,-0.054542087335294864
2007-07-30,100000.0,104085.28273398208,112508.20370917696,102219.23366925029,0.0,-0.07262125310044143,-0.059144588124955266,-0.045943952546459
2007-07-31,100000.0,102282.40576207943,109427.80417615984,100881.8888373597,0.0,-0.08868452105822044,-0.08490458140391755,-0.058425966729077294
2007-08-01,100000.0,103266.8098903195,110816.74297654045,101662.05768420525,0.0,-0.0799136800429423,-0.07328951206658052,-0.05114431552069254
2007-08-02,100000.0,104231.90442352075,112003.48300857919,102244.8329254986,0.0,-0.07131488360092064,-0.06336533991893356,-0.04570502368388263
2007-08-03,100000.0,100610.84860005429,108819.62685151862,100618.17232914086,0.0,-0.10357775615901499,-0.08999049432763184,-0.06088734626058123
2007-08-06,100000.0,102972.99531924316,110832.36583720277,101832.54449616847,0.0,-0.08253150824678179,-0.07315886512245984,-0.04955308881974818
2007-08-07,100000.0,104054.15983490653,111613.30071964179,102252.1701848541,0.0,-0.07289855181536475,-0.06662825858674448,-0.04563654188834798
2007-08-08,100000.0,106295.13238902685,113705.21342613525,103603.37779333041,0.0,-0.05293194112374677,-0.04913453522980493,-0.03302514045284832
2007-08-09,100000.0,101938.74757598682,109729.17188422647,100652.88048901138,0.0,-0.09174644575697799,-0.08238437905643547,-0.06056340008497596
2007-08-10,100000.0,101650.6760357949,108924.47709746505,100879.26035814028,0.0,-0.09431310472108334,-0.08911367896588163,-0.0584504994555014
2007-08-13,100000.0,101757.69788356457,109397.55465955164,100807.44920752753,0.0,-0.09335956177563953,-0.08515754448100132,-0.059120743792671515
2007-08-14,100000.0,99532.56535553775,106783.67620520068,99421.67726257624,0.0,-0.11318504104921645,-0.10701623219160317,-0.07205474903820253
2007-08-15,100000.0,97241.89498288202,103733.9753703497,97668.00492847452,0.0,-0.133594449218695,-0.1325195060905121,-0.08842252676010709
2007-08-16,100000.0,96069.19634919747,100702.45634391617,95271.83704607183,0.0,-0.14404295606645645,-0.15787073371827576,-0.11078699161529537
2007-08-17,100000.0,97996.70515353994,102815.2324994591,96454.77881368186,0.0,-0.12686924377345632,-0.14020253873792188,-0.09974608760279324
2007-08-20,100000.0,98455.1197911112,103846.31272709816,97151.00254972822,0.0,-0.12278486237980857,-0.13158007939478655,-0.09324793219786232
2007-08-21,100000.0,98059.78476413465,104329.61328663921,96959.06558729435,0.0,-0.12630721724394456,-0.1275384545886361,-0.09503936237363941
2007-08-22,100000.0,100501.31967736935,107137.96673398814,98878.5831989635,0.0,-0.10455363663318751,-0.10405346014124317,-0.07712367938650067
2007-08-23,100000.0,100759.61058610756,107210.04618716135,99105.00709869154,0.0,-0.10225231705188431,-0.10345069215306779,-0.07501036780051762
2007-08-24,100000.0,102320.83159836933,109086.27068529175,100387.07658393157,0.0,-0.08834215465471873,-0.08776067209442795,-0.06304426218866488
2007-08-27,100000.0,100645.94304263503,107576.32838785205,99289.64982630558,0.0,-0.10326507179741462,-0.1003876391539803,-0.07328701785378944
2007-08-28,100000.0,97402.94864490935,103869.50000176668,97098.49489057969,0.0,-0.13215949377301284,-0.1313861746648266,-0.09373800875146254
2007-08-29,100000.0,100617.01851144225,108304.93669282946,99641.94272873201,0.0,-0.10352278350062216,-0.09429461620743051,-0.06999891675999292
2007-08-30,100000.0,100435.87018644849,108972.21557748297,99819.0712957447,0.0,-0.10513677831548007,-0.08871446356825918,-0.06834569970416926
2007-08-31,100000.0,101276.73111070077,110049.96976372092,100477.8369216937,0.0,-0.09764487811818845,-0.07970169094045965,-0.06219715694239525
2007-09-04,100000.0,102714.48647227757,112360.59955506644,101862.04983804091,0.0,-0.08483476961346414,-0.060378935155942504,-0.04927770278098498
2007-09-05,100000.0,100844.58016047424,110138.5436436494,100602.63158609453,0.0,-0.10149525538734372,-0.07896098749365232,-0.06103239469572452
2007-09-06,100000.0,101313.6392363793,110305.48806860865,101309.47677215913,0.0,-0.09731603420824153,-0.07756490649220571,-0.05443510473207236
2007-09-07,100000.0,98173.09981144371,106350.99990090377,99204.56806194868,0.0,-0.1252976031676979,-0.11063450916223294,-0.07408112253349552
2007-09-10,100000.0,97984.91286070368,106283.66092405094,99283.39076270342,0.0,-0.12697431070959087,-0.1111976346829806,-0.07334543638488855
2007-09-11,100000.0,99888.0477712689,108750.29317472232,100989.12680391785,0.0,-0.11001776486389703,-0.09057030062520299,-0.05742506869023578
2007-09-12,100000.0,100022.69872694738,108639.63550359725,100849.73081247997,0.0,-0.10881805217382268,-0.09149568086691962,-0.05872611139862094
2007-09-13,100000.0,101141.01111504565,109631.47160940376,101273.98030566657,0.0,-0.0988541157375119,-0.08320140243142626,-0.05476640851224002
2007-09-14,100000.0,101725.54911780485,110363.75101633405,101884.52711159257,0.0,-0.09364600075453733,-0.07707767971342849,-0.049067912724921614
2007-09-17,100000.0,100977.10038437837,109209.90827075459,101714.33536034213,0.0,-0.10031452708498467,-0.08672674667780167,-0.050656385497399814
2007-09-18,100000.0,104745.06167306434,112867.64497127138,104129.10706043206,0.0,-0.0667427566436406,-0.05613874281284903,-0.028118283214761508
2007-09-19,100000.0,105454.29108145152,113263.56337158039,104248.32394126228,0.0,-0.060423666540427745,-0.05282785563030612,-0.027005580819802755
2007-09-20,100000.0,103475.07861781311,111608.28148514354,102959.87534514708,0.0,-0.07805804794541504,-0.06667023218320645,-0.0390312254155567
2007-09-21,100000.0,104021.08349544335,113240.31224572162,103830.93809173362,0.0,-0.0731932552877258,-0.053022294318998964,-0.03090122236954118
2007-09-24,100000.0,103271.97612847514,113155.56453779674,103356.00746190366,0.0,-0.0798676499093719,-0.05373100121339791,-0.03533395408983875
2007-09-25,100000.0,102888.26933861795,114048.59298067336,103395.8025434512,0.0,-0.08328639954051886,-0.04626300674065109,-0.03496252948757472
2007-09-26,100000.0,104135.58620556505,115396.03299546715,104250.7355937999,0.0,-0.0721730593768336,-0.034994973047990485,-0.026983071830004368
2007-09-27,100000.0,104851.22436413012,116101.0226662889,104983.46658862144,0.0,-0.06579686861007783,-0.02909946209642289,-0.020144178486036335
2007-09-28,100000.0,103769.3675546693,114900.82343009909,104384.51255245456,0.0,-0.0754359932387414,-0.03913618750372194,-0.025734473969963645
2007-10-01,100000.0,105908.5979416448,117315.49831871389,106116.28296253282,0.0,-0.05637588460961729,-0.018943349453044878,-0.009571116319658013
2007-10-02,100000.0,105682.25394097177,117247.23394782301,105504.48756869347,0.0,-0.05839256372311741,-0.019514213627153776,-0.015281265714685577
2007-10-03,100000.0,106244.4146311982,117277.43442094633,105855.47140088708,0.0,-0.05338382605373149,-0.01926166067863544,-0.012005382736084536
2007-10-04,100000.0,106273.29443610774,117403.19094941259,106221.0314088109,0.0,-0.05312651285263126,-0.018210015496458842,-0.008593454043727244
2007-10-05,100000.0,107970.1540839935,120303.2331548761,107474.82203203878,0.0,-0.03800783773750893,0.0,0.0
2007-10-08,100000.0,107799.44069007023,121527.57011846211,107689.61398054627,0.0,-0.03952885943411277,0.0,0.0
2007-10-09,100000.0,108694.13796340235,121926.98709363214,108066.4822193297,0.0,-0.03155728829165094,0.0,0.0
2007-10-10,100000.0,108474.6465108026,122184.68753457727,108164.69908639247,0.0,-0.033512912592421173,0.0,0.0
2007-10-11,100000.0,108158.44509040848,120440.29901603848,108002.55178198955,0.0,-0.036330203080668366,-0.014276654086013418,-0.0014990778486188017
2007-10-12,100000.0,108960.58507116867,122692.26410732456,108973.29638977721,0.0,-0.02918329863216318,0.0,0.0
2007-10-15,100000.0,107792.4867847061,121457.86100373405,108501.31498416529,0.0,-0.03959081731973557,-0.010060969308633205,-0.004331165719019148
2007-10-16,100000.0,106590.78900643025,120485.43356976719,107870.28429832643,0.0,-0.05029770066094397,-0.017986712965268548,-0.010121856711625132
2007-10-17,100000.0,106505.13123069289,121590.68030965519,107831.81340268007,0.0,-0.051060894060039,-0.008978429126597298,-0.01047488719634826
2007-10-18,100000.0,105180.17332208967,121041.54508631761,107538.55850794728,0.0,-0.06286600014900923,-0.013454141000796893,-0.01316595835275225
2007-10-19,100000.0,101630.59687382636,117057.61258807538,105443.47352466705,0.0,-0.09449200597951357,-0.04592507571887572,-0.0323916315469126
2007-10-22,100000.0,102116.06652555832,118365.0242420068,105366.81869888498,0.0,-0.09016656990002869,-0.03526905218353893,-0.03309505916011324
2007-10-23,100000.0,103319.63278578086,121322.5073718336,106751.57687317021,0.0,-0.0794430387638505,-0.01116416544642751,-0.020387742595767033
2007-10-24,100000.0,102518.4563116054,119677.05437871694,106098.17806623534,0.0,-0.08658135856421234,-0.024575385828482843,-0.026383695995192302
2007-10-25,100000.0,102566.7939231135,117824.4573193056,105746.0816580826,0.0,-0.08615068025493533,-0.039674928353762184,-0.029614729833916886
2007-10-26,100000.0,103994.07842660857,120070.4238951672,107252.43126423344,0.0,-0.07343386497084448,-0.021369238160475312,-0.015791622191445476
2007-10-29,100000.0,104786.97579361575,121108.06632354614,108093.08131118704,0.0,-0.06636931033525417,-0.012911961445202902,-0.008077346540402042
2007-10-30,100000.0,104132.10475741606,121419.87069622937,107791.57883780006,0.0,-0.07220407837334308,-0.010370608288572947,-0.010844102097732011
2007-10-31,100000.0,105772.998770776,123824.92595603318,109311.31828640262,0.0,-0.05758404570461384,0.0,0.0
2007-11-01,100000.0,102464.56067250225,120491.94151602319,107252.73403238058,0.0,-0.0870615577714583,-0.026916910422328466,-0.018832306537813537
2007-11-02,100000.0,102812.91104280468,121719.94501547594,108467.43766219265,0.0,-0.08395782666358675,-0.016999654345076443,-0.0077199748154069825
2007-11-05,100000.0,101657.39195270282,120481.98145024432,107633.10844328433,0.0,-0.09425326726430983,-0.026997347100985558,-0.015352571622283984
2007-11-06,100000.0,103395.4777020802,122300.03788499431,109213.80974929362,0.0,-0.07876727595100264,-0.01231487165661882,-0.0008920259917963858
2007-11-07,100000.0,98725.92686840257,117094.72158613878,106209.87517145992,0.0,-0.1203720262766308,-0.054352581420352375,-0.028372570778230966
2007-11-08,100000.0,98312.54691939359,113582.32539654402,105430.84644043937,0.0,-0.1240551577341793,-0.08271840649536122,-0.035499268573416676
2007-11-09,100000.0,95199.4678633543,107724.77204406337,102472.41013042176,0.0,-0.151792060379364,-0.13002352949265272,-0.06256358685623464
2007-11-12,100000.0,93369.12708433795,103955.02033657992,99423.02711026736,0.0,-0.16810002528523404,-0.1604677367342704,-0.09045990233351053
2007-11-13,100000.0,97549.15631838267,109820.95076640557,102631.91079338672,0.0,-0.1308568130726172,-0.11309496114376871,-0.06110444552059491
2007-11-14,100000.0,97392.84930409583,108516.92807831115,102806.33930641953,0.0,-0.1322494768501794,-0.12362614198661004,-0.059508741473043414
2007-11-15,100000.0,95306.55490613637,107155.67662828362,100958.2142639937,0.0,-0.15083793655958977,-0.1346194976419235,-0.07641572852065748
2007-11-16,100000.0,95902.33721442704,108651.74266309766,101614.72848044743,0.0,-0.14552963709616196,-0.12253739039846556,-0.07040981598803542
2007-11-19,100000.0,93535.92314747788,106206.14167803843,99907.83499724469,0.0,-0.16661390621095695,-0.1422878644341019,-0.08602479081370329
2007-11-20,100000.0,94065.62354705499,106592.39178195738,100772.25595822414,0.0,-0.16189438314401683,-0.13916854010633206,-0.07811690922805992
2007-11-21,100000.0,90990.10779625998,103995.31475300752,98911.59602387784,0.0,-0.1892966043622808,-0.1601423223145444,-0.09513856776730889
2007-11-23,100000.0,92367.0676684668,104909.51652531562,99896.11491507174,0.0,-0.17702817133047788,-0.15275930338479593,-0.08613200827623768
2007-11-26,100000.0,90329.13472518437,103067.89343292532,99337.55815850799,0.0,-0.19518574029281455,-0.16763210123362493,-0.09124178798907845
2007-11-27,100000.0,91941.96449885934,105827.91191871044,100057.14597057312,0.0,-0.18081575430453933,-0.14534241711327966,-0.08465886662882405
2007-11-28,100000.0,95894.27594674627,110266.57531288592,102356.7310893987,0.0,-0.1456014613553065,-0.10949613366182398,-0.063621839952405
2007-11-29,100000.0,95752.39096255296,110544.2796383495,102009.96297147794,0.0,-0.1468656277714303,-0.107253416185359,-0.06679413833245207
2007-11-30,100000.0,98477.55370665954,111695.29919086833,103647.17842779182,0.0,-0.12258498074483759,-0.09795787618295648,-0.05181659088375812
2007-12-03,100000.0,96672.91475509731,109435.49371715187,102465.87904422125,0.0,-0.13866394758382106,-0.11620788082676181,-0.06262333443135215
2007-12-04,100000.0,95305.66581655505,108403.83154505589,101986.48086426624,0.0,-0.15084585816733442,-0.12453950036241412,-0.06700895695855424
2007-12-05,100000.0,97827.18530593342,111416.92985110858,103494.22778150943,0.0,-0.12837963121458695,-0.10020596426062345,-0.05321581146475651
2007-12-06,100000.0,99630.03711913592,113523.17870036564,104782.33866705078,0.0,-0.1123165874157207,-0.08319607038832733,-0.04143193669557277
2007-12-07,100000.0,99878.5844707613,113851.12469178975,104641.05980923088,0.0,-0.11010208095101093,-0.08054760531643568,-0.042724381613762685
2007-12-10,100000.0,100770.12223981472,114448.63602078788,105486.12791853266,0.0,-0.10215866035050702,-0.07572215257027148,-0.03499354346681394
2007-12-11,100000.0,97209.22156715939,110837.76464823904,103240.1423656737,0.0,-0.13388556272229402,-0.10488325518890695,-0.0555402314774216
2007-12-12,100000.0,99151.51151137997,112967.65524153596,105104.95499528333,0.0,-0.1165801534725498,-0.08768243252051156,-0.03848058331982007
2007-12-13,100000.0,99228.4611988206,112667.61393272293,104345.06002360111,0.0,-0.11589454737302662,-0.09010554165218643,-0.04543224197323825
2007-12-14,100000.0,98799.00643934369,112431.73430391762,104547.31545326088,0.0,-0.11972090212974695,-0.09201048629062758,-0.043581972185714135
2007-12-17,100000.0,97036.67132830693,109253.1995528378,103172.62656846904,0.0,-0.13542295033446194,-0.11768007362563981,-0.05615787838044195
2007-12-18,100000.0,97578.4766902015,109610.81625373193,103828.92034496024,0.0,-0.13059557450976034,-0.11479199032469678,-0.05015398247305136
2007-12-19,100000.0,97958.93542793235,110015.7509250298,104432.19127904378,0.0,-0.12720576436392472,-0.11152177095511961,-0.04463514925851697
2007-12-20,100000.0,98463.60452376759,112175.58001367122,104772.49081974057,0.0,-0.12270926513366598,-0.09407916744079725,-0.04152202660999871
2007-12-21,100000.0,100137.10828678905,115326.56163257496,106661.27110026262,0.0,-0.10779868621302235,-0.06863209695336914,-0.02424311798341605
2007-12-24,100000.0,100978.01631376689,116320.52762839722,107104.51259213568,0.0,-0.10030636634000456,-0.06060490866193269,-0.020188263474098522
2007-12-26,100000.0,101247.73108478791,116970.45938479075,107703.82241208114,0.0,-0.09790326246403158,-0.05535611282074393,-0.014705667258624988
2007-12-27,100000.0,99642.32895306629,115294.77041325235,106897.78891050385,0.0,-0.11220706966981064,-0.06888884024699238,-0.022079409650656356
2007-12-28,100000.0,98109.22840280147,113650.03643799985,106107.3822991241,0.0,-0.12586668445713178,-0.08217157764864047,-0.02931019438338489
2007-12-31,100000.0,96759.25866054874,111505.09383821068,104844.85734701014,0.0,-0.13789464090821146,-0.09949395909347791,-0.04086000433816073
2008-01-02,100000.0,93861.63966134824,107453.11727477753,102921.89377910543,0.0,-0.16371183817075585,-0.13221739124696774,-0.058451627950881435
2008-01-03,100000.0,94028.38786707119,108065.1359832698,103502.32034457431,0.0,-0.1622261454963524,-0.1272747780875657,-0.05314177921272856
2008-01-04,100000.0,90987.00857898968,102415.35266477284,100855.71951200209,0.0,-0.18932421775922803,-0.17290196724092766,-0.07735336932124737
2008-01-07,100000.0,91411.87288598018,102482.92758264282,101210.8732077411,0.0,-0.18553876300261085,-0.17235623771718078,-0.0741043581364359
2008-01-08,100000.0,88643.0362610444,98341.72203046105,99396.80096982814,0.0,-0.21020853544455298,-0.20580027590422723,-0.09069982387915043
2008-01-09,100000.0,91421.77764033509,102548.13114212314,102106.5276402334,0.0,-0.18545051365130272,-0.1718296590903261,-0.0659107470215683
2008-01-10,100000.0,91803.22871096386,102457.62358376702,102517.20630296721,0.0,-0.182051862020723,-0.17256059074772312,-0.062153783248998895
2008-01-11,100000.0,90514.24116881244,99810.04095332418,101488.8200945514,0.0,-0.19353647944415475,-0.1939422520731895,-0.07156164900834672
2008-01-14,100000.0,90649.47914811649,100919.58504412412,101744.34459673762,0.0,-0.19233153649270263,-0.18498166451593212,-0.06922406396965264
2008-01-15,100000.0,87441.92471965688,96745.49424426972,98861.76047275838,0.0,-0.22091019553405278,-0.21869128128030235,-0.09559447253454334
2008-01-16,100000.0,87155.68267033077,96202.36154905682,98497.30553663257,0.0,-0.22346055410580634,-0.2230775766163945,-0.09892857317333459
2008-01-17,100000.0,84149.55855602714,94005.33301185002,96852.64119039262,0.0,-0.2502445099247328,-0.24082059984248472,-0.11397426443405856
2008-01-18,100000.0,83622.13481502509,94258.15659648122,97218.08854918,0.0,-0.2549437484257767,-0.23877881719913407,-0.11063108493063445
2008-01-22,100000.0,82951.83357484984,91977.58465898456,97130.4249391935,0.0,-0.26091599645000185,-0.2571965301102359,-0.11143304772241791
2008-01-23,100000.0,84698.44287464677,91372.61822964207,97100.74946015177,0.0,-0.2453540620321596,-0.2620821896385711,-0.11170452445060064
2008-01-24,100000.0,85733.48952153542,93605.74687869479,98528.1063742649,0.0,-0.2361320064527227,-0.24404762485437215,-0.09864680145824434
2008-01-25,100000.0,84219.02768123713,91351.8934393104,97719.45229787548,0.0,-0.24962555411663745,-0.26224956135449706,-0.1060445173495731
2008-01-28,100000.0,85747.97737192821,92218.39682508503,98765.18183655853,0.0,-0.23600292264577505,-0.25525175070301076,-0.09647799162217152
2008-01-29,100000.0,86229.17647624062,92448.52362714724,98699.10522922671,0.0,-0.23171553627716646,-0.25339326542401364,-0.09708247255212155
2008-01-30,100000.0,84947.00262844768,91664.69551273315,98021.74510613074,0.0,-0.2431394450665827,-0.2597233973288968,-0.10327908726425272
2008-01-31,100000.0,86513.05413385337,93283.83726085619,98775.33138157193,0.0,-0.2291862439557677,-0.2466473406656532,-0.09638514172179069
2008-02-01,98719.75935656628,88119.15201324908,94482.42267384697,99168.86645384849,-0.012802406434337166,-0.21487623777940212,-0.2369676626546494,-0.09278501066083811
2008-02-04,98665.44617184848,87155.07731082504,93288.50640621135,98454.64636295117,-0.01334553828151519,-0.22346594773615547,-0.2466096330286882,-0.0993188271227895
2008-02-05,97816.90128196194,84695.16977670432,90445.69563385347,96719.24313343433,-0.021830987180380568,-0.2453832246706097,-0.26956794090094394,-0.11519461433971778
2008-02-06,98441.93316313965,83894.13015372927,88503.82037290421,96209.08988577145,-0.0155806683686035,-0.25252032515454736,-0.28525036708417273,-0.11986158987034168
2008-02-07,99361.57201981702,85187.28471722359,89915.82498988259,97341.69882684515,-0.006384279801829873,-0.2409985804165733,-0.27384713299316477,-0.10950027542615759
2008-02-08,100195.21841731685,84979.43539387552,91322.83058431749,98376.89479473166,0.0,-0.24285047570827456,-0.26248427060038215,-0.10003011273747575
2008-02-11,99951.30604141325,84692.26511850372,91547.00030720777,98076.89840765871,-0.002434371417682768,-0.24540910458572818,-0.26067389420678044,-0.10277453474039178
2008-02-12,99089.11344330653,85885.50928815034,91451.98487315545,98030.48991982196,-0.01103949860564557,-0.23477754118189653,-0.26144123110053363,-0.10319908810379697
2008-02-13,99581.80314925089,87524.94000323565,94315.55919873183,99610.21367581285,-0.006122201016729778,-0.2201705462038439,-0.2383152384664402,-0.0887474852802731
2008-02-14,99505.37679753391,86360.57220893152,92155.95035583463,98418.63497887882,-0.0068849754577081645,-0.2305448269633218,-0.2557560632941006,-0.09964826587292885
2008-02-15,99200.35278391048,86349.41696788931,91843.90334225717,98237.46999742983,-0.00992927256531062,-0.23064421789724976,-0.2582761295179906,-0.10130559636979775
2008-02-19,100600.27247773975,86688.61094701025,91774.96113848145,98858.79696088372,0.0,-0.2276220683766782,-0.25883290113116475,-0.0956215832850229
2008-02-20,101581.28637387564,87049.2174282562,92313.9729421984,99598.17644162563,0.0,-0.22440913780746008,-0.2544798857785989,-0.08885760410763621
2008-02-21,101280.73107032996,85814.19375180034,90872.75289011475,98824.46552898374,-0.0029587664645186473,-0.23541294813855307,-0.2661190613400314,-0.09593565352439215
2008-02-22,101252.47802119821,86165.7639163394,91026.66044952259,98830.70405301385,-0.003236898885757622,-0.23228052931743315,-0.264876116446509,-0.09587858236169922
2008-02-25,101294.67802193985,87935.96079043465,92211.20670759137,99697.30326133431,-0.002821468029858498,-0.21650843439927236,-0.2553098175052976,-0.08795077376963811
2008-02-26,101505.30605298468,88037.82765941496,91992.60671015282,99679.09327831716,-0.0007479755730923632,-0.21560082126873037,-0.2570752132505465,-0.08811736203609233
2008-02-27,101618.04358939202,87145.86417532968,91616.78179245634,99214.2417103495,0.0,-0.22354803490377684,-0.2601103446249027,-0.09236990948730617
2008-02-28,101579.07025760168,85142.70023349146,90039.98801130995,98164.45918640708,-0.00038352767297733514,-0.2413958191189972,-0.27284440256172116,-0.10197351266764576
2008-02-29,101099.24438840555,82309.4216374895,86620.44520863486,96200.10247412731,-0.005105384660649248,-0.26663975644578497,-0.30046035125923365,-0.11994380836139107
2008-03-03,101542.17170809567,81914.77388186831,85837.07147887361,95969.03742809716,-0.000746637886504975,-0.2701559878616143,-0.3067868135907307,-0.12205763380648138
2008-03-04,100397.60935844715,81483.60515590847,86204.57670084358,95277.0681918375,-0.012010015031152066,-0.27399761371187836,-0.30381887140031527,-0.12838789536683182
2008-03-05,101983.8491572,82426.63299215618,87087.34139987943,96570.96349251435,0.0,-0.2655954270616684,-0.2966897357095797,-0.11655110370645905
2008-03-06,100700.50839106043,79687.38730325617,84040.72970708653,94194.83358236475,-0.012583764750449977,-0.29000155026848695,-0.3212939231885583,-0.13828837618106216
2008-03-07,100546.94200677384,78958.81317260492,83935.41748984906,93988.61135215028,-0.014089555966957934,-0.2964929979214047,-0.3221444160632714,-0.1401749349880299
2008-03-10,99815.9824903025,76946.75152053293,81260.51979719524,92178.86509968911,-0.021256960634579602,-0.3144200589291757,-0.3437466716027061,-0.1567308258219463
2008-03-11,100770.51592281865,81166.04954022667,85957.58156673628,95347.54971997021,-0.011897307705174942,-0.27682696980532895,-0.30581358395273794,-0.12774311741302435
2008-03-12,100426.8777453579,79013.3243747203,84226.02345131406,93928.13973271243,-0.015266842982580187,-0.29600731417263737,-0.3197975060270143,-0.14072814046012394
2008-03-13,100710.07151189461,78587.36506610693,84220.77127414099,93622.7927862885,-0.01248999381600091,-0.2998025251715032,-0.31983992218137514,-0.14352151036189298
2008-03-14,100078.14829690178,76078.51136490484,81289.39368204093,91625.50760744364,-0.018686300586289284,-0.32215590252189685,-0.3435134884643133,-0.16179304171065823
2008-03-17,99344.48820002831,73841.85552724269,78222.75489150295,89427.36646483211,-0.025880185725323357,-0.34208405214587345,-0.3682794131508087,-0.18190204027613388
2008-03-18,99360.70189782114,79063.90388988654,84075.30465159264,93081.75350613758,-0.02572120273020384,-0.29555666095672084,-0.32101469875745803,-0.14847103698578168
2008-03-19,97061.66880191531,76149.34029362365,80972.3990066415,90191.80583826968,-0.04826431239810869,-0.3215248311404858,-0.34607351160143185,-0.17490880860148994
2008-03-20,95852.60679532382,77802.35851634108,83297.19832203918,90984.4519435018,-0.06011973868946008,-0.30679677422677454,-0.3272986219946078,-0.16765753656801818
2008-03-24,96564.0018127871,80479.28533904975,87415.24562487374,93153.64743728196,-0.053144173211766454,-0.2829458994712133,-0.2940416079399677,-0.14781333811002562
2008-03-25,97588.92613570503,79963.89102829079,87339.1921273281,93394.40994340707,-0.04309430422380467,-0.2875379581899504,-0.29465580978146644,-0.14561079852035297
2008-03-26,97693.50769406438,78270.77890726172,86280.53607514806,92453.39710058947,-0.04206883245328785,-0.3026232436012737,-0.3032054296904333,-0.1542193566968456
2008-03-27,97697.86074084186,78315.05374634452,84647.34757776585,92070.1530401088,-0.0420261487654936,-0.3022287637698384,-0.3163949267547167,-0.1577253436933298
2008-03-28,96717.28938478639,77293.30753619489,83865.97513376358,91084.16826502858,-0.05164111588194353,-0.3113323151570182,-0.32270522686569525,-0.16674531335920528
2008-03-31,96316.32621582568,78057.86215066018,84939.31018742875,91631.03156908909,-0.05557274988354566,-0.30452028869491776,-0.31403706053829294,-0.16174250749579333
2008-04-01,94488.48927697988,80851.34997610889,88644.20042816162,92372.29098476627,-0.07349555779824146,-0.2796308790589289,-0.28411666921055345,-0.1549613303286218
2008-04-02,96971.711902332,82881.65582106177,90607.40644217996,95158.64006412441,-0.04914638245456093,-0.26154126599492433,-0.26826197760576775,-0.1294712976125426
2008-04-03,97054.81955245751,83069.60983178718,90810.37037074081,95305.88162967686,-0.04833147253684045,-0.2598666339012905,-0.2666228574771361,-0.12812430474976633
2008-04-04,97138.27556320537,82360.04662437901,90670.65827354982,95106.78065311893,-0.04751314677803109,-0.26618869808604173,-0.267751160975905,-0.129945717021424
2008-04-07,98098.48253029371,83136.77861220048,91289.08242997855,96014.86521893379,-0.03809786215185218,-0.2592681736985195,-0.2627568179415445,-0.12163839276580013
2008-04-08,100452.5249389452,87737.45387642928,95652.98522444573,100949.3361585545,-0.01501536008799198,-0.21827709071960633,-0.22751429499413178,-0.07649694705848464
2008-04-09,98410.9979917752,81941.1693080323,89000.84654003162,95212.28007735583,-0.03503349986248838,-0.2699208099709762,-0.2812364243073857,-0.12898058892773034
2008-04-10,98242.51170416715,82283.9337669192,90504.92566552252,95591.5080863581,-0.03668558780582876,-0.2668668482002555,-0.26908960399735415,-0.12551134150717813
2008-04-11,97433.7713649893,79809.34472638153,86996.75343041247,93398.65352518277,-0.044615670322436296,-0.2889149343775338,-0.2974213167605477,-0.14557197745550599
2008-04-14,97433.51794058114,79687.5618432101,86776.28957801561,93293.91830494339,-0.04461815526892787,-0.2899999951529172,-0.29920176484638095,-0.14653011447078712
2008-04-15,98062.55045964423,80491.11887568903,87463.66106529905,94058.16846843615,-0.03845019314294951,-0.28284046506116345,-0.29365060879297455,-0.13953861372344112
2008-04-16,98940.37172309657,82575.13922201058,89930.98148236435,95580.43469411861,-0.02984273940682658,-0.2642722666903685,-0.27372473039639555,-0.12561264293152352
2008-04-17,98889.79717515562,83199.61345105962,90328.35855684293,95941.48202869258,-0.03033864683098153,-0.2587083280354996,-0.27051554556215895,-0.12230971565707593
2008-04-18,98436.30781234239,85159.26061487533,94412.16075793603,97637.30840026544,-0.034785325070338935,-0.24124826948150235,-0.2375350921553615,-0.1067959847995843
2008-04-21,98009.87366264618,84859.7125730963,94681.80744756719,97318.51717853251,-0.03896671411596031,-0.24391718174579646,-0.23535744748851228,-0.10971234539911234
2008-04-22,97809.35189475617,84095.4931581455,92856.14149227369,96436.1568230451,-0.04093292513414726,-0.25072622164824565,-0.2501013767999801,-0.11778433985787073
2008-04-23,97505.55603532027,84448.63644417627,94428.36230171146,96916.77052335552,-0.043911787590766416,-0.2475797866338717,-0.23740424980960328,-0.11338759752739047
2008-04-24,96760.44293588132,85468.34112820982,96022.7738939646,97270.60309516895,-0.05121797485077484,-0.23849442483009475,-0.22452791186760224,-0.11015067222669683
2008-04-25,96860.99785331644,86336.35202151393,95915.12263285392,97544.7026312987,-0.050231986203885026,-0.23076062391815544,-0.22539729466980873,-0.10764315936868163
2008-04-28,97008.25379974168,86247.1696628956,95926.65845019766,97592.80808285541,-0.04878807182291034,-0.23155522063546852,-0.2253041323500684,-0.10720308186974714
2008-04-29,95849.48168206288,85734.32701261152,96476.23643898628,97025.91175062419,-0.06015038190685951,-0.23612454457718857,-0.2208657853488858,-0.11238915355123502
2008-04-30,96295.91288278035,85182.13577255112,95619.0099098961,96914.2910206524,-0.05577291229371184,-0.24104445646871808,-0.22778867686262316,-0.11341028047314572
2008-05-01,94797.47366486082,86938.02385964472,98692.04271087747,97443.74954260707,-0.07046581935990626,-0.22539984993902773,-0.20297111466943019,-0.10856669675048436
2008-05-02,95750.64243008872,88341.40393663866,100126.74784344726,98801.37873813916,-0.06111954764036509,-0.2128960182440831,-0.1913845530664844,-0.09614685572382131
2008-05-05,96531.74517547921,87547.8394759263,99464.48107013603,98752.48089150619,-0.053460464836121324,-0.21996651654921162,-0.1967329654979716,-0.09659418219833016
2008-05-06,96630.1936670507,88141.05831503893,99873.34899898691,98944.96545797441,-0.05249513069365597,-0.21468105707594964,-0.19343098146128368,-0.09483329806038665
2008-05-07,96215.3659167324,86680.82712786604,98113.65137959077,97995.28116697373,-0.056562713489818894,-0.22769142062566528,-0.20764215587394563,-0.10352118423620282
2008-05-08,98669.12115428703,89305.71774205542,102155.96049265789,101964.03800062582,-0.032502479856428845,-0.20430417792818623,-0.17499679726091133,-0.06721426839374911
2008-05-09,96186.36811822659,84635.40857887924,96607.30476437067,96747.76103848792,-0.056847050654433184,-0.2459156848157571,-0.21980728824604134,-0.1149337273108113
2008-05-12,96403.82359255332,86393.5238621413,99330.7904229935,98225.6991971881,-0.05471479661495726,-0.2302512344201757,-0.19781264025739764,-0.10141327781053266
2008-05-13,95898.01566723463,87119.798329447,100414.29712771424,98441.86080448389,-0.05967448316825674,-0.22378027630099084,-0.18906232850590532,-0.09943579175799577
2008-05-14,95988.72134588505,87683.34943414367,100597.72713780872,98783.76458937497,-0.05878507097799324,-0.21875915032083504,-0.18758096270917057,-0.09630799318918448
2008-05-15,96894.46693228555,88549.32169478391,102146.64352983046,99955.52226607093,-0.0499038060141227,-0.21104351321222659,-0.17507204029259904,-0.08558853892713025
2008-05-16,97709.50497474454,87982.74962329511,101468.73780973183,99817.57205792304,-0.04191197153057935,-0.2160915553934486,-0.18054675158246747,-0.08685053274726184
2008-05-19,98052.28363610784,88531.68015524268,101085.16988054929,100189.80232626176,-0.038550864216077674,-0.21120069574950162,-0.18364441488588612,-0.08344530194249322
2008-05-20,98501.53855212004,87098.74083949719,99509.25586599039,99499.00597305194,-0.03414570673550732,-0.22396789426319996,-0.19637136789951826,-0.08976483375346178
2008-05-21,98831.95388131376,85193.3409612504,96771.5094723147,98258.54138341092,-0.030905827755411064,-0.2409446205113016,-0.21848118442101394,-0.1011128314639177
2008-05-22,98777.83214244149,86032.47320209036,98061.6156326348,98866.61417212876,-0.03143651706866546,-0.23346812253240812,-0.20806239232112467,-0.09555007000197424
2008-05-23,98553.20894999307,84257.2054868887,97056.68783910772,97932.87915741316,-0.033639053983134826,-0.24928539761578972,-0.21617810719652786,-0.10409204927139581
2008-05-27,97938.60018870712,85675.633090808,99651.09100948072,98764.29861357945,-0.03966558432460676,-0.23664749550956865,-0.19522591885204055,-0.09648607150806932
2008-05-28,98035.9903359274,86406.63198577998,100505.38395683638,99160.5912840301,-0.03871062775035383,-0.2301344436986159,-0.18832671870506057,-0.09286071343295821
2008-05-29,96939.60509114404,87537.88330782531,102233.09141254326,99437.81106484609,-0.04946120496276485,-0.22005522398656396,-0.17437389424449634,-0.09032465600394013
2008-05-30,97481.0567149186,87708.76906555494,102912.65101996792,100014.2677457436,-0.04415201504446764,-0.21853266656342363,-0.16888582629551208,-0.08505112449838137
2008-06-02,97289.43425614134,85993.78418170763,100653.08249046603,98771.24994672328,-0.04603096411690244,-0.2338128338527684,-0.18713391739717122,-0.0964224794367925
2008-06-03,96991.68277116769,86080.11262774462,100716.05079915981,98944.24880002261,-0.04895055861577935,-0.23304366491740436,-0.18662539047330984,-0.09483985417884744
2008-06-04,96914.30465929376,86132.75345679586,102136.98205330317,99200.05802402439,-0.04970928769409311,-0.2325746458130794,-0.17515006558882018,-0.09249966445273383
2008-06-05,97113.6512042506,88384.40594817621,104457.24837925838,100540.02904641624,-0.047754600294036664,-0.21251287904777827,-0.1564117840349183,-0.08024136363450529
2008-06-06,98094.115048894,84741.5118504492,100287.56888907135,98962.12207689408,-0.03814068737796206,-0.24497032619784398,-0.1900857754223031,-0.09467634616200471
2008-06-09,98161.21518799127,86153.31082562574,101096.63334887575,99753.29542998665,-0.03748273869636409,-0.23239148382855823,-0.18355183685090692,-0.08743854713537835
2008-06-10,97251.80043282777,86534.47009541854,101576.65534440408,99601.94779286742,-0.0463999815998134,-0.22899543208421114,-0.17967521837670108,-0.08882310309437524
2008-06-11,97910.63154625577,84928.46040897287,98755.19138814541,98730.58548274582,-0.0399398301260987,-0.243304652479289,-0.20246113110367892,-0.09679448541581581
2008-06-12,97488.15293306162,85914.92234401045,99616.31814077427,98980.32761636455,-0.04408243326066885,-0.23451547682304041,-0.19550674170283555,-0.09450979854593111
2008-06-13,97777.80883390733,87277.21858786407,101978.36412821444,100116.38240242939,-0.04124221980295528,-0.2223776937441414,-0.1764310510112952,-0.08411696087940235
2008-06-16,98447.33297283784,87320.42508396052,102891.59022401013,100695.17099875421,-0.0346772181437367,-0.22199273263191333,-0.1690559115654623,-0.07882209658357198
2008-06-17,98506.07967654357,86760.77528159974,102172.83375906783,100435.91579634474,-0.03410117885721031,-0.22697909879995648,-0.174860530137958,-0.0811938107525495
2008-06-18,99023.57828347053,85796.65230267201,100918.41607546373,100223.16751393469,-0.029026859627218515,-0.2355692388905608,-0.18499110501146532,-0.08314007108263388
2008-06-19,99150.02081045767,85991.36636432019,102618.02593316163,100634.70215664938,-0.027787030693205206,-0.23383437611503743,-0.17126519446013277,-0.07937527664811383
2008-06-20,99165.54067509065,83692.54777136655,99234.80119667799,99135.35059808748,-0.027634851061221988,-0.25431638327383366,-0.19858784141802333,-0.09309161986001724
2008-06-23,98350.41988040031,84015.01801481674,98923.47693521302,98843.84004079676,-0.03562749696963341,-0.2514432388443033,-0.201102070754817,-0.09575841193480439
2008-06-24,98543.76356703066,83809.95900515608,98363.98439059877,98871.39495109956,-0.033731670441921935,-0.2532702730072943,-0.20562048689998735,-0.09550633455860258
2008-06-25,98524.53451280853,84221.67123406472,100009.00508696213,99381.54818391618,-0.03392022043666165,-0.24960200059740578,-0.19233543396203945,-0.09083935916379493
2008-06-26,100074.00419627283,81285.85252166487,95140.44939675012,98093.14349669297,-0.018726935458018512,-0.2757595495526026,-0.23165349252434142,-0.10262592168468154
2008-06-27,100019.02709508949,80311.33559453071,94404.75080011944,97535.29836314666,-0.0192660120043312,-0.284442297612459,-0.237594934370161,-0.10772919133956493
2008-06-30,99979.78747293461,80537.77733001564,93393.33276313313,97351.02937772297,-0.01965077510632396,-0.2824247477016183,-0.24576306392224667,-0.10941491783442714
2008-07-01,100681.0625213953,80776.7991627281,94741.89014740888,98093.44061508175,-0.01277444072341849,-0.28029511167738774,-0.2348722245063235,-0.10262320359113508
2008-07-02,100872.41872087278,79208.08746735865,92267.28784416219,97074.62424923916,-0.010898102449673597,-0.29427201454094154,-0.2548569108216244,-0.11194352267440899
2008-07-03,100647.27342269495,79894.79464537784,92794.48059490399,97505.07112284671,-0.013105758858393601,-0.2881535929398207,-0.25059934517665083,-0.1080057156809946
2008-07-07,100389.69159390117,79396.15202017593,93734.11110668365,97685.40370434764,-0.015631470830656413,-0.2925963975397017,-0.2430109658214854,-0.10635600013160884
2008-07-08,101233.92989203887,82489.91682467882,98026.73101865075,100745.02141816732,-0.00735331399391681,-0.2650315809562219,-0.20834411761766491,-0.07836605579845857
2008-07-09,100402.44625957593,79049.00150835712,93163.01322319101,97548.40685974309,-0.015506405285669045,-0.2956894381519741,-0.24762310573663804,-0.10760927240708917
2008-07-10,101607.3644923445,79548.6191774066,94459.73043950125,98677.53697618128,-0.003691610661558653,-0.2912379461092791,-0.23715092328792275,-0.0972797828890889
2008-07-11,102084.13565311577,77962.0176789474,92186.10228954925,97397.96469463519,0.0,-0.3053742434879446,-0.2555125587373096,-0.10898554494195822
2008-07-14,102497.15542871587,77283.09829116068,91498.77861089168,97342.89891024677,0.0,-0.31142327745848797,-0.2610633286921539,-0.10948929684296571
2008-07-15,101943.93263986861,75163.83134859969,90305.0010073557,95877.21579509969,-0.005397445290391545,-0.3303055158491055,-0.2707041792262366,-0.12289763495583061
2008-07-16,101194.00082420408,77280.77294149894,92921.09969568062,96710.3241573073,-0.012714056298060883,-0.3114439958520856,-0.24957677964875713,-0.11527620677009776
2008-07-17,101581.331759384,78831.54578915611,94479.73008460522,97903.87878772376,-0.008935113033149422,-0.2976269244812776,-0.236989407785696,-0.10435734997533042
2008-07-18,101902.45354053206,79906.17615319777,92892.09937112166,98052.05479604064,-0.005802130661054283,-0.2880521860148201,-0.24981098390395906,-0.10300180865866049
2008-07-21,102201.74601148901,79566.98040210563,92899.55083118257,98047.66408850013,-0.0028821230793307784,-0.2910743513232953,-0.24975080652042037,-0.10304197565700379
2008-07-22,101427.74835814926,80986.12922952793,93539.84132693673,98358.06849979784,-0.01043352926326191,-0.27843002326202193,-0.24457987271359127,-0.10020233913844645
2008-07-23,100366.07399340691,81964.21744018667,95379.51194509138,98736.30309555196,-0.020791615400400643,-0.2697154557906901,-0.22972284288740052,-0.09674217964459486
2008-07-24,100547.52865521032,79883.74927458013,93478.79280825445,97784.77442921931,-0.01902127688666888,-0.2882520049521664,-0.24507289556994205,-0.10544693850441933
2008-07-25,100966.36027638207,80214.22191104411,95130.00220085047,98484.84801731906,-0.014935001326923936,-0.2853075608248268,-0.23173786322611234,-0.09904253684616182
2008-07-28,100805.17963563927,78752.17384782592,92972.33122430943,97446.06376554377,-0.016507539023883577,-0.2983341123714033,-0.24916303800317763,-0.10854552581436372
2008-07-29,100465.31190257688,80897.78643789106,95483.101313117,98667.1028249003,-0.019823413807342982,-0.2792171396079053,-0.22888626360236697,-0.09737523641983525
2008-07-30,99904.9351277756,82392.51491052796,96038.85100805367,99062.90856799867,-0.025290656019650082,-0.2658994122453169,-0.2243980744058397,-0.0937543328455015
2008-07-31,100058.30691287413,81047.15053502056,95501.44777496027,98704.74922616605,-0.023794304394504806,-0.27788633581327316,-0.2287380990732819,-0.09703084023235986
2008-08-01,99884.58768472346,80619.00584612731,94259.85483689094,98127.53285956343,-0.025489173168414148,-0.2817010181069486,-0.23876510234813297,-0.10231132148216304
2008-08-04,99053.5889890444,79890.52085331827,93296.54996918066,97247.873041466,-0.03359670251596769,-0.2881916715597812,-0.24654467387036683,-0.11035861092928756
2008-08-05,97649.19568870039,82024.85407775438,96507.56619157501,98028.55204328992,-0.0472984808186907,-0.26917519565509085,-0.22061276882295744,-0.1032168161539424
2008-08-06,97978.32977098587,82389.0965741589,98006.04043051097,98687.69809374434,-0.044087327485617056,-0.26592986892867454,-0.20851121311947962,-0.09718682712089988
2008-08-07,98139.40187889247,81143.00382375365,97235.39653783069,98191.23519224118,-0.04251584867498204,-0.2770323024623845,-0.21473487032525018,-0.10172856085246462
2008-08-08,99319.21252946355,84512.5993568694,101660.82981685121,100937.31125841869,-0.031005181421473682,-0.24700989006191354,-0.17899543220443215,-0.07660695305168208
2008-08-11,97189.68265865711,85348.45260313347,102601.47103013242,100381.02166661691,-0.0517816591871173,-0.23956260725927736,-0.17139889050639634,-0.08169599232522062
2008-08-12,97197.76297824673,84460.35852882822,102710.84791586915,100144.18806995013,-0.051702824613066745,-0.24747534523841186,-0.17051557170049159,-0.08386258953015291
2008-08-13,97679.22975534975,83957.5405597301,102492.09414439571,100173.03320923922,-0.04700545740234574,-0.25195535130509616,-0.17228220931230087,-0.08359870890240761
2008-08-14,96578.18490151502,84617.08101215347,103695.23987989721,100139.3445518463,-0.05774765653196434,-0.24607897971602943,-0.1625657025087458,-0.08390689892262726
2008-08-15,95791.10069087142,85028.47753217952,103498.36148759845,99824.80521080512,-0.06542673998897786,-0.24241352020821727,-0.16415567634300177,-0.08678436253730126
2008-08-18,96585.47043561513,83839.99869743573,102273.34037545639,99541.23059703628,-0.0576765761778838,-0.2530026254451049,-0.17404884690364497,-0.08937855514438209
2008-08-19,97437.8371036567,82951.90462233215,100982.69313085864,99360.29831706226,-0.04936057302173413,-0.26091536343135224,-0.18447200875601732,-0.09103375684545356
2008-08-20,97378.58973827542,83311.06031431702,101157.6961465169,99485.20871215835,-0.04993861214031714,-0.2577153591000384,-0.18305869867884916,-0.08989105362812688
2008-08-21,98543.38574193194,83467.78279844059,100676.43785282312,99984.00314414813,-0.03857443331228516,-0.2563189935705431,-0.18694530139617815,-0.08532799062779872
2008-08-22,97697.24081802586,84571.37028761744,102032.71122734241,100250.04729185424,-0.04682973484106312,-0.24648625299546545,-0.1759921482725424,-0.08289416994137122
2008-08-25,97955.58889528023,82912.72400209958,99845.1735252786,99311.32597272506,-0.04430919584489512,-0.2612644548066132,-0.19365852428830954,-0.09148176483863224
2008-08-26,97645.01735022911,82816.12156202813,99207.07227140547,98963.96329095947,-0.04733924622777741,-0.26212516294389965,-0.19881177795631255,-0.09465950239784338
2008-08-27,97731.56645878407,83444.97308569396,99796.22468538287,99349.28447421466,-0.046494841247044505,-0.25652222348228937,-0.19405383112590957,-0.09113451350103374
2008-08-28,98012.99592411448,84404.23294030155,100512.50175650715,99963.66059774578,-0.04374911172749574,-0.2479754128424927,-0.1882692359356115,-0.08551408797545901
2008-08-29,97121.12591603349,82983.2621031224,97795.25527443628,98391.67535400671,-0.05245052401889594,-0.2606359746409552,-0.21021349684343305,-0.09989489746876656
2008-09-02,94909.90430214896,82425.67220828525,96439.71150313121,97320.51779811988,-0.07402401651862078,-0.26560398745098435,-0.22116075775103394,-0.10969404336398247
2008-09-03,94895.6090605431,82127.43495922704,95248.32145993527,96767.02311807431,-0.07416348616093493,-0.2682612208181381,-0.23078232654259523,-0.11475751427186576
2008-09-04,94418.06976845968,78463.91769339026,90730.1357604068,93814.0620931149,-0.07882253538123773,-0.30090241621095604,-0.26727082564440563,-0.1417717436421717
2008-09-05,94734.00256900843,79411.23806019085,91088.71869526307,94739.87676785962,-0.0757401786150691,-0.29246198398461276,-0.26437493911681265,-0.13330222109630852
2008-09-08,94928.48934325128,81375.20859093407,91151.935955793,95490.2606007552,-0.07384269401240506,-0.2749634051086419,-0.2638644016782329,-0.12643757208595152
2008-09-09,94778.40805891468,78353.19063972967,88620.19539222737,92984.36253101405,-0.07530694230016344,-0.3018889717889822,-0.28431053192235334,-0.14936198749896057
2008-09-10,94851.6616701213,78993.79576720967,89732.27745755065,92876.09204747605,-0.07459225308854356,-0.29618131010257287,-0.27532944788990144,-0.15035246575167294
2008-09-11,94439.13359243769,79586.17977415718,90815.20650029891,92593.86719336345,-0.07861702895630429,-0.2909032888144877,-0.2665838012893713,-0.15293431050971673
2008-09-12,94624.17305179406,80671.43644223358,91265.79465342763,94087.7739657266,-0.07681171583729718,-0.28123387213550033,-0.26294488812508077,-0.1392677772011619
2008-09-15,93885.07956303007,74206.8153518168,85352.14298745799,90159.8277019609,-0.08402258413576436,-0.3388323341710352,-0.31070305652543506,-0.17520135046092478
2008-09-16,94319.14696148786,76367.2504628117,87082.5118737263,91491.27230221342,-0.07978766272119231,-0.31958329575402045,-0.2967287385687847,-0.16302105091715702
2008-09-17,94203.96053307233,72103.43143025435,81534.37292685329,91169.64163067818,-0.08091146394215043,-0.35757305806773276,-0.3415350560693742,-0.1659633873245595
2008-09-18,94174.7996674219,75083.35877408404,85306.36873405479,92425.8331877375,-0.08119596808793339,-0.33102251015755957,-0.311072725661514,-0.15447151643001933
2008-09-19,94172.52198210056,79028.48006944463,89757.49283865183,96117.20359521803,-0.08121819002484287,-0.29587228000822274,-0.2751258105292771,-0.12070218251887843
2008-09-22,93258.44959075938,75901.90849823967,83966.53856688862,93816.5042939618,-0.0901362169448865,-0.3237293982254671,-0.32189308478405376,-0.14174940194064278
2008-09-23,93327.97768640448,74286.74576277,83441.83783729038,93029.86990844819,-0.08945787523526261,-0.33812017042989995,-0.3261305250695786,-0.1489456776588861
2008-09-24,93606.26744212848,74779.34542295402,84316.93774846262,93132.9941960662,-0.08674277787904827,-0.3337312074220159,-0.3190632895803125,-0.14800227775085628
2008-09-25,93569.78475304603,76120.68184212619,85880.83539270506,93872.10812610334,-0.08709871643099987,-0.32178017212760435,-0.30643337979302343,-0.1412407278800496
2008-09-26,93420.36726303707,75965.09091054744,84777.73881539733,93468.388604315,-0.08855648849680975,-0.32316645575355374,-0.3153418977573258,-0.1449340281541398
2008-09-29,93092.00380867993,68555.32142282408,76287.06952727216,89365.60392362342,-0.09176012329997751,-0.3891859982080028,-0.38391185023313,-0.18246705533749175
2008-09-30,93455.28031484962,72923.89177331186,80220.33835501425,90999.14672884204,-0.08821586390419034,-0.35026292290895067,-0.35214709206853656,-0.16752310597500542
2008-10-01,93725.33114475507,72878.47337435056,79258.98496711087,91107.63306699024,-0.08558114854281373,-0.35066759162683814,-0.35991090359905775,-0.16653065304470638
2008-10-02,93664.282473591,69750.88576460531,75054.52212813623,87782.23118591795,-0.08617676186406853,-0.37853376254128945,-0.393865802473518,-0.1969520397153851
2008-10-03,93882.59194088972,68868.09743119689,73926.14548930431,87375.81704032303,-0.08404685429360381,-0.38639922744573907,-0.402978480152264,-0.200669990902563
2008-10-06,92725.4740273518,63237.585549843134,68853.047783812,83317.6966369919,-0.09533612284645321,-0.4365659456961777,-0.4439484033427985,-0.23779442108003657
2008-10-07,92501.0061356627,60156.400864982184,64113.94628202777,81556.1916983829,-0.09752611427353453,-0.46401867596655966,-0.4822210004406313,-0.2539089915218067
2008-10-08,95747.80360150535,63628.80040201151,68998.62749751515,88094.1323366402,-0.06584916233996874,-0.43308030075346615,-0.4427727134517758,-0.19409871074989715
2008-10-09,90603.01201686802,53497.16211477413,60647.47211263567,77774.57693822136,-0.1160436439635627,-0.5233511418566359,-0.510215963026944,-0.2885038973325066
2008-10-10,90778.51637893124,53033.60401487009,61214.75297035046,76546.91952515974,-0.11433135876570388,-0.5274813504558944,-0.5056346491005685,-0.29973473264129946
2008-10-13,90985.62580772638,61442.82693460059,69672.0852232584,81637.65769536927,-0.1123107228960657,-0.45255688074359157,-0.4373339238014401,-0.2531637256311061
2008-10-14,90639.40476651798,60344.072143665006,66374.75530807413,80171.27028340846,-0.11568858289384087,-0.4623465629580499,-0.4639628911900825,-0.26657850678047235
2008-10-15,90029.99542399068,53208.131182895304,58952.58852867472,75328.38637821113,-0.12163420489650345,-0.52592634880598,-0.5239037045771611,-0.31088209748924667
2008-10-16,90698.19577295106,56269.462301103544,63190.407650694724,77126.07180858112,-0.1151149961812421,-0.4986505097855447,-0.4896794230821354,-0.2944365412691675
2008-10-17,91154.13083912172,56159.93795093833,63527.10649368014,76963.08712783016,-0.11066672574618841,-0.4996263495194945,-0.4869602706951195,-0.2959275550388847
2008-10-20,91339.28589873872,59721.40902535863,65550.57111230642,79141.67671493582,-0.10886028478846088,-0.4678943649837345,-0.4706189355156035,-0.27599741769118924
2008-10-21,91087.08971696513,57004.873676349445,61065.66498192533,75944.77491172505,-0.11132080362645913,-0.4920981436707861,-0.5068386715320301,-0.3052432620678409
2008-10-22,90330.74992752602,52575.30887498705,57872.43539428919,71747.85618852195,-0.11869993318645089,-0.5315646671493901,-0.532626933168221,-0.34363744474713953
2008-10-23,90219.27791033576,52976.74738593507,57414.10609339223,71363.1427306158,-0.11978749524340748,-0.527987931481662,-0.536328363210341,-0.3471568740609292
2008-10-24,88613.7552412772,48635.01966193832,53688.97835158566,67953.23065101201,-0.13545156574705342,-0.5666718444259136,-0.5664121909457136,-0.3783513755367014
2008-10-27,88113.90693063979,46373.01959117959,51557.76902517743,66189.0132726848,-0.14032826996920178,-0.5868258060236187,-0.5836236635951297,-0.39449075987478843
2008-10-28,89978.1782566788,54574.00103416305,60512.47569329237,73528.56452003217,-0.12213975226603913,-0.5137567256102213,-0.5113061830961346,-0.3273471981429896
2008-10-29,89742.68162832243,53803.0349279498,59938.43477048316,72933.29027409539,-0.12443734411013818,-0.5206258771626977,-0.5159420907567056,-0.3327928761868417
2008-10-30,89966.73602380084,56389.208459549445,62799.68963367215,74588.87328205432,-0.12225138690438686,-0.4975835958141487,-0.49283482991162386,-0.31764729900496924
2008-10-31,89725.76636739055,56498.67585294924,62674.99691979378,74070.31545913802,-0.12460237562599963,-0.49660826355342047,-0.49384183809608784,-0.32239116113238087
2008-11-03,89711.60388733023,56984.385655272294,62893.842198281105,74466.39012942073,-0.12474054999777684,-0.4922806877809033,-0.4920744614810998,-0.31876779736281247
2008-11-04,89711.60388733023,59357.08698245132,65202.435718636065,77577.93067560959,-0.12474054999777684,-0.47114040045334804,-0.4734304485529218,-0.2903028534305069
2008-11-05,89711.60388733023,55999.81364153127,60778.50755501494,73984.86676417215,-0.12474054999777684,-0.5010530246219256,-0.5091577314845663,-0.3231728614750845
2008-11-06,89711.60388733023,52388.4033658223,57430.42879194411,71241.70250781093,-0.12474054999777684,-0.5332299573068933,-0.5361965424284924,-0.3482678315053055
2008-11-07,89711.60388733023,54571.009778644155,59138.86617585554,72778.39070939396,-0.12474054999777684,-0.5137833770898725,-0.5223993414956363,-0.3342099258311939
2008-11-10,89711.60388733023,53789.994432270236,58248.944941808586,72509.95680260975,-0.12474054999777684,-0.5207420653328656,-0.5295862727792692,-0.3366656084722256
2008-11-11,89711.60388733023,51767.90810973026,56550.05022709303,70760.49301216478,-0.12474054999777684,-0.5387584441201773,-0.54330640789422,-0.3526700242808546
2008-11-12,89711.60388733023,48222.92877700634,52483.931313154484,67046.37304601095,-0.12474054999777684,-0.5703434905841287,-0.5761440525166146,-0.3866474753296344
2008-11-13,89711.60388733023,52726.01881074932,57410.13554421806,71440.4313847874,-0.12474054999777684,-0.5302218722056541,-0.536360429041542,-0.34644982326890505
2008-11-14,89711.60388733023,49812.249700077926,54233.469643396194,69811.37260344911,-0.12474054999777684,-0.5561829636840256,-0.5620149236943376,-0.3613527519580464
2008-11-17,89711.60388733023,48841.897192430755,52723.964405397295,68724.86977860113,-0.12474054999777684,-0.564828607611348,-0.5742055648463047,-0.3712922791898128
2008-11-18,89711.60388733023,49935.35825799191,52850.044052756064,69360.57641819211,-0.12474054999777684,-0.5550860914157083,-0.5731873559002034,-0.3654767181888432
2008-11-19,89711.60388733023,46376.623655988384,49621.0209241026,67089.49416359606,-0.12474054999777684,-0.5867936945375533,-0.5992646832535021,-0.3862529954325744
2008-11-20,89711.60388733023,42060.533779982354,46182.240452508486,64567.8278415885,-0.12474054999777684,-0.6252491794589536,-0.627035993795736,-0.40932166171103457
2008-11-21,89711.60388733023,45206.09577211392,49210.87602907651,68414.25510112442,-0.12474054999777684,-0.597222860445022,-0.6025769799648422,-0.37413383926196264
2008-11-24,89711.60388733023,48822.297519098676,52840.792511765256,71409.40418125433,-0.12474054999777684,-0.5650032367233311,-0.5732620705904757,-0.3467336658207969
2008-11-25,89711.60388733023,48461.52406164461,51818.02794574155,70719.4039851067,-0.12474054999777684,-0.5682176550166786,-0.5815218337853826,-0.3530459142408532
2008-11-26,89711.60388733023,50418.510764167535,54146.48930151192,72111.84542913052,-0.12474054999777684,-0.5507813006329068,-0.5627173698392693,-0.3403076043764023
2008-11-28,89711.60388733023,50996.066680722484,53649.45699138913,72131.3472569421,-0.12474054999777684,-0.5456353946211216,-0.5667313622263859,-0.3401291980766953
2008-12-01,89711.60388733023,45330.34294365883,48270.76885974575,66628.99838366626,-0.12474054999777684,-0.5961158433603145,-0.6101692087675031,-0.3904656953354635
2008-12-02,89711.60388733023,47080.43977189813,49942.24269024789,68202.08699315197,-0.12474054999777684,-0.5805228357717828,-0.5966705224763793,-0.37607479204982086
2008-12-03,89711.60388733023,48206.619728002755,51398.349349148906,68945.4169305105,-0.12474054999777684,-0.5704888009011186,-0.5849111238927852,-0.3692746733703356
2008-12-04,89711.60388733023,46742.57721688535,49529.66580807262,67496.31438908407,-0.12474054999777684,-0.5835331225737395,-0.6000024597175271,-0.3825313293520125
2008-12-05,89711.60388733023,48376.60173573329,51811.93077362025,68581.02802924097,-0.12474054999777684,-0.5689742957070703,-0.581571074050008,-0.3726081699101431
2008-12-08,89711.60388733023,58922.31440398499,63451.95206059636,82619.08422455241,-0.12474054999777684,-0.47501413589810715,-0.48756721176537265,-0.24418545563520566
2008-12-09,89711.60388733023,48966.10734178306,53485.73267189446,69648.43674094234,-0.12474054999777684,-0.5637219203868635,-0.5680535864734878,-0.36284331912950674
2008-12-10,89711.60388733023,49586.656526802944,53612.43095463382,70856.8681787404,-0.12474054999777684,-0.5581929530777764,-0.567030381478523,-0.35178836657068857
2008-12-11,89711.60388733023,47709.69494260738,51364.65237655613,69236.3232806708,-0.12474054999777684,-0.5749162998969286,-0.585183257894341,-0.36661340869325887
2008-12-12,89711.60388733023,48036.710938185846,52174.121527507545,69533.15947478628,-0.12474054999777684,-0.572002653738415,-0.5786460510702576,-0.363897896715462
2008-12-15,89711.60388733023,47070.89176539666,50912.51225781769,68971.64079711483,-0.12474054999777684,-0.5806079065721125,-0.5888347046062816,-0.3690347726261545
2008-12-16,89711.60388733023,48295.13609935024,52355.46683321265,69852.85294599953,-0.12474054999777684,-0.5697001379952387,-0.5771815211760947,-0.36097328217211133
2008-12-17,89711.60388733023,47419.91102602484,50910.59124480116,68797.40797738184,-0.12474054999777684,-0.5774982157871779,-0.588850218550681,-0.3706286864354865
2008-12-18,89711.60388733023,47370.37560993526,51241.961310712024,69581.33960533139,-0.12474054999777684,-0.5779395662922028,-0.5861741009325809,-0.36345713603943697
2008-12-19,89711.60388733023,46663.9591097999,51539.892134473244,69013.27306355405,-0.12474054999777684,-0.5842335939537218,-0.5837680359060046,-0.3686539130126042
2008-12-22,89711.60388733023,46525.313190452114,50887.59904685487,69226.8930372422,-0.12474054999777684,-0.5854689009593826,-0.5890359016655204,-0.366699678290739
2008-12-23,89711.60388733023,46391.61805121098,51000.25843753049,69294.96541155026,-0.12474054999777684,-0.5866600975189662,-0.5881260736175262,-0.3660769397182363
2008-12-24,89711.60388733023,46486.19350858757,50953.44026508686,69342.37277935732,-0.12474054999777684,-0.5858174493861509,-0.5885041733586094,-0.3656432484175528
2008-12-26,89711.60388733023,46893.89026009493,51087.39220972044,70199.39555367603,-0.12474054999777684,-0.5821849540650378,-0.587422388381963,-0.35780304680116337
2008-12-29,89711.60388733023,46698.600329767374,50588.05792974674,70116.56836117848,-0.12474054999777684,-0.5839249477136321,-0.5914549712897937,-0.3585607651582007
2008-12-30,89711.60388733023,47614.58131233242,51464.03169588991,70520.30242522937,-0.12474054999777684,-0.5757637430410558,-0.5843806786190741,-0.3548673318488239
2008-12-31,89711.60388733023,48486.811323057715,52120.178875624144,71135.91031599912,-0.12474054999777684,-0.5679923506490887,-0.5790816875260594,-0.3492356378905018
2009-01-02,89711.60388733023,50576.43467923467,55131.80821048411,73042.84498934104,-0.12474054999777684,-0.5493742305975134,-0.5547600147157778,-0.3317906495467914
2009-01-05,89711.60388733023,51301.937257306876,55970.3592103591,73745.96479790943,-0.12474054999777684,-0.5429101498547579,-0.5479879452523748,-0.32535838050465826
2009-01-06,89711.60388733023,51734.80557870613,56644.246554374746,74324.07174317875,-0.12474054999777684,-0.5390533809540312,-0.5425456860399209,-0.3200697520777771
2009-01-07,89711.60388733023,49808.83272253665,54578.28935924345,72145.26797638173,-0.12474054999777684,-0.5562134082605035,-0.5592301878006154,-0.3400018487805945
2009-01-08,89711.60388733023,49299.78947018651,54382.69462561281,71793.12787475238,-0.12474054999777684,-0.5607488803376527,-0.5608097949121924,-0.3432232910534496
2009-01-09,89711.60388733023,47721.0483961468,52552.60848213781,70179.96636314775,-0.12474054999777684,-0.5748151429298742,-0.5755894213028014,-0.3579807886016728
2009-01-12,89711.60388733023,46090.300578796945,51027.22937193581,68165.3004789649,-0.12474054999777684,-0.5893447750511438,-0.5879082585516411,-0.37641132183249804
2009-01-13,89711.60388733023,46129.16160720251,50994.22687184172,68171.45085975503,-0.12474054999777684,-0.588998531174206,-0.5881747840499548,-0.37635505702034
2009-01-14,89711.60388733023,44587.67722602036,49294.17266168059,66835.50729078005,-0.12474054999777684,-0.602732844193651,-0.6019042831555288,-0.388576513955611
2009-01-15,89711.60388733023,44993.736796799654,50564.77276984414,67820.86138643182,-0.12474054999777684,-0.5991149358205883,-0.5916430203414917,-0.37956231386088635
2009-01-16,89711.60388733023,45829.59197574076,51685.10871809205,69189.09579858386,-0.12474054999777684,-0.591667635798192,-0.5825952786239177,-0.3670454543663628
2009-01-20,89711.60388733023,42889.87396576779,48456.1847568115,66940.16528326273,-0.12474054999777684,-0.6178599267034722,-0.6086718051096033,-0.38761908343402074
2009-01-21,89711.60388733023,44363.76317711265,50154.78059354236,67534.52271459257,-0.12474054999777684,-0.6047278729300378,-0.5949540837088734,-0.38218179257844254
2009-01-22,89711.60388733023,43714.86457224341,49505.92531492259,67079.02434165348,-0.12474054999777684,-0.6105094278169713,-0.6001941860033837,-0.38634877528507927
2009-01-23,89711.60388733023,43724.74729141483,49549.89634831314,67760.77636439791,-0.12474054999777684,-0.6104213747946763,-0.5998390795250147,-0.3801119826689825
2009-01-26,89711.60388733023,44262.704324995364,50190.759533609475,68407.4185528066,-0.12474054999777684,-0.605628286794303,-0.5946635207241648,-0.3741963812605863
2009-01-27,89711.60388733023,44757.40862314369,50614.66366778145,68764.21405961951,-0.12474054999777684,-0.6012205718892558,-0.5912401055200038,-0.3709323504867731
2009-01-28,89711.60388733023,46858.095883529764,53110.12484462337,70518.89032119596,-0.12474054999777684,-0.5825038746964002,-0.5710869646432795,-0.3548802500356645
2009-01-29,89711.60388733023,45058.66799015999,51408.45604030226,69267.77099673354,-0.12474054999777684,-0.5985364120643806,-0.5848295030795658,-0.366325719215575
2009-01-30,89711.60388733023,44137.129224714125,50472.517571445285,68972.01001608589,-0.12474054999777684,-0.6067471354545716,-0.5923880657972961,-0.3690313949432499
2009-02-02,89711.60388733023,43739.59560334529,50791.693522635775,68380.00623441373,-0.12474054999777684,-0.6102890793485772,-0.5898104268548442,-0.3744471541798283
2009-02-03,89711.60388733023,44358.96961482894,51615.41387382839,68691.47215977122,-0.12474054999777684,-0.6047705825972174,-0.5831581285002698,-0.37159780673584786
2009-02-04,89711.60388733023,44166.47717721529,51715.46188955029,68716.6775688795,-0.12474054999777684,-0.6064856511534322,-0.5823501488875267,-0.3713672230277433
2009-02-05,89711.60388733023,45690.90210199948,53913.07736299031,70940.18122729311,-0.12474054999777684,-0.5929033344285792,-0.564602385612301,-0.3510262035132966
2009-02-06,89711.60388733023,47389.93709046408,55831.775192650675,72347.35442429603,-0.12474054999777684,-0.5777652774703461,-0.5491071384732747,-0.33815312486908855
2009-02-09,89711.60388733023,47140.39399464357,55697.465959577516,71693.48499924724,-0.12474054999777684,-0.5799886558137659,-0.5501918088822104,-0.3441348423645779
2009-02-10,89711.60388733023,44554.31455071458,53081.561309993274,70047.99591398757,-0.12474054999777684,-0.6030300988602628,-0.5713176414186505,-0.35918807848920675
2009-02-11,89711.60388733023,44740.687846102104,52739.64897476637,70475.39267613731,-0.12474054999777684,-0.6013695506195115,-0.5740788975436757,-0.35527817447515087
2009-02-12,89711.60388733023,44961.230553414985,53629.166691749044,71176.11539324051,-0.12474054999777684,-0.5994045598525807,-0.5668952250309338,-0.3488678344656446
2009-02-13,89711.60388733023,45061.29284005243,54077.12120820323,71571.17679623887,-0.12474054999777684,-0.5985130251845057,-0.5632775809015664,-0.34525374025114375
2009-02-17,89711.60388733023,43329.165504691206,52100.259904219936,71235.67104100349,-0.12474054999777684,-0.6139459282380832,-0.5792425515140683,-0.34832300847052733
2009-02-18,89711.60388733023,43859.50383799465,52902.00635237773,72409.32030254976,-0.12474054999777684,-0.6092207213110988,-0.5727677126077041,-0.3375862496431272
2009-02-19,89711.60388733023,43564.332848764134,52275.46907420544,71903.19752022678,-0.12474054999777684,-0.6118506349254309,-0.5778275765513721,-0.3422163537371691
2009-02-20,89711.60388733023,42832.918643191006,52050.93872824654,71726.81063756169,-0.12474054999777684,-0.6183673870695598,-0.5796408653074552,-0.3438299733095078
2009-02-23,89711.60388733023,41769.4286940593,50744.837811748264,71286.72530555342,-0.12474054999777684,-0.6278428666999191,-0.5901888297533378,-0.34785595468917807
2009-02-24,89711.60388733023,44340.29985187757,53668.08634612312,73468.87521422179,-0.12474054999777684,-0.604936926396417,-0.5665809130773947,-0.32789324686645305
2009-02-25,89711.60388733023,44373.93736331892,53766.79941630672,73349.97774090609,-0.12474054999777684,-0.6046372229956104,-0.5657837143759099,-0.3289809427718685
2009-02-26,89711.60388733023,44075.48489183932,52722.593786847014,73173.2182115978,-0.12474054999777684,-0.6072963739508632,-0.5742166338498975,-0.33059797138408564
2009-02-27,89711.60388733023,42777.58309284915,51834.72819923965,71980.50423699646,-0.12474054999777684,-0.6188604155937383,-0.5813869639005903,-0.3415091377051829
2009-03-02,89589.13798267586,40613.91596455113,49815.38790844976,70037.7588337684,-0.12593537247008968,-0.6381382506290432,-0.597694991344975,-0.35928172917771417
2009-03-03,90214.92064337354,40924.12253616146,50536.33539741226,70765.17812904865,-0.11983000634475471,-0.6353743730269115,-0.5918726782412427,-0.3526271639718096
2009-03-04,90192.29100460658,42087.936847637015,52169.275729369794,71702.31885226964,-0.1200507894354883,-0.6250050236871167,-0.5786851853406828,-0.34405402865598056
2009-03-05,90326.96842365178,40017.22293685557,50113.825546153326,70578.87787675414,-0.11873682693104726,-0.6434546644175543,-0.5952848333303478,-0.35433147286877487
2009-03-06,90207.10074372792,40172.80700630619,49810.13578374631,70586.79644606002,-0.11990630016591397,-0.6420684419317739,-0.5977374070755954,-0.3542590323435848
2009-03-09,90494.49497783105,39934.81728646927,49001.62561891586,70087.30139397718,-0.11710237616528152,-0.6441888820397323,-0.6042668692060031,-0.35882850474509886
2009-03-10,90095.0249835648,42255.42202540124,52057.551734109955,71493.79026859331,-0.12099975256168383,-0.6235127647413807,-0.5795874592116117,-0.3459616864076689
2009-03-11,89713.07666036618,41871.85171876063,52063.99281516573,71121.24446894602,-0.12472618108158806,-0.6269302983347647,-0.5795354415664886,-0.3493698037507531
2009-03-12,89874.48137119968,43551.766225218424,53883.07667137105,72912.45372537276,-0.12315145727429411,-0.6119626009910499,-0.5648446687502688,-0.3329834927583849
2009-03-13,90125.63097829134,44171.73076788351,54362.77381821659,73595.03623363608,-0.12070114920436592,-0.6064388427267012,-0.5609706737275231,-0.3267391027083545
2009-03-16,89988.08039937717,44155.11645113948,53569.14680099163,73204.82388482425,-0.12204314331472776,-0.60658687291731,-0.5673799407720821,-0.3303088368852808
2009-03-17,90168.25882480544,45774.73075899083,55989.284369386674,74773.11769381133,-0.1202852562331338,-0.5921564381063239,-0.5478351072120413,-0.31596179731451957
2009-03-18,90599.15020987226,45671.7947420227,55350.04717108783,74833.61735129272,-0.1160813211749897,-0.5930735771284728,-0.5529975346745526,-0.3154083353452579
2009-03-19,89518.63837873144,44193.2348454272,54192.26117976786,73242.00314518409,-0.12662319257250654,-0.6062472457596577,-0.5623477198846859,-0.3299687141885401
2009-03-20,90219.7714403638,43617.739098920916,54178.88688846736,73402.71076499876,-0.11978268018267757,-0.6113747960743843,-0.5624557295701127,-0.32849853139014407
2009-03-23,90612.88752432403,47317.04932158767,58163.669112778414,76461.98942463772,-0.11594729487548594,-0.5784146926997563,-0.5302749534174507,-0.30051168878686063
2009-03-24,91134.46568086316,46980.96698604439,57796.01698830896,76405.28556556528,-0.11085858627320799,-0.5814091181075036,-0.5332440819804671,-0.30103042609568964
2009-03-25,90568.49346803961,47181.932413038085,57708.2719543322,76323.05496603886,-0.11638041963976586,-0.5796185569353554,-0.5339527037163518,-0.30178268671074304
2009-03-26,91144.20608298104,48621.36458268212,60130.237438961645,78182.4184036483,-0.11076355532257198,-0.5667935084110305,-0.514393108053929,-0.28477288876157003
2009-03-27,90716.03404565588,47332.661227877856,58461.728738384765,76484.3192034793,-0.11494095942256133,-0.57827559378287,-0.5278678481976811,-0.3003074118721585
2009-03-30,90715.98031472799,45501.8900018319,56736.101676320126,74887.24147617028,-0.11494148364128387,-0.5945873938844223,-0.5418038715689153,-0.31491777201002247
2009-03-31,91523.8266895649,46648.39102197713,58144.58237798406,76523.36557352077,-0.10705983686330334,-0.5843723024569556,-0.530429096330495,-0.2999502085134068
2009-04-01,91493.79641081582,47402.84944723542,58847.35496858876,77108.97168491178,-0.10735282332349794,-0.5776502309918471,-0.5247535622231356,-0.2945929763386316
2009-04-02,91608.3902465855,49233.85504814031,61348.69917911616,78449.9628702494,-0.10623480365465576,-0.5613363426578639,-0.5045529104463233,-0.2823253428825596
2009-04-03,91417.43568069016,50093.240039809236,62984.17090035988,79152.17039005081,-0.10809782673170243,-0.5536793967790206,-0.49134497425240675,-0.27590141962548576
2009-04-06,91519.80343951253,49928.80448818788,63112.36773667734,78761.20520483953,-0.1070990891726532,-0.5551444841746909,-0.4903096670610019,-0.27947804088795125
2009-04-07,91604.42095769125,48730.319885659395,61362.66207469066,78018.69194212653,-0.1062735294990721,-0.5658227387720474,-0.5044401472407999,-0.2862706884779068
2009-04-08,91398.20064254155,48790.798023900745,61837.327396739805,77914.48062223956,-0.10828549084850803,-0.5652838908332813,-0.500606788824598,-0.28722403275662034
2009-04-09,91447.22213741833,51085.93405028263,64253.21255142046,79751.71410267615,-0.10780721908894808,-0.544834694595328,-0.4810962974107894,-0.2704166837168537
2009-04-13,91526.14481756871,50884.1670811078,63884.85053083711,79833.41050352005,-0.10703722035268781,-0.5466323973456514,-0.48407115903690623,-0.26966931004938177
2009-04-14,91279.87283335152,49481.7880123835,62425.15161230202,78364.52703602595,-0.10943994053733208,-0.5591273102600505,-0.49585956841623735,-0.28310692557283146
2009-04-15,91442.29696864454,50141.12981163796,62411.145966899625,78775.45362781243,-0.10785527084953783,-0.5532527086304055,-0.4959726768658832,-0.2793476936997894
2009-04-16,91306.51525555857,50927.60733457567,64137.06226033906,79282.24573451254,-0.10918000725337296,-0.5462453535026809,-0.4820343176856624,-0.2747114665035142
2009-04-17,90824.67235170616,51140.04997899587,64113.87441595988,78993.50517213774,-0.1138810440951955,-0.5443525326523599,-0.48222158082513256,-0.2773529181564738
2009-04-20,90675.77517214986,48495.052638629255,61366.307009649936,77099.63030905659,-0.11533373982058914,-0.5679189221997749,-0.5044107110434339,-0.2946784329592417
2009-04-21,90762.56701071622,49731.91252618293,62610.21057691564,78153.6815243474,-0.11448696667646308,-0.5568987516004269,-0.4943650473157012,-0.2850357790070761
2009-04-22,90421.53098029512,49172.32597472103,62482.08163294866,77745.60549391399,-0.11781423979925987,-0.5618845542157966,-0.49539980621402246,-0.28876893342173815
2009-04-23,90316.65831059359,49548.82954426097,62972.90845209864,78275.44917102931,-0.11883741619145227,-0.5585299838159108,-0.49143592886573917,-0.2839218262289853
2009-04-24,89820.84472224637,49932.84893271178,63640.07326055876,78505.45235830893,-0.12367475617687307,-0.5551084489947312,-0.4860479603019864,-0.2818177148626124
2009-04-27,89694.3481870211,49114.38739780606,63271.85943014494,77718.51647096884,-0.12490890296559298,-0.5624007751785035,-0.4890216251563838,-0.2890167487748947
2009-04-28,89480.531256633,48959.90365328263,62790.86446854123,77149.31090777594,-0.1269949796912715,-0.563777193992474,-0.4929061012252369,-0.29422394572499955
2009-04-29,89666.30417637019,50488.147118775676,64295.966652657764,78652.33969999883,-0.12518251066264174,-0.55016085484481,-0.48075101877720894,-0.28047396250473633
2009-04-30,90139.04845473432,51137.64026029497,65769.529764188,79613.97363268542,-0.1205702433622784,-0.5443740027569753,-0.46885064330633275,-0.2716767588138336
2009-05-01,90222.02098436706,51673.04889636096,66280.67226558861,80043.1099016855,-0.11976073280283217,-0.5396036204613045,-0.4647226981656096,-0.2677509414718844
2009-05-04,90104.1144952116,53237.03302077254,67379.59198672645,81245.4250383489,-0.12091107193821882,-0.5256688392956087,-0.45584791215097453,-0.2567519419582819
2009-05-05,90133.01280556322,53103.74984061332,67381.80055140698,81136.06177933338,-0.12062912937863512,-0.5268563653833722,-0.455830075962796,-0.2577524171216037
2009-05-06,89919.7516702266,53745.75619213169,67054.01970433036,81382.4873867507,-0.12270978356308171,-0.5211362190751345,-0.45847720734241026,-0.2554980704420433
2009-05-07,89867.1295343398,53385.80441608649,65923.11807301882,81004.05298610262,-0.12322318450251946,-0.5243433163538749,-0.467610276654425,-0.2589600577877321
2009-05-08,89613.60414558664,54257.77380247317,65511.47158752979,81089.21050845788,-0.12569667157338238,-0.5165742460718756,-0.47093470008783933,-0.258181021145505
2009-05-11,89600.39956405209,52728.64536126193,65112.513778877925,80105.0033539781,-0.12582550033433015,-0.5301984701735986,-0.4741566508022982,-0.2671847288119068
2009-05-12,89096.34031457701,52011.834263894394,63610.494136379944,79160.19912395623,-0.13074328802674695,-0.5365851115870572,-0.486286838895698,-0.27582797129432224
2009-05-13,88799.88480953779,50129.595630880285,61161.91452167977,77415.67404253207,-0.13363561712406913,-0.5533554758402992,-0.5060613681013089,-0.2917872068864994
2009-05-14,89093.85233173743,50893.198434008205,62273.903236099395,78297.59598447976,-0.13076756170370096,-0.5465519298240615,-0.49708103796313885,-0.2837192231152581
2009-05-15,88577.60706105808,50009.842354181725,61658.65910787292,77467.73456963003,-0.13580424070732844,-0.554422453233882,-0.5020496993491745,-0.2913109476306961
2009-05-18,88895.43498112814,52113.444581247546,64148.58706453713,79179.24416495088,-0.13270339445710144,-0.5356797842794505,-0.481941244307188,-0.2756537437642439
2009-05-19,88717.41576166355,51912.34237390959,64284.70306040284,79143.87724038755,-0.1344402155300375,-0.5374715641367092,-0.48084198262934097,-0.2759772868805265
2009-05-20,88304.46428605245,50917.82571261551,63251.10841781464,78292.82425179583,-0.13846912222392427,-0.5463325057693393,-0.4891892086390315,-0.28376287580153736
2009-05-21,87475.99488207453,49773.51448987215,61548.65525931562,77151.02527567609,-0.14655197487005545,-0.556528086546336,-0.5029380814556688,-0.29420826237283604
2009-05-22,87499.56844796124,49989.372169540504,61739.802256440846,77501.79363323061,-0.14632198247867534,-0.5546048384249747,-0.5013943939012493,-0.2909993690665136
2009-05-26,87353.44371388496,51437.47417341262,64309.92704150685,78757.81987656791,-0.14774762920482187,-0.5417025434370665,-0.48063827581579543,-0.2795090104922401
2009-05-27,87017.29086949676,50694.5412289591,64076.943894715034,78253.81266816489,-0.15102726016611212,-0.5483219252070962,-0.48251982870179955,-0.28411976092782165
2009-05-28,87865.50099736085,52165.3970677859,65801.29420710135,80204.99204654896,-0.14275180974686608,-0.5352168981672285,-0.46859411625680614,-0.2662700139027986
2009-05-29,87738.60235085394,52338.85400089331,65689.24219880588,80317.41729182441,-0.1439898796813549,-0.5336714320932466,-0.4694990391342506,-0.2652415271272489
2009-06-01,87229.62161761135,54219.30282353108,68383.98107174075,81893.2431365097,-0.14895568318208297,-0.5169170146872476,-0.4477365478415709,-0.2508255831116757
2009-06-02,87229.62161761135,53747.2790084529,67826.73975824358,81357.31599175897,-0.14895568318208297,-0.5211226510907412,-0.45223678322790206,-0.2557283429827677
2009-06-03,87229.62161761135,53327.63119892938,67948.85662337569,81146.41599314794,-0.14895568318208297,-0.524861627913523,-0.4512505773877672,-0.2576576948734699
2009-06-04,87229.62161761135,54149.78946875807,69143.88461595126,82208.80099506065,-0.14895568318208297,-0.5175363645717739,-0.4415996288138113,-0.24793880191190854
2009-06-05,87229.62161761135,55375.689086918355,70773.05619202401,83328.58081890043,-0.14895568318208297,-0.5066138477485289,-0.42844257207831016,-0.23769485058652173
2009-06-08,87229.62161761135,54950.26276472311,70304.35815185966,82742.23606343695,-0.14895568318208297,-0.5104043099465693,-0.43222773921283986,-0.2430588400128244
2009-06-09,87229.62161761135,54680.64092576378,70148.5748030911,82334.14069608814,-0.14895568318208297,-0.5128065858167316,-0.43348583282820674,-0.2467921713251372
2009-06-10,87229.62161761135,54917.98630064385,70377.86548643903,82655.54645457565,-0.14895568318208297,-0.5106918866915802,-0.431634099975733,-0.2438518924635703
2009-06-11,87229.62161761135,54870.63041642498,70005.71242566845,82414.41986668488,-0.14895568318208297,-0.5111138180099344,-0.434639577733117,-0.24605776274004987
2009-06-12,87229.62161761135,55438.1307471155,70203.02316222769,82774.6018998913,-0.14895568318208297,-0.5060575052275986,-0.4330461123218854,-0.24276275140130887
2009-06-15,87229.62161761135,53863.63464035274,68347.5395072696,81248.54605460016,-0.14895568318208297,-0.5200859460228232,-0.44803084694322426,-0.2567233903288606
2009-06-16,87229.62161761135,52416.632423498835,66752.75143188868,79963.04214515518,-0.14895568318208297,-0.5329784421315814,-0.46091022533225057,-0.2684834160022943
2009-06-17,87229.62161761135,51952.74318404536,66873.92012985813,79544.4288073441,-0.14895568318208297,-0.5371116011170265,-0.4599316768127669,-0.272312967638606
2009-06-18,87229.62161761135,52786.64617086469,67320.86272721412,79935.70486634967,-0.14895568318208297,-0.5296816947302725,-0.4563222048594813,-0.2687335024456202
2009-06-19,87229.62161761135,52787.269869074495,68194.67959061047,80433.62581357593,-0.14895568318208297,-0.5296761377057917,-0.44926533115937806,-0.26417843024420673
2009-06-22,87229.62161761135,50722.775970102164,65487.53098166177,78275.61595474782,-0.14895568318208297,-0.548070359393251,-0.4711280424676807,-0.283920300460921
2009-06-23,87229.62161761135,50375.40718174619,64836.23881556038,77791.51629520339,-0.14895568318208297,-0.5511653448051742,-0.47638782486668363,-0.28834893298620135
2009-06-24,87229.62161761135,51198.938639718974,66461.65908218666,78931.66131783999,-0.14895568318208297,-0.5438278466357253,-0.4632610634002289,-0.2779186770848925
2009-06-25,87229.62161761135,52364.30335532417,67867.77373391399,80274.42050289792,-0.14895568318208297,-0.5334446835097624,-0.4519053961880667,-0.2656348696429237
2009-06-26,87229.62161761135,51828.800499280616,67501.26601992747,79678.45631148391,-0.14895568318208297,-0.5382159052863129,-0.4548652825853875,-0.27108685943461697
2009-06-29,87229.62161761135,52798.75738254851,68279.99058422195,80639.8656382334,-0.14895568318208297,-0.5295737862919251,-0.44857636653490685,-0.2622917104800455
2009-06-30,87229.62161761135,52501.840690588186,68315.24940982621,80400.85830156886,-0.14895568318208297,-0.5322192537633204,-0.4482916191358509,-0.2644781934573921
2009-07-01,87229.62161761135,52876.97511220626,68558.76393785981,80977.22673081132,-0.14895568318208297,-0.5288768821935741,-0.446325015674121,-0.2592054692941692
2009-07-02,87229.62161761135,51078.1860231168,66552.92418728853,79237.2425220178,-0.14895568318208297,-0.5449037279450508,-0.46252401385711595,-0.275123164150201
2009-07-06,87229.62161761135,50656.259671038715,65649.67175544135,78390.69436659908,-0.14895568318208297,-0.5486630061196043,-0.46981860680658327,-0.2828675420306388
2009-07-07,87229.62161761135,49465.418534145516,63708.79891905595,77265.73467445103,-0.14895568318208297,-0.5592731589892559,-0.4854929374908151,-0.2931588797418957
2009-07-08,87229.62161761135,48390.078668373564,62699.55527725206,75647.49465435611,-0.14895568318208297,-0.5688542189721496,-0.4936435068048016,-0.3079628364177728
2009-07-09,87229.62161761135,48623.617752178965,62992.08219590232,75867.91374872814,-0.14895568318208297,-0.5667734331280543,-0.49128108327503406,-0.30594640209214774
2009-07-10,87229.62161761135,48241.9105366621,62923.766705495174,75627.39400897724,-0.14895568318208297,-0.5701743669576069,-0.4918327936021729,-0.3081467208104778
2009-07-13,87229.62161761135,49678.35428378508,64502.09383231071,76904.03568212628,-0.14895568318208297,-0.5573759446714974,-0.47908635249082543,-0.2964677685010365
2009-07-14,87229.62161761135,50173.841428846164,65021.11830647211,77411.52102226723,-0.14895568318208297,-0.5529612547593223,-0.47489475318112184,-0.29182519947802554
2009-07-15,87229.62161761135,52059.14053092834,67802.56220268943,79313.42041826822,-0.14895568318208297,-0.5361636223477517,-0.4524320391940776,-0.2744262747754811
2009-07-16,87229.62161761135,52315.496203219904,68337.27139520599,79463.9171153073,-0.14895568318208297,-0.5338795453304663,-0.4481137713785457,-0.2730495033724982
2009-07-17,87229.62161761135,52563.19797486015,69029.54734700921,79799.39266895104,-0.14895568318208297,-0.5316725728118286,-0.4425230072697989,-0.26998051144281743
2009-07-20,87229.62161761135,53082.138367592226,69654.5705536329,80513.6337595558,-0.14895568318208297,-0.5270489192223253,-0.43747537084443466,-0.26344650287168847
2009-07-21,87229.62161761135,52983.80683765897,69690.74620131543,80419.58388755568,-0.14895568318208297,-0.5279250331993924,-0.437183219265072,-0.2643068883603503
2009-07-22,87229.62161761135,52993.10936042867,70315.0929682114,80569.75623801898,-0.14895568318208297,-0.5278421496092962,-0.43214104571176293,-0.26293308413936534
2009-07-23,87229.62161761135,54951.167512393615,72948.10670645887,82435.73823116219,-0.14895568318208297,-0.5103962488284276,-0.41087704157109106,-0.2458627384295622
2009-07-24,87229.62161761135,55141.3664234091,72334.03727311248,82377.11651822203,-0.14895568318208297,-0.5087016151287719,-0.4158362162171104,-0.24639902061752894
2009-07-27,87229.62161761135,55473.49596193845,73124.85072173853,82830.46941467041,-0.14895568318208297,-0.5057424083402686,-0.4094496713230166,-0.24225166512355745
2009-07-28,87229.62161761135,54761.45903124643,72016.93363158875,81600.48354571022,-0.14895568318208297,-0.5120865128974808,-0.41839711935575896,-0.25350380157421804
2009-07-29,87229.62161761135,55043.935770352895,73059.76221435581,82133.2883936912,-0.14895568318208297,-0.5095697024756813,-0.4099753207985174,-0.24862960504696552
2009-07-30,87229.62161761135,55887.92429469376,73851.7592775994,83052.22242803033,-0.14895568318208297,-0.5020499359962913,-0.4035792171293353,-0.24022302786223637
2009-07-31,87229.62161761135,55428.400961530475,72914.12072866301,82788.88642838254,-0.14895568318208297,-0.506144195642674,-0.41115150955508906,-0.24263207391323938
2009-08-03,87229.62161761135,56656.508078948755,74440.63552129411,83808.8620314785,-0.14895568318208297,-0.495202010449013,-0.3988235006276044,-0.23330114991483375
2009-08-04,87229.62161761135,56876.58644320202,74536.84828380278,84091.57871356973,-0.14895568318208297,-0.4932411568845132,-0.3980464942069195,-0.23071480582418336
2009-08-05,87229.62161761135,56418.77994122054,73563.99448468533,83333.26340068583,-0.14895568318208297,-0.49732011991346636,-0.4059031821201664,-0.23765201346902276
2009-08-06,87229.62161761135,56533.9518048275,73430.98776203078,83600.01650139931,-0.14895568318208297,-0.49629396198081344,-0.40697733356122423,-0.23521170715037998
2009-08-07,87229.62161761135,58442.655120240415,75899.68996634189,85525.71319768974,-0.14895568318208297,-0.4792878027779355,-0.3870402959635787,-0.21759508037761544
2009-08-10,87229.62161761135,58069.97086930782,75030.44588565658,84908.23299587733,-0.14895568318208297,-0.4826083438240927,-0.3940602402435692,-0.2232439025809536
2009-08-12,87229.62161761135,57451.07359070916,74888.80945925764,84359.29632859617,-0.14895568318208297,-0.48812259298219185,-0.3952040844680288,-0.2282656759516023
2009-08-13,87229.62161761135,57355.929754702775,74616.26064945305,84195.45894745691,-0.14895568318208297,-0.48897030525325635,-0.3974051664206347,-0.22976449038095537
2009-08-14,87229.62161761135,56670.53206396052,73424.36070349895,83329.3073708494,-0.14895568318208297,-0.4950770595884769,-0.4070308531452712,-0.2376882039559589
2009-08-17,87229.62161761135,55025.55213309229,70924.42729960669,81659.48422421992,-0.14895568318208297,-0.5097334969530405,-0.42722011136279625,-0.252964052539675
2009-08-18,87229.62161761135,55702.93498913473,72273.306414354,82496.76587513881,-0.14895568318208297,-0.503698153168527,-0.4163266736778324,-0.24530444634294846
2009-08-19,87229.62161761135,55759.48391980831,72224.08281722464,82367.09459269416,-0.14895568318208297,-0.5031943136718269,-0.41672419943243555,-0.24649070303143605
2009-08-20,87229.62161761135,56422.0321971455,73202.15168530557,82952.25021302095,-0.14895568318208297,-0.4972911429731627,-0.4088253950477012,-0.24113759203158847
2009-08-21,87229.62161761135,57597.204095174115,74288.0255197738,83835.26855570465,-0.14895568318208297,-0.48682059984200066,-0.40005596654948594,-0.23305957818520762
2009-08-24,87229.62161761135,57603.81394664899,74228.42137841454,83669.92180176346,-0.14895568318208297,-0.48676170740671154,-0.4005373247324129,-0.23457220063394602
2009-08-25,87229.62161761135,57416.095370661315,74067.94947377643,83487.7720399946,-0.14895568318208297,-0.48843424182460937,-0.4018332827424753,-0.23623854008190337
2009-08-26,87229.62161761135,57531.73475966363,74078.5114337093,83646.94025580116,-0.14895568318208297,-0.48740391833555974,-0.40174798521573485,-0.23478244003387783
2009-08-27,87229.62161761135,57384.19203978067,73911.02529440833,83377.39234979385,-0.14895568318208297,-0.4887184940285414,-0.4031005896126916,-0.2372483137442385
2009-08-28,87229.62161761135,57330.19928917286,73930.45085791529,83528.76144253243,-0.14895568318208297,-0.48919955847958674,-0.40294371034660703,-0.23586356150529852
2009-08-31,87229.62161761135,56400.964621526815,72625.3670333782,82469.03116982384,-0.14895568318208297,-0.4974788507966347,-0.41348346084078846,-0.2455581685169168
2009-09-01,87229.62161761135,55060.097272368694,71110.35903166949,81633.10563828977,-0.14895568318208297,-0.5094257067724105,-0.4257185418635435,-0.2532053686846423
2009-09-02,87229.62161761135,54556.63778443732,70673.16681797882,81715.63773011774,-0.14895568318208297,-0.5139114286417144,-0.4292492705138147,-0.2524503499626858
2009-09-03,87229.62161761135,55295.43895962033,71520.43490138151,82647.24801922074,-0.14895568318208297,-0.5073288600974156,-0.42240680259500873,-0.24392780807308823
2009-09-04,87229.62161761135,56241.27044358499,73315.81591557627,83523.13035471662,-0.14895568318208297,-0.49890169351499813,-0.40790745199711487,-0.23591507573002923
2009-09-08,87229.62161761135,56323.49879895296,73495.34834986669,83236.37240400627,-0.14895568318208297,-0.4981690555554543,-0.40645756270459743,-0.23853839008764244
2009-09-09,87229.62161761135,56645.0752316651,73995.52366491551,83356.5891523909,-0.14895568318208297,-0.495303874798217,-0.40241818766611437,-0.23743862521178893
2009-09-10,87229.62161761135,56948.764726027155,74353.30284471974,83656.45908183685,-0.14895568318208297,-0.4925980630318423,-0.3995287921987488,-0.23469536006645175
2009-09-11,87229.62161761135,56300.130043256155,73592.8340987672,83027.77455495085,-0.14895568318208297,-0.49837726642643876,-0.4056702757496662,-0.24044668149172987
2009-09-14,87229.62161761135,56705.23299798235,74053.44268307141,83107.79158404957,-0.14895568318208297,-0.494767881308281,-0.4019504384007002,-0.23971467102517363
2009-09-15,87229.62161761135,56959.76862576137,74312.07452683058,83446.69284006568,-0.14895568318208297,-0.4925000205182566,-0.39986174873048785,-0.23661434014152105
2009-09-16,87229.62161761135,57899.418361836695,75519.80395704095,84392.1141897063,-0.14895568318208297,-0.484127932055057,-0.390108224382416,-0.22796545213558228
2009-09-17,87229.62161761135,57931.24236313362,75655.93207645632,84504.68461140494,-0.14895568318208297,-0.48384438666161744,-0.389008864795771,-0.2269356372594713
2009-09-18,87229.62161761135,57733.85710134371,75838.00292794833,84259.42226164174,-0.14895568318208297,-0.485603049288331,-0.38753847545302544,-0.22917934224453607
2009-09-21,87229.62161761135,58064.800417851504,76705.15114777951,84890.26161771033,-0.14895568318208297,-0.48265441149731714,-0.3805354571743059,-0.22340830804645095
2009-09-22,87229.62161761135,57567.80718379083,75753.19766039355,84174.3019113451,-0.14895568318208297,-0.4870825203568444,-0.38822335587512147,-0.22995803882994925
2009-09-23,87229.62161761135,57477.60336302319,75903.61366168682,84329.45680224767,-0.14895568318208297,-0.4878862180946202,-0.38700860852008023,-0.22853865341465263
2009-09-24,87229.62161761135,56530.5504191414,74795.33000406875,83217.3342184693,-0.14895568318208297,-0.49632426763702575,-0.3959590169217908,-0.2387125549027358
2009-09-25,87229.62161761135,55601.92796050217,73297.32891019277,81955.33714437025,-0.14895568318208297,-0.5045981052960598,-0.40805675154436494,-0.2502575357325575
2009-09-28,87229.62161761135,56630.157249472904,74614.22086790141,82775.64930778922,-0.14895568318208297,-0.49543679099220983,-0.39742163953003395,-0.24275316952164327
2009-09-29,87229.62161761135,56685.27093927812,74569.89390626711,83018.75108291254,-0.14895568318208297,-0.4949457392003902,-0.3977796204558618,-0.240529229869883
2009-09-30,87229.62161761135,56246.339856223916,74333.64026573327,82948.7961208685,-0.14895568318208297,-0.4988565260771326,-0.3996875855825095,-0.24116919070047826
2009-10-01,87229.62161761135,54669.48377646948,71830.58764251556,81465.66920987063,-0.14895568318208297,-0.5129059937527984,-0.4199020343608312,-0.2547371078589924
2009-10-02,87229.62161761135,54437.06415561236,71666.33009803428,81454.22486607893,-0.14895568318208297,-0.5149768054091997,-0.42122856488942284,-0.2548418028162127
2009-10-05,87229.62161761135,55255.88309256002,72265.08475797696,82229.71133471603,-0.14895568318208297,-0.5076812948457621,-0.41639307110398516,-0.24774751028737063
2009-10-06,87229.62161761135,55534.55875352769,72898.74344147569,82572.1768842014,-0.14895568318208297,-0.505198351258818,-0.41127569527188723,-0.2446145725929585
2009-10-07,87229.62161761135,55522.89555800416,72895.88503472363,82591.51179838234,-0.14895568318208297,-0.5053022679640942,-0.4112987795316191,-0.2444376932497756
2009-10-08,87229.62161761135,56093.94430100901,73405.24040865224,83243.1925690155,-0.14895568318208297,-0.5002143395481251,-0.40718526708656044,-0.2384759979665323
2009-10-09,87229.62161761135,57053.27371923746,74638.3999808098,84034.23068445569,-0.14895568318208297,-0.4916669091105832,-0.3972263709867928,-0.23123943611876818
2009-10-12,87229.62161761135,57257.53153388464,74774.72634059335,84345.11929156365,-0.14895568318208297,-0.489847013432574,-0.39612541042710747,-0.2283953700880812
2009-10-13,87229.62161761135,57210.613808530274,74884.35524498363,84604.24634103302,-0.14895568318208297,-0.49026504084436207,-0.3952400563391171,-0.2260248282857178
2009-10-14,87229.62161761135,57929.893327947655,75578.39942331043,84712.16937003037,-0.14895568318208297,-0.4838564062913616,-0.3896350121772232,-0.22503752861090653
2009-10-15,87229.62161761135,59063.32923210419,76594.76354993373,85735.51316211779,-0.14895568318208297,-0.4737577223960209,-0.3814269384087464,-0.21567579180149232
2009-10-16,87229.62161761135,58675.44538828921,76156.29593653949,85671.93930489142,-0.14895568318208297,-0.4772136887302727,-0.38496796708297254,-0.21625737711418425
2009-10-19,87229.62161761135,59071.256438127515,76821.20427924962,86194.01048093972,-0.14895568318208297,-0.47368709259903874,-0.3795982215525272,-0.21148137418756663
2009-10-20,87229.62161761135,58775.3731106387,76860.49360033924,85983.69600018467,-0.14895568318208297,-0.4763233530026959,-0.379280924200752,-0.21340536965347068
2009-10-21,87229.62161761135,58300.5545172042,76784.68030794236,85845.79077727025,-0.14895568318208297,-0.4805538903141936,-0.37989318616506607,-0.21466695194043117
2009-10-22,87229.62161761135,59227.48298106334,77531.0145488147,86616.6991851864,-0.14895568318208297,-0.47229514580488385,-0.37386585172403963,-0.2076145403512093
2009-10-23,87229.62161761135,58969.28541567008,77754.83333106182,86695.90208174633,-0.14895568318208297,-0.47459563371592595,-0.3720583094984412,-0.2068899777185237
2009-10-26,87229.62161761135,58425.973588609224,77623.69501600586,86057.93340461193,-0.14895568318208297,-0.47943643183954865,-0.3731173718321633,-0.2127262322540593
2009-10-27,87229.62161761135,57794.861420165835,75949.13182850514,85266.30849920824,-0.14895568318208297,-0.4850595131873693,-0.3866410075183685,-0.21996816216409465
2009-10-28,87229.62161761135,56050.97659584616,73356.76068024387,83232.94983896527,-0.14895568318208297,-0.5005971730815931,-0.4075767854180601,-0.238569700340731
2009-10-29,87229.62161761135,57835.06114365108,75381.17380439043,85202.49469233249,-0.14895568318208297,-0.484701341808936,-0.39122779018534437,-0.2205519425802136
2009-10-30,87229.62161761135,55300.02566265495,72194.17507836458,82840.22547193125,-0.14895568318208297,-0.5072879935041671,-0.41696573189150343,-0.24216241492134805
2009-11-02,87681.34611938351,55891.36080696104,72741.5276300564,83530.1552830846,-0.14454849256413138,-0.502019317369369,-0.4125453573387565,-0.23585081039613598
2009-11-03,88880.34904560677,56068.164382911425,72976.2489395509,84121.26962608678,-0.13285057840048287,-0.5004440333867979,-0.4106497671925703,-0.2304431879077362
2009-11-04,89530.25243618996,56404.36377045626,73351.73031508301,84570.46408170304,-0.12650988155026466,-0.4974485650694703,-0.4076174102367064,-0.22633387459363496
2009-11-05,90666.4516691942,57487.51920974913,75259.36076002689,85537.81905283945,-0.11542470334944677,-0.48779786991253704,-0.392211542393739,-0.2174843337930944
2009-11-06,90236.78873630517,57073.0230882402,74970.28338301179,85035.68236810468,-0.11961665317568215,-0.49149094624055256,-0.3945461077066853,-0.22207797233488868
2009-11-09,91488.996325637,58339.80323185258,76560.59951860637,86103.83358349137,-0.1073996547224646,-0.48020419223150634,-0.38170284433853874,-0.21230632899427815
2009-11-10,91570.349177163,58273.15082454135,76656.29008408458,86106.34913988796,-0.10660594633918563,-0.48079805165472667,-0.38093005513846934,-0.21228331622271868
2009-11-11,92584.94701471849,58701.50537128506,77330.06094118838,86856.29053730881,-0.09670715614045566,-0.47698149957019054,-0.3754887366648122,-0.2054227146932781
2009-11-12,92109.07681390259,58343.74177922641,77197.44961649332,86587.22582783569,-0.1013499210915948,-0.4801691005736638,-0.3765596949042068,-0.20788416803307008
2009-11-13,92504.87975451475,58256.61841705008,77312.04655474666,86616.8819020796,-0.09748832182128686,-0.48094535205051525,-0.37563421938004604,-0.2076128688235388
2009-11-16,93101.0501393317,58673.145826648,77551.65543743635,87018.23231524776,-0.09167186396620464,-0.4772341773578407,-0.37369915759147876,-0.20394124158987403
2009-11-17,93623.11832437753,58886.92113652339,77992.86853379675,87443.67845781782,-0.08657837446532846,-0.47532948272875475,-0.370135956620803,-0.20004918220170198
2009-11-18,93649.91217322368,58960.69926440916,77698.63477183356,87471.2345524597,-0.08631696380730502,-0.4746721345812538,-0.37251216447791613,-0.19979709399094892
2009-11-19,92406.41026976633,57868.19411662439,76035.1867613679,86379.2594582131,-0.09844902638266273,-0.4844061337434924,-0.3859460349011967,-0.20978668254741983
2009-11-20,92363.0680124011,57617.28529021096,75584.95155873624,86246.7154291113,-0.0988718894092897,-0.4866416804693443,-0.3895820976660679,-0.21099921964952062
2009-11-23,93745.2172872541,58395.130868735636,76887.56389484309,87184.0535210043,-0.08538713201215142,-0.4797112342146399,-0.3790623067108173,-0.2024242787688597
2009-11-24,93442.9919415747,58282.74432049656,76356.59934648524,87032.59512188376,-0.08833575379990033,-0.4807125755525954,-0.38335033308562316,-0.20380984799897106
2009-11-25,93112.04603431051,57673.53396547152,75625.45353146027,86428.89624251919,-0.09156458396479561,-0.4861405161874428,-0.38925500703862503,-0.20933259613547084
2009-11-27,90847.01481100888,56164.78248272197,73706.27222756177,84670.17217297915,-0.11366306283308869,-0.49958318572441396,-0.40475415867615516,-0.22542172667666582
2009-11-30,90890.51680917399,56204.56076709995,73596.38463766506,84684.79715829335,-0.11323864131638262,-0.4992287692829027,-0.405641601887191,-0.22528793462710062
2009-12-01,92483.09084187698,57163.71704648424,74716.5812883931,85776.14024658636,-0.09770090247824881,-0.49068288147732686,-0.3965949851250232,-0.21530412777707597
2009-12-02,94235.1160099582,57738.09918902384,75606.19399552504,86984.97955515423,-0.08060749963450153,-0.4855652531479575,-0.3894105454795853,-0.20424544394160493
2009-12-03,94598.40199605717,57743.9019424809,75892.43333847824,87225.95395203627,-0.07706314774903256,-0.4855135517922208,-0.38709889989818735,-0.20204096593640264
2009-12-04,95244.6134535419,59561.18828758358,78252.49745732389,88597.77700091862,-0.07075847075793162,-0.469321899243356,-0.3680392146157294,-0.18949127693450007
2009-12-07,93458.8356457497,58661.89204594679,76814.64291121674,87191.74014237287,-0.08818117678643367,-0.47733444626013344,-0.37965121062546403,-0.20235396014596618
2009-12-08,91346.25875954266,57419.69526456919,75558.65569160024,85598.19501090585,-0.10879225499022138,-0.48840216750042476,-0.3897944609437599,-0.21693200344878172
2009-12-09,91480.03869928382,57445.35985869328,76081.4327169486,85556.54491698684,-0.10748704862442904,-0.48817350117495284,-0.3855725563368152,-0.2173130261513887
2009-12-10,91857.65106967252,57860.90000691286,76590.08229550521,85848.92452181547,-0.10380292325715179,-0.48447112278081206,-0.3814647438375999,-0.21463828387024098
2009-12-11,91958.68010290802,58673.069693541125,77034.09022350494,86302.90250961507,-0.10281724679800586,-0.4772348556883731,-0.37787897203461585,-0.2104852099258745
2009-12-14,92377.36938905423,58809.166844850624,77432.29281033,86451.63025621185,-0.09873235991119467,-0.476022257688706,-0.3746631204300169,-0.2091246212061676
2009-12-15,92943.35409703745,59077.67018040932,77702.08225154842,86944.36408153063,-0.09321040463725694,-0.47362994745686304,-0.37248432291299505,-0.20461700174788067
2009-12-16,93925.16385483409,59391.946178330254,78104.04200900812,87599.99973588879,-0.08363150702112299,-0.4708298120921217,-0.3692381287048724,-0.19861912646253876
2009-12-17,91376.44799329631,58541.161480325354,76954.58949348885,86238.7006363112,-0.10849771770645589,-0.47841013109969555,-0.3785210134443101,-0.2110725404448942
2009-12-18,93657.84639798348,59079.701123436236,78940.05822177215,87585.69004019472,-0.08623955458822363,-0.47361185216663704,-0.36248652997538167,-0.19875003418479842
2009-12-21,94034.2287174686,60087.24123733842,80389.64977259932,88061.69126247992,-0.08256743005061251,-0.46463487421414706,-0.35077974687306923,-0.1943954876497539
2009-12-22,94788.81082474101,60798.498926318214,81546.03032560724,88760.21815461812,-0.07520544908522664,-0.45829771254245755,-0.341440911868084,-0.18800523544999526
2009-12-23,95151.52825589535,60808.72498215152,82004.6102122272,88883.23202698986,-0.07166664423120706,-0.45820660046017925,-0.33773745811610845,-0.18687988197059213
2009-12-24,96175.84349433896,60965.93597143704,82597.75313550637,89292.59639501176,-0.06167304749031022,-0.4568058824488245,-0.33294728425814235,-0.18313494160724086
2009-12-28,96786.52083184259,61260.37997074477,83260.30089058925,89686.22931421763,-0.05571505446163216,-0.45418244616717474,-0.3275966026407907,-0.17953391542462238
2009-12-29,96414.3531031055,61360.23277750703,83164.88745307285,89675.24554817322,-0.05934605989959196,-0.4532927779222774,-0.3283671537780495,-0.1796343969320875
2009-12-30,96819.87060091522,61638.5481789218,83830.71436862205,90114.7575155425,-0.05538968183120996,-0.45081304417484136,-0.32298998992829586,-0.17561366079735585
2010-01-04,98632.21611924986,62132.65046437414,84361.46667130999,90980.65348337521,-0.037707771433266424,-0.44641069308074754,-0.31870367763220453,-0.16769228557833238
2010-01-05,97791.26674980449,61684.219499577666,83531.48406325337,90224.17980275558,-0.04591238321910507,-0.4504061219759813,-0.3254065494623183,-0.17461264563325019
2010-01-06,98347.2273371773,62247.2987289555,83717.22380556067,91141.42083835104,-0.04048822695791521,-0.4453892003091575,-0.32390653045666795,-0.16622155631171953
2010-01-07,99692.20725195728,63209.909326119094,84710.56609856183,92130.86177324396,-0.027366107527826533,-0.43681253523316066,-0.315884379138331,-0.15716996906161873
2010-01-08,99490.16251538633,62924.5253012101,84753.00108126499,91819.49005103968,-0.029337330394703764,-0.4393552489814786,-0.31554167767999763,-0.1600184547178658
2010-01-11,98745.29894714712,62626.138447431076,83883.33595840984,91514.12950828964,-0.03660449371376029,-0.4420138152963352,-0.32256502226220196,-0.16281194900132123
2010-01-12,96583.95359400648,61360.290098851,81904.45595963663,89692.75262749424,-0.05769137504329924,-0.4532922672007349,-0.33854629568913575,-0.17947423895763925
2010-01-13,97980.62222438736,62118.37542659473,83264.7761933306,90618.20786513474,-0.04406496146587824,-0.4465378807704967,-0.32756046046096055,-0.17100800460836763
2010-01-14,97978.66698041126,62173.29662411885,83186.65760421708,90741.35096934903,-0.044084037546262445,-0.4460485440458388,-0.32819133981348503,-0.16988146889235278
2010-01-19,98174.59761844481,62197.24609706401,83489.66529304894,90754.84648116704,-0.042172466076654036,-0.44583515910201776,-0.3257442744387845,-0.16975800947360675
2010-01-20,96950.67334491211,61560.0638793799,82260.6444759008,89738.68964633528,-0.05411352208365616,-0.4515123233567645,-0.3356697462907485,-0.17905399867912863
2010-01-21,94714.56443230141,59847.31683843075,80762.10639858642,88076.71380040987,-0.07592982423621542,-0.4667725519200172,-0.34777181754776243,-0.19425805871590285
2010-01-22,91654.80304905551,58135.82146992938,77851.01828481143,86356.40200629437,-0.10578198325904697,-0.4820216283357649,-0.3712815276590258,-0.20999578671226793
2010-01-25,92669.19507134262,58827.56563463122,78646.84799033673,87134.16750641464,-0.09588520106988085,-0.4758583282054687,-0.36485447188345543,-0.20288064518518045
2010-01-26,91712.27281667676,58072.430010146,78035.75985965725,86367.78800330948,-0.10522128703893363,-0.48258643337826346,-0.36978956977236077,-0.20989162552206742
2010-01-27,92627.83839412323,58557.00533670815,78944.34688988906,86688.66767260178,-0.09628869204527812,-0.4782689655545542,-0.3624518950415523,-0.20695615942100387
2010-01-28,90711.7005208562,57774.53854408381,76727.41320700033,85701.85060126844,-0.11498323888662587,-0.48524058588909336,-0.38035567060024644,-0.2159837430857422
2010-01-29,89905.55768850591,57459.784188842365,75775.06459098647,85551.99669424797,-0.12284826527666015,-0.4880449833204863,-0.388046760327625,-0.21735463412767297
2010-02-01,91602.86810603319,58670.08435008836,77039.98150800694,86988.53961374154,-0.10628867969179279,-0.47726145449271473,-0.37783139450160697,-0.2042128758723225
2010-02-02,92239.67641552901,59162.98039895186,77463.87841201996,87325.25021848739,-0.10007574327582835,-0.4728698507218433,-0.37440803768762,-0.20113258546850865
2010-02-03,92688.065849365,59136.39055935911,78253.06960171802,87545.98476068601,-0.09570109080903066,-0.4731067607966788,-0.36803459402427974,-0.19911326536827634
2010-02-04,88475.60747447186,56408.90902794305,74749.00930177432,84171.56392504447,-0.13679938624243704,-0.49740806774764224,-0.3963330991345343,-0.22998308643109022
2010-02-05,88760.5002414885,56405.37956144537,75232.88465008888,84347.497198136,-0.134019867476038,-0.49743951457789404,-0.3924253612975953,-0.22837361656237476
2010-02-08,88113.57718193276,55998.177777918914,74679.42945364979,83893.93804740808,-0.1403314871190402,-0.5010675998347421,-0.3968950203114485,-0.23252285890834634
2010-02-09,89677.12304908637,57049.79171050064,75928.49081584338,85052.75823021028,-0.12507695775562766,-0.4916979331018164,-0.38680770265266706,-0.22192175921466217
2010-02-10,89655.28889558688,57040.80957135044,75903.55827640755,85001.34107762689,-0.12528997979909962,-0.49177796213887914,-0.3870090558070771,-0.22239213276233705
2010-02-11,90695.55204330181,57560.904455010386,76970.41700026298,85815.34311359226,-0.11514078938143568,-0.48714402226949194,-0.3783931917908592,-0.21494549275537422
2010-02-16,92503.9711644825,58700.26074746919,78516.16522508401,87479.95610217052,-0.09749718636029236,-0.47699258891581564,-0.36590985523413166,-0.19971730765365525
2010-02-17,93820.02666007727,59505.16649026191,79672.90934664887,88303.2223059697,-0.08465726421718411,-0.4698210420888629,-0.35656808407914153,-0.19218591733923074
2010-02-18,95358.23735609865,60465.36166284337,80999.41402040707,89551.06340367813,-0.06964991411475951,-0.46126589795572526,-0.3458553405542295,-0.18077043797927095
2010-02-19,94980.82756629332,60302.87620019015,80577.93842629045,89069.55017274217,-0.07333206303125128,-0.4627136104544255,-0.3492591430670312,-0.1851754093809913
2010-02-22,94575.13010580844,60112.76978822503,80145.15294827953,88632.1158544517,-0.07729019688177585,-0.4644074200063135,-0.3527542832794678,-0.18917713880066922
2010-02-23,92275.47212704839,58683.03057069911,78154.4180432494,86949.67959817167,-0.09972650713000908,-0.47714610629427856,-0.36883129596217257,-0.20456837442616904
2010-02-24,93302.47647769528,59300.94364462103,79070.50710883841,87399.7433504845,-0.08970667442000624,-0.47164062620012226,-0.3614330354058587,-0.2004511086263583
2010-02-25,92187.09713448651,58558.797535869024,78168.91267145742,86655.49895923166,-0.10058872610762093,-0.47825299742372585,-0.36871423852728125,-0.2072595928978852
2010-02-26,92024.74116723862,58366.757531750016,78148.01006178635,86664.64645730413,-0.10217273072285926,-0.4799640348893168,-0.3688830462976852,-0.207175909906811
2010-03-01,93421.33809266714,59124.75452142965,79508.829704518,87455.18864251843,-0.08854701672536391,-0.473210435533303,-0.3578931778828651,-0.199943884919764
2010-03-02,93266.59903711584,59015.894307261544,79391.76888456801,87509.054016726,-0.09005670794463794,-0.474180357950293,-0.358838551514597,-0.19945111459138465
2010-03-03,93181.48850277632,58955.33632692016,79328.29563245756,87484.35125591341,-0.09088707766547088,-0.47471991726596785,-0.35935115632029646,-0.19967709998063665
2010-03-04,94101.4242018854,59527.74638756203,80124.35733233765,88087.2751784539,-0.0819118461552768,-0.4696198597861081,-0.35292222697724374,-0.19416144129138002
2010-03-05,96632.30295175796,61096.41944974969,82322.6241071696,89689.23809182881,-0.05721966090109465,-0.4556433011363641,-0.33516920384511195,-0.17950639057487816
2010-03-08,96807.16224418227,61151.818557404105,82545.44889972972,89557.7707313573,-0.05551366924022427,-0.45514970632942864,-0.3333696889991331,-0.18070907811476355
2010-03-09,96844.24091398441,61051.998024040266,82742.09663601551,89454.23671421286,-0.055151916080860564,-0.4560390870248954,-0.3317815779240203,-0.18165622630369282
2010-03-10,97982.50081574355,61651.812560628496,83872.29776702553,89935.03879843373,-0.04404663323668667,-0.4506948612256054,-0.3226541657952917,-0.17725776060262854
2010-03-11,98570.82870751093,62031.01652801113,84363.82266064695,90304.5806499634,-0.03830668963233419,-0.447316230828939,-0.31868465085452813,-0.1738771239281951
2010-03-12,98468.28464973938,61962.476832766624,84281.42571003067,90107.01705504695,-0.03930714722886597,-0.4479269056046533,-0.31935008190550684,-0.17568447195046333
2010-03-15,98113.9941622386,61827.976134588695,83859.74996240484,89916.62300606485,-0.04276373571679892,-0.4491252795308899,-0.32275550084171967,-0.1774262316508015
2010-03-16,98788.67508133655,62299.80229923243,84373.92206254345,90715.82644626222,-0.0361813001723591,-0.4449214041526576,-0.31860308890875244,-0.1701149719136954
2010-03-17,99342.24768742661,62747.50458409799,84714.68851467641,90895.02342738485,-0.03078044193610241,-0.44093246764773575,-0.31585108684210916,-0.1684756450449706
2010-03-18,99572.04712992709,62768.77354806603,85076.53522786895,91133.28078009217,-0.02853843393559463,-0.4407429654949392,-0.3129288423069416,-0.16629602305849822
2010-03-19,98855.4308200346,62222.421455555756,84590.9295030832,90370.50387263103,-0.03553000659822203,-0.4456108517667483,-0.3168505545230925,-0.17327404618930164
2010-03-22,99378.7217609144,62430.68394039456,85200.88940795237,90495.78886604596,-0.030424587441065687,-0.44375527529000836,-0.311924568093787,-0.17212791607780975
2010-03-23,100107.94166017335,62887.865708593694,85827.30908097705,90919.60902155518,-0.02331004951843907,-0.43968187851227725,-0.30686565391969656,-0.1682507315176639
2010-03-24,101436.22284069654,63723.875498135894,86963.9883456686,91704.83723001415,-0.010350849090218661,-0.43223320094080075,-0.2976859249118622,-0.16106731976517163
2010-03-25,101827.80979567942,63965.26915613408,87305.87625685021,92144.02557258408,-0.006530382528537104,-0.4300824324345941,-0.29492486603343404,-0.15704954420949468
2010-03-26,101845.49973161881,63922.74076248724,87392.87246757741,92575.69119684855,-0.00635779299797512,-0.43046135179160494,-0.2942222917330214,-0.15310058786141112
2010-03-29,102397.480912886,64316.66923695913,87802.94312608062,92827.40608193738,-0.0009724612884420836,-0.42695152902485056,-0.29091059454978374,-0.15079785389904765
2010-03-30,102972.68003509381,64590.163127195665,88413.72210323488,93118.34664984749,0.0,-0.4245147539635725,-0.28597799335952645,-0.1481362761917161
2010-03-31,103320.76536445195,64855.53797299008,88649.60732754183,93876.86384073764,0.0,-0.4221503179406578,-0.2840730035322705,-0.14119722172982785
2010-04-05,105488.89111205294,66401.32623272634,90267.76037626757,95427.75999006644,0.0,-0.4083776582366915,-0.2710049315246983,-0.12700933914236012
2010-04-06,105166.87581003617,66179.68436858691,90017.88423224713,95111.09773877058,-0.003052599175345505,-0.41035244226789247,-0.2730229108781378,-0.12990622352963077
2010-04-07,104193.52776217654,65461.387249942934,89328.1087785589,94882.0695268548,-0.012279618604583042,-0.41675232382936256,-0.2785934811681062,-0.13200141564245216
2010-04-08,104618.00089829978,65766.28841724839,89640.22684881529,95138.58638936968,-0.008255752852952769,-0.41403571630294966,-0.2760728410962744,-0.12965475230935808
2010-04-09,104985.14938663179,66013.96205390633,89931.94643580329,95409.38571587614,-0.004775305912411709,-0.41182899446129484,-0.2737169375111467,-0.12717743037461615
2010-04-12,105137.9878894927,66135.19793760095,90028.81061111978,95420.65606963006,-0.0033264471629292913,-0.410748807340246,-0.27293467033377006,-0.1270743271101913
2010-04-13,105447.11660296845,66182.77740555556,90492.56106931178,95536.6786076259,-0.000396008609476306,-0.4103248839361787,-0.26918945946760997,-0.12601293164067684
2010-04-14,106845.33668130841,67033.04276863944,91729.50011946078,96249.74181079479,0.0,-0.4027491920973614,-0.25920004061192503,-0.11948969859997172
2010-04-15,106810.73261440442,66888.49492107054,91866.26513251496,96263.18334735796,-0.0003238706337479469,-0.4040370840857809,-0.25809553752421266,-0.11936673295676214
2010-04-16,104304.77756598525,65194.487957575606,89879.9196820018,94305.18514847258,-0.023777912955630254,-0.4191303423618825,-0.27413710133034386,-0.1372788598030903
2010-04-19,104818.73904335697,65660.42278193202,90126.71557954398,94619.18375828864,-0.018967581561339042,-0.4149789576300674,-0.2721439977961668,-0.13440634289689612
2010-04-20,106366.48679625042,66756.24791285995,91286.37387050416,95759.73303531898,-0.004481710666383809,-0.4052153780917548,-0.262778692046887,-0.1239723888022064
2010-04-21,106442.12886347839,66551.07777643051,91693.68193321253,95992.00757457921,-0.0037737521388760964,-0.40704340237170444,-0.2594893053619073,-0.12184749869108669
2010-04-22,107300.2598110706,66996.39880168824,92556.5226464655,96401.34607132286,0.0,-0.40307568240665403,-0.2525210741548938,-0.11810279500293652
2010-04-23,108514.61454722866,67832.28318473308,93498.76663342163,97456.23648696496,0.0,-0.3956281221816199,-0.24491158858741846,-0.10845246389195107
2010-04-26,108132.72864878978,67540.16259465723,93242.0999703127,97179.26898003115,-0.0035192116751487923,-0.3982308573585083,-0.24698440761902496,-0.11098621347319881
2010-04-27,104837.09543467357,65411.88110625982,90494.91369632723,95920.31757923277,-0.033889620563085865,-0.4171934135231862,-0.26917045984376786,-0.12250333192473783
2010-04-28,106186.11174474751,66486.1676317974,91344.17432430467,96763.62177721875,-0.021457965014175295,-0.407621738588024,-0.26231190029753415,-0.11478863036221099
2010-04-29,107847.91833758469,67348.39113223462,93015.31753676313,97578.69856125857,-0.006143837974504351,-0.3999395021720801,-0.24881588405075805,-0.10733215836263021
2010-04-30,105642.03165597122,66077.17122689086,90968.74781926819,96862.33166713254,-0.02647185269231367,-0.41126581355718217,-0.26534381412375174,-0.1138856141744895
2010-05-03,108063.62044628766,67548.56262093518,93118.04937340092,98427.4892816434,-0.004156067851530776,-0.398156014829008,-0.24798623011925258,-0.09956726508633706
2010-05-04,105161.64677808835,65972.71194364275,90289.89047145724,97093.38675876221,-0.03089876679865089,-0.4121965245727659,-0.27082621068138824,-0.11177187979408176
2010-05-05,103546.40481091243,64936.484738554536,88934.5888901959,96014.51900812425,-0.04578378458096011,-0.4214290986861875,-0.2817715156819547,-0.12164155996582082
2010-05-06,96917.39067065567,60804.23490689988,83206.67653067331,92402.84697911437,-0.10687246068155676,-0.4582466061194903,-0.3280296685966304,-0.15468179848482821
2010-05-07,95752.83434436383,60394.36582632311,81765.66529154971,92154.62990221314,-0.11760425317928525,-0.4618984564517762,-0.33966715780163326,-0.15695253385598973
2010-05-10,102147.01209757035,64155.81593424837,87599.34770426089,95591.76281184744,-0.058679676246621626,-0.4283846993096815,-0.29255481456645493,-0.12550901123165548
2010-05-11,101192.2444346799,63499.82780189388,86858.03191415101,95460.43744535859,-0.06747819308118952,-0.43422942044781476,-0.2985416204085444,-0.12671039978452947
2010-05-12,103625.69075219972,64860.63125351101,89175.41856559415,97027.07880694633,-0.045053136993829845,-0.4221049378448072,-0.2798265948710691,-0.11237847710582716
2010-05-13,101716.89989932193,63784.85865630806,87369.16523953513,95837.6961550984,-0.06264331008564905,-0.431689853376936,-0.2944137493725818,-0.12325916787502711
2010-05-14,99459.95131560728,62416.03831604686,85366.6485871033,94754.39830020505,-0.08344187803091285,-0.44388576483087694,-0.3105859104861114,-0.13316937545348695
2010-05-17,99744.61003505228,62509.710669657405,85727.84299149633,94670.58373889499,-0.08081864870246969,-0.4430511631693481,-0.3076689339435913,-0.13393612644161856
2010-05-18,97675.41994151754,61227.04149866999,83930.05159717124,93583.97326831974,-0.09988695671027414,-0.45447948518791004,-0.3221877505747712,-0.14387663843625265
2010-05-19,96620.15314128832,60639.27878487708,82921.87997917151,92345.67488117632,-0.10961160812826298,-0.45971633169179704,-0.33032966231197436,-0.15520481932872887
2010-05-20,90765.27570381924,56966.36723626733,77894.82164078593,88599.50241361701,-0.1635663446575153,-0.4924412282377193,-0.37092777532978916,-0.1894754925424953
2010-05-21,92577.3323111892,58201.74779587401,79315.00172937485,89641.58273703603,-0.1468676113584968,-0.4814342381501756,-0.35945851679703467,-0.17994235050601637
2010-05-24,91996.03116236755,57579.93183240775,79169.60765769934,89808.88593057601,-0.15222450407978683,-0.4869744921981499,-0.36063270745818754,-0.17841183018879148
2010-05-25,92229.97798997133,57729.48439913768,79366.63657178493,90179.22770124288,-0.15006860251224308,-0.48564200917762446,-0.35904151802226125,-0.1750238757072935
2010-05-26,91059.94591732693,57151.50598962443,78147.43687737308,89625.20498835262,-0.1608508559213926,-0.4907916795159306,-0.3688876752882446,-0.18009217715654224
2010-05-27,95291.13580678854,59662.74049301273,81977.2135104686,91857.60973428885,-0.12185896614584457,-0.46841708970119933,-0.33795871164440305,-0.15966972885995145
2010-06-01,93593.58986868704,58063.704056748786,80917.37018540867,91470.95832157301,-0.13750244371045128,-0.4826641798522554,-0.34651791987228653,-0.16320688693998486
2010-06-02,95803.28827295084,60288.456671947286,83861.57042447239,93564.9072334647,-0.11713930263969641,-0.46284208552488215,-0.3227407989385811,-0.14405105802201845
2010-06-03,96001.64655451282,60780.241472245485,85071.84186451044,93929.25851184964,-0.11531136192968594,-0.45846038275321943,-0.3129667455265258,-0.1407179056632636
2010-06-04,94018.1489643846,58174.179816859796,81449.13732951561,92072.69199192585,-0.13358998364717767,-0.48167986324876044,-0.3422234117996893,-0.15770211689617053
2010-06-07,93677.72398319507,57222.26421079806,79618.60962023064,91536.75262782024,-0.13672711851707453,-0.4901612381243984,-0.3570066042397554,-0.16260498855216332
2010-06-08,93292.48132391092,57768.23867874913,79379.90356892667,91463.51493991741,-0.14027726391354067,-0.4852967164107794,-0.3589343748357072,-0.1632749803613458
2010-06-09,92682.98955285767,57431.114348257215,78663.63533570112,91024.42189851895,-0.14589394304562187,-0.4883004257820648,-0.36471889865185614,-0.16729188408441686
2010-06-10,93327.83920486068,59073.6818011219,80901.80704315387,91752.42415880345,-0.1399514287152378,-0.47366548310694323,-0.3466436065394469,-0.16063198580767035
2010-06-11,94506.33323680738,59562.712041262756,81966.55997116149,92745.613485123,-0.12909119540137592,-0.4693083229072933,-0.3380447487586986,-0.15154610758491094
2010-06-14,94334.59594949527,59470.39200960846,81948.20657656064,92605.32560330284,-0.13067381436960124,-0.47013087565462164,-0.33819296927616826,-0.15282948687279585
2010-06-15,96020.84360598258,60725.68330168826,84053.16133223832,93812.970683564,-0.11513445440852055,-0.4589464849812722,-0.321193526398043,-0.14178172805703393
2010-06-16,95881.12391866194,60652.23629908782,84329.35530875818,93760.28511998258,-0.11642202003185731,-0.45960088286967693,-0.3189630063764285,-0.14226370526129173
2010-06-17,96067.2637275349,60380.17697623213,84089.29498024822,93713.29526536459,-0.11470667680689517,-0.4620248762267116,-0.32090171400461,-0.14269357707470154
2010-06-18,96322.3628389143,60066.70278028283,84031.23985641164,93633.04794337595,-0.11235584957091604,-0.4648178676985971,-0.32137056244839735,-0.14342769430287727
2010-06-21,95261.32159623425,60089.478995728074,83574.04103399868,93179.85936190753,-0.12213371448899357,-0.4646149362410086,-0.3250628628385086,-0.14757354661325772
2010-06-22,94818.85158844959,58801.564061206,82501.97093357105,92481.54120739194,-0.1262112298506879,-0.4760899969481297,-0.3337208135067634,-0.15396188924293808
2010-06-23,93768.2209556152,58211.2159030098,81585.04728552421,91661.26761965251,-0.13589315737001872,-0.48134987923698,-0.34112581408291887,-0.16146590255645665
2010-06-24,92883.49524932321,57068.341704373204,80071.74455360774,90689.95785211773,-0.1440462131587109,-0.4915326564208038,-0.353347123485953,-0.17035162256021585
2010-06-25,92861.74056136528,57000.51184398207,79499.79568121125,90567.21594245775,-0.14424669019167735,-0.4921370067120229,-0.3579661359180668,-0.17147448807482235
2010-06-28,92226.07091107158,56924.7408652958,79358.34884749708,90430.3415852496,-0.1501046076062671,-0.4928121107557427,-0.35910844900747174,-0.1727266398131222
2010-06-29,89820.85692105965,54757.04067603011,75672.54625022227,88333.05604153808,-0.1722694929541767,-0.5121258795458314,-0.388874690083873,-0.1919129928512998
2010-06-30,89077.95382531911,54102.85745373712,74314.23041084678,87690.85692407507,-0.17911560394890547,-0.5179545193015913,-0.39984433798705676,-0.19778794823131274
2010-07-01,86471.80595933953,53356.20297646108,73405.74119525615,85855.87978939638,-0.20313216500709652,-0.5246070591738505,-0.40718122277480295,-0.21457465580601176
2010-07-06,86188.27037865754,53340.15246045115,73322.74686466032,85685.25475581444,-0.20574504422032525,-0.5247500660143318,-0.40785147821776035,-0.21613556492554942
2010-07-07,86691.38817318655,55145.944449067174,75883.64127586405,87416.83485882203,-0.20110863836266046,-0.5086608258491874,-0.38716990387857575,-0.20029475237153072
2010-07-08,87114.87781581027,56155.310807389615,76941.28786535682,88345.48260892756,-0.19720603368226142,-0.49966757642951687,-0.3786284363079163,-0.1917993123323537
2010-07-09,87579.2747573652,56676.919945469715,77827.12730519268,89045.72656899082,-0.19292645398239705,-0.49502014486053714,-0.37147446926132666,-0.1853933520801081
2010-07-12,87346.38190750044,56757.85124264706,78119.02835259664,89049.73196186392,-0.19507264277767122,-0.49429906342625696,-0.36911710021668376,-0.18535671001105347
2010-07-13,87654.71851223739,57714.33411234,79288.36324039084,89932.3275502635,-0.192231213482424,-0.48577699515851,-0.35967364706081917,-0.17728256359844585
2010-07-14,87335.03939790746,57369.15695106002,79228.81084271404,89617.46893515522,-0.195177167957439,-0.48885245361793805,-0.36015458736598793,-0.1801629479908774
2010-07-15,86615.0117416876,56780.25426333876,78464.1843580592,88799.15688521217,-0.20181247380286937,-0.49409945705818925,-0.366329648475464,-0.18764901679666213
2010-07-16,85531.01753087601,54723.71049460727,75574.48649413307,86582.92926058921,-0.2118018583234199,-0.5124228446985404,-0.3896666126740307,-0.20792347381872733
2010-07-19,85275.29831130008,55174.13347161411,76410.79761649502,86885.07247605865,-0.21415840007259268,-0.5084096673787559,-0.3829126322786869,-0.20515941223566414
2010-07-20,86128.6908740277,56096.013037369274,77780.81678319763,88081.9083675906,-0.20629409012421973,-0.5001959075269684,-0.3718484692588029,-0.19421053786205023
2010-07-21,85742.9083426421,55125.09484922773,76360.2827332357,87081.40835143652,-0.20984921063029405,-0.5088465915527007,-0.38332058635472854,-0.20336329561704047
2010-07-22,86124.99266528213,56526.22393848518,78567.39979970611,88485.39484759106,-0.20632817040696327,-0.49636281570169016,-0.3654960889893588,-0.1905193694970022
2010-07-23,86093.30955862041,57275.96618761544,79433.90145816331,89028.13191440405,-0.2066201412792178,-0.4896827644088182,-0.35849829228754726,-0.18555431120915888
2010-07-26,85359.9169063222,57527.367607728374,79623.63849810841,88823.90571110745,-0.21337861022239424,-0.4874428287730669,-0.3569659914322859,-0.18742260999558014
2010-07-27,85276.0025926106,58063.06494678144,80337.05202247776,89209.6021450775,-0.2141519098748118,-0.4826698741923684,-0.3512045220119636,-0.18389418823636672
2010-07-28,85209.65089293945,57449.177918751215,79354.63851009896,88639.6499413545,-0.21476336391672135,-0.48813948303464416,-0.3591384133895982,-0.18910821559106106
2010-07-29,84735.51196413639,56666.55164895852,78065.32490722097,87709.75061028179,-0.219132719425022,-0.49511252427839025,-0.3695508048602443,-0.19761510532261028
2010-07-30,85184.29760462603,56497.452653199965,78019.9729780211,87849.2676040869,-0.21499700330639437,-0.4966191620149599,-0.36991706334051155,-0.19633877825975699
2010-08-02,85142.81507279516,57878.817399879175,79657.29147488106,88877.71016598334,-0.21537927929754963,-0.48431148244549904,-0.356694212737384,-0.18693039696842662
2010-08-03,85142.81507279516,57057.537177695114,78560.5284084116,88024.49855540326,-0.21537927929754963,-0.4916289225609187,-0.3655515817848639,-0.19473573335952765
2010-08-04,85142.81507279516,57438.869853852746,79366.24630727069,88443.41148923778,-0.21537927929754963,-0.4882313258010508,-0.3590446697666393,-0.19090344096381295
2010-08-05,85142.81507279516,57725.68515220065,79660.30791907795,89059.49368238548,-0.21537927929754963,-0.4856758596968437,-0.3566698521801408,-0.18526740800029573
2010-08-06,85142.81507279516,57179.2804744909,79108.64719928367,88761.4078507494,-0.21537927929754963,-0.49054421449210894,-0.36112501914700945,-0.18799435189145874
2010-08-09,85142.81507279516,57157.04048057856,79206.07608617803,88439.00882974014,-0.21537927929754963,-0.490742368324656,-0.3603381914050009,-0.19094371730085347
2010-08-10,85142.81507279516,57216.82590937519,79016.78887139692,88870.87243715386,-0.21537927929754963,-0.4902096922864694,-0.36186685950893605,-0.18699294976658765
2010-08-11,85142.81507279516,55300.784629470734,76342.76508485284,87155.76531569131,-0.21537927929754963,-0.5072812312638573,-0.3834620574539245,-0.2026830644623857
2010-08-12,85142.81507279516,54840.743217219635,75559.23178083786,86872.35549006978,-0.21537927929754963,-0.5113801068897774,-0.3897898084940761,-0.2052757495572538
2010-08-13,85142.81507279516,55258.26576730387,75806.62333896071,87665.80516457683,-0.21537927929754963,-0.5076600656973158,-0.38779189445364537,-0.19801712632458757
2010-08-16,85142.81507279516,55275.10916072124,76003.05974477633,88114.15805127591,-0.21537927929754963,-0.5075099944800348,-0.3862054900661688,-0.19391551183738176
2010-08-17,85142.81507279516,55413.08306637054,76247.42309123278,87685.23284057254,-0.21537927929754963,-0.5062806749800541,-0.3842320316161051,-0.1978393983793001
2010-08-18,85142.81507279516,55701.63066925639,76810.62674218077,88171.85145758276,-0.21537927929754963,-0.5037097743939544,-0.379683644878947,-0.19338772196885512
2010-08-19,85142.81507279516,54633.48590681878,75488.32604956563,87440.38226099174,-0.21537927929754963,-0.5132267274662576,-0.39036243739512144,-0.20007933641517006
2010-08-20,85142.81507279516,54395.04879026692,75506.27924986857,87150.26804180804,-0.21537927929754963,-0.515351153788155,-0.39021744881415255,-0.20273335453270458
2010-08-23,85142.81507279516,54324.78914418734,74941.80715055365,87072.89931972245,-0.21537927929754963,-0.5159771529767763,-0.394776079436838,-0.2034411378006996
2010-08-24,85142.81507279516,53256.35032703289,73156.50760786186,86226.64499278378,-0.21537927929754963,-0.5254967260169334,-0.40919401289335144,-0.21118282768427987
2010-08-25,85142.81507279516,52858.556717948864,73038.63836314333,85613.1152495069,-0.21537927929754963,-0.5290409863487213,-0.4101459152975603,-0.21679551036796496
2010-08-26,85142.81507279516,52819.908676677274,72576.8760588966,85765.39789389349,-0.21537927929754963,-0.5293853325535174,-0.41387506999465806,-0.21540240079089812
2010-08-27,85142.81507279516,53423.998151432716,73184.40611178646,85740.1340876865,-0.21537927929754963,-0.5240030179226804,-0.4089687068517026,-0.21563351872637848
2010-08-30,85142.81507279516,53370.03971274544,73397.19354980413,86543.21148483576,-0.21537927929754963,-0.5244837766614769,-0.4072502528621301,-0.20828681932014548
2010-08-31,85142.81507279516,52765.18522823743,72310.88111677923,85809.04837802376,-0.21537927929754963,-0.5298729073739641,-0.4160232234465068,-0.21500307815153608
2010-09-01,84288.28025251167,54091.475278397964,74170.87121011972,86429.20744758905,-0.22325411554747765,-0.5180559321740528,-0.4010020951964409,-0.20932974917438074
2010-09-02,84587.79667076594,54768.430155318274,75253.26637690041,87172.24041760134,-0.22049396734528404,-0.5120244015966666,-0.3922607601346697,-0.202532347206677
2010-09-07,84532.60726401073,54666.97298997998,75740.24867263458,87246.35597309335,-0.22100255696692606,-0.5129283643509003,-0.3883279308438443,-0.20185432450368646
2010-09-08,84030.68792002491,54796.97799494506,76315.18318719551,87212.80450424424,-0.22562791868506937,-0.5117700461388691,-0.38368480660918847,-0.20216125949793107
2010-09-09,83521.26988776907,55193.415161845594,76817.14870601697,87261.67872698954,-0.23032238342957734,-0.5082378714316701,-0.3796309740310878,-0.20171414913908192
2010-09-10,83440.17372928164,55458.855975172075,77085.21432790173,87406.22962521965,-0.23106971279922772,-0.5058728476514316,-0.37746609793837016,-0.20039177099474947
2010-09-13,83974.81158460816,56327.611168802694,78531.3041008144,88453.52117002715,-0.22614283859378292,-0.4981324151746257,-0.3657875949088093,-0.19081095574866924
2010-09-14,84388.72526026153,55874.645153263315,78284.08898863719,88407.70417390953,-0.22232847978708759,-0.5021682504516706,-0.3677840839861781,-0.19123009803727997
2010-09-15,83578.76027688163,55663.650103318665,78191.94688025388,87884.07010146775,-0.2297925894534163,-0.5040481735289779,-0.3685282161362432,-0.1960203986269209
2010-09-16,86342.68798821441,57425.93763368632,81015.68001411461,90828.27153902808,-0.20432203212005506,-0.4883465492583692,-0.34572397771607766,-0.16908630356966126
2010-09-17,86556.40824404437,57240.15726529214,81443.22520964456,90987.61024151515,-0.20235252546215743,-0.49000181463993386,-0.34227115759743876,-0.16762864387819554
2010-09-20,86644.99145545132,58008.416258954676,82732.55566925662,91721.56471761425,-0.20153620028995312,-0.4831567829109239,-0.3318586299931836,-0.16091429363885346
2010-09-21,87458.26114383945,57899.704750112265,82727.07425906858,92089.07191234495,-0.1940416366149914,-0.48412538039363906,-0.3319028974146717,-0.15755227037820807
2010-09-22,86989.06669110879,57219.262773387556,81935.92737619499,91343.71902359206,-0.19836542705269744,-0.49018798032263744,-0.3382921350965461,-0.16437089538829186
2010-09-23,86437.35596536903,56333.037177819344,81292.5703776704,90516.88739899514,-0.20344963371040659,-0.4980840705353995,-0.34348783372957437,-0.17193490282648383
2010-09-24,86392.43627096432,57515.165926742906,83004.52270351851,91473.92678426424,-0.20386358435283514,-0.4875515432745329,-0.3296622464123974,-0.16317973089852666
2010-09-27,86531.83126126483,57108.263423173245,82356.0088590625,91190.21283167333,-0.2025790109257246,-0.49117696200769956,-0.3348995913124564,-0.16577519820272257
2010-09-28,87024.42348458177,57280.302572127504,82282.05440320302,91487.81304433901,-0.1980396018758721,-0.489644128102808,-0.33549684146454406,-0.16305269684301937
2010-09-29,86560.67860017586,56920.53114340472,81773.09617222156,90957.43457540966,-0.2023131726418087,-0.49284961852350384,-0.3396071466155617,-0.16790469640942962
2010-09-30,86365.51670661711,56666.22876364027,81279.55293773714,90610.62351554718,-0.20411165752214533,-0.495115401121052,-0.3435929615124723,-0.17107738763023994
2010-10-01,85837.29703739047,56771.40401797878,80988.5011055719,90662.19953175385,-0.2089793859053738,-0.4941783109483465,-0.34594347236412903,-0.17060556076898536
2010-10-04,84975.94272003768,56185.615765862254,79870.32604423787,89990.44414484288,-0.21691706619799378,-0.49939756539937896,-0.3549737629352784,-0.17675090232594037
2010-10-05,87039.87408383802,57433.662524997555,82015.45790226894,91627.34866291363,-0.19789721921782455,-0.48827772204441555,-0.33764985305631945,-0.16177619939735666
2010-10-06,86608.74148807433,57213.451893288446,80988.41907091858,91373.45188575727,-0.20187025637565403,-0.49023975408510556,-0.34594413486929654,-0.16409889370876485
2010-10-07,86055.24075377526,56991.23738896752,81071.74931334969,90955.26369966017,-0.20697095858621362,-0.4922196402241166,-0.3452711666297622,-0.16792455597917522
2010-10-08,86169.25243273182,56905.40370500767,81061.61351588293,90828.33649222623,-0.2059203012214681,-0.49298440092977647,-0.345353022503194,-0.16908570936588474
2010-10-11,85807.65260322156,56571.922596945646,80543.497414653,90372.81397249213,-0.20925256969994932,-0.4959556499285388,-0.3495372858672108,-0.17325291297183332
2010-10-12,86276.45926739855,56933.076157655036,81369.76808892317,90772.65619495264,-0.20493235286894407,-0.49273784499232154,-0.34286439131152535,-0.16959508294353842
2010-10-13,86998.97377839166,57159.87785443166,81737.99569234275,91158.57962567908,-0.198274129789889,-0.4907170878994196,-0.339890615227457,-0.1660645845763401
2010-10-14,87154.73835303597,56949.43043476801,81591.431300721,91032.32492659966,-0.19683870493680156,-0.49259213170205507,-0.34107425729701735,-0.16721958573320683
2010-10-15,87378.09896505685,56836.96869228018,83017.92005023173,90919.68562094204,-0.19478035903608715,-0.49359414300550764,-0.3295540505333385,-0.16825003077241585
2010-10-18,87311.70139204687,57177.958888714544,82613.12397736285,91101.14685069422,-0.19539223581680487,-0.4905559895531839,-0.33282315059331036,-0.16658999014170328
2010-10-19,85347.41563912932,56180.36146076608,81646.33150064286,89696.01914379853,-0.21349381375737464,-0.49944438019151793,-0.34063088776137673,-0.17944435626703126
2010-10-20,86424.22576722402,56969.36302946314,82599.17290579008,90659.1168707284,-0.203570633063349,-0.4924145363282877,-0.3329358183091604,-0.17063376151776222
2010-10-21,85392.15673858175,56754.0341974781,82268.91776378371,89772.73714890775,-0.21308150892968758,-0.49433307252411085,-0.3356029318927666,-0.17874252587735284
2010-10-22,86036.25200473175,57031.59872061786,83090.01855381583,90296.78622707058,-0.20714594652790919,-0.4918600289497277,-0.32897178890041257,-0.1739484287392158
2010-10-25,86626.32514867856,57206.58862915472,83508.13458741568,90673.16256568991,-0.20170821681372408,-0.49030090437575946,-0.3255951179242609,-0.17050526892265216
2010-10-26,86240.16336409567,56875.64130904764,83238.67652571663,90057.8911790882,-0.2052668322702147,-0.4932495778380305,-0.3277712392473193,-0.17613388447909128
2010-10-27,86480.33675091545,57072.01376350669,84027.76826697543,90273.8295515179,-0.20305355078898857,-0.4914999391191036,-0.32139859872146126,-0.17415844062007635
2010-10-28,87502.78267952228,57321.670818412684,84561.83004538572,91133.02025546266,-0.19363135514397856,-0.48927554542335816,-0.3170855593694335,-0.16629840638561932
2010-10-29,87851.33505053064,57365.24303451303,84364.65383918247,91433.10837897187,-0.19041932354378655,-0.48888732582011185,-0.31867793832448543,-0.16355314516094943
2010-11-01,86286.28317990445,56490.244472357364,83114.49519225088,89873.04919123565,-0.20484182209069912,-0.4966833854434951,-0.32877411756529096,-0.17782485290532735
2010-11-02,87108.88923762877,57051.35874643523,84180.1871409892,90643.20356921348,-0.1972612205177534,-0.49168397112964135,-0.32016767632972976,-0.17077933932035738
2010-11-03,87128.06159697686,57353.27997534655,84683.55920867063,90877.48776992262,-0.19708454054309676,-0.4889939142495947,-0.31610248457778667,-0.16863606445749912
2010-11-04,89559.24339322088,58734.618039208995,86144.39168958878,92985.39658812343,-0.17468035280867955,-0.4766864724186164,-0.30430492064112946,-0.1493525277547585
2010-11-05,89371.23736059775,58756.296932410136,85853.16724541063,92721.67920804338,-0.17641289393604365,-0.47649331787954063,-0.3066568254933202,-0.15176506274394497
2010-11-08,90292.39376438691,58910.45221997446,86350.22444542493,93372.38849103078,-0.16792411657059259,-0.4751198255504213,-0.30264263209747033,-0.145812254807968
2010-11-09,89271.9428244458,58451.18108572853,85828.01581544003,92449.91248647863,-0.1773279276996178,-0.4792118381556296,-0.30685994638983116,-0.15425123458621215
2010-11-10,90587.32619286282,59043.49513548066,86784.74446556122,93594.66287243203,-0.16520621143213265,-0.47393444017195874,-0.29913348386433847,-0.14377884797612583
2010-11-11,91133.18425675499,59268.79483631625,86899.62200985035,94117.31839352155,-0.1601759390935198,-0.47192706555808805,-0.2982057421887253,-0.13899749935383465
2010-11-12,89279.01387975737,58713.926241333116,85666.77985052705,92796.18978929966,-0.17726276546003306,-0.47687083213865744,-0.308162074888339,-0.1510834262727695
2010-11-15,88750.59110474307,58673.57205220091,85405.63418298497,92225.33634896124,-0.1821323655338951,-0.4772303797746592,-0.3102710659943366,-0.15630569830541263
2010-11-16,88253.14232330397,58244.12735769316,84675.15044318337,92156.41504763937,-0.18671652945978368,-0.4810566448545467,-0.3161703930818486,-0.1569362030180288
2010-11-17,88415.64988408654,58426.457265124234,85148.71468198256,92307.35780250403,-0.1852189656389046,-0.4794321223799535,-0.31234592692414354,-0.155555350996199
2010-11-18,89417.2383817778,59087.30672297036,86250.30499632507,92960.00474275008,-0.17598897849044226,-0.47354408781820945,-0.3034495734166627,-0.14958481701602988
2010-11-19,89962.95549958432,59563.57036675992,86774.21076424667,93602.509153198,-0.17096000501914077,-0.4693006754012954,-0.2992185531767828,-0.14370706875976502
2010-11-22,90721.8493678896,59474.87140240305,87456.04633303997,94071.00249372226,-0.1639665334810283,-0.4700909651738351,-0.2937121047494654,-0.13942120570488192
2010-11-23,90092.34626954398,58476.9420324114,85844.31473102813,93339.56748321524,-0.16976762396982736,-0.478982313348412,-0.3067283176772576,-0.14611250741062665
2010-11-26,90804.55909863269,58889.144465434794,87705.51810912615,93818.69812180763,-0.16320433448056948,-0.47530967331933927,-0.2916973910384735,-0.1417293324009078
2010-11-29,91303.8498150772,59439.815114485995,87855.2703236101,94493.78981399167,-0.15860319648152865,-0.4704033095851248,-0.29048800437155053,-0.1355534697110512
2010-11-30,91493.72885819885,59173.72898810826,86863.29924036356,94554.51138236371,-0.15685339490951078,-0.47277408297369505,-0.29849908191177665,-0.1349979776602377
2010-12-01,91822.47163182229,60019.07274169813,88129.5650951208,94589.35966365915,-0.15382391565461873,-0.465242241676716,-0.288272822174647,-0.13467917918774885
2010-12-02,92727.77388172841,61111.11840738262,89512.08073465602,95553.86465643423,-0.1454812398437757,-0.45551233640674715,-0.27710773865966787,-0.12585571051227262
2010-12-03,93408.89114767493,61003.23959589777,89349.98980692813,95759.52112572099,-0.13920450680842889,-0.45647351472498765,-0.2784167717681184,-0.1239743273900975
2010-12-06,92653.76262652359,60233.62727842323,88274.55076757389,94939.91455342842,-0.14616327935996098,-0.46333060429452955,-0.287101929712296,-0.13147223872390057
2010-12-07,91690.35722739462,60187.88765742282,88215.45631012063,94006.01501748429,-0.15504139594498256,-0.46373813503559913,-0.2875791717295797,-0.1400157230637129
2010-12-08,92187.27926517067,60999.54086438871,89414.59067509047,94609.28807555935,-0.15046208614556578,-0.4565064696721415,-0.27789506042717826,-0.13449687041851432
2010-12-09,93118.58838625523,61692.591008353316,90172.79899862863,95583.69012795638,-0.14187974795111713,-0.45033153353163924,-0.27177183186326714,-0.12558286162535326
2010-12-10,93135.23444518997,61841.95952292677,90475.30025440975,95376.12438791366,-0.14172634871540868,-0.449000690378478,-0.26932885640056803,-0.12748171110678452
2010-12-13,93354.2293644748,61997.615754661005,90315.36135785902,95667.47445611056,-0.13970823419508738,-0.4476138249413947,-0.27062050988080133,-0.12481638721567989
2010-12-14,92888.88794500819,61658.50485858725,89901.57101246761,94904.6704640956,-0.14399651758814214,-0.45063523420887597,-0.2739622469518844,-0.13179465812095215
2010-12-15,92570.8435428386,61634.0488840416,89882.55678964967,94732.64988534122,-0.14692740762075762,-0.4508531319791719,-0.2741158042641231,-0.13336833394383152
2010-12-16,93169.8739670554,62346.018758976265,91108.38189036201,95588.70346784288,-0.1414071334464796,-0.44450962487515,-0.264216140757378,-0.12553699867204615
2010-12-17,93102.85932782984,61924.93850878953,90953.47738178277,95525.4228520318,-0.14202469670747608,-0.4482613644535528,-0.2654671369310745,-0.12611590135845674
2010-12-20,93402.49842700659,62044.8529924748,90977.92651831577,95713.79422595187,-0.1392634179578166,-0.44719295073843257,-0.2652696876990702,-0.124392645460778
2010-12-21,93499.2979409942,62260.60597188393,91276.33362278083,95832.74415894669,-0.13837137669322286,-0.4452706354751339,-0.2628597762683861,-0.12330446964459074
2010-12-22,93424.78665052295,62468.417958603495,91288.58806820722,95817.87465201077,-0.13905802420869484,-0.44341907284521587,-0.26276081036687815,-0.1234404986228248
2010-12-27,92343.03247462482,61755.16179936684,90147.42692610036,94746.8848680931,-0.1490267660266673,-0.44977404048133995,-0.2719767346510732,-0.13323810970927796
2010-12-28,92768.58357578865,61695.21053276131,89764.34331129148,94648.63253729747,-0.1451051642872203,-0.45030819410075007,-0.2750704866711221,-0.13413694006221732
2010-12-29,92627.43732117912,61467.66229475192,89568.55306529514,94639.3464105943,-0.14640587622540913,-0.45233560272453865,-0.2766516727246139,-0.13422189125344564
2010-12-30,91461.52282164124,60820.08495911243,88552.04107418274,93534.29466786448,-0.15715018476304343,-0.4581053853707632,-0.2848609406346415,-0.1443311073900081
2010-12-31,91690.73142901668,60731.74414979852,88073.84644697614,93692.37580577123,-0.15503794754659284,-0.4588924840545513,-0.2887228014313634,-0.14288495213010577
2011-01-03,91773.25679910368,61090.74198837496,89077.86941662498,93707.20823870573,-0.15427744749384575,-0.4556938861650729,-0.2806143938397826,-0.1427492623116403
2011-01-04,91271.91461995509,61468.77955457698,89604.42471406277,93810.59203793391,-0.1588974904368209,-0.45232564816622545,-0.2763619762156867,-0.1418034883437762
2011-01-05,91963.0500240915,62066.69099920405,90793.65945195136,94241.89007881115,-0.15252843676584638,-0.4469983785301107,-0.2667578134939512,-0.13785789471597631
2011-01-06,93226.5809579688,62814.221090408515,92369.33426666814,95627.1676650696,-0.14088455875780737,-0.4403380371154394,-0.25403279223872954,-0.1251851211370415
2011-01-07,93222.60746173681,62774.59886715161,92408.62989898681,95802.30024464762,-0.1409211759107003,-0.4406910630840317,-0.2537154439179833,-0.12358297615952729
2011-01-10,93285.25143768115,62492.38160656745,92460.56466135691,95730.0982692955,-0.14034388983540336,-0.4432055616048539,-0.25329602301408116,-0.12424349308022664
2011-01-11,93261.1259225645,62472.14544754075,92237.59407650343,95521.83188135942,-0.14056621486708043,-0.44338586167521266,-0.25509671526672706,-0.12614875221716626
2011-01-12,94502.05980180044,63516.07023590644,93603.71632616974,96668.121192219,-0.12913057659463512,-0.43408470365687657,-0.24406402343090572,-0.1156622872396218
2011-01-13,93735.88145573062,63206.89725472428,93333.95712024129,96243.16941382241,-0.13619117713463302,-0.43683937217804203,-0.24624257677019246,-0.11954982409361148
2011-01-18,93580.63964860022,63466.052343443356,93859.3633894439,96021.2063893098,-0.13762178450284912,-0.4345303529284793,-0.24199943860438267,-0.12158038257549764
2011-01-19,93051.89370688619,62799.65088262278,92711.12879869809,95540.60119449778,-0.14249436267050142,-0.44046785471004535,-0.251272487482712,-0.12597704709611757
2011-01-20,91350.21006316954,62369.467230967326,91535.86188103107,94188.78309537465,-0.15817597063470823,-0.44430070374816066,-0.26076384722787616,-0.13834372714640553
2011-01-21,91771.05106338167,63092.76301770598,91669.50324024941,94981.18293476963,-0.15429777411741818,-0.43785628506835805,-0.25968457051370475,-0.1310947079980055
2011-01-24,91839.93102579137,63195.970578302644,92582.06817062608,94961.9262877159,-0.15366302125304965,-0.43693672664758376,-0.25231477058585583,-0.13127087133914528
2011-01-25,91774.64591431056,63196.54970770787,92670.00725549489,95036.59797851634,-0.15426464631298475,-0.4369315667221073,-0.25160458171079825,-0.13058776100829383
2011-01-26,92072.0294768294,63224.43385262119,92846.69694742806,94971.42746161217,-0.1515241531198821,-0.43668312464952175,-0.25017765017363824,-0.13118395285673
2011-01-27,91178.79553462751,63305.7217278338,93316.8685928146,94608.36959728497,-0.15975561526835724,-0.4359588661773085,-0.24638058232355542,-0.1345052728263233
2011-01-28,91522.24120512168,62746.80034508714,91714.35010998267,94888.99860814927,-0.1565906436935406,-0.44093874227440955,-0.25932239085248554,-0.13193802713517688
2011-01-31,90737.56163585998,62611.30023072828,91280.31021889094,94110.72564149309,-0.16382173945456535,-0.4421460207960045,-0.26282766160262383,-0.13905781105926296
2011-02-01,92095.08802775381,63598.904401530854,92996.18403348674,94964.14513267003,-0.15131166053516787,-0.4333466680508863,-0.24897040466224774,-0.13125057293831255
2011-02-02,91165.1904519393,62947.29151257832,92070.92935463214,93973.1580188111,-0.15988099084790464,-0.4391524066581861,-0.25644268596353537,-0.14031630491734226
2011-02-03,91467.67134691199,63171.08561572895,92354.68253629508,94368.95842591164,-0.15709352395936826,-0.43715844661415404,-0.25415111841788884,-0.1366954501576959
2011-02-04,92032.6136762498,63471.858352407115,93055.16130248387,94510.72792922253,-0.15188738346211805,-0.43447862256683867,-0.24849410904937508,-0.13539851672451342
2011-02-07,93189.94205679873,64314.576970626294,94160.54011538156,95430.80700319745,-0.14122219900398947,-0.4269701706932879,-0.23956715993664013,-0.1269814645070636
2011-02-08,93788.27317682876,64661.20154976186,94861.57289828884,95884.48687395698,-0.13570836916156181,-0.4238818160344944,-0.23390567637430637,-0.12283111779208888
2011-02-09,93620.30036123641,64525.85213651799,94720.1086792249,95925.36086827009,-0.13725629721063803,-0.4250877518397368,-0.2350481298663777,-0.12245719499110297
2011-02-10,93844.93628529477,64641.22054860393,95004.78658059728,95991.96937898084,-0.13518619886493932,-0.42405984270002217,-0.23274909435979907,-0.12184784811143012
2011-02-11,95524.85624536901,65753.80392835948,96770.29613832482,97402.80685167207,-0.11970515083206723,-0.4141469505654445,-0.21849098320732874,-0.1089412480007742
2011-02-14,95875.26218728232,65994.13236836842,97126.53749221118,97767.77712745924,-0.11647603792985262,-0.41200567293535506,-0.21561400709661527,-0.105602432940188
2011-02-15,95622.9085736033,65761.96276643922,96955.94801833096,97860.8338941093,-0.1188015644474737,-0.41407425697384537,-0.21699167377045436,-0.10475113256151869
2011-02-16,96590.43938315852,66417.6621019607,97951.0679269955,98527.95470871517,-0.10988543076730373,-0.408232108956888,-0.20895516657304347,-0.09864818892252625
2011-02-17,96593.72740708377,66531.79532272696,97791.64857007696,98729.71256125333,-0.10985513048066509,-0.4072152051211715,-0.21024262429359275,-0.09680247106182371
2011-02-22,93583.70860020521,64907.41025522487,94091.2992884234,97306.52387066229,-0.13759350304400786,-0.42168814643250463,-0.24012634320627313,-0.10982206238046643
2011-02-23,92562.7952347303,64270.96343412925,92960.6340205691,96761.28995350446,-0.14700157558552318,-0.4273587584528836,-0.24925750366629051,-0.11480996231347507
2011-02-24,92414.23942786448,63976.92398097783,93089.14931190177,96368.37786030614,-0.1483705691306385,-0.4299785903103761,-0.24821962465816327,-0.11840439424749372
2011-02-25,93120.29225188988,64354.32282635175,93962.41114431457,96743.18306066633,-0.14186404623534576,-0.42661604318448987,-0.24116723334300216,-0.11497560749205282
2011-02-28,93021.55027712372,64417.68798964076,93671.31569403276,96481.28779017484,-0.14277398795313334,-0.4260514724384197,-0.24351809645100975,-0.11737147348833787
2011-03-01,93014.49500770353,63538.44759034861,92426.39279324935,96427.5721016336,-0.14283900472022626,-0.4338853259698836,-0.2535719922330709,-0.11786287446477206
2011-03-02,93251.67356775676,63693.77177076328,92949.8620865892,96487.24025295737,-0.14065332161161603,-0.4325014190426737,-0.24934449692630434,-0.11731701926643445
2011-03-03,93477.29274451753,64735.47430266815,94725.99787310095,96806.52515259381,-0.1385741622495139,-0.4232200608784359,-0.23500056921709334,-0.11439614241084761
2011-03-04,94274.57151185203,64673.66747048967,94856.0192027347,97530.72404050287,-0.13122696048631266,-0.42377074721054697,-0.2339505275665139,-0.10777103808256927
2011-03-07,93731.84343013959,64147.23296715999,93537.90233031857,96985.00120848532,-0.13622838894806366,-0.42846117180467813,-0.24459553189209016,-0.11276341069843798
2011-03-08,93741.34441745597,64668.4352919175,93861.48031846639,97111.4934853357,-0.13614083403800825,-0.4238173648598472,-0.24198234245830264,-0.11160623613652343
2011-03-09,94013.96890374442,64974.39686404428,93789.99459184526,97660.98922995247,-0.13362850436309803,-0.4210913093416666,-0.242559655354468,-0.10657934822380921
2011-03-10,92755.30729606833,63797.39942020732,92341.37074014843,96787.29870191784,-0.14522750983280164,-0.4315781177155189,-0.2542586233975517,-0.11457202950998224
2011-03-11,93294.26246388126,64305.1968033864,93021.10878924913,97223.7640887291,-0.14026085008782918,-0.4270537460798569,-0.2487691143681494,-0.11057916405328994
2011-03-14,91507.02847952068,62657.365029083936,90860.32363247822,95247.14254452407,-0.1567308342629351,-0.4417355927906885,-0.2662194390106867,-0.12866166068027385
2011-03-15,90584.24892103882,62347.93286803107,90140.07927268774,94901.88454890883,-0.1652345695646925,-0.44449257055190605,-0.27203607370058924,-0.13182014418433918
2011-03-16,88641.72631017,60622.30031912379,87109.03811382572,93227.80560382079,-0.18313559256490208,-0.45986760637618074,-0.29651451481783453,-0.14713492559335895
2011-03-17,87166.6282266806,59963.5911008363,85834.54988741544,91558.24402329077,-0.19672913560649297,-0.46573657183778105,-0.30680717775762756,-0.16240838132239577
2011-03-18,87935.96363574534,60203.08598837444,86040.47353735869,92144.6255559294,-0.18963944163048108,-0.4636027209910516,-0.3051441551605749,-0.1570440554517456
2011-03-21,90720.49072379863,62301.147879949145,89397.19617502135,94703.81201617583,-0.1639790538599344,-0.4449094153015334,-0.2780355369906392,-0.13363214806315105
2011-03-22,90822.24902213662,62233.72808318844,89439.14902143223,94802.69845992347,-0.16304131566897673,-0.44551011200902046,-0.2776967292256681,-0.1327275167285572
2011-03-23,91317.71719129418,62281.178276074286,89767.20017841396,94995.49223663288,-0.15847540377568126,-0.44508734041958176,-0.27504741484531303,-0.13096380387858242
2011-03-24,91553.60860183858,62743.34712384547,91192.67732152721,95113.62459995683,-0.15630158219848034,-0.4409695097749029,-0.2635353777323701,-0.1298831073397808
2011-03-25,91846.99783131207,63049.482051932704,91587.39263977822,95359.22114624016,-0.15359789817676928,-0.4382419096902943,-0.2603476890242731,-0.12763634506361976
2011-03-28,91846.07004762281,63233.53353027652,91569.49873877782,95564.89043947715,-0.1536064480268805,-0.4366020483682308,-0.2604921987089124,-0.1257548446255945
2011-03-29,92536.37581489116,63901.446238633274,92826.84345875579,96194.24880918907,-0.14724503974884706,-0.4306510816777983,-0.2503379853284464,-0.11999735876248407
2011-03-30,93651.9833844825,64854.763132961,94015.10659430447,97407.57470063536,-0.1369643271070876,-0.4221572216080769,-0.2407416691879417,-0.10889763084348403
2011-03-31,94965.26874156747,65347.61684282793,94992.43479195639,98429.89060765356,-0.12486194474536993,-0.41776599506907297,-0.23284884639716574,-0.0995452973153157
2011-04-01,95002.2411445555,65789.35093132219,95282.82206334423,98726.55356889225,-0.12452123116368052,-0.41383023398267993,-0.23050370248413043,-0.09683137010366671
2011-04-04,96043.61125832328,66522.99198635627,95942.82456978413,99854.25127120448,-0.11492464255565915,-0.4072936410617535,-0.22517357608717015,-0.0865149845729608
2011-04-05,96578.90445194856,66441.92713312214,95585.56335563796,99948.03653166516,-0.10999172917934785,-0.40801591245339686,-0.22805878850613848,-0.08565701979922213
2011-04-06,97996.31886060476,67467.38074191562,96996.47877879892,101263.65137589359,-0.09692976130921083,-0.3988793288966511,-0.21666435065554013,-0.0736215337685675
2011-04-07,98191.83513006824,67422.19262577505,97109.82417362819,101398.21415568318,-0.09512801073138077,-0.3992819458413377,-0.21574898249396723,-0.07239052876470309
2011-04-08,97949.35351582413,66906.06205164407,96237.04102485393,100899.2329195266,-0.0973625633329438,-0.403880564517308,-0.22279750799911602,-0.0769553006838305
2011-04-11,97523.08456739371,66767.44060069342,96001.51455787518,100682.36427204966,-0.10129078028518557,-0.40511565351451595,-0.22469960053145788,-0.07893925486969744
2011-04-12,96363.81914988408,65948.92360430688,94872.42968623887,99794.66974307659,-0.11197381521413607,-0.4124084738488273,-0.23381799784055224,-0.08706004732640582
2011-04-13,95692.75910652621,65141.32968570563,94527.77297502139,98935.3888145153,-0.11815786743749623,-0.4196039717767166,-0.23660141732218276,-0.09492090695221256
2011-04-14,96476.1709468571,65333.58337503371,94565.57317951958,99385.12134985754,-0.11093845424048465,-0.41789103041927633,-0.2362961459545132,-0.09080667118603225
2011-04-15,96819.33464981875,65571.9546126217,94396.45405385156,99835.47396383391,-0.10777608109477077,-0.415767191065578,-0.23766193821614612,-0.08668676282671295
2011-04-18,96051.94638785823,64344.801286890775,93008.55230617741,98849.23835499423,-0.11484783143146415,-0.4267008781688597,-0.24887051950103978,-0.09570902716585183
2011-04-19,95401.49974631538,64081.65747987507,92680.80341398294,98201.30904558134,-0.12084192397150406,-0.4290454360890058,-0.2515173928156328,-0.10163640339340108
2011-04-20,96935.04289790764,65149.28675198007,95083.02851044113,99372.65698615926,-0.10670978925406638,-0.41953307593095657,-0.23211721891759907,-0.0909206974725475
2011-04-25,96730.6568945372,64851.196581720826,95281.8666977916,99048.084918296,-0.10859327752173642,-0.4221889988558587,-0.2305114179383918,-0.09388994231335035
2011-04-26,96800.94687811665,65385.2812860844,95792.0951145744,99380.58132487582,-0.10794553082077152,-0.41743041252298796,-0.22639085487046817,-0.09084820416772976
2011-04-27,97683.49654521728,65547.59723789706,96065.14534085152,99729.74785768572,-0.09981252799176987,-0.4159842103314778,-0.2241857235193373,-0.08765396464813069
2011-04-28,98649.396149948,66319.26722437408,96732.54576012382,100823.2227876333,-0.0909114264326768,-0.40910878734869127,-0.21879585218188724,-0.07765065531942406
2011-04-29,98654.4258753155,65930.14589365956,95857.13465583119,100526.73968524803,-0.09086507576011082,-0.41257577944009194,-0.2258656008414056,-0.08036293714927512
2011-05-02,97543.03335373465,65584.01453683205,95320.5315830574,99721.57093369345,-0.1011069452651363,-0.41565973958821134,-0.2301991634793863,-0.08772876864940382
2011-05-03,97079.98279236436,65310.291104577635,94806.55848562492,99433.54435846247,-0.10537411760226656,-0.4180985598222873,-0.23434996828273402,-0.090363688616944
2011-05-04,96058.40676851486,64708.605612014246,94413.0474877747,98682.41054783697,-0.11478829677169888,-0.4234594554596385,-0.23752793099752656,-0.09723519856120688
2011-05-05,94031.91956057008,63862.5420467505,93508.53817140627,97349.50588658682,-0.13346308280305685,-0.4309977101325587,-0.24483267444384682,-0.1094288550109247
2011-05-06,94516.50509950623,63967.16511181492,93558.36929981029,97580.33311390817,-0.12899745814081154,-0.43006553985422835,-0.24443024231623378,-0.10731720517502608
2011-05-09,95742.14204118872,64468.15961983518,94285.69566332668,98532.03227093376,-0.11770278648025789,-0.4256017804557086,-0.23855641394201255,-0.0986108866350549
2011-05-10,95739.994798629,64622.24246889462,94520.96274585863,98314.52301808046,-0.1177225740689497,-0.42422893353896773,-0.2366564161773017,-0.1006007011964658
2011-05-11,95853.86814755427,64554.902163296734,94715.48273804899,98676.48906201907,-0.11667319146366295,-0.4248289219963254,-0.23508548858991574,-0.0972893694001532
2011-05-12,96166.30416856514,64861.41477721331,95294.81635576072,98896.05384461895,-0.11379398461844215,-0.42209795680762197,-0.23040683755710645,-0.09528075047539919
2011-05-13,95305.03592638335,64385.871461794464,94185.02894856979,98383.8270723593,-0.1217308716983565,-0.4263349512449307,-0.23936939011768688,-0.09996669498955812
2011-05-16,94113.87657008687,63801.526982707066,92276.59186075558,97545.47782690145,-0.1327078203910882,-0.4315413419712617,-0.25478177234266663,-0.10763606773704726
2011-05-17,94004.79322926298,63764.31672688869,92499.1537990454,97539.06532000218,-0.13371306140197903,-0.4318728777994427,-0.2529843802863303,-0.10769473052695588
2011-05-18,95431.74531050934,64843.00549031526,94019.72495761009,98730.17112371186,-0.12056320055420067,-0.4222619798180456,-0.2407043716626659,-0.09679827604829971
2011-05-19,95872.92193829198,65189.03316691203,94577.08870648874,99188.41614543897,-0.11649760414008248,-0.41917894343974216,-0.2362031474981826,-0.09260616649449782
2011-05-20,96158.29862879231,64713.09029656541,93904.46902442006,99231.8669233018,-0.11386775845808794,-0.4234194978303747,-0.24163516917617256,-0.0922086708047195
2011-05-23,95585.21730796667,63982.71088634425,92540.13904832354,98705.27450667738,-0.1191489025990573,-0.429927030157911,-0.25265338675686355,-0.09702603486984507
2011-05-24,95790.53295398068,64099.135626427626,92206.79757781654,98949.23455901934,-0.1172568473503639,-0.4288897093501022,-0.2553454252776486,-0.09479424354058152
2011-05-25,96080.32969299721,64384.28612765309,92673.530897651,99236.62276752286,-0.11458626938051453,-0.42634907625041496,-0.2515761250642151,-0.09216516346901438
2011-05-26,96230.41687293194,64660.45173484728,93226.13050312977,99552.7311582292,-0.11320316369875039,-0.4238884967332217,-0.24711337573315573,-0.08927334590005853
2011-05-31,96367.76919857723,64671.03318979909,93917.44236663065,99303.5467567209,-0.11193741413848712,-0.42379421811691953,-0.2415303975228853,-0.09155293053424463
2011-06-01,96063.87668113469,63666.33177404307,92494.73115698123,99142.67785110458,-0.11473788962015852,-0.43274590384499056,-0.2530200971828277,-0.0930245888047525
2011-06-02,95373.37914172023,63162.26701244879,92055.89196687979,98270.8724711958,-0.12110106514536789,-0.43723701857980135,-0.25656412668022677,-0.1010000244099164
2011-06-03,94972.75143814496,62592.89857901943,90736.7906733276,97966.4330232139,-0.12479298908802638,-0.4423099757784418,-0.2672170811105856,-0.10378509234939781
2011-06-06,93793.35068688964,61356.94680309447,89151.45934644583,96636.5733142632,-0.13566157813638924,-0.45332205528746317,-0.28002008757024366,-0.11595089301668449
2011-06-07,93574.24223046591,61242.47051738322,88878.6021034515,96494.740409104,-0.13768073894102317,-0.45434201576222055,-0.28222366040412705,-0.11724840646161061
2011-06-08,93105.6755173828,61024.08286243428,88286.75834636726,96238.11716073364,-0.14199874453905426,-0.4562878054499182,-0.28700334230189284,-0.11959604303203397
2011-06-09,93097.43111554658,61275.01355455859,88131.60918432852,96144.74410867985,-0.1420747195758787,-0.4540520639050196,-0.2882563142769685,-0.12045023684762002
2011-06-10,92438.68044810792,60725.18674896993,87203.39783651274,95795.72064834363,-0.14814533660923657,-0.45895090916522596,-0.29575247339557253,-0.12364316751397375
2011-06-13,92026.66562867622,60810.619350148474,87257.69813115262,95577.85284264792,-0.15194219679392973,-0.4581897220257547,-0.2953139486460471,-0.12563626218258706
2011-06-14,92707.66461613694,61456.35757560535,88212.45144990367,95930.37558053492,-0.14566655373605997,-0.4524363254780426,-0.28760343873554606,-0.12241131948302708
2011-06-15,92395.7887945979,60637.38450318101,86905.91861534503,95832.29569044225,-0.14854059814786869,-0.4597332093572982,-0.2981548913164469,-0.12330857231677028
2011-06-16,92561.48099624412,61027.59470010913,86929.943862096,96242.3942143336,-0.1470136867513019,-0.45625651568890035,-0.2979608653837401,-0.11955691576079619
2011-06-17,92383.8040206992,60679.571306135746,86328.45343038983,95905.0813639803,-0.14865104201709967,-0.4593573335040342,-0.302818453038747,-0.12264271561794848
2011-06-20,92071.04644579101,60610.79360296604,86245.28037270786,95524.16475976404,-0.15153321209357418,-0.45997012888206246,-0.30349015186707096,-0.12612741061740151
2011-06-21,93452.81819199343,61562.63879937175,88298.34576641765,96618.55605772922,-0.13879970378257123,-0.4514893813421713,-0.2869097632429034,-0.11611571818590227
2011-06-22,93178.4029379292,61181.778560533494,87636.49516296238,96316.2293015262,-0.1413285360067763,-0.45488276878139644,-0.29225481472058634,-0.11888145883327894
2011-06-23,92944.80219194156,61129.044335635175,88641.20534621121,96356.09348530727,-0.14348124831158726,-0.45535262002376575,-0.28414085724803695,-0.118516773964356
2011-06-24,91542.93943741903,60461.970837717694,87141.80786429225,95499.26152396937,-0.1563999022677547,-0.4612961095194872,-0.2962498689865246,-0.12635522998857973
2011-06-27,92119.41512367211,61015.909818766515,88571.47507659659,95918.55638290555,-0.15108747786613475,-0.4563606256104239,-0.2847039932166333,-0.122519443671946
2011-06-28,93423.04897179308,62111.962067921115,90350.19547525537,96901.64538168817,-0.13907403752392544,-0.4465950224948013,-0.27033919239058346,-0.11352596509906054
2011-06-29,94185.65627973383,62822.10883161271,90984.49274919994,97488.96829213199,-0.13204634534510984,-0.4402677589419871,-0.26521665935414307,-0.10815302733149113
2011-06-30,94006.23813193769,63133.414878987314,91793.8980076695,97318.5369064147,-0.13369974612015523,-0.43749408523391486,-0.25867996852053055,-0.10971216492482572
2011-07-05,95141.94647914395,64031.900584472256,93698.32460667212,98542.34576135123,-0.12323379780577426,-0.42948875992976643,-0.24329997467600495,-0.0985165369320311
2011-07-06,95754.81293900395,64376.068520794994,94401.06021331107,99324.0509828239,-0.11758601973996119,-0.4264222934599031,-0.23762473924813587,-0.09136535411101199
2011-07-07,96760.04332349217,64938.096643190154,95557.2957487748,99707.90237665476,-0.10832247133514505,-0.4214147369429916,-0.2282870753930064,-0.08785381111758517
2011-07-08,96633.05807777608,64710.15822332701,95639.10497802097,100270.26447884255,-0.10949268464001582,-0.4234456220079167,-0.22762639073186464,-0.08270921940463594
2011-07-11,94193.62721788284,63086.48326207005,93210.41225061314,99062.88330653858,-0.1319728903714893,-0.4379122364167092,-0.24724031505813626,-0.09375456394197423
2011-07-12,93208.1592219584,62533.61707571286,92079.64805472316,98560.38498570836,-0.14105432147674868,-0.4428381619427747,-0.2563722744528989,-0.09835151079713567
2011-07-13,92429.14115745865,61983.4400175584,91350.03652902709,97813.46062416545,-0.14823324449785658,-0.4477401278822647,-0.26226455761045264,-0.10518451192869194
2011-07-14,91105.11531009933,61246.7370219763,89821.94021699074,96801.97982995352,-0.16043460422146383,-0.4543040020721075,-0.2746053387596288,-0.11443772385649797
2011-07-15,92289.71140640316,61805.20034819087,91335.26927105415,97787.58892883788,-0.14951813825744142,-0.44932820716575295,-0.26238381678108347,-0.10542119094540447
2011-07-28,90603.46417215897,60150.47908812151,90429.40929074535,95057.36915524406,-0.16505749432740457,-0.4640714377966688,-0.26969946807919487,-0.13039774247175673
2011-07-29,90218.66044208576,59996.110908911694,89898.55517491429,95027.29139490513,-0.16860359483818632,-0.4654468269471469,-0.2739866026099237,-0.13067289934307103
2011-08-01,90487.94141420345,58938.02176729836,88878.85569642414,95499.49813046385,-0.1661220768118702,-0.47487418647851554,-0.28222161240796884,-0.1263530654689473
2011-08-02,90632.70329091282,59126.56241442657,86875.26949888864,95420.63705502237,-0.16478804565566718,-0.47319432757358026,-0.2984024110804989,-0.12707450105931195
2011-08-03,90559.4437206269,59031.1477437687,87579.92217179507,95510.97056993083,-0.16546315813329593,-0.4740444529264284,-0.2927116935818538,-0.12624811348733356
2011-08-04,91265.45396933227,54966.72804041848,83208.9305836517,93346.1810790782,-0.15895702758441865,-0.5102576076814589,-0.3280114650486696,-0.14605200502197524
2011-08-05,92892.60809576114,56434.64843608843,85013.7500537121,95682.84982290189,-0.14396223510215178,-0.4971787348444229,-0.3134358902512234,-0.12467573053865544
2011-08-08,93831.43966953372,52070.085826209855,78773.64420127835,92839.07417960878,-0.1353105748839425,-0.5360661019879468,-0.3638304760283184,-0.1506911120002734
2011-08-09,93845.5549394577,54025.45323793976,81929.99789612016,94401.05210010715,-0.13518049775117225,-0.5186441751565345,-0.33834002109388506,-0.1364018513364702
2011-08-10,95219.64227134683,51282.65058016219,77982.52080860767,93139.14790322748,-0.1225178039967646,-0.5430819902342283,-0.3702195240052304,-0.1479459825084446
2011-08-11,93938.42723907609,53382.03379444368,81166.44459494928,93680.71950827082,-0.13432464713597259,-0.5243769118275314,-0.34450641526109815,-0.14299158607875018
2011-08-12,93779.73692177038,53812.174729255166,82004.05458813826,94197.69016153761,-0.13578703372756518,-0.5205444433878272,-0.33774194529092116,-0.1382622436705624
2011-08-15,94276.86021566234,54922.50626352192,83189.12475703031,95117.01782718969,-0.1312058692828849,-0.5106516147395828,-0.32817141528864335,-0.12985206547434514
2011-08-16,94894.9540361859,54467.68575623842,82495.70184014236,95200.10234982248,-0.12550991926635924,-0.5147039731617316,-0.33377144219384147,-0.12909199301400653
2011-08-17,94981.98162576146,54443.12158354727,81906.4850334435,95227.51145267577,-0.12470792969160305,-0.514922834955547,-0.33852990905460956,-0.12884124951111076
2011-08-18,95786.48066818193,51955.11309601804,77612.80004989715,93578.7813177589,-0.11729419057657975,-0.5370904856822816,-0.37320535868961213,-0.14392413535278636
2011-08-19,96480.97328402713,51166.753861498335,76277.68041007894,93333.19167855757,-0.11089419902942332,-0.5441146064783418,-0.3839876759775892,-0.14617083444169365
2011-08-22,97904.54618565756,51307.19722721062,76705.60018176558,94263.23462767783,-0.09777547849974899,-0.542863284590333,-0.3805318308124681,-0.13766263086588937
2011-08-23,95960.42059202337,53027.48882394428,79969.06344476476,94699.94876112818,-0.11569127354492281,-0.527535835566074,-0.354176367743926,-0.133667489829294
2011-08-24,94131.98976297394,53653.97492519002,80425.90241596811,93773.56543983267,-0.13254090100458304,-0.5219539715382062,-0.35048697348282576,-0.14214221445815922
2011-08-25,94585.94899194618,53106.943285538066,79497.6161493694,93830.31235580337,-0.12835750846463478,-0.5268279124371457,-0.3579837376394087,-0.1416230832569234
2011-08-26,96300.97613629393,54145.90166883062,81928.25116870209,96011.5440563533,-0.11255293549072143,-0.5175710040801674,-0.33835412752201,-0.12166877537057097
2011-08-29,94784.29614806647,55160.185322828,83427.51265745386,95598.47637577797,-0.12652967027944761,-0.508533942553911,-0.32624621405324594,-0.12544759431677632
2011-08-30,96435.90544854903,55486.65999415108,84260.89505414017,97084.71032271146,-0.11130951484348339,-0.5056251194846607,-0.319515885807524,-0.11185125342333413
2011-08-31,95888.18108140837,55564.83217593551,84146.44787540069,96628.20577268011,-0.11635698581710296,-0.5049286212086179,-0.3204401518860688,-0.1160274408226597
2011-09-01,95937.77019016212,55003.69982344676,83402.12505504243,96381.84202743793,-0.11590000489374397,-0.5099281965974439,-0.32645124225912137,-0.11828122157568932
2011-09-02,97471.92355904201,53689.17026644827,81553.12751194795,96320.33728064745,-0.10176224681128598,-0.5216403881898648,-0.3413835955702068,-0.11884387828639997
2011-09-06,97406.98057520969,53326.50239636352,81613.24957412253,96193.52597819085,-0.10236071904567856,-0.5248716853153144,-0.34089805470102896,-0.12000397135310648
2011-09-07,96277.88752246869,55341.212935857366,84492.95452642947,97420.55438532389,-0.1127657051155464,-0.5069210232581595,-0.31764179244144597,-0.10877889030598065
2011-09-08,97367.27480190038,54542.4655830446,83756.92265509427,97432.31803502915,-0.10272662158769996,-0.5140377000801268,-0.3235859257865896,-0.10867127427966539
2011-09-09,97196.9185556415,53255.1537683695,82083.89460233922,96494.84287887244,-0.10429651378120475,-0.5255073871118038,-0.3370971638498298,-0.11724746904936412
2011-09-12,96069.48925619683,53568.59029991545,83101.87330775645,96263.02793977654,-0.11468616778448171,-0.5227147312221088,-0.3288760508747356,-0.11936815465383666
2011-09-13,96583.52470080528,53848.65465981828,83922.47975915502,96715.14432865611,-0.10994915197556754,-0.5202194146094641,-0.3222489001208564,-0.11523211095802288
2011-09-14,95885.5144683273,54432.58183078692,84866.7876393146,96822.12523872149,-0.11638155958619578,-0.5150167420137861,-0.3146227467202487,-0.11425342996009469
2011-09-15,94968.07079087864,55188.40473238849,85857.48929988545,96706.26761261707,-0.12483612288420531,-0.5082825133413552,-0.3066219209339881,-0.11531331678536261
2011-09-16,95443.30716570027,55270.364281822716,86721.24562848416,97294.45421875236,-0.12045665402828654,-0.5075522703881317,-0.29964629529214104,-0.10993247777110604
2011-09-19,94816.0270432827,54845.53543057703,86951.33213121111,97115.67743931976,-0.12623725901900473,-0.5113374092412577,-0.29778813546728766,-0.11156796055765705
2011-09-20,95290.40169416906,54558.05474765457,86208.2172326583,96949.45467446561,-0.12186573124953637,-0.5138988037869962,-0.3037894707623855,-0.11308859691498863
2011-09-21,94618.70215436147,52858.923749516085,84539.75080473207,95456.36942165489,-0.1280556766556019,-0.52903771617194,-0.31726386951565955,-0.1267476148119162
2011-09-22,93441.4530646927,51200.46305695499,81830.35993876898,93619.2080635677,-0.1389044373924001,-0.5438142643875057,-0.3391446891086801,-0.14355430406319492
2011-09-23,90819.00648436454,51352.820117788964,82463.86925211016,92261.36945351801,-0.16307119678485782,-0.5424567938936357,-0.33402851957778834,-0.15597606085229576
2011-09-26,90352.54033819522,52735.22292137678,83694.09110396197,92951.69526806762,-0.16736984492654472,-0.5301398654477743,-0.32409334826754166,-0.149660833615342
2011-09-27,91058.89193812452,53182.87353386326,84352.92125684518,93461.99301778819,-0.16086056870714782,-0.5261513893332641,-0.318772689702261,-0.14499253615337604
2011-09-28,90133.50945349432,52419.08019232173,83597.94817963074,92601.86208831053,-0.16938829088071228,-0.5329566330081006,-0.3248697906808031,-0.15286117174355396
2011-09-29,90384.86921832027,52649.02460427755,82297.89556975769,92370.77356566754,-0.16707192302671647,-0.5309078749607103,-0.3353689094958199,-0.1549752119570068
2011-09-30,90607.0322716257,51484.26664397812,80377.13478582946,91653.5964967919,-0.1650246130470201,-0.5412856320200291,-0.3508808168852112,-0.1615360793961551
2011-10-03,92135.9320092392,50296.064519879146,78710.05743153876,91505.1110412904,-0.15093526900803755,-0.551872271821225,-0.36434399759312974,-0.1628944515924584
2011-10-04,90247.3482170892,51000.5157239981,79730.28329954919,91166.35835233293,-0.168339226991301,-0.5455957545483903,-0.3561047367162633,-0.1659934233573941
2011-10-05,90769.99664456578,52058.7389110005,81989.92128728004,92553.73861280664,-0.16352283954287017,-0.5361672006998072,-0.3378560846756137,-0.1533014141288649
2011-10-06,90770.16036205005,53015.73347895883,83414.02535456391,93392.66746530955,-0.16352133082918252,-0.5276405733043558,-0.3263551364110492,-0.14562673902976075
2011-10-07,90017.34780963995,52575.70240472914,82719.97510576982,92617.38033268279,-0.17045876092144407,-0.531561160879248,-0.3319602295975417,-0.15271920799619898
2011-10-10,90834.52861485336,54413.51640137808,85750.53259061226,94723.7455850013,-0.1629281549415671,-0.5151866111208283,-0.30748569459221875,-0.1334497921174177
2011-10-11,90520.79078442676,54390.08128863265,86218.1016888496,94690.55094190262,-0.16581935841434958,-0.5153954132196501,-0.30370964470058914,-0.1337534628042144
2011-10-12,90705.47598221146,54872.19456097288,86661.06281100873,95126.78182645992,-0.16411741993762652,-0.5110998817994279,-0.3001323268161721,-0.12976274261717624
2011-10-13,91218.15725707896,55129.56735221542,88054.37239498229,95901.2496063044,-0.15939288327492318,-0.5088067424586955,-0.28888007228651225,-0.12267776924035434
2011-10-14,90953.61876024974,55853.99824743379,89363.81269753948,96469.95444263236,-0.16183069773828362,-0.5023522101926887,-0.2783051392312553,-0.11747515303150102
2011-10-17,91426.91876575367,55029.982294523375,88350.42701175562,96046.73302811504,-0.15746907320062353,-0.5096940251137122,-0.28648915935450336,-0.12134686019917462
2011-10-18,90696.84004602532,55822.956242475506,89010.98771365917,96225.80572871503,-0.16419700309996987,-0.5026287881574432,-0.28115452501651794,-0.11970867027147825
2011-10-19,90143.7120298094,55123.85477110981,87205.55836777917,95114.88578547348,-0.16929427058346802,-0.5088576403970797,-0.29573502512132765,-0.12987156978322756
2011-10-20,89482.96850955236,55381.63477177108,86795.8379371005,94780.78970269988,-0.17538325245023267,-0.5065608729030622,-0.29904389389322705,-0.13292794206023406
2011-10-21,89967.18779981657,56477.2714293455,87969.69249999165,95853.00114585087,-0.17092100289716938,-0.4967989726240821,-0.28956394021000853,-0.12311915501092119
2011-10-24,89607.28835702623,56686.259102398704,89063.85821155236,96080.76433127506,-0.17423760171929115,-0.494936934867516,-0.2807275471888715,-0.12103553559259672
2011-10-25,91182.05958141727,55527.17774889107,87198.19008340528,95814.44152539293,-0.15972553593938044,-0.5052641145122865,-0.2957945307848038,-0.12347190549515652
2011-10-26,91335.37876866374,56074.301554463316,87063.8624116545,96097.60312617518,-0.15831264618359797,-0.5003893524337004,-0.2968793501029956,-0.12088149120667147
2011-10-27,91494.58362897325,58084.83392813159,89589.35243536213,97805.66027857554,-0.15684551789886148,-0.48247591698616676,-0.27648369870882994,-0.10525587092163247
2011-10-28,91472.12807468948,57877.67703170301,89429.16794812062,97655.51515855236,-0.1570524536593345,-0.48432164289453117,-0.27777733555944584,-0.10662942603355408
2011-10-31,91193.93162418588,56341.153747758275,87685.62343001674,96325.44028821433,-0.15961613092681015,-0.49801175354435745,-0.2918580588438915,-0.11879719503669739
2011-11-01,94836.62462780066,56626.88566659393,88262.03096970888,98468.95140893513,-0.12604744509759047,-0.4954659401317518,-0.28720303857844987,-0.09918796193693136
2011-11-02,95201.4168991681,57549.08467586124,89021.5965395584,99268.61670505411,-0.12268575715454688,-0.48724933410309645,-0.2810688490040566,-0.09187247705709656
2011-11-03,95536.15808774522,58473.07822762233,90700.55394284417,100307.93821236095,-0.1196010004148782,-0.4790167390649921,-0.26750972598966516,-0.08236457317669732
2011-11-04,95322.67712105715,58052.488307920336,90126.13210913207,99855.48447822985,-0.12156830193991985,-0.4827641098982798,-0.272148709855612,-0.0865037029687803
2011-11-08,95958.03277021389,59181.02552225487,91862.92589987494,101156.31142925905,-0.11571327815526444,-0.4727090723351508,-0.25812250489458854,-0.07460349929891918
2011-11-09,95502.5624692117,56727.30277657763,88168.51497106785,98834.47049851486,-0.11991059575071106,-0.4945712440596668,-0.2879582661541501,-0.09584412622705507
2011-11-10,95071.58214665737,57298.44328657575,88177.96863493747,98858.87150063703,-0.12388222965783557,-0.48948249801841015,-0.28788191913599825,-0.09562090138168045
2011-11-11,95526.20993959277,58297.35538509118,89741.79818409696,99961.34655817508,-0.11969267606791312,-0.48058239393211355,-0.2752525592790437,-0.08553525723411382
2011-11-14,94991.10696922007,57376.189132843494,88605.5995249561,98968.87348399407,-0.12462383647064212,-0.48878979830530367,-0.2844284069556602,-0.09461458305086656
2011-11-15,94879.12157915065,57602.19154391604,89517.01973644634,99260.44227577701,-0.12565582087695149,-0.48677616268582424,-0.27706785168414827,-0.0919472582362576
2011-11-16,94504.29192393462,56674.47392731572,87995.55510228929,98242.18979844227,-0.12911000681107654,-0.49504193838591337,-0.28935507594380405,-0.10126241876397946
2011-11-17,93358.71452516905,55775.38498422027,85903.76642583088,96675.69394666518,-0.13966690187581443,-0.503052638414755,-0.3062481906402841,-0.11559301029223057
2011-11-18,93206.98036555163,55641.53782124627,85118.23648741817,96321.07363160622,-0.14106518504947285,-0.504245189474948,-0.31259206633694003,-0.11883714201269735
2011-11-21,92037.86269688705,54498.8586315024,83335.78289193171,94722.60595407028,-0.15183901190719762,-0.5144262291691111,-0.32698701615600445,-0.13346021767031457
2011-11-22,92758.88719370376,54327.89649083781,83682.49800061753,95121.4009370156,-0.14519451982818,-0.5159494671487015,-0.32418697322435,-0.12981196798128924
2011-11-23,92868.2076235624,53177.48013456798,81839.81783325973,94170.88758850581,-0.14418709395918738,-0.5261994434264903,-0.33906830792437714,-0.1385074385273437
2011-11-25,92404.05853126796,53212.26827531553,81406.97098729486,93823.58540886265,-0.14846438964171893,-0.5258894881520653,-0.34256394373940324,-0.14168462260203574
2011-11-28,93923.87038312195,55109.146101542276,84831.97882873655,96386.1318898474,-0.13445879363794266,-0.508988691658063,-0.3149038598346665,-0.11824197712711149
2011-11-29,94405.75547085654,55560.25881525844,84746.10201384098,96809.17544263774,-0.13001805457486593,-0.5049693689241682,-0.31559739398566666,-0.11437189707115658
2011-11-30,94909.9188945906,57756.89202477786,87790.790367485,98865.42511692941,-0.12537201287958222,-0.48539781279506156,-0.2910087392367423,-0.09556094769714785
2011-12-01,94295.41918962427,57468.39414200827,87979.51428982899,98472.33303182018,-0.13103484186838066,-0.4879682703850151,-0.2894846202365743,-0.09915702623019884
2011-12-02,94761.96856918948,57541.403433286156,87916.75646564804,98729.0282429074,-0.12673542670193638,-0.48731777241566865,-0.28999144730468196,-0.09680873133163526
2011-12-05,94438.26435077732,58415.04458475281,89271.08572586345,99315.09164829047,-0.12971847391417413,-0.4795338070460621,-0.2790539946895575,-0.09144731574750009
2011-12-06,94229.7167153956,58232.98670671109,88712.33005670985,98971.36306412562,-0.13164031307152524,-0.4811559057939996,-0.28356645988862417,-0.0945918079149467
2011-12-07,94709.2832868814,58403.188027249395,88641.64879072752,99274.20503707744,-0.12722093994388917,-0.4796394465673396,-0.2841372760263009,-0.09182135397020186
2011-12-08,93907.73208443834,57065.4587488299,87042.53776643588,97834.31998566634,-0.1346075136859376,-0.49155834296965006,-0.2970515661980506,-0.10499368666166675
2011-12-09,93703.37578029752,58037.512529988446,88467.37710577706,98544.54070604643,-0.13649072826485387,-0.4828975410405846,-0.2855446799363369,-0.0984964571751531
2011-12-12,92561.54032181742,57140.252591887984,87383.17733169867,97260.63430876099,-0.14701314004546373,-0.49089194500608513,-0.294300588859419,-0.11024186851418327
2011-12-13,92184.93652703105,56845.11975943179,86771.9459688061,96766.15574127463,-0.15048367529417395,-0.4935215186513011,-0.2992368434799918,-0.11476544919400622
2011-12-14,90862.39446800866,56255.81388071441,85421.72168438186,95445.01527769025,-0.1626713613910249,-0.49877211444150726,-0.31014114464552345,-0.12685148460456552
2011-12-15,90835.82796330427,56570.22599358444,85345.32645049276,95544.20939276738,-0.16291618099265404,-0.49597076632019166,-0.3107581063218521,-0.12594403863618708
2011-12-16,91565.6028491809,56099.292881143905,85496.35983895144,95765.48120097659,-0.15619105102816422,-0.5001666847845225,-0.30953837299843134,-0.12391980352789334
2011-12-19,91595.1507930118,55478.10885835516,84609.28851869119,95265.56674482748,-0.15591875642568886,-0.5057013083693012,-0.3167022886108277,-0.12849311271477282
2011-12-20,91978.181433838,57303.80513529142,87379.86434082755,97025.6623524943,-0.15238899555039676,-0.4894347250344455,-0.29432734430341,-0.11239143509109562
2011-12-21,91671.92263458333,57289.65537514438,85923.58541392299,96450.40141003979,-0.15521127714382577,-0.489560796525913,-0.30608813410934654,-0.11765402776194145
2011-12-22,91689.79348236314,57967.95464735614,86923.36077235512,97031.15021141316,-0.15504659105196272,-0.48351728765930113,-0.2980140298794185,-0.11234123115059902
2011-12-23,91672.96977317266,58553.6546238729,87786.20600467964,97515.69813721976,-0.1552016273967045,-0.47829881972594857,-0.29104576217675193,-0.1079084978032886
2011-12-27,91156.9991237237,58502.51202111191,87893.97837770746,97255.25525113153,-0.15995647679281422,-0.4787544899380658,-0.2901754012845831,-0.11029107712051767
2011-12-28,90192.59226818052,57616.3685890066,86684.85432999568,96033.42239859654,-0.1688438221477888,-0.48664984809104694,-0.2999401884498192,-0.12146862828071603
2011-12-29,90148.02448056245,58268.590436460254,87403.24218854157,96491.33119996854,-0.1692545298465078,-0.4808386837870794,-0.29413854671250883,-0.11727959453242431
2011-12-30,90444.09949856222,57768.65051138115,86828.83538350838,96270.13739640948,-0.166526095347292,-0.4852930470656023,-0.29877740920807083,-0.11930311603986343
2012-01-03,90023.8354006526,58138.34178999429,87687.04652336884,96641.47823669406,-0.17039897550876282,-0.4819991727954408,-0.29184656605808035,-0.11590602188615784
2012-01-04,89760.31577019545,58072.10054607477,87824.26360513821,96567.66708073657,-0.17282740076333958,-0.48258936883627923,-0.2907384121003054,-0.11658125988634471
2012-01-05,89761.90512898576,58217.60898371207,88543.41881299576,96989.15430900575,-0.17281275426805465,-0.4812929181852851,-0.2849305733125568,-0.11272541737271902
2012-01-06,90196.38893666695,58401.39107642013,89366.11267106245,97574.79457665367,-0.16880883452421147,-0.47965545703456913,-0.27828656483272285,-0.1073678727302374
2012-01-09,90063.81371763168,58360.28132146302,88789.91057304032,97142.3373468539,-0.17003056138181882,-0.48002173660874203,-0.282939925967998,-0.11132407083102969
2012-01-10,89944.12863779152,58828.02338972821,89388.39002299022,97754.01484031563,-0.17113350111338899,-0.47585424970044776,-0.2781066547560095,-0.10572833286857009
2012-01-11,90200.79240940051,58852.25373154372,89564.22060538246,98107.14711758945,-0.16876825498797166,-0.4756383622719892,-0.27668666131741326,-0.10249781399083968
2012-01-12,90110.81330297297,58999.60633682814,89932.88959428786,98334.55193771861,-0.1695974438193837,-0.47432548046150025,-0.27370932064017106,-0.10041747296399972
2012-01-13,90266.51824552476,58634.04899310977,89512.69019789653,97951.05787028505,-0.16816256849681577,-0.477582522210658,-0.2771028166842594,-0.10392574706996915
2012-01-17,90333.71035299952,58893.0273599499,90388.12921918434,98541.44215804906,-0.1675433698040395,-0.47527507751717424,-0.27003284256936544,-0.09852480326086455
2012-01-18,90191.75060983919,59544.156392846955,91606.16368001913,99241.40932898699,-0.16885157832279662,-0.46947364996913865,-0.26019609563468704,-0.09212137512633245
2012-01-19,89889.74193272533,59817.03870730392,92120.34760868654,99257.59840388548,-0.17163469355915417,-0.46704232392394807,-0.25604358817548634,-0.09197327449821568
2012-01-20,89917.39353906355,60097.48194260834,92354.93353948716,99688.12020315848,-0.1713798743677154,-0.4645436316083613,-0.25414909133658725,-0.08803478207106363
2012-01-23,89748.33725498768,60035.850132923064,92242.43843725768,99671.6039512112,-0.17293778695655193,-0.46509275852557563,-0.2550575926044937,-0.08818587577486481
2012-01-24,89823.33986042219,59998.59422667372,92118.20600813624,99495.99091264751,-0.17224661180242684,-0.4654247010898326,-0.2560608835668121,-0.08979241607935162
2012-01-25,90440.79754521122,61040.424930109446,94124.49267957686,101730.1183668628,-0.16655652399844445,-0.45614220094326496,-0.23985827608733745,-0.06935420813128057
2012-01-26,90733.22955516225,60792.18323220305,93893.06681411751,101882.26725112557,-0.16386166108830846,-0.45835398409536565,-0.2417272524963483,-0.06796232221637344
2012-01-27,90689.7270637156,60522.312917194,93802.22801911471,101883.92724100858,-0.16426255171145776,-0.4607584738367071,-0.24246085919388072,-0.06794713632428984
2012-01-30,90414.98074747091,59748.83650413737,92998.63076164555,100799.82347804535,-0.1667944347890603,-0.4676499917137358,-0.2489506450852489,-0.07786471649766957
2012-01-31,90365.83482492564,59436.539906617356,92671.94600895776,100625.63712276456,-0.16724733159701866,-0.4704324910225891,-0.25158892449600156,-0.07945820524166602
2012-02-01,89968.4044241799,59886.369475557665,93322.41260524037,100879.30783649546,-0.17090979127956007,-0.46642460084825577,-0.24633580933150256,-0.0771375789999601
2012-02-02,90331.30575397072,59917.60906824495,93517.57403721221,101148.6515634348,-0.16756552902230548,-0.4661462624169328,-0.24475970152877202,-0.07467357315718315
2012-02-03,89059.91470336443,60750.39628136098,94807.32496177188,101137.15675248156,-0.17928184074594844,-0.45872629734744863,-0.23434377828390263,-0.07477872979725875
2012-02-06,89495.44197919988,61005.418523553446,95191.23787301221,101592.27645218687,-0.17526830507932267,-0.4564541009217503,-0.23124332893352995,-0.07061521126285719
2012-02-07,89873.50716325568,61158.8918128098,95392.28730071789,101923.58991082925,-0.17178430261907107,-0.4550866850591555,-0.22961967015761386,-0.06758429494205753
2012-02-08,89856.5146276269,61532.698678041364,96206.48010810307,102292.00939253045,-0.17194089475829288,-0.4517561417474091,-0.22304431546954173,-0.0642139259127873
2012-02-09,89940.45923717413,61826.6988301543,97249.65342462642,102745.49470978403,-0.1711673159191892,-0.44913666005419406,-0.21461973287060887,-0.06006535900898846
2012-02-10,90626.85815569841,61825.48230517102,97285.0561344539,103138.46805189436,-0.16484191061421483,-0.4491474990449229,-0.21433382347430485,-0.056470366758682666
2012-02-13,90775.7198375281,62340.18248923682,98278.45807648699,103707.9236332388,-0.16347009832468318,-0.4445616248541612,-0.20631119043525248,-0.05126088259664541
2012-02-14,90544.08026493317,62109.64382237185,98290.24149631985,103484.17445277044,-0.16560473773303774,-0.44661567759219845,-0.20621602849801013,-0.05330778116100188
2012-02-15,91841.67722953974,62498.14553023263,98667.25195672564,104476.46690409887,-0.1536469293768019,-0.44315420621468316,-0.20317132277745387,-0.04423010771525171
2012-02-16,91741.61498940006,63286.96672028233,100190.334931916,105165.66236172771,-0.1545690378002358,-0.4361259694885963,-0.1908710289276423,-0.03792522119084707
2012-02-17,91917.1811425958,63732.56340942706,100309.0260541067,105483.8330438347,-0.15295113449819409,-0.4321557934142538,-0.1899124891080196,-0.0350145374016958
2012-02-21,93651.64871099248,64376.977536924154,101569.93112166783,107068.50591088558,-0.1369674112399616,-0.4264141943106611,-0.1797295226509361,-0.020517659201956806
2012-02-22,94654.51905553683,64366.15387035268,101410.73199094388,107582.33080799632,-0.12772561142591088,-0.42651063098334185,-0.1810152018427046,-0.015817094748379557
2012-02-23,95277.75754670921,65014.48809125626,102667.78330620026,108544.95046809869,-0.1219822514759834,-0.42073410464301075,-0.17086335797483332,-0.007010873442180987
2012-02-24,94678.69594482289,64873.17366578591,102577.63678904808,108125.51635873881,-0.1275028129633542,-0.4219931874966978,-0.17159137389292234,-0.010847933647245345
2012-02-27,96513.47975512725,66234.9554967934,104704.32086866662,110302.40692838859,-0.11059464056685353,-0.40985998773186694,-0.1544164467673962,0.0
2012-02-28,95843.59427559565,65607.04700282919,104473.3240518893,109600.4884331438,-0.11676786877511525,-0.41545452499020685,-0.15628195821425406,-0.006363582761167663
2012-02-29,93100.45220128387,65362.50240655479,104019.67169719301,107837.79665304565,-0.14204687921769377,-0.4176333677170275,-0.15994561762041726,-0.022344120531685552
2012-03-01,94505.88218283799,66370.28875224396,105891.09471119005,109547.39104600437,-0.12909535202093603,-0.40865419588928387,-0.14483215803586225,-0.006844962892554096
2012-03-02,94457.74915311634,66026.52993635139,105605.4015419217,109303.58477352877,-0.12953891466844192,-0.411717017179138,-0.14713939276313992,-0.009055306975379818
2012-03-05,94750.12854281298,66163.41092837225,105153.70032798967,109412.40310949668,-0.126844536672293,-0.41049743531779936,-0.1507872949156711,-0.008068761540894864
2012-03-06,93986.47098886117,65070.041820930324,103969.32054559542,108211.9913825901,-0.13388190723420412,-0.420239132185258,-0.1603522494129166,-0.01895167661350894
2012-03-07,93166.50174905887,64872.823688961245,103678.44591840023,107580.48056539956,-0.1414382096108341,-0.421996305719184,-0.1627013291716921,-0.02467694440028112
2012-03-08,94277.81161179661,66059.32941640567,105690.7852788101,109235.03562883745,-0.13119710183586175,-0.4114247804679265,-0.14644984066989886,-0.009676772513623533
2012-03-09,94835.36475048728,66521.82720833941,106452.99898996421,109946.25189150099,-0.1260590553062121,-0.4073040189975127,-0.1402942649223733,-0.00322889632969503
2012-03-12,95366.54218057563,67173.33582360124,107538.01037960462,110803.77186106548,-0.12116407012560149,-0.4014992094476365,-0.13153180145822663,0.0
2012-03-13,94213.76576658353,68375.8904895903,109550.80681896133,111154.01549052742,-0.13178730662514582,-0.3907846914107935,-0.11527662162414865,0.0
2012-03-14,93556.69303878625,68797.74713916852,110732.74604397266,111253.80197914867,-0.1378424608597978,-0.38702603427136906,-0.1057313768692194,0.0
2012-03-15,94975.84501392479,69930.0435877651,112231.15632431553,112931.11427865694,-0.1247644807088304,-0.3769375026938352,-0.0936303376901213,0.0
2012-03-16,94631.81574621782,69431.93047123772,111685.11891431687,112384.85092541287,-0.1279348303353982,-0.3813755894788806,-0.09804009126584756,-0.004837137725358542
2012-03-19,94375.66891474713,69669.05155527037,112427.57553122533,112526.74751014737,-0.13029531267724181,-0.37926288873966385,-0.09204407219960498,-0.0035806497712561614
2012-03-20,93883.30342760198,69384.837734544,112523.51604866314,112149.12171079475,-0.1348326322742336,-0.38179517620618686,-0.09126926440790173,-0.006924509448588578
2012-03-21,94464.46244332705,69493.9126218619,112918.46015881353,112632.92713086949,-0.12947704935897442,-0.38082334109499616,-0.08807972799509078,-0.00264043394676583
2012-03-22,93825.26491666428,68629.39064666472,112077.87210209794,111688.16490152945,-0.13536747738408228,-0.3885260564546168,-0.09486824856334897,-0.01100626151673767
2012-03-23,93792.05912538883,68316.97649454916,111075.48776343954,111280.38755512735,-0.1356734803258427,-0.39130960315106067,-0.10296342270473569,-0.014617111803718053
2012-03-26,94654.49066276246,69322.27963541627,113151.10095678853,112732.43264026464,-0.1277258730752242,-0.38235255617435926,-0.08620093989020139,-0.0017593170815799475
2012-03-27,95038.09737318108,69420.24240320732,113865.36503287664,113179.92865029945,-0.12419080351782674,-0.38147972779314554,-0.0804326014835891,0.0
2012-03-28,94522.81115064144,69126.69246613458,113489.09380944863,112662.8850268959,-0.12893934568138365,-0.38409519816171556,-0.08347133718662203,-0.004568333180356543
2012-03-29,94408.97969672314,68843.80028879034,112758.77009432676,112291.01504990058,-0.12998834220957722,-0.3866157100539077,-0.08936937192787597,-0.007853986223523846
2012-03-30,93785.08034942526,68623.03090330941,111780.02443786789,111585.17533946307,-0.135737792179068,-0.38858272047731557,-0.09727364200033606,-0.014090425129740236
2012-04-02,95283.34225170809,69646.56113203162,113772.33216951898,113101.84347273436,-0.12193078647265476,-0.379463273846689,-0.08118392729815649,-0.0006899207173594046
2012-04-03,92866.89450415396,68272.63041658099,111913.16417637294,110449.6793767286,-0.1441991948122745,-0.39170471770650794,-0.0961984163341214,-0.024123087071442728
2012-04-04,92885.02439525041,68655.57488854253,112115.13842544207,111191.16440758604,-0.14403212154594902,-0.38829276017311254,-0.09456728877632392,-0.017571704333356197
2012-04-05,93074.33148844427,68302.9960321511,112292.29148780672,111153.38739316579,-0.142287590691891,-0.3914341662339408,-0.09313661509736237,-0.017905482723842514
2012-04-09,91768.48395458655,66631.31625401927,109935.75704763639,109603.59061541424,-0.15432143091982975,-0.4063284938193631,-0.1121677949828006,-0.031598694905837
2012-04-10,91862.14976559507,65765.04493309619,108563.40967949011,109547.03479472156,-0.15345826782056127,-0.4140467954944028,-0.12325076036760174,-0.03209839323015229
2012-04-11,91004.26791037875,65526.735807594436,107827.29228243027,108503.66736656876,-0.16136394816413324,-0.4161700814420173,-0.12919558441152013,-0.04131705452986534
2012-04-12,92348.88312939188,66641.20248763054,109492.25611968855,109809.13810891498,-0.14897285020351791,-0.4062404094841223,-0.1157494722947282,-0.029782582314567985
2012-04-13,91030.46773109408,65785.53470359286,107714.188379773,108817.377674503,-0.16112250768328518,-0.4138642357973127,-0.1301090023020136,-0.0385452705954229
2012-04-16,90375.26308884361,65719.6167348454,106457.88406655965,108383.39786050376,-0.16716044685843012,-0.414451551521971,-0.14025481344232815,-0.042379694412212454
2012-04-17,90655.56381890338,66263.5640098951,107949.16558150758,108562.04996501261,-0.16457737792131688,-0.40960509168572057,-0.1282113455909729,-0.04080121573105988
2012-04-18,91030.05246620812,66597.49158870948,108580.44637265183,109210.1105695635,-0.16112633449396596,-0.406629864723158,-0.1231131734235339,-0.03507528347187594
2012-04-19,90811.42246506455,66365.7944722331,107660.34604950996,109101.0967450318,-0.1631410861664092,-0.4086942390121463,-0.13054382856859392,-0.036038473905301016
2012-04-20,91062.23636996781,66729.28770552848,107770.41830043972,109507.73262127666,-0.16082974860188137,-0.40545558806798276,-0.1296548940501202,-0.03244564714622722
2012-04-23,90498.0543171473,66160.87221661834,106761.59295211127,108994.19916039269,-0.16602888288600093,-0.41052005472434017,-0.13780208526012472,-0.03698296632470699
2012-04-24,89743.7025245656,65989.16587886118,105503.41336561806,108223.94284779528,-0.17298049761300516,-0.4120499233490037,-0.14796304095445678,-0.043788557402408834
2012-04-25,91377.6652369345,67148.42057055149,108757.32057528889,109739.04669780543,-0.1579229616379061,-0.40172119929620154,-0.12168475179298222,-0.030401874197372725
2012-04-26,91950.78954635363,67541.6043655189,109282.68952789006,110302.83928279564,-0.1526414213420625,-0.39821801147271263,-0.11744191499300127,-0.02542049108719069
2012-04-27,92054.48773021947,67451.05899223404,109617.59943385569,110273.21366068187,-0.15168580642974383,-0.3990247523741046,-0.11473720991541014,-0.025682247941670622
2012-04-30,91061.06872944896,66614.2541342531,107874.8137630202,109120.84710044095,-0.16084050881628864,-0.4064805138440254,-0.12881180481122545,-0.035863969859887046
2012-05-01,90402.45467998603,66670.72301328322,107477.86475032906,108606.80017445954,-0.16690986686737674,-0.4059773875912235,-0.13201753265338934,-0.04040582575352081
2012-05-02,90946.52879084475,66712.1303223243,108176.83324612388,108925.36928531004,-0.1618960342778325,-0.4056084568705457,-0.12637272010536482,-0.037591111919985765
2012-05-03,90351.81339622014,66129.96589295867,106898.47956870624,108028.42402198832,-0.1673765439502487,-0.4107954237962581,-0.1366966001121378,-0.045516061811879394
2012-05-04,89493.9820355656,65133.70762676093,104322.34537167258,107220.19673358655,-0.17528175896883214,-0.4196718827751522,-0.1575012497183761,-0.05265714502371821
2012-05-07,89084.98063778158,64862.69993518584,103910.02296457894,106667.34940139839,-0.17905084942259775,-0.42208650631088673,-0.16083113183952547,-0.057541821474578536
2012-05-08,89136.62989285882,64685.04603470151,103652.24231683799,106144.19374721208,-0.17857488353272444,-0.423669366512497,-0.16291294732013772,-0.062164157434894785
2012-05-09,88971.50424408959,64253.06894095659,103250.82845217282,105592.6448798229,-0.18009657394703593,-0.4275181947556823,-0.16615473294258754,-0.06703736131447435
2012-05-10,88650.41377335654,64264.67217444748,102844.26877840716,105406.20815137573,-0.18305553456328827,-0.4274148122999487,-0.16943807569952174,-0.06868462095379801
2012-05-11,88970.29159145406,64198.769289603406,103033.15771440386,105420.52581322833,-0.18010774896378912,-0.42800199363008895,-0.1679126240625567,-0.06855811741184192
2012-05-14,88938.14963899524,63616.635177843826,102263.09079258433,104841.26158536936,-0.18040394826001238,-0.43318869043208397,-0.17413162169872698,-0.07367620005040565
2012-05-15,88606.66538020999,63109.114247669204,101691.63999623591,104111.39163158495,-0.18345869125632075,-0.43771059892757747,-0.17874661170931117,-0.08012495790427865
2012-05-16,88870.99728035693,63241.71114027931,101593.25876509931,104426.69538907324,-0.1810227806534047,-0.4365291875226067,-0.17954113050572484,-0.07733909506403502
2012-05-17,88151.43029393682,62323.16648320132,99448.85612512557,104189.43393358758,-0.18765384126604623,-0.4447132340148411,-0.19685915127914455,-0.07943541601347426
2012-05-18,86541.50657056608,61065.35097700425,96989.40341707945,102697.47288368887,-0.20248984957781202,-0.45592011492373097,-0.2167214906995567,-0.09261762126568407
2012-05-21,87321.3992118389,61928.786978889715,99439.24741123889,103457.68362056279,-0.19530286702687283,-0.44822707536593887,-0.19693675046858483,-0.08590078776048893
2012-05-22,87440.33506638336,62224.783325820696,99627.51180576903,103300.59823905688,-0.1942068316675739,-0.44558980798198733,-0.1954163425775517,-0.08728871390056692
2012-05-23,88297.14241714586,62723.42496018206,100568.22231830953,104131.57195135226,-0.18631105325710362,-0.4411470122102945,-0.18781924122435145,-0.07994665491356312
2012-05-24,87274.44491259627,62387.961072765254,99171.07118307757,103159.84107588595,-0.1957355672621226,-0.44413592737073804,-0.1991025198085684,-0.08853237224926436
2012-05-25,87615.77971542368,62373.463652702136,99340.99931199609,103647.09171976306,-0.1925900480686794,-0.44426509644150636,-0.19773019410268544,-0.08422727460794499
2012-05-30,88014.16151190588,62087.96657662274,99562.3528524718,103590.08231227004,-0.1889188209427809,-0.44680881745281087,-0.19594256096851093,-0.08473098059338668
2012-05-31,87435.07988696743,61547.65688400756,98479.40669313834,102808.52881449886,-0.1942552599777868,-0.4516228671677526,-0.20468834580118656,-0.09163638782496397
2012-06-01,86169.8240704339,59653.20150185407,95273.36719059267,102088.50107675044,-0.2059150333807772,-0.4685020801766542,-0.23058005926511416,-0.09799818488858592
2012-06-04,85780.44632102831,59300.29815541692,95487.22361269512,101538.28491617746,-0.20950328507415727,-0.47164637737794035,-0.22885297224728407,-0.10285961365192275
2012-06-05,86103.50712718784,59949.008102850166,96205.23332797608,102060.64410590573,-0.20652616713011374,-0.46586650339047686,-0.22305438436413116,-0.09824431484446161
2012-06-06,87234.68077046394,61584.61184165219,98902.63552893246,103555.35281341666,-0.19610200769319497,-0.4512936059944914,-0.20127038425163235,-0.085037832693998
2012-06-07,87756.02875798289,62044.59687713829,99177.45960246967,103786.44259060659,-0.19129760425229214,-0.44719523267410677,-0.19905092745474484,-0.0829960415394555
2012-06-08,88690.96692878824,62869.29892472806,100676.54507440492,104862.64990118633,-0.18268182309962133,-0.4398473047887209,-0.18694443548343098,-0.07348722382403716
2012-06-11,87887.58148455364,61969.771993150556,98786.97960856144,104069.4356444354,-0.19008530001917434,-0.4478619072060557,-0.20220441202898065,-0.08049565956180638
2012-06-12,87923.13422511797,62482.52504156644,99692.06722978305,104408.1935929834,-0.1897576691215973,-0.44329338159879805,-0.1948949982398459,-0.07750256747747863
2012-06-13,88083.68707775243,62255.18124714335,99272.2969817181,104588.55161561113,-0.18827811861769184,-0.44531896867172094,-0.19828502851706165,-0.07590901617577217
2012-06-14,87962.49231203368,62792.491434102914,99450.53908833084,104798.50820347453,-0.1893949706308924,-0.4405316439434743,-0.19684555980560015,-0.07405394708033108
2012-06-15,88782.44646361048,63147.45135812667,100766.35677780068,105464.86199919455,-0.18183880729752,-0.4373690230532373,-0.18621912349392367,-0.06816638553415888
2012-06-18,88784.74016809823,62975.09962888398,101248.82162985616,105285.76416210341,-0.18181767001110638,-0.4389046419850662,-0.18232277670970043,-0.06974880248058146
2012-06-19,89055.87942492399,63542.4068241796,102244.73680304569,105541.98264893763,-0.17931902724342885,-0.43385004999990573,-0.17427984702086585,-0.06748498689163662
2012-06-20,89043.08835420026,63466.690678910934,102371.00012917095,105316.63485551649,-0.17943690141896818,-0.43452466548900204,-0.1732601547000313,-0.06947604481249303
2012-06-21,88405.79753188096,62346.37851757433,100278.81518734765,103933.13879654155,-0.18530975849889575,-0.4445064194990478,-0.1901564696032696,-0.08169990884451261
2012-06-22,89366.55017297974,63300.38787233836,102112.99572399422,105201.34343486231,-0.17645608800384338,-0.4360063897473616,-0.17534377722744032,-0.07049470087659426
2012-06-25,89308.73032857143,62705.70287448705,100796.21488007548,105276.41255937162,-0.17698891802539907,-0.4413049123974544,-0.18597799189586883,-0.06983142846244339
2012-06-26,88488.05258576946,62308.97891046622,100291.61134647398,104140.43272367629,-0.18455174950414688,-0.4448396424087948,-0.1900531288661157,-0.07986836565830657
2012-06-27,88614.38240656609,62720.81273317367,100668.61798828746,104363.93459353995,-0.18338757616838253,-0.4411702866228342,-0.1870084539841994,-0.07789361737449885
2012-06-28,88494.8523971705,62718.932284719944,99815.26079921408,104067.63384476013,-0.18448908687175025,-0.44118704103695316,-0.19390009702363376,-0.08051157934278497
2012-06-29,89307.03602920179,63982.211001314216,102521.95970792304,105652.77838486593,-0.17700453158470364,-0.4299314840320858,-0.17204101745777933,-0.06650605239989793
2012-07-02,90236.78343308874,64600.55664817326,103511.46591350954,106617.51633274429,-0.16843658515862747,-0.4244221498008428,-0.16404984606844342,-0.05798212099807509
2012-07-03,90054.97116450779,64701.49419961419,103869.67040792383,106824.00357839848,-0.17011204859126794,-0.4235228167009881,-0.16115701579498554,-0.05615770523711283
2012-07-05,90771.67602728144,64814.95570369866,104588.69233047015,107157.32237517294,-0.1635073634457318,-0.4225118977245934,-0.1553502534085366,-0.05321267071774727
2012-07-06,90264.5224050842,64134.730446805734,103163.82685897236,106211.55856503893,-0.16818096086220258,-0.42857256672387,-0.16685735071141505,-0.0615689563366949
2012-07-09,89872.84461872856,63747.861952970285,102475.70211496309,105750.71139963364,-0.17179040819784386,-0.4320194864958514,-0.17241459000468629,-0.06564076633782323
2012-07-10,89538.3862932199,63255.58454428517,101555.91726595297,105052.82067564988,-0.174872558255734,-0.43640557830827553,-0.17984269740639558,-0.07180697206269238
2012-07-11,89015.72168381323,63099.612782238946,100723.59271571838,104755.11916828746,-0.17968909482629136,-0.4377952550564074,-0.18656448257047575,-0.07443731041784585
2012-07-12,88993.93118936947,62999.651199737506,100095.01480895584,104718.13987032858,-0.1798899018285065,-0.4386858924710667,-0.1916408264641578,-0.07476404059341557
2012-07-13,89291.2581648161,63815.25317954931,101255.52991720712,105396.10038480564,-0.1771499301049999,-0.43141904434288525,-0.18226860112833687,-0.06877392801283777
2012-07-16,89106.44617873983,63552.44086190115,100785.94984752634,105144.05528825073,-0.17885303698002664,-0.4337606487600365,-0.18606089146128257,-0.0710008696584159
2012-07-17,88828.22549041847,63705.97153622428,100871.24372189635,104800.93399920581,-0.18141693760744193,-0.432392721608142,-0.18537206509040882,-0.07403251398914423
2012-07-19,89884.19606085891,64328.880753477366,103369.27502487543,105659.38424272783,-0.17168580070163042,-0.4268427268907836,-0.16519816808467946,-0.0664476864162763
2012-07-20,89388.52687777425,63692.6490467309,101901.80431954745,105134.0425216555,-0.17625356500833533,-0.4325114222859653,-0.17704934178010356,-0.07108933734623502
2012-07-23,88592.56463595986,62816.372679783926,100285.6497566998,104098.45817288978,-0.183588634529943,-0.4403188668907314,-0.190101274178767,-0.08023923133464217
2012-07-24,88173.51617074368,62166.632657655,99308.8319447487,103619.98818692028,-0.18745031221238828,-0.446107918634698,-0.19798997513626193,-0.08446674757073969
2012-07-25,87676.62667247062,62018.58176643007,98380.61966128166,103559.7028976854,-0.19202932214894197,-0.4474270220312122,-0.20548614181110914,-0.08499939757285391
2012-07-26,88109.54285675284,63038.49809292673,99698.60501488646,104419.49102486092,-0.18803984860117573,-0.438339774536038,-0.19484219962072347,-0.07740274914385492
2012-07-27,89079.56635585852,64382.138747851124,102378.4972535929,105750.89078331334,-0.17910074391787523,-0.4263682089686779,-0.1731996085348383,-0.06563918139531755
2012-07-30,89388.77360088986,64526.8123842102,102528.44706788738,106034.34817924729,-0.17625129136882,-0.42507919622766455,-0.17198862606796628,-0.0631346967281664
2012-07-31,88998.27722112862,63749.79362178861,101975.43306930605,105189.95394608573,-0.1798498516308692,-0.4320022757186781,-0.17645472200391454,-0.07059533257792505
2012-08-01,88724.50799492696,63709.741412773605,101697.31907702453,104789.89966975393,-0.18237273048312297,-0.432359132773117,-0.1787007479161793,-0.0741300076842143
2012-08-02,88967.29592126579,63480.424035693926,101667.85909463372,104754.846599935,-0.18013535510883028,-0.43440230406700653,-0.17893866433053085,-0.07443971869249066
2012-08-03,89396.79346842947,64607.288310109325,103407.93451940572,105657.87715312837,-0.1761773854938089,-0.4243621720590637,-0.1648859571608141,-0.06646100228965979
2012-08-06,90219.86838431982,65055.220787542865,104725.69919985146,106586.9619851228,-0.16859246322942467,-0.4203711845850746,-0.15424379710885783,-0.05825208359644252
2012-08-07,89895.86688284346,65040.37460619295,105057.28047411438,106247.13919062914,-0.1715782500087284,-0.4205034610481335,-0.15156597378933767,-0.061254584115272515
2012-08-08,90284.21211769298,65460.59281264237,105559.96644006536,106821.83874535494,-0.1679995132969052,-0.4167594021044937,-0.14750632293899546,-0.056176832595376425
2012-08-09,90148.9865758295,65341.48512620521,105597.98794200881,106708.69268888919,-0.16924566380324657,-0.41782062741985837,-0.147199264391212,-0.05717653331806671
2012-08-10,90546.61939264272,65623.67351205456,105945.01285904288,107163.03072590567,-0.1655813387860835,-0.4153063861670636,-0.14439671947261223,-0.053162234648376994
2012-08-13,90214.08826771646,65290.678024593406,105715.35148055681,106505.22033268937,-0.1686457290188068,-0.41827330838482035,-0.14625144602877926,-0.05897431105680795
2012-08-14,90108.59192869153,65366.71610975241,105871.39291324826,106354.95524541373,-0.16961791455773267,-0.417595824476633,-0.14499126814870644,-0.060301976563117976
2012-08-15,90561.21969625227,65846.19675400978,106800.37569906395,107067.56388410163,-0.1654467918988235,-0.413323749238384,-0.13748887895975148,-0.05400573086667737
2012-08-16,91214.27646466967,66479.32223152701,108327.20030934273,107931.13961962253,-0.15942864612977437,-0.40768272971528074,-0.12515836797022006,-0.04637561706629545
2012-08-17,91779.48359219951,66787.39472115353,109168.99485166463,108506.88601481826,-0.1542200654248792,-0.40493786635055085,-0.11836010392263407,-0.04128861619907753
2012-08-20,92176.18105692999,67011.22253506008,109689.42758039566,109014.45170048889,-0.1505643600032116,-0.4029436059505245,-0.11415713166391595,-0.036804025232079374
2012-08-21,91815.24571292181,66657.32645915206,109003.96022195711,108865.38955297397,-0.15389050501615897,-0.40609674816993935,-0.11969291012811578,-0.0381210621775212
2012-08-22,92256.30683316814,66611.56133129419,109335.86862266513,109370.80176450996,-0.14982597304425238,-0.4065045061719328,-0.11701244496211305,-0.03365549820727343
2012-08-23,91126.58271635894,65480.60906041269,107468.26538023216,108225.72134976981,-0.16023677458949037,-0.41658106139880224,-0.13209505638314556,-0.04377284346800592
2012-08-24,91469.26752665234,65927.4670547386,108225.47568482412,108646.21563358336,-0.15707881460665096,-0.4125996473512549,-0.1259798877388224,-0.04005757090309048
2012-08-27,91813.37319736436,66050.51117680556,108581.23030475131,108841.14459189522,-0.15390776089975833,-0.41150334919325826,-0.1231068424518541,-0.038335278261308114
2012-08-28,91853.27630638877,66001.9389001751,108608.80886455742,108899.67165819688,-0.15354003984033326,-0.4119361183211546,-0.12288412025280426,-0.037818163018352835
2012-08-29,91614.37095437624,65902.30492277714,108360.55973769522,108475.51835334951,-0.1557416359387882,-0.4128238368408236,-0.12488895994841087,-0.041565764822891094
2012-08-30,91390.7252187227,65552.19318291915,107458.87825082026,108240.36258569802,-0.15780260935316837,-0.4159432613939965,-0.13217086607444495,-0.04364348099090587
2012-08-31,91772.76159380878,65705.83854910279,107920.7375408173,109093.52895194052,-0.1542820109832611,-0.4145743123608995,-0.12844092812834007,-0.03610533905693636
2012-09-04,91232.06943914943,65485.663770370076,107546.33299563239,108751.42852813045,-0.15926467766751706,-0.41653602495884556,-0.13146458869017108,-0.03912796354424353
2012-09-05,91298.18608194299,65539.3599941639,107614.0748246353,108843.54296254073,-0.1586553897566727,-0.4160576025015379,-0.1309175112057318,-0.03831408748416143
2012-09-06,93194.54910436073,66831.6262107275,109962.2287082653,109850.52374344716,-0.1411797434547417,-0.4045437727544423,-0.11195401201120148,-0.029416920001243296
2012-09-07,93882.88543008357,67517.41259996728,110460.26719137125,111212.0850408169,-0.13483648426707484,-0.3984335551944882,-0.10793189385315971,-0.017386860311272456
2012-09-10,92196.80735377148,66535.15231896061,108099.97084236864,109560.11064552143,-0.15037428148772713,-0.40718529496597244,-0.12699345460741918,-0.03198286169593234
2012-09-11,92252.84459062354,66717.29756171582,107934.02212381217,109649.31359516307,-0.14985787881619883,-0.40556241781616675,-0.12833364291987082,-0.031194710027121375
2012-09-12,91987.90253810969,66541.75269693647,107597.78889781315,109030.00370491989,-0.15229941218586807,-0.4071264869376371,-0.1310490350220911,-0.03666661567000895
2012-09-13,93449.82980785781,67675.8744915117,109182.5762282528,110595.16682717294,-0.1388272427840973,-0.39702169189785497,-0.1182504218333188,-0.022837634322184774
2012-09-14,93821.73018856594,67766.15101221357,109909.79201032974,110513.93558754485,-0.135400051135674,-0.39621734641841844,-0.11237748650578094,-0.023555352035888988
2012-09-17,94508.45932370087,68131.82104965483,110927.35882564285,111228.14948074266,-0.1290716027695229,-0.3929593005910589,-0.10415969992156426,-0.01724492313109105
2012-09-18,94920.7302736953,68371.58202746646,111505.16637358139,111997.92517527551,-0.12527238225241,-0.39082307893399104,-0.09949337330374175,-0.010443578548949839
2012-09-19,95165.54889774036,68511.90817181018,111851.63833367336,112280.18839571076,-0.1230162932908766,-0.38957280146458817,-0.09669529402029453,-0.00794964500612716
2012-09-20,94670.53348118957,68192.13585863444,111209.99501841156,111692.46396228566,-0.12757803291107617,-0.39242190788287024,-0.1018771530871001,-0.01314247769681598
2012-09-21,94169.34429470138,67622.15116383806,110962.86318311434,111393.19802847745,-0.13219666597335422,-0.3975003558452316,-0.10387296962717996,-0.01578663852442075
2012-09-24,93646.40458033836,67379.54635621716,110129.38627558037,110911.81506629291,-0.13701573773198283,-0.39966191544879515,-0.11060406113479704,-0.020039892329447362
2012-09-25,92277.71301253937,66547.01276529545,108270.89068155597,109986.24922507835,-0.1496287076393984,-0.407079620795996,-0.1256131199303121,-0.02821771901879222
2012-09-26,91449.6207366072,66016.1327931112,107190.88158179009,109357.81029276356,-0.15725986662556202,-0.4118096536154925,-0.13433518530953437,-0.03377028421130546
2012-09-27,92507.52463708805,66649.22513431015,108644.3690677063,110328.23371323774,-0.14751091340949163,-0.4061689293302606,-0.12259693895328538,-0.025196118879636353
2012-09-28,91765.2662256507,66210.32719545586,107615.89366087674,109767.81657515216,-0.154351083413637,-0.4100794208989078,-0.13090282243263218,-0.030147678266258193
2012-10-01,92207.4711409648,66651.31053440855,107940.26252425987,110382.21045256115,-0.15027601097146714,-0.4061503488385789,-0.12828324595496643,-0.024719208000056447
2012-10-02,92523.97719256216,66841.68611614745,108373.25770252943,110571.47372853657,-0.14735929737562603,-0.40445414103862964,-0.12478641222034903,-0.02304697443150383
2012-10-03,93213.63744668661,67254.96672758137,109319.25718289355,111184.893770991,-0.14100383772623204,-0.4007718946587162,-0.11714659759449564,-0.017627108473205255
2012-10-04,94002.82551527693,67984.6921138404,109983.98661041158,111880.90831260975,-0.133731194572283,-0.39427018955196,-0.11177829696854524,-0.011477479736741847
2012-10-05,93787.10757553161,67979.38662262104,109486.41192859605,111515.14139649783,-0.13571911058383035,-0.3943174604020693,-0.11579666950520406,-0.014709209253395472
2012-10-08,93463.1500158268,67948.96024769329,108775.7100215883,111473.95376644122,-0.13870449242439165,-0.39458855322818287,-0.12153624012493613,-0.015073122100379699
2012-10-09,91770.70157808202,66935.52350957209,106452.9487735739,109941.60327891802,-0.154300994746281,-0.40361806890584917,-0.14029467046584465,-0.02861218777922303
2012-10-10,91148.95742727237,66428.51804267628,105818.80270947772,109565.60491398131,-0.16003058382885615,-0.4081353847281326,-0.14541598234388564,-0.031934317148101354
2012-10-11,90863.80979651547,66343.24194854985,105288.40748408543,109396.38917194116,-0.16265831864546731,-0.4088951774215297,-0.14969941091286876,-0.03342942095367962
2012-10-12,91056.32684527313,66379.45879411715,105681.24909181267,109540.26033764012,-0.16088420693193528,-0.40857249267709095,-0.1465268541380984,-0.03215824887030172
2012-10-15,91845.61197261773,66979.51036885344,106557.17225426213,109792.03143701171,-0.15361066934773204,-0.40322615491600444,-0.13945297013868074,-0.029933728123787584
2012-10-16,93382.50602676693,67986.7112435724,108525.05292569839,110976.24002694711,-0.139447654895146,-0.3942521995157945,-0.12356052638196091,-0.019470666306578455
2012-10-17,93585.54233640383,68288.75873880598,108510.09998055344,110966.18310569756,-0.1375766045257183,-0.39156101762844,-0.12368128514704402,-0.0195595241223544
2012-10-18,93222.32289932281,68351.76407308948,107555.26190865976,110738.8714727003,-0.14092379825254053,-0.390999652885788,-0.1313924795170105,-0.021567933525930005
2012-10-19,91566.74085048956,67362.76464219192,105279.25475872557,109741.29920856837,-0.1561805639494107,-0.39981143711520917,-0.14977332757616724,-0.030381972163595172
2012-10-22,91778.7279313278,67371.12631110779,105763.10247730289,109843.0877934798,-0.15422702910322672,-0.3997369363420211,-0.1458658128747321,-0.029482620254424607
2012-10-23,91510.84800483854,67017.4995094143,105709.80688870946,109970.75261152769,-0.15669563600568837,-0.4028876793828289,-0.14629622370019346,-0.028354639175355856
2012-10-24,91060.62146509613,66733.13598502695,105115.93042337598,109432.11794358275,-0.16084463051321118,-0.4054213006785914,-0.15109232158394548,-0.03311373978946919
2012-10-25,91203.04031299052,66928.00786510755,105133.09557346719,109617.60788071845,-0.15953219118429118,-0.40368503177286164,-0.15095369723219498,-0.03147484551424107
2012-10-26,91763.14546539844,67222.76856663855,105967.89930159341,110392.36528814463,-0.15437062695863424,-0.4010587737386716,-0.14421189042972105,-0.02462948506327267
2012-10-31,90799.30371569775,66680.83289558848,104587.8109758637,109700.59026332604,-0.16325276466628091,-0.40588731059150474,-0.15535737115643466,-0.03074165559623021
2012-11-01,92207.38111771998,67647.01696169864,106327.32237266478,110481.52389752271,-0.15027684056704915,-0.39727880663236603,-0.1413092190305958,-0.023841725162366934
2012-11-02,91685.15665660868,67310.05416503215,105652.5486634753,109860.99945554315,-0.15508932101763417,-0.4002810767700472,-0.14675863645588116,-0.02932436196360444
2012-11-05,92422.90502401133,67707.222375767,106729.79490446499,110668.26384975757,-0.14829071264141802,-0.3967423886106368,-0.13805888369873287,-0.022191786392641744
2012-11-06,92451.49056547527,67910.64321393489,106475.89527939359,110851.80195141754,-0.14802728691223677,-0.39492995022320854,-0.1401093563568918,-0.02057013753803738
2012-11-07,90475.30204925578,66521.68184798912,104101.41546463943,109997.47657582788,-0.16623855296580026,-0.4073053141287355,-0.1592854616234297,-0.02811851988619496
2012-11-08,88806.73934320084,65389.125506232005,102033.3707709344,109140.26304021665,-0.18161493994387634,-0.41739616130158896,-0.17598682185230108,-0.03569242054008048
2012-11-09,88519.32776136204,65086.575245042724,101846.11578625214,108601.88170914374,-0.1842635378588945,-0.4200918227315814,-0.17749907783175345,-0.040449282799080444
2012-11-12,88516.8022586455,65108.69679542381,101805.50899758225,108541.04065897626,-0.1842868112467887,-0.4198947242068618,-0.17782701494422393,-0.04098684322072965
2012-11-13,88218.2580777359,65014.18051160436,101265.48638955753,108435.99203134082,-0.18703799994294046,-0.4207368451152913,-0.18218819346991488,-0.04191499920110686
2012-11-14,86959.2649384882,64044.27510329327,99886.43099355488,107595.62175319034,-0.19864006059164463,-0.42937850547826006,-0.19332533234042237,-0.04934008144114821
2012-11-15,87528.85841871687,64507.60548586287,100471.7812482195,108264.31144485349,-0.1933910581175975,-0.42525032579424016,-0.18859809143843742,-0.04343188111236673
2012-11-16,88940.39092069214,65560.13222273631,102072.78327582625,109736.57726922572,-0.18038329406789033,-0.41587252616031267,-0.1756685296781887,-0.03042369280610624
2012-11-19,91378.88849235959,67241.29551775135,105054.21135835377,111769.07584412064,-0.1579116889127511,-0.40089370236397237,-0.15159075971783242,-0.012465574267483626
2012-11-20,91238.34680264334,67158.81570150779,104859.7163518773,111359.17466857417,-0.1592068295747039,-0.4016285807888882,-0.15316148552263142,-0.016087251542197034
2012-11-21,91843.03444700911,67575.54371098851,105599.28791165573,111990.89278522591,-0.15363442214471124,-0.3979156187919659,-0.14718876594239905,-0.010505713152968998
2012-11-23,93862.67228672662,69002.30612850016,108014.55492515782,113959.33456397562,-0.13502275542917852,-0.38520345518803933,-0.1276832665863188,0.0
2012-11-26,94181.55520261938,69012.1937513312,108734.55180667216,114298.92578959852,-0.13208413820030784,-0.38511535847513223,-0.12186863051078423,0.0
2012-11-27,93014.97254055459,68100.13251614502,107477.70507302985,113070.82563550859,-0.14283460408854132,-0.393241638994006,-0.13201882219423078,-0.010744634261485642
2012-11-28,94032.74075644117,68822.0703206455,108690.22120308733,113499.18062707208,-0.1334555151968454,-0.38680931966036713,-0.12222664084870738,-0.0069969613187669255
2012-11-29,94616.28120125264,69202.13549540672,109438.65858064414,114035.2798189635,-0.1280779865824162,-0.38342301608072415,-0.11618232164739761,-0.002306635594461648
2012-11-30,94550.52427679853,69222.45475696561,109255.03437754704,113799.34579727892,-0.12868395956336887,-0.3832419755836678,-0.11766525573097864,-0.004370819663163106
2012-12-03,94568.18806012203,69132.44923441955,109441.26777670122,114023.26806281702,-0.12852118164265092,-0.38404390652453047,-0.116161249992907,-0.0024117263121871124
2012-12-04,94102.08953298259,68764.27708330308,108945.3207181619,113275.83292409245,-0.13281644204682985,-0.38732424567697654,-0.12016647797677371,-0.008951027828462577
2012-12-05,93296.11212523664,68620.11075185506,107307.76519468462,112545.47129915713,-0.1402438048136686,-0.388608738434181,-0.13339124278752534,-0.015340953367043442
2012-12-06,94467.32437723735,69374.64734543583,108824.179879955,113758.0843853565,-0.12945067564035373,-0.381885970505182,-0.12114480150308782,-0.004731815286152408
2012-12-07,94319.96179007538,69579.69323895985,108158.28469148002,113697.16922253469,-0.13080867324995527,-0.3800590532043068,-0.12652251671942016,-0.005264761351926772
2012-12-10,94627.48021358676,69718.78621622222,108649.91641633723,114108.65825557425,-0.12797478377991023,-0.3788197630033494,-0.12255213901831186,-0.0016646484882500978
2012-12-11,95329.54071020475,70014.91950284776,109806.21996298282,114302.36936039175,-0.12150505157335645,-0.37618127551450886,-0.11321392591042623,0.0
2012-12-12,95447.61774117214,70193.69234792487,109796.44159783037,114389.84901752872,-0.12041693057269609,-0.3745884457436468,-0.11329289518964814,0.0
2012-12-13,95567.06036891864,70346.60151454314,109830.78646554558,114639.71591186174,-0.11931622512168505,-0.3732260560992786,-0.11301552883994082,0.0
2012-12-14,95456.08262691487,70475.07672135942,109370.39353542337,114910.58587499453,-0.12033892369981503,-0.37208136807830783,-0.11673362458332681,0.0
2012-12-17,97222.62330760335,71716.71456480057,111493.57440070853,116208.75038232202,-0.10405963553149522,-0.3610186268616038,-0.09958698913095398,0.0
2012-12-18,98212.10444658555,72295.12303839927,112868.21629930695,116100.40764428968,-0.09494122191402299,-0.3558651247395701,-0.08848549330541622,-0.0009323113593072696
2012-12-19,98164.9372912379,72149.7240998352,112989.2985684366,116355.408567042,-0.09537588369247973,-0.35716059977604275,-0.08750764277819167,0.0
2012-12-20,98290.94369619829,72448.62656681973,112807.62088605786,116012.86584655673,-0.09421469074638544,-0.3544974394521596,-0.08897485691925444,-0.002943934662804293
2012-12-21,97199.35791631995,71449.60855732289,111862.7450398414,115674.25400525036,-0.10427403422221981,-0.36339848718380785,-0.09660559716740091,-0.005854085943922116
2012-12-24,96939.69358482971,71221.00741089572,111623.65732276993,115533.0744197026,-0.10666693155290352,-0.36543527700792977,-0.0985364500649537,-0.00706743380017083
2012-12-26,96979.73644195411,71416.52511810965,111406.70593390598,116047.06022234127,-0.10629792266602245,-0.36369325391350116,-0.10028853178185282,-0.0026500559664406342
2012-12-27,97599.71981764951,71881.2962249426,112105.91515281687,117002.4911513156,-0.1005845597399111,-0.3595522376686642,-0.09464177517358185,0.0
2012-12-28,97542.06561637699,71800.76656045057,112099.9821352684,117498.07689936402,-0.10111586330222921,-0.3602697406372225,-0.09468968973926939,0.0
2012-12-31,98786.6101413141,72559.38790459189,113779.69563317236,117979.5558083739,-0.089646951671018,-0.35351057840965683,-0.08112446056642586,0.0
2013-01-02,102395.70828907644,74973.17492092498,118316.07944729789,120639.9336915973,-0.05638785414925929,-0.33200422592934997,-0.044488994975788065,0.0
2013-01-03,102806.7563134951,75386.84216720733,118613.38527868548,120832.70776121248,-0.052599903317624874,-0.3283185347113977,-0.042087977336632276,0.0
2013-01-04,103408.01376904157,76121.33813744654,118844.28282964072,121377.95209644454,-0.047059106273326434,-0.3217743246694834,-0.04022326755245509,0.0
2013-01-07,103821.11808415089,76309.57895449195,119501.67704953002,121767.52447171665,-0.043252206006178295,-0.32009713718974064,-0.03491420546488544,0.0
2013-01-08,102459.09008259512,75274.74474882796,117987.10411306193,120598.44369165578,-0.0558037688278199,-0.32931729996097703,-0.04714577293625122,-0.009600924262301302
2013-01-09,102330.53412932303,75133.10662842315,117913.4513580218,120261.73993286928,-0.056988456750349914,-0.33057926687084194,-0.047740586577135424,-0.012366060206776441
2013-01-10,104548.42660050737,76833.19843099538,120356.10989237773,122633.42221276739,-0.03654980449656475,-0.3154317939133716,-0.028013875533324684,0.0
2013-01-11,105936.69447324186,77798.20647962001,122041.3539968078,124146.73742751272,-0.023756432115093706,-0.3068337680313771,-0.014403981633380414,0.0
2013-01-14,105989.96077975634,77986.6124611412,121867.39552888703,124448.67916466328,-0.023265564532540695,-0.30515510896967235,-0.015808856028237894,0.0
2013-01-15,105688.48708586834,77984.75348012464,121174.0334168011,124496.41669182446,-0.026043749711982866,-0.30517167211328267,-0.021408391878815602,0.0
2013-01-16,105056.04155938036,77355.30670396473,120705.51420600104,123687.830389407,-0.03187195570181034,-0.3107799151538193,-0.025192114801988796,-0.0064948560280173595
2013-01-17,105507.33240731557,77749.78075849473,121126.02021445913,123861.9119189027,-0.02771315322328527,-0.30726523137946293,-0.021796142583863642,-0.0050965705663030825
2013-01-18,106924.97729763706,78970.26589158872,122476.40644110969,125564.40182704023,-0.014649061384259365,-0.2963909565193851,-0.010890533586124018,0.0
2013-01-22,107039.6888588468,79200.83165212773,122377.90736729672,125615.54761129935,-0.013591954360580027,-0.2943366623822101,-0.011686004070378009,0.0
2013-01-23,106169.62567073936,78380.07200160592,121662.14549619264,124284.1373735992,-0.02160988993301627,-0.30164946430976003,-0.017466438547344643,-0.010599087955417974
2013-01-24,105511.03642862977,78446.22919937425,120036.76518494697,123541.33299471128,-0.027679019375695613,-0.30106001710307284,-0.030592877337405233,-0.016512403568119227
2013-01-25,108449.1955872695,80648.82018957224,123350.88440795626,126286.89356378917,-0.0006028585203211589,-0.28143537835714594,-0.003828320868491719,0.0
2013-01-28,109248.3694377522,81104.59000568932,124478.25076937921,127050.70302791346,0.0,-0.27737456178593534,0.0,0.0
2013-01-29,108610.8449589453,80781.37924056665,123515.28200001152,126268.66303440236,-0.005835551432830877,-0.2802543041132918,-0.007736040339703876,-0.006155337789349291
2013-01-30,108677.10495454242,80758.57085362237,123704.27081826192,126783.24435960765,-0.005229043565133318,-0.28045752221240805,-0.006217792637134956,-0.0021051333202544154
2013-01-31,108695.71768128139,80764.43188382634,123738.02058641934,126788.57303718028,-0.005058672814203469,-0.28040530162268273,-0.00594666279759426,-0.002063191973645351
2013-02-01,110729.72879435048,82210.23329354187,126161.6769987923,128389.71503953834,0.0,-0.26752350446184503,0.0,0.0
2013-02-04,110394.82492474909,82228.36197538178,125371.0439106327,129231.0514571684,-0.0030245162997136754,-0.2673619815855456,-0.00626682449827598,0.0
2013-02-05,111031.84548802099,82506.26529330922,126395.91494546778,129047.59577277157,0.0,-0.2648859194183566,0.0,-0.0014195944575877695
2013-02-06,112594.2034481914,83835.93902568378,127915.78107845329,131133.07104097967,0.0,-0.25303879629657644,0.0,0.0
2013-02-07,112407.84544992942,83604.21771949925,127846.60564135986,130834.61887205606,-0.00165512959419567,-0.2551033861109554,-0.0005407889199458005,-0.0022759489010240053
2013-02-08,113543.65165929028,84247.58234849569,129447.22396521154,131605.65576266102,0.0,-0.24937113782602638,0.0,0.0
2013-02-11,112217.81292760777,83243.18765790059,127967.33400315288,129659.06879466031,-0.011676907623694777,-0.25832009069515816,-0.011432380832333444,-0.014791058611578145
2013-02-12,114081.70824650233,84872.47489254657,129714.62684765464,131899.56725573528,0.0,-0.2438034720693807,0.0,0.0
2013-02-13,113259.34222266215,84146.02347299199,128955.35465330181,130522.0612675526,-0.007208570387666757,-0.25027600679719364,-0.005853404606749324,-0.010443597479830036
2013-02-14,113235.09998404044,84179.21599294053,128849.24105457283,130472.09328773664,-0.007421069297389726,-0.24998026818028485,-0.006671458833229171,-0.01082243101852609
2013-02-15,112637.29812683766,83810.14477582042,128053.49227864522,129367.24541968442,-0.012661189439271525,-0.25326861782837395,-0.012806069827116406,-0.01919886386845404
2013-02-19,114317.63672989632,85067.75934626788,129952.58258366704,130682.53705993983,0.0,-0.2420635272162367,0.0,-0.009226946085697074
2013-02-20,112785.22835405712,84059.5616965982,128008.00459694194,129114.0563682212,-0.013404829033160315,-0.2510463636789798,-0.014963750223841221,-0.021118423247844076
2013-02-21,111774.3227520281,83505.76838753751,126554.53902110511,128795.24132966745,-0.022247783024743728,-0.25598054968019046,-0.026148334223170755,-0.023535527755363828
2013-02-22,112275.12833603712,83862.68641744085,127147.986980133,128851.2662141378,-0.01786695782283476,-0.25280048246392917,-0.021581684240314036,-0.02311077363648395
2013-02-25,111772.56827360866,83212.02593559636,127000.94806553717,129819.68356236069,-0.02226313042405703,-0.25859773531717056,-0.022713165521197065,-0.0157686923213477
2013-02-26,110194.720922663,82160.6314476396,125019.10549406918,127962.22665498721,-0.036065439464732174,-0.26796544684302026,-0.037963670990698084,-0.029851050179066196
2013-02-27,111112.17745379845,82937.29576300767,125917.97934542866,127956.67922802386,-0.028039936511909835,-0.2610455254033247,-0.031046733801083137,-0.029893108140883418
2013-02-28,111118.57603867902,82946.944514425,125917.75912330321,127826.18004519487,-0.027983964528376926,-0.26095955698623907,-0.031048428435549558,-0.030882491089926578
2013-03-01,111871.55246881238,83472.04432030549,126831.89093725655,128407.93742683358,-0.021397260571992094,-0.256281024275527,-0.02401407947703771,-0.026471882368892863
2013-03-04,113613.9322717051,84806.62990728568,128754.875501499,129985.0777488927,-0.006155694592024252,-0.24439013752598449,-0.0092164931112233,-0.01451475199407326
2013-03-05,114772.21576379756,85417.33775748237,130452.87538055542,130524.16511294844,0.0,-0.23894885451304781,0.0,-0.010427647121238226
2013-03-06,114568.33345578966,85431.03150797005,129970.04527872436,130405.76493265858,-0.001776408224334447,-0.23882684597510606,-0.0037011840515017713,-0.011325301167822821
2013-03-07,115609.8101610707,86171.1769095978,131206.87059232782,131207.15685408964,0.0,-0.23223230064597178,0.0,-0.005249527470421067
2013-03-08,117159.57581342394,87460.8808221164,132761.46826439,132626.9530138055,0.0,-0.22074130050794283,0.0,0.0
2013-03-11,119092.36721732689,88941.49765117762,134894.32146967034,134669.1184081476,0.0,-0.2075493050259063,0.0,0.0
2013-03-12,119294.7817010952,89156.31250601387,135026.99039133894,135446.43433943053,0.0,-0.20563534826217633,0.0,0.0
2013-03-13,118313.62463359386,88543.97241248775,133732.87827595172,134186.8744330903,-0.008224643639146989,-0.21109117423194346,-0.009584099531779522,-0.009299321259234938
2013-03-14,119077.51777646974,89201.16816385902,134466.536245017,134778.6584168488,-0.001821235778525776,-0.2052356934534354,-0.004150682353932567,-0.004930184584322594
2013-03-15,118496.16338833113,88635.37248720664,134007.82542145456,134587.805327751,-0.006694494942495299,-0.2102768181142206,-0.007547861112290333,-0.006339251497221365
2013-03-18,116717.68130271135,87160.60264330155,132215.79891135948,133224.5560922323,-0.021602792357179768,-0.22341671814505792,-0.020819478178636608,-0.016404110289313212
2013-03-19,117027.0412634922,87374.18254054214,132592.70598560915,133970.88676692586,-0.0190095526834112,-0.22151376460289252,-0.018028131995497243,-0.010893956564459462
2013-03-20,117489.36183672686,87714.13312226198,133124.45008671583,133754.5762815054,-0.015134105940123987,-0.2184848739067039,-0.01409007413339447,-0.012490975241808977
2013-03-21,117420.96152402213,87792.84234256134,132849.97245858167,134621.28975841915,-0.015707478150788767,-0.21778359072647546,-0.016122835341643715,-0.006092036198926842
2013-03-22,117179.5925107715,87534.30836982488,132695.3810881169,133615.63154001784,-0.01773077715690463,-0.2200870759586775,-0.017267727707360625,-0.013516803217016982
2013-03-25,116617.85935048344,87093.33216440812,132091.68321381483,133192.8915764488,-0.02243955948818488,-0.22401608446064902,-0.021738669943075273,-0.016637889169782927
2013-03-26,116333.10020764658,86989.49489651868,131603.9579358743,132350.23008765242,-0.02482658043559194,-0.2249412534456139,-0.02535072762522461,-0.022859252566361232
2013-03-27,117243.48235242258,87611.62649076771,132722.81563251727,133619.62442974868,-0.01719521440436811,-0.2193981871914169,-0.01706454948113445,-0.013487323742342627
2013-03-28,117173.0854758466,87584.63969973654,132604.24075223703,133105.92723029587,-0.01778532300402469,-0.21963863402301453,-0.017942706358782257,-0.01727994627949614
2013-04-01,116861.56845354258,87206.58316382905,131642.3099387598,132823.41867403127,-0.020396644453814172,-0.2230070410380881,-0.025066695501170244,-0.019365704813062434
2013-04-02,115666.93296470876,86612.56073392388,131141.62596381854,131151.8622338813,-0.030410791525453118,-0.22829966034223725,-0.02877472434407169,-0.03170679336443061
2013-04-03,115547.3326159225,85901.8513124654,130184.41541635308,130545.47731900545,-0.03141335297098158,-0.23463193706157304,-0.03586375554213994,-0.03618372860331798
2013-04-04,115425.4576034618,85813.51292400945,129563.18666675604,130064.18505562432,-0.032434982003893276,-0.23541901417600786,-0.040464530156138045,-0.0397371057426158
2013-04-05,119756.39395839561,88691.12597799352,133380.02702578934,135259.15737732124,0.0,-0.20978006582549058,-0.012197290043837294,-0.0013826643943979366
2013-04-08,122841.06962652851,91433.85990091041,137311.80741508096,138661.1473228726,0.0,-0.18534286316145687,0.0,0.0
2013-04-09,123734.79771066068,92241.43156234357,138989.4738002281,140041.6795501589,0.0,-0.1781475635404186,0.0,0.0
2013-04-10,123819.24803085248,93060.91722578544,141252.5313343107,139955.7826164992,0.0,-0.170846112579218,0.0,-0.0006133669200171221
2013-04-11,124990.08149361983,94041.49720447764,142223.23622981508,141180.17086116245,0.0,-0.16210934396036814,0.0,0.0
2013-04-12,125125.7639512792,93768.74994904055,142056.269939247,139585.6123478608,0.0,-0.1645394666570994,-0.0011739733604310132,-0.011294493437536302
2013-04-15,122299.91051554828,90478.64522111617,137522.29344399675,133602.4297690686,-0.02258410535524269,-0.19385363211456297,-0.033053268301546646,-0.05367425925235525
2013-04-16,121009.51657275742,90315.94111371817,137095.0820390452,132607.652067833,-0.03289688109416489,-0.19530329269356905,-0.03605707707623407,-0.06072041662111127
2013-04-17,121244.56863558287,89740.98564014323,135513.8379463894,132606.9470554025,-0.03101835459887836,-0.20042602928611608,-0.04717512033395255,-0.060725410328274165
2013-04-18,121421.87467727819,89562.59035727114,134182.50476923084,132821.4507848547,-0.029601331948256537,-0.202015495054351,-0.05653598999527343,-0.05920604873419344
2013-04-19,122125.29840206131,90501.55096668407,136286.46876398954,134064.6904980205,-0.0239795982415435,-0.19364954656986744,-0.0417425986301736,-0.050399998241533184
2013-04-22,124415.44449319912,92378.69131583715,139939.71635930188,137330.92226339335,-0.0056768441258561175,-0.17692460699122092,-0.016055884615248983,-0.02726479628328593
2013-04-23,124214.43200299704,92735.32699572333,140396.57217021624,136898.97897543636,-0.0072833277456512135,-0.17374705545631464,-0.012843640097228382,-0.030324314382196405
2013-04-24,124930.47032599321,93277.90997000218,141066.8817546449,137975.2741100559,-0.0015607786847321448,-0.16891275126307181,-0.008130559434758267,-0.02270075699411256
2013-04-25,124791.6621495582,93414.55220281953,141462.00488106874,138653.86574411276,-0.0026701279670195976,-0.1676952966977845,-0.005352369759863196,-0.017894192234220174
2013-04-26,124807.8437586462,93176.39590602939,140900.17623323615,138333.94686120242,-0.0025408052074454845,-0.16981722097259233,-0.009302699275110182,-0.020160224928180814
2013-04-29,123312.08542549053,92384.22755709871,140064.43817708208,137100.55724012214,-0.014494844774692983,-0.17687528020506227,-0.015178940586365597,-0.028896505763916558
2013-04-30,123475.99590143758,92625.42238716604,141125.53104978398,137572.02395817486,-0.013184878938952926,-0.1747262832153711,-0.007718184518437976,-0.025557037372733182
2013-05-01,121809.112176903,91255.11188213203,139605.34019229797,136018.0755950231,-0.0265065456516822,-0.18693547173503533,-0.01840695027700623,-0.03656388311936365
2013-05-02,122980.22418283467,91972.91192344122,141192.04355235686,136769.31221048266,-0.017147066285085333,-0.1805400190317451,-0.007250521819036293,-0.031242763227829373
2013-05-03,125378.8845532006,93684.17176037596,144072.5169387546,138424.0059357494,0.0,-0.16529304115445909,0.0,-0.019522323203047365
2013-05-06,127266.48131689458,95028.79027633692,146342.39154724695,140253.27885420935,0.0,-0.15331276304370267,0.0,-0.006565312970648107
2013-05-07,127866.62412242986,95745.61946018516,146620.74011330892,140271.83298706685,0.0,-0.14692596048337125,0.0,-0.006433891307504269
2013-05-08,127735.81525065948,95631.44377738165,146495.61062760217,140356.6665662786,-0.0010230102864460244,-0.1479432426472228,-0.0008534228214237549,-0.0058330025375424865
2013-05-09,127595.61274413031,95460.59756118857,146435.76956047036,139937.75526540034,-0.002119484894197665,-0.14946544776329673,-0.0012615578989412235,-0.008800213147382552
2013-05-10,130643.9652412281,97598.93044741686,150152.26358993974,142447.73344312448,0.0,-0.1304133356836984,0.0,0.0
2013-05-13,132280.27908993795,98799.07956222758,152067.0530303855,143800.43002886037,0.0,-0.1197202506196905,0.0,0.0
2013-05-14,132975.69111394326,99569.34092685883,152482.0798819629,143712.43726261705,0.0,-0.11285737817169494,0.0,-0.0006119089228430186
2013-05-15,134183.92701663487,100640.32455368579,153612.75356599566,144039.75160176694,0.0,-0.10331513139377979,0.0,0.0
2013-05-16,133857.59765331377,100214.82287875381,153516.14139280334,143921.8654163234,-0.0024319556788693353,-0.107106264969413,-0.0006289332815768711,-0.0008184281362098034
2013-05-17,134995.66229065368,101062.8946808589,154827.4122632452,143512.0799800161,0.0,-0.0995501173137725,0.0,-0.003663374977275091
2013-05-20,135638.10491309542,101616.86032851961,155452.36048317715,145257.67880423792,0.0,-0.09461439581060871,0.0,0.0
2013-05-21,135102.1056353845,101232.84822596089,154811.1753682597,144118.28310542874,-0.003951686571073365,-0.09803586571596845,-0.004124640583935357,-0.007843961904036245
2013-05-22,134364.46383882014,100753.39507253526,153853.65585529114,143373.65726945302,-0.00938999461170087,-0.10230769601648537,-0.01028420940612873,-0.012970202679088438
2013-05-23,134974.31874280827,101181.75096774196,154596.32143406977,144927.27924215898,-0.004893803040911249,-0.09849113191741765,-0.005506761341202093,-0.0022745755322457484
2013-05-24,133878.64279870313,100345.5758035307,153364.06353392673,143595.74607800078,-0.012971739140115401,-0.1059412829436357,-0.013433677962557566,-0.011441272777578337
2013-05-28,133005.32933347946,99660.16892749477,152410.8933548323,141753.36813683974,-0.01941029463145927,-0.11204811911795887,-0.01956526822038185,-0.024124787730643193
2013-05-29,134008.95440409658,100326.1951614896,153692.70486001924,143694.6212500403,-0.012011009074792467,-0.10611396053126476,-0.011319581238191212,-0.010760584686914432
2013-05-30,132605.20638688907,99192.7320705364,152209.25225804342,142354.1978026604,-0.02236022486564193,-0.11621288665544671,-0.02086239292252301,-0.01998848546582177
2013-05-31,131272.1313381302,97941.38124500099,151068.57141277604,140943.881813338,-0.03218839999100953,-0.12736216857153337,-0.02820020909798615,-0.02969754870386976
2013-06-03,130939.54285357145,97878.82756064224,150405.6124360045,141045.0125206754,-0.03464042838503523,-0.12791950920501016,-0.03246491742863433,-0.029001332791775303
2013-06-04,129325.1002488618,96692.87522397279,148519.03178090867,139237.8985151088,-0.04654300256022026,-0.1384861038567633,-0.04460098695650749,-0.04144207961110202
2013-06-05,128223.55324004364,95828.49974745566,147316.7960827294,139250.5794355902,-0.0546642234333955,-0.146187513942874,-0.052334775587587035,-0.041354780126587554
2013-06-06,127447.4189395803,95444.06724449375,146123.84521166727,138224.23064013728,-0.060386319749623274,-0.1496127295305132,-0.06000883642110666,-0.04842049124011916
2013-06-07,127018.35810963315,95070.829160497,145711.86333854808,135761.92140239367,-0.06354959625088408,-0.1529382051168815,-0.06265904946282996,-0.06537181015154159
2013-06-10,128233.70442909776,95960.70651079314,147136.54491557044,137129.62250303078,-0.05458938318801876,-0.14500957851055252,-0.05349430231718244,-0.055956121343238796
2013-06-11,127717.0446254923,95561.50013323953,146563.0916392867,137185.8244855289,-0.05839848833539962,-0.14856642632270822,-0.057183234891132084,-0.05556920904393203
2013-06-12,122928.78265409448,92136.86376237284,140824.8329978096,132806.35978165214,-0.09370023465857125,-0.17907924141797926,-0.09409652860787865,-0.08571883514238365
2013-06-13,124427.13990828139,93369.76033098213,142372.14398536927,133616.88351833462,-0.08265350663810145,-0.16809438318614056,-0.08414292621322661,-0.08013893228730073
2013-06-14,123061.38031229479,92363.36584587248,140780.97342509785,132795.89914109118,-0.09272265053289164,-0.177061153818574,-0.09437867017572255,-0.08579084951468441
2013-06-17,122510.97204218376,91856.24103700042,140296.0979093966,131385.89692359956,-0.0967805682578825,-0.18157953295364748,-0.09749779628094324,-0.09549775264778393
2013-06-18,124078.43536459142,93012.71190750557,142120.03560039354,132111.2282043166,-0.08522435163710362,-0.17127561218267806,-0.08576469885271643,-0.09050434171978361
2013-06-19,123604.62106654154,92538.46955082232,141760.6741715785,131595.5330406063,-0.08871757574513328,-0.17550101534165918,-0.08807641305054581,-0.09405455103026905
2013-06-20,121937.32485562371,91259.31161348477,139896.07518060997,129532.0245307047,-0.10100981627729111,-0.1868980529809433,-0.10007107807314808,-0.10826039905763951
2013-06-21,122181.06315912816,91589.89636960326,139947.53335701828,130039.89906084392,-0.09921284113036899,-0.18395260989023465,-0.0997400559114493,-0.10476402947277452
2013-06-24,122388.3996721951,91626.03597968942,140368.71643558392,130633.79656104381,-0.09768424034963874,-0.18363061329825925,-0.09703065299690683,-0.10067545043799397
2013-06-25,122315.17069909588,91674.34265801731,140125.9107882359,129850.89056300893,-0.09822412531150937,-0.18320021059734037,-0.09859258262340675,-0.10606522400783047
2013-06-26,124251.77943864159,93160.88152680174,142290.51689075175,130110.62681917677,-0.0839463621358405,-0.1699554509431429,-0.08466802016718011,-0.10427711711870769
2013-06-27,124403.18743764659,93347.76904339033,142350.9238597129,129535.13193820807,-0.08283009765321592,-0.16829032109584208,-0.08427943186415665,-0.10823900667736086
2013-06-28,125132.15702563901,93636.59752250179,143582.63340408102,131148.94893918358,-0.0774557259863492,-0.165716917959571,-0.07635604272719076,-0.09712897783578456
2013-07-01,127042.91646468139,95049.88317888985,145805.60321368094,133309.8331799052,-0.06336853831687672,-0.15312482956238616,-0.062056035942536725,-0.08225276434738227
2013-07-02,127364.70277741321,95226.2098414687,146273.8745026815,133377.59183377086,-0.06099614957745869,-0.15155379478117426,-0.059043722153636624,-0.08178629225156298
2013-07-03,129031.91638654095,96296.16953597378,148459.81771128427,135098.04591089865,-0.04870451803191378,-0.1420206710324582,-0.04498190153020931,-0.069942139905948
2013-07-05,129561.7380984726,96839.38313163769,148842.36717892467,133724.6948105814,-0.044798375932161516,-0.13718074813064784,-0.04252102241295852,-0.07939672510669393
2013-07-08,131502.7836747953,98518.9213982524,150720.92663100534,136105.07420042844,-0.03048790191332784,-0.12221640300758385,-0.030436551992298888,-0.06300943729208519
2013-07-09,131683.05694625276,98709.41968694609,150842.38305158785,136211.84866218362,-0.029158826491837875,-0.12051910191356874,-0.029655242398768156,-0.062274367981917544
2013-07-10,132485.5130568636,99041.96360824784,152174.76013825156,136807.3914598152,-0.023242671063944176,-0.117556203058655,-0.02108427517432454,-0.058174462197011056
2013-07-11,131252.80737369866,97808.5867155032,151237.874147333,135656.80510325398,-0.032330867068708025,-0.1285453408810665,-0.027111111872117455,-0.06609546414357159
2013-07-12,132226.00687165445,98334.99411680829,152664.64895075894,136441.95885790634,-0.025155895857046473,-0.12385515776047451,-0.01793289933812159,-0.06069021630321125
2013-07-15,132843.12480057718,98873.05480043957,153255.62737409407,136989.4904980582,-0.020606157202719744,-0.11906114625918296,-0.014131230315546195,-0.05692083457648156
2013-07-16,133506.53968807578,99246.3912781563,154205.9754746216,138060.37176429114,-0.015715091466261266,-0.11573479400473685,-0.008017794034658188,-0.049548547788971
2013-07-17,132791.44351621653,98712.75300401506,153383.15428671046,136862.38963730086,-0.020987180547109352,-0.1204894027349217,-0.013310870224390148,-0.057795837273782236
2013-07-18,133653.86443089426,99753.95513351995,153764.71506524208,137687.9707284607,-0.01462893103285745,-0.11121250305452002,-0.010856351184951651,-0.05211227480771485
2013-07-19,134223.02180839726,100795.51441290797,153472.12007107332,139064.9094719335,-0.01043278439790074,-0.10193242124113688,-0.012738567661171873,-0.04263299113192043
2013-07-22,134375.7237490904,100858.51099162047,153726.0990265047,140094.11633198446,-0.009306980253180663,-0.10137113450884572,-0.011104761943188768,-0.03554760419387071
2013-07-23,132316.25917981297,99576.58738567385,150964.7732985838,138477.98328382062,-0.024490505344429425,-0.11279281369419336,-0.028867925650308712,-0.04667357743995215
2013-07-24,132517.34483302536,99384.38754024878,151721.88710248456,137859.94634533022,-0.023007989399951856,-0.11450527531338439,-0.02399753448000108,-0.05092834003548641
2013-07-25,134377.89770421304,100582.42611873965,154155.17929032427,139873.76505959878,-0.009290952639671612,-0.10383099469969048,-0.008344557707718137,-0.03706457234453664
2013-07-26,133231.98206512292,99509.81383888006,153170.69799117392,138518.8542539305,-0.017739283879807388,-0.11338775244562016,-0.014677567358330035,-0.046392208699612025
2013-07-29,131141.70744797125,97889.76927259017,150857.98245862228,136361.56181494048,-0.03314995788244801,-0.12782202077198024,-0.02955489392553845,-0.06124369508400751
2013-07-30,131606.14764564706,97972.70995092533,151797.36818562946,136556.63863449468,-0.02972584488725849,-0.12708303615935213,-0.023511976828060055,-0.059900724294717156
2013-07-31,131740.15685624775,98015.44527865354,152039.53394612655,136586.91660880117,-0.028737854007508612,-0.1267022730616698,-0.021954163490620848,-0.05969228110220759
2013-08-01,132927.05791390495,98963.22397475733,153314.58974333192,136413.21538080025,-0.01998735533003404,-0.1182577572142447,-0.013751934889895567,-0.0608880955295813
2013-08-02,135581.53036102178,100739.4505373379,156686.26873929717,139110.45767401822,-0.00041709925179123086,-0.1024319389952979,0.0,-0.04231942284100676
2013-08-05,134865.98988639686,100101.40895207746,156024.2747437145,138116.1670423067,-0.005692463981218698,-0.10811676004075643,-0.0042249649628465225,-0.04916443537250614
2013-08-06,133123.0087611458,98825.34277889102,153980.52442906483,136275.7711869466,-0.018542696048142848,-0.11948625068887275,-0.01726854772918429,-0.061834305017335
2013-08-07,131535.51277714016,97578.53261651585,152250.21267894914,134993.1067990602,-0.030246604658652698,-0.13059507621764876,-0.028311709098957305,-0.07066457408431515
2013-08-08,131105.4457867932,97193.3693326128,151854.9276169398,135027.162099339,-0.03341729913733571,-0.13402680291517455,-0.030834489590124914,-0.07043012657999626
2013-08-09,130878.53073363681,97083.49555409436,151501.64277546515,135052.0847658593,-0.03509024386995163,-0.1350057559848411,-0.03308921710592572,-0.07025855102732692
2013-08-12,130015.46328485891,96271.16883301649,150769.41759049834,134650.30080851945,-0.04145325999533089,-0.14224342222235886,-0.037762410174203564,-0.07302455941082409
2013-08-13,132148.7030578787,97717.96795934132,153449.0299723249,135886.2602989983,-0.0257258228242897,-0.12935273560900118,-0.02066064112075161,-0.06451582169276826
2013-08-14,132849.0446934605,98169.89900332637,154364.4844147483,137279.80320097934,-0.0205625124401575,-0.12532612171847624,-0.014818045915765521,-0.054922229715719695
2013-08-15,130382.57713661224,96501.03528867521,151260.19455143696,136327.38095193374,-0.038746691277133705,-0.14019535874975586,-0.034630183177623564,-0.061479007002028685
2013-08-16,129084.96953172333,95397.66346705637,149976.44770472962,135199.66412340428,-0.048313380561979535,-0.15002617777065752,-0.04282328686843451,-0.0692425678534263
2013-08-19,129368.43258848516,95385.57687304419,150649.30085319115,135481.33270269487,-0.046223532307733906,-0.1501338668705463,-0.03852901683523169,-0.06730347188542452
2013-08-20,129855.3970751699,95768.12260103115,151179.939768205,135969.9385049103,-0.042633357651454706,-0.14672546206504644,-0.035142383665118127,-0.06393975434403432
2013-08-21,128875.26175754907,94915.78898843263,150239.59454606392,134961.344384362,-0.0498594636063322,-0.15431958158732473,-0.04114383631126961,-0.0708832366359935
2013-08-22,130770.78974359154,96273.11044567244,152509.3869795242,136475.40408578073,-0.035884570730492116,-0.14222612284761016,-0.0266576120127201,-0.060459968731105485
2013-08-23,132872.76848156512,97653.52123364249,155219.7858231807,139069.94583468075,-0.0203876074006053,-0.12992694285665884,-0.009359358212534197,-0.04259831921103674
2013-08-26,132430.66165421027,97118.948294922,155028.3523282964,138934.2503307797,-0.0236470662940933,-0.13468987925857123,-0.010581121270807015,-0.04353249016170935
2013-08-27,129402.77483163429,95124.11257136475,151133.9048418506,137594.64207082213,-0.04597034207648476,-0.1524634607389721,-0.035436186860029695,-0.052754778931468294
2013-08-28,128079.56316190143,94134.77414574433,149614.28487975732,135779.47275672687,-0.05572579885303486,-0.16127826534258105,-0.045134675274618896,-0.06525098105336458
2013-08-29,129750.3362433094,95097.59129719294,151977.048892985,137052.32957021083,-0.04340792488628742,-0.15269975990982132,-0.03005508960167791,-0.05648823044381246
2013-08-30,129863.68660081204,95343.45874315852,151857.4383395797,137115.22521950823,-0.0425722426303663,-0.15050913086070095,-0.03081846570583624,-0.05605523681610791
2013-09-03,132224.39106110873,97019.85541523628,154717.92123047862,139512.3630206513,-0.025167808516448065,-0.1355727767074304,-0.01256234847288118,-0.03955257877505747
2013-09-04,133463.28014386224,97806.78352834783,156361.8097751352,139583.45276341913,-0.01603402503025686,-0.12856140691269602,-0.002070755572728844,-0.03906317440516083
2013-09-05,133895.810841926,98101.86046827168,156903.38378563427,139030.3957240619,-0.012845166719822054,-0.1259323312586007,0.0,-0.042870594735087586
2013-09-06,134528.82994125638,98531.0077139377,157700.29332024645,140346.99925298127,-0.00817819574042089,-0.12210871638753107,0.0,-0.033806677840933386
2013-09-09,135779.9671265363,99336.43186518665,159343.38718904724,140916.5861592444,0.0,-0.11493255064643504,0.0,-0.02988546065674058
2013-09-10,136263.89001616405,99813.00886012209,159716.3608699975,140271.90483216976,0.0,-0.11068634633440033,0.0,-0.034323651686513745
2013-09-11,137094.2741351533,100658.92128515012,160311.60924708526,141262.54705740325,0.0,-0.10314943829030909,0.0,-0.027503755944075503
2013-09-12,136271.01262502192,99971.45133244402,159480.96671137933,139478.37476290305,-0.006005075816075123,-0.1092746560590987,-0.00518142472405525,-0.0397865647373008
2013-09-13,136123.75418523385,99943.38218090014,159181.4260590256,139313.99077285785,-0.007079215788127535,-0.10952474650321875,-0.007049914808837876,-0.040918236339094416
2013-09-16,135561.46745010276,99953.46635109755,157851.13491531898,138361.1198727512,-0.011180676178637716,-0.10943489859316313,-0.015348073313729893,-0.04747810228181548
2013-09-17,136396.61579799518,100455.27314116094,159004.90422235162,138920.13910546165,-0.005088894788343512,-0.10496390192647731,-0.008151031799073505,-0.04362963631903616
2013-09-18,138093.2324910017,101677.45382104155,161026.2761820837,141697.86675333572,0.0,-0.09407452008861183,0.0,-0.024506876883938933
2013-09-19,136864.70357206522,100567.02992855983,159921.20302831297,140224.92380876964,-0.008896373100807264,-0.1039681716298092,-0.006862688375909198,-0.03464708397447869
2013-09-20,137446.4830744798,100573.55738832724,161270.63028847682,140411.3410230061,-0.004683425862770152,-0.1039100132879136,0.0,-0.03336372865880066
2013-09-23,136837.18381802773,99994.34180384404,160767.88277032744,140041.08270767375,-0.00909565697258774,-0.10907070660413931,-0.003117415224644926,-0.03591270450902995
2013-09-24,135937.68555492023,99219.35450950328,159898.26780612802,139356.617442181,-0.01560935968547128,-0.11597568612680309,-0.008509686356988566,-0.04062478080769616
2013-09-25,135512.6306391174,98937.59109838544,159352.98869786982,139520.93196512683,-0.018687388261785065,-0.11848614094098109,-0.011890829639449985,-0.03949358743948017
2013-09-26,135878.52359181765,99006.22607008275,160099.020403509,139169.75330839035,-0.016037780123137835,-0.11787461727140713,-0.007264868270633551,-0.041911212859543134
2013-09-27,136128.26910885767,99021.6880664882,160658.16200411253,139975.17976191052,-0.014229251837319823,-0.11773685402117218,-0.0037977670408352315,-0.0363664013208318
2013-09-30,134124.33444665006,97420.55616082448,158521.30238040126,138034.6277841005,-0.028740713594420764,-0.1320026143793419,-0.017047914447643864,-0.049725777525825965
2013-10-01,136131.83637874102,98766.89082471898,161083.73004034412,138454.73701750208,-0.014203419507820447,-0.12000704573875931,-0.001158923033898862,-0.046833612121147006
2013-10-02,135386.3750818782,98198.25462497942,160246.8024127529,138476.74238477205,-0.019601665920159106,-0.12507347888381748,-0.006348507932861125,-0.046682120183157094
2013-10-03,133106.95911462122,96670.8221285706,157344.20541957955,136947.9222361389,-0.036108021272551416,-0.1386825924615127,-0.024346806742639893,-0.05720700369512299
2013-10-04,134135.59684997398,97362.22034628644,158650.63757870824,137174.00251827989,-0.028659157075532904,-0.1325223746486579,-0.016245938303099616,-0.05565059522156013
2013-10-07,133034.9836631489,96551.31798353526,157368.41832512617,136965.43399835945,-0.03662923038739352,-0.13974735014253292,-0.02419666839752832,-0.05708644716162525
2013-10-08,130962.18486563257,95426.81777415653,154298.97609861128,135822.78307357052,-0.0516393707116225,-0.14976641881074415,-0.043229533966568034,-0.06495281907528416
2013-10-09,130281.67226329894,95114.19082854134,153199.32307660152,134789.13340344746,-0.05656729216047396,-0.15255186145408717,-0.05004821521090075,-0.07206879172906788
2013-10-10,133873.81132921707,97744.22777059957,157411.09384732487,136456.93660534767,-0.03055487286141667,-0.12911876601965266,-0.023932047851788707,-0.06058710473234885
2013-10-11,135814.63244033948,99086.49915489923,159814.68617549835,137533.89931749055,-0.016500446905033384,-0.11715940037568973,-0.009027955743548088,-0.05317295133950628
2013-10-14,136749.37528075877,99612.94978223105,161167.41654933116,138049.28986832473,-0.009731521132510856,-0.11246883211997138,-0.0006400033221239942,-0.04962483908081616
2013-10-15,136449.2090841786,99228.32500675076,161083.46781478127,138383.84937872872,-0.011905169986734854,-0.11589576081673114,-0.0011605490309101185,-0.04732162514295013
2013-10-16,138034.1692856056,100506.01680370951,162751.2364024556,139235.53912146713,-0.0004277052852675878,-0.10451178619069501,0.0,-0.04145832242636038
2013-10-17,139452.70439603564,101584.31883710722,164349.9240612197,141510.33609861557,0.0,-0.09490433389537523,0.0,-0.02579789747757566
2013-10-18,139708.9382894874,101288.47855785307,165436.2727656183,140814.69056985108,0.0,-0.09754021074799724,0.0,-0.03058694225986225
2013-10-21,139777.9639297872,101229.16654124745,165695.78341409896,140817.3764248961,0.0,-0.0980686687796325,0.0,-0.030568451980607314
2013-10-22,140667.04179188755,102093.01349228316,166392.12952361035,142351.11865554494,0.0,-0.09037196774830647,0.0,-0.020009683292613545
2013-10-23,139812.44931643928,101540.9971196759,165270.3349021424,141750.93843781226,-0.006075285756791615,-0.09529032160631479,-0.006741873096279827,-0.024141514550508836
2013-10-24,139335.139760956,101138.14422682898,164797.47458301933,141257.56820440793,-0.009468472600014266,-0.0988796591297384,-0.009583716159872524,-0.027538031949559727
2013-10-25,140107.55974207717,101563.59643043287,165930.86627630022,141840.91243778262,-0.003977349937010266,-0.09508896633359909,-0.00277214582583174,-0.023522104955704504
2013-10-28,140502.27265651105,101918.46325617832,166286.58071604205,142169.7235163193,-0.0011713414405932765,-0.09192717493012914,-0.0006343377410367168,-0.02125846504872364
2013-10-29,141068.56466994795,102514.60025081989,166655.47063371792,142326.76479926368,0.0,-0.08661571528329215,0.0,-0.020177342974922574
2013-10-30,141476.62694824708,102605.19553346308,167472.3402641752,142809.6391260003,0.0,-0.08580852969964559,0.0,-0.0168530827312533
2013-10-31,141562.3138026792,102640.32005906201,167617.69593869266,142524.05902751136,0.0,-0.08549557730445789,0.0,-0.01881910683985677
2013-11-01,141479.36557971255,102691.27741568895,167342.00927539912,141932.68420844577,-0.0005859484826042927,-0.08504155759780274,-0.0016447348339305723,-0.02289031893641369
2013-11-04,142367.25300029514,103441.45596618621,168219.27017439532,142676.4386805233,0.0,-0.07835761894829041,0.0,-0.01777007690721344
2013-11-05,142125.2714668142,103045.95407376744,168292.71521185368,142277.20455866848,-0.0016996993928121151,-0.08188146054965428,0.0,-0.02051853141331128
2013-11-06,142224.1115154429,103392.51515791418,167960.06106451692,142491.3184589027,-0.0010054382720438015,-0.07879367161832607,-0.001976640206428404,-0.019044503313751848
2013-11-07,140252.66507733054,102286.45193570391,165096.7605222439,141444.4025830695,-0.014853049970418475,-0.08864847047232549,-0.01899045175892844,-0.026251804741472817
2013-11-08,141465.13713138338,103163.04825950091,166536.54005893334,140782.21386051291,-0.006336540530917478,-0.08083817511695524,-0.010435241660398553,-0.030810522242727956
2013-11-11,142845.73432174604,104260.96197044245,168012.7621593292,142072.45929058362,0.0,-0.0710559867545616,-0.0016634888335603781,-0.021928062873336818
2013-11-12,142724.75871298934,103985.30903239158,168176.95643319076,141535.9220955462,-0.0008468968942693111,-0.07351199849372492,-0.0006878418861874236,-0.025621755347663755
2013-11-13,144865.40923062805,105326.17820984991,171057.19156288126,143209.50682677212,0.0,-0.061565126228165235,0.0,-0.014100266466642974
2013-11-14,144872.33565573627,105427.72107063691,170907.49962888734,143503.96613374664,0.0,-0.06066039994487393,-0.000875098746952685,-0.01207311506646569
2013-11-15,146824.90441237314,106977.11863586123,173000.82930503463,145198.97203267066,0.0,-0.04685558206145335,0.0,-0.0004041560628706975
2013-11-18,146012.60230986384,106724.0372408877,171489.54257419115,144594.8142744574,-0.0055324544957841,-0.049110485932291614,-0.00873571957379915,-0.004563369972845677
2013-11-19,144928.99909975386,105971.02562116607,170153.0375652779,143581.9390501241,-0.012912695705181165,-0.055819666653671884,-0.016461145019920798,-0.011536324743094517
2013-11-20,144985.53782002244,105975.947188396,170278.99268609524,142829.80200267833,-0.012527619886505414,-0.05577581648839791,-0.01573308422782327,-0.016714275083740016
2013-11-21,146350.61383145422,106858.7498330103,172070.31607909914,143513.49572580896,-0.003230314249596411,-0.047910224074008134,-0.005378663383715954,-0.01200751032776437
2013-11-22,148746.98495502933,108585.05703165704,174926.13299563914,145591.86763837282,0.0,-0.03252917725746318,0.0,0.0
2013-11-25,148807.22933261446,108445.91035253998,175296.54490558838,145786.2647153014,0.0,-0.033768945931047956,0.0,0.0
2013-11-26,149306.6258500032,108540.18318236367,176325.98067891548,145973.18650180617,0.0,-0.03292899414831596,0.0,0.0
2013-11-27,149841.0182366289,108679.9759185526,177363.89875878463,145973.73907948605,0.0,-0.03168346923732657,0.0,0.0
2013-11-29,151813.65142020583,109743.03480069648,180300.36065239247,148042.87459888007,0.0,-0.022211830326351545,0.0,0.0
2013-12-02,151655.9072710072,109649.6074593975,180084.14147368152,146990.75952479432,-0.0010390643247359943,-0.023044248977905135,-0.001199216562454919,-0.007106826836052904
2013-12-03,151947.45290319293,109668.08140808741,180746.50917870156,147647.54689891182,0.0,-0.022879649844037897,0.0,-0.002670359522802923
2013-12-04,151151.44759598508,109035.8660727369,179894.49093666786,147294.60427744844,-0.005238688059581942,-0.02851256018513293,-0.00471388490934177,-0.005054416319995481
2013-12-05,150799.5479669701,108612.81578515045,179753.84056310318,146556.08792912724,-0.007554617825375254,-0.03228185239698311,-0.005492048616092204,-0.010042946503040051
2013-12-06,151210.21783090814,109116.78576101405,179901.10230240086,146391.27230367606,-0.004851908065576449,-0.027791582183797625,-0.004677306799130809,-0.011156243079438966
2013-12-09,153784.43497149314,110887.66016147,183106.35667851346,149046.81095024289,0.0,-0.012013450643254875,0.0,0.0
2013-12-10,153656.34502788258,110634.958655974,183217.44487086788,149893.11140440608,-0.0008329187777313951,-0.014264969775940162,0.0,0.0
2013-12-11,151107.40122194414,108896.65211891469,180018.70063257255,147872.17052062057,-0.017407702866972463,-0.029752928262688494,-0.017458731839371633,-0.013482546761826142
2013-12-12,150236.0967906161,108230.97321573914,179042.77897342827,146335.47707400142,-0.023073454615447853,-0.03568399220226759,-0.022785307918587794,-0.02373447516748317
2013-12-13,151640.61243370388,109308.31255732659,180608.88871385553,148153.26394770414,-0.013940439018985673,-0.02608511729561591,-0.014237487914160574,-0.011607254265393774
2013-12-16,152139.26869210153,109702.71039706747,181145.35081784605,148279.59205364363,-0.01069787251028742,-0.022571112579564234,-0.011309480134286676,-0.010764466329671651
2013-12-17,151387.44842349747,109096.49503079,180355.57626434581,147532.9665274215,-0.015586665506427955,-0.027972368472450437,-0.015620066138020472,-0.01574551928952228
2013-12-18,152966.42676248864,110525.01682776978,181758.88090192262,147548.07274437818,-0.0053191872711704224,-0.015244529154497588,-0.007960835661545596,-0.015644739361644677
2013-12-19,155026.67594951682,112106.63319915805,184054.04114083824,148646.7480686094,0.0,-0.0011526482463909415,0.0,-0.008315014106512475
2013-12-20,155947.53796442575,112217.67419636069,186059.54139404825,149607.23478053513,0.0,-0.00016329549511440167,0.0,-0.0019072032142936068
2013-12-23,156823.06011436303,112551.0546848947,187591.78366362464,149622.78372316307,0.0,0.0,0.0,-0.0018034696772266656
2013-12-24,157250.56708555025,112956.01037713212,187941.8314805156,149955.43057362517,0.0,0.0,0.0,0.0
2013-12-26,158435.85880275513,113903.3207980548,189200.81294329246,150947.08882615715,0.0,0.0,0.0,0.0
2013-12-27,158767.45739540947,114283.95509270488,189362.958146139,151457.54005083186,0.0,0.0,0.0,0.0
2013-12-30,159306.43184636158,114752.01828908586,189874.114016207,151582.34247258166,0.0,0.0,0.0,0.0
2013-12-31,159621.1135529083,114872.56628122216,190423.6453045962,151526.00675689356,0.0,0.0,0.0,-0.00037165091110979986
2014-01-02,158809.83713551675,114194.5161231039,189618.15179620543,152156.8055863035,-0.0050825132047624955,-0.00590262914870654,-0.0042300078181064515,0.0
2014-01-03,157475.61691006413,113637.31134650503,187358.99426464285,151555.65141122346,-0.013441183281389768,-0.010753263156784265,-0.016093857645941068,-0.0039508858822555615
2014-01-06,157076.62461806153,113399.58945978143,186801.14803216414,151597.47599408956,-0.015940804309721668,-0.012822703184280693,-0.019023358504862253,-0.0036760077214994524
2014-01-07,157233.86369453472,113332.5982227773,187287.1023337976,151003.74655664474,-0.014955727379901362,-0.013405881911568107,-0.016471394430988107,-0.007578096984986571
2014-01-08,158182.23058387588,113903.36874249454,188603.5630219542,151410.13804899188,-0.009014364935848396,-0.008437154057783558,-0.00955806869325837,-0.004907224060300752
2014-01-09,158167.97080940724,114121.53249594326,188208.22886029197,151707.85621304886,-0.009103700075487775,-0.0065379734221334695,-0.011634145753068204,-0.002950570442936895
2014-01-10,158618.87208866834,114416.97301886222,188794.27945596993,152813.4316877879,-0.006278877787102677,-0.0039660754269612575,-0.00855653112836896,0.0
2014-01-13,155066.77103099634,111945.8638534476,184415.4893280819,150821.69890569645,-0.028532206175860053,-0.02547781879103861,-0.03155152274762851,-0.0130337546908883
2014-01-14,156141.01048270427,112258.95479701753,186458.91831069218,150219.17822623317,-0.021802272849390403,-0.022752268612213133,-0.020820560322548975,-0.01697660626361064
2014-01-15,158830.06177027104,114027.53630313616,189942.94014766216,152175.584436386,-0.004955809197353167,-0.007356238355616274,-0.0025243984598924962,-0.0041740260941529606
2014-01-16,159333.52244069893,114307.83443374964,190679.41968518952,152851.83647235233,-0.001801710975497195,-0.004916159408243637,0.0,0.0
2014-01-17,158118.54595924768,113517.76629356638,189090.3203052307,152525.06004999054,-0.009413338625548273,-0.01179393854873112,-0.008333879883746342,-0.0021378638942352035
2014-01-21,158858.05651501962,113781.35146375855,190417.44000566093,152391.50780670013,-0.004780426729924736,-0.009499350913708904,-0.0013739274010856617,-0.0030116004902267512
2014-01-22,159115.77872656443,113853.30057033653,190912.92360726054,152243.51660036715,-0.0031658395001509243,-0.008873012450947848,0.0,-0.003979800871383166
2014-01-23,158820.35423086747,113366.86635011091,191013.9989335079,153498.12389058457,-0.005016625333686853,-0.01310756762781029,0.0,0.0
2014-01-24,153670.49258438003,109606.75333725265,184959.54425746886,150413.06610590915,-0.03727966079221634,-0.045840474487861105,-0.03169639246255762,-0.020098341963283417
2014-01-27,150590.098506124,107674.81742713993,180812.75120389843,147426.47208708868,-0.05657782260609823,-0.06265855362246586,-0.053405759716912304,-0.039555218328426234
2014-01-28,151894.8358269111,108964.50716297871,181788.4429207298,148554.7909001812,-0.048403858073801986,-0.051431419263149314,-0.048297800497802745,-0.03220451732639451
2014-01-29,151178.14291867308,108517.07041898575,180820.2389242199,149296.73463535367,-0.0528938211638067,-0.05532648976150989,-0.053366559865784646,-0.027370948574105713
2014-01-30,152008.63666561933,108678.35928939238,182533.77070624265,148113.60099211882,-0.04769091455289043,-0.05392242197032138,-0.04439584676836805,-0.03507875381137493
2014-01-31,152038.71342522328,108525.38445189841,182858.8603398109,148717.00510422094,-0.047502488605128956,-0.05525411362174204,-0.04269393154025214,-0.031147734351278933
2014-02-03,147745.54541025247,105498.66843864466,177638.48233436377,146783.45127834135,-0.07439847948886491,-0.08160258054676905,-0.0700237504781005,-0.043744330171940904
2014-02-04,147278.41698280594,105140.08345926042,177119.00210646668,145577.96585905307,-0.07732496218936113,-0.08472416989566878,-0.07274334292052631,-0.05159775136520295
2014-02-05,147792.6123399323,105582.13533737801,177611.08599617114,146184.7037445579,-0.07410361292245526,-0.08087597626312293,-0.07016717629163038,-0.04764501324615389
2014-02-06,149390.2177902873,106739.87660755386,179503.36025384447,146721.136114912,-0.06409487776959932,-0.0707974927082109,-0.06026070729858013,-0.04415029711049301
2014-02-07,152517.34253038833,108673.25135916432,183767.80903818502,149050.71991234177,-0.04450395605193758,-0.05396688802861038,-0.03793538659878681,-0.02897366994148387
2014-02-10,153826.51476795366,109390.32294394207,185708.6629305796,150294.33651902838,-0.036302207496090144,-0.04772456570578287,-0.027774592608655224,-0.02087183406775639
2014-02-11,154959.31210464815,110165.72200994093,187127.0565295506,150840.96427785556,-0.029205418659824955,-0.0409744852374786,-0.02034899235479759,-0.0173106976514128
2014-02-12,155735.6572387225,110637.84227651126,188198.9999766269,151439.08078861347,-0.02434174419474855,-0.036864537302525036,-0.014737134307422628,-0.013414125526633902
2014-02-13,156643.54107265445,111153.73187144921,189513.58462093092,152347.4364479063,-0.018654001428619837,-0.032373564290962054,-0.007854996602103759,-0.0074964267543653484
2014-02-14,156801.67794948653,111460.67339861864,189376.88683298993,152701.2824773789,-0.017663299927344722,-0.029701546618631114,-0.008570639375430456,-0.005191212719796279
2014-02-18,157090.31694525358,111456.32167404208,190078.43735615155,152916.41931174282,-0.01585502413385842,-0.029739429680857743,-0.004897869174928959,-0.0037896526947547304
2014-02-19,156438.35678901916,111011.18487329398,189260.2049911558,152378.20596137614,-0.019939447188696446,-0.033614478486317045,-0.009181494299601467,-0.007295971447877303
2014-02-20,157236.96037781466,111643.34166925702,190116.10302979444,153122.16275168362,-0.01493632716892046,-0.028111364762754554,-0.004700681147594921,-0.0024492881695996616
2014-02-21,157043.01356532876,111517.08122228057,189862.31663056504,153069.16255568556,-0.01615137202212913,-0.02921049966557676,-0.006029308372020203,-0.0027945705395381326
2014-02-24,158211.6117513,112355.94727634004,191259.90697739844,154188.48829609188,-0.008830296758587042,-0.021907920109672907,0.0,0.0
2014-02-25,158045.268620206,112279.4518107796,190988.68283499702,154279.255981893,-0.009872409091920997,-0.02257383598529772,-0.0014180919916136903,0.0
2014-02-26,157466.75779721752,111921.76599161135,190199.79661170533,153518.61871611496,-0.01349668416500982,-0.025687597875953094,-0.00554277361338662,-0.004930262729989421
2014-02-27,158626.968141353,112673.18766853541,191724.51233667292,154269.4871455248,-0.0062281573497843246,-0.01914624774119178,0.0,-6.331918251756274e-05
2014-02-28,158444.3566089188,112749.47888927742,191156.79222479693,153824.38130619627,-0.007372188539453095,-0.018482109877715702,-0.002961124297341078,-0.002948385204489812
2014-03-03,156051.90562112886,111073.99159888846,188230.61387071956,153040.76175338367,-0.022360500138951744,-0.033067727180694506,-0.0182235355478072,-0.00802761343789904
2014-03-04,158316.56764216558,112754.16991312377,190846.67711424822,153463.22036867068,-0.008172765379877545,-0.018441273114002676,-0.0045786280101899335,-0.005289341123851932
2014-03-05,159806.1533347272,113708.79864383374,192822.30801093412,154870.06291597584,0.0,-0.010130944881473036,0.0,0.0
2014-03-06,160213.96568537253,114180.0287942815,193007.73646253088,155425.43036611343,0.0,-0.006028745673229197,0.0,0.0
2014-03-07,160887.09702828332,114970.62614369222,193292.1429220843,155765.0914828109,0.0,0.0,0.0,0.0
2014-03-10,161162.4431847516,115085.77560887423,193761.17156864493,156071.8071147523,0.0,0.0,0.0,0.0
2014-03-11,160485.5827245394,114567.9991013723,193005.71544708175,156030.85651010135,-0.004199864725532132,-0.004499048685752571,-0.0038989035597131183,-0.0002623831004970878
2014-03-12,160194.52095480237,114159.00504319032,192996.4482151995,156309.65575257305,-0.006005879600867292,-0.008052868052378592,-0.003946731676188864,0.0
2014-03-13,158066.67352198274,112816.35892796969,190138.68592082543,155584.70923146483,-0.0192090018095592,-0.01971934992746005,-0.01869562213364373,-0.004637887004599106
2014-03-14,155765.6247973875,111401.74517462736,186985.1025682319,153960.92456549974,-0.03348682410564696,-0.03201117092669448,-0.034971242925275314,-0.015026142663836395
2014-03-17,156466.5571828722,111912.23169134192,187810.9591421912,153379.445761582,-0.029137595019555484,-0.027575466218499378,-0.030709003141765834,-0.018746186707936707
2014-03-18,158801.0408090574,113299.46181769033,191091.5545972203,154716.8988873816,-0.014652311847786925,-0.015521586240638374,-0.013777873811414598,-0.010189753521770095
2014-03-19,157294.63269965735,112232.13750413788,189266.2173587329,152562.76543719007,-0.02399945302802542,-0.024795749862559946,-0.02319842604956379,-0.023970945987585313
2014-03-20,159575.6687399704,114031.52619044043,191719.87193970534,154384.90828923532,-0.009845807828578135,-0.009160553620603196,-0.010535132567653815,-0.0123136824406066
2014-03-21,157855.38100031932,113022.79223167246,189279.49395437838,153748.96756395287,-0.02052005491528308,-0.017925615622672142,-0.023129905635808967,-0.016382149754545883
2014-03-24,156578.82978310608,112372.95394773879,187301.43474422224,152335.5141407057,-0.028440952563563604,-0.023572171684840715,-0.03333865486116849,-0.025424799208553894
2014-03-25,157158.70740124973,112868.70228540889,187860.30609587964,152640.25950744684,-0.02484285857414137,-0.019264529536649255,-0.03045432387197744,-0.023475173222405332
2014-03-26,155694.88380788983,112142.43539527946,185560.04598772092,151845.7876195641,-0.033925766256806766,-0.02557518683801452,-0.04232594959314928,-0.028557852753990587
2014-03-27,154513.20673480944,111488.05339955087,183818.48883185646,150779.68933733157,-0.04125797747009641,-0.0312612239895782,-0.05131411343302095,-0.03537827774373081
2014-03-28,155421.88432399672,112305.97244415758,184624.686331691,151260.41190890342,-0.03561970610096854,-0.024154185432646136,-0.04715333398836885,-0.03230282748278979
2014-03-31,157756.1650696806,114048.74168843433,187302.64256250684,152670.51196779974,-0.0211356817863958,-0.00901096521228073,-0.03333242131976888,-0.023281631369809985
2014-04-01,160174.97313347325,115167.59634684933,191225.30682354225,153930.85813295055,-0.006127172260266378,0.0,-0.013087579542242156,-0.015218494392873372
2014-04-02,161303.252304597,116022.11547915853,192501.11378160876,154908.33629190378,0.0,0.0,-0.006503149092437099,-0.00896502173152669
2014-04-03,160910.68262301094,116130.16980780892,191390.31301390502,154794.63640617588,-0.0024337369270444054,0.0,-0.012235983791520244,-0.009692423280589502
2014-04-04,157843.08033614897,114789.31729076432,186305.3389666073,154086.8798804622,-0.02145134657244241,-0.011546116907119597,-0.03847949793901928,-0.014220336302380177
2014-04-07,155347.72403843375,112891.35900822085,183496.96770594458,152336.65926624025,-0.03692131547922628,-0.0278894864697794,-0.05297348163000748,-0.025417473202178575
2014-04-08,156009.6635037504,113081.40713994994,184757.56507647727,152886.8394205104,-0.03281761976411024,-0.026252976921540494,-0.046467547751061655,-0.021897664066772182
2014-04-09,156486.3698672729,113061.78391712754,185922.8537984864,152337.93997679447,-0.029862277223202782,-0.026421953018405553,-0.04045350111532331,-0.02540927978285301
2014-04-10,152624.43672799395,110851.833983903,180379.76353250543,150960.82328922214,-0.05380434338803297,-0.045451891034357206,-0.0690613497420911,-0.034219462883455676
2014-04-11,149966.47533236287,109071.06499900403,176992.1283346424,149181.24786454762,-0.07028238309061696,-0.06078614041887176,-0.08654491040823253,-0.04560439886905754
2014-04-14,151243.69475767383,109997.59894164685,178503.4516076151,150065.5338173014,-0.06236425740460094,-0.05280773184359622,-0.07874498196675273,-0.03994712869917427
2014-04-15,152710.9790612703,111259.62103957041,179914.5793819,150447.43622325198,-0.053267823931420044,-0.041940425785126245,-0.07146216176670572,-0.03750388612332778
2014-04-16,154488.01589194222,112389.54388087256,182279.2309635137,151240.48755092543,-0.0422510787307947,-0.032210629960560344,-0.05925821211843496,-0.032430294707268326
2014-04-17,155110.5683001607,112910.53366766464,182901.76569727567,151324.2547307961,-0.03839156319515713,-0.02772437296417174,-0.056045314876319474,-0.03189438936305056
2014-04-21,156507.6916044554,113702.29153661746,184919.7963083806,152102.66516698152,-0.029730093049121553,-0.02090652476621291,-0.045630273540806066,-0.02691446389115515
2014-04-22,157658.2457984628,114341.5150777527,186602.7395241855,152583.32162413566,-0.022597228847259454,-0.01540215374709586,-0.03694461582011732,-0.02383943660099863
2014-04-23,156701.02219946973,114019.31255822914,184857.74383646264,152176.62254145744,-0.02853153944122988,-0.018176648265245565,-0.04595052589795068,-0.026441317340356152
2014-04-24,157395.4818101608,114093.4759033826,186386.2813445488,152641.77720748557,-0.024226234986613693,-0.01753802571542762,-0.03806175491400443,-0.023465463649241625
2014-04-25,155225.46336947492,112979.6772822183,183061.08913164854,151780.89529047278,-0.03767927086581668,-0.02712897544888271,-0.05522304778801157,-0.028973005156309517
2014-04-28,155411.13462642903,113098.00687515896,183307.71042019885,151497.56535684722,-0.036528201347370115,-0.026110036157426464,-0.05395023710796809,-0.030785624679149803
2014-04-29,157028.43238659255,114084.9391234257,185527.94583385458,152614.0174466595,-0.02650175899697349,-0.017611536156091012,-0.04249161825424619,-0.023643058313451037
2014-04-30,157579.27420390642,114527.43405298446,186109.17950094683,152820.643056278,-0.023086813486304703,-0.013801200475956676,-0.03949187551741851,-0.022321159108800726
2014-05-01,157255.77784329167,114103.92394639918,186041.93099232865,152385.94258855723,-0.025092330151299636,-0.017448057337409395,-0.03983894458225623,-0.02510218031716971
2014-05-02,157070.9115267372,113994.63650731235,185782.74511860457,152775.91953585987,-0.026238409439306554,-0.0183891344000513,-0.04117660099517828,-0.02260728039927895
2014-05-05,157536.32404293265,114139.14214110264,186648.04964851539,153290.18608276383,-0.023353083139024844,-0.017144792520336072,-0.036710770597346065,-0.01931723062962165
2014-05-06,155728.19073261748,113079.2563658599,184098.3077816948,152337.795874708,-0.03456261105914871,-0.02627149729478717,-0.049869969864043684,-0.025410201684227363
2014-05-07,155278.0695743503,113247.42507468777,182759.84965481874,151257.01323676735,-0.037353138539755304,-0.0248233920426707,-0.05677774254130519,-0.032324570682976006
2014-05-08,155393.9169217407,113322.97986234124,182910.75447304186,151487.9918495615,-0.03663494255960453,-0.02417278774424836,-0.055998923869837514,-0.03084687174184475
2014-05-09,155374.61542190352,113184.23846508075,183091.10362808694,151219.26247942966,-0.036754602266159786,-0.025367493628947413,-0.05506814318976094,-0.03256608332118083
2014-05-12,157892.4915575916,114625.52943953144,186698.0987308736,152824.48290767177,-0.021145021555825094,-0.012956498477248446,-0.036452467646589604,-0.022296593438975054
2014-05-13,158463.50791321934,115055.13904982299,187348.7463207096,153358.8874565107,-0.017605003933927055,-0.009257118626150862,-0.0330944801583406,-0.01887770964535418
2014-05-14,157744.06252860668,114562.7004263299,186449.40982760245,153595.05750746437,-0.022065207769458528,-0.013497520791307949,-0.037735949271199054,-0.01736679818043796
2014-05-15,155783.60699312322,113093.61448257085,184205.9780293975,152149.21250841007,-0.0342190577847169,-0.02614785916754847,-0.049314284497202654,-0.026616674601015466
2014-05-16,156086.5992475124,113133.65690767499,184857.32290756423,151893.2176266173,-0.03234065638821548,-0.025803052773392565,-0.04595269830894,-0.028254416559823192
2014-05-19,156987.62729658667,113596.87515688413,186233.69581313868,152337.82746698102,-0.026754730275747485,-0.02181426803316755,-0.03884924773403042,-0.02540999957084633
2014-05-20,156141.7785713043,112833.96057822477,185475.99819891166,152041.91261793682,-0.031998572003656967,-0.0283837458865277,-0.042759719621111136,-0.027303131812866144
2014-05-21,157182.5623305883,113517.7173487901,186823.65371716992,152215.1938218198,-0.025546229943506638,-0.022495898037024564,-0.035804479273687795,-0.02619455535897597
2014-05-22,157968.76623044047,113971.36422422422,187944.0608210142,152759.41736621875,-0.020672156491053584,-0.018589532652517837,-0.030022066343513343,-0.02271285397732603
2014-05-23,159408.0187718724,114817.48700786929,189969.6074668858,153744.29153824848,-0.011749506012102895,-0.011303546719272695,-0.019568234807126328,-0.01641206489754765
2014-05-27,161108.93646965007,115669.65876066935,192604.1334493073,153857.14631846175,-0.0012046616058304371,-0.00396547295075611,-0.005971465335239956,-0.015690069959551578
2014-05-28,160927.96469426953,115679.25751817951,192160.5035597347,153843.55782184677,-0.0023265966740633193,-0.0038828177929616237,-0.00826103597512129,-0.0157770031470732
2014-05-29,161472.18732131156,115996.03000482525,192931.5856975389,153794.66580953245,0.0,-0.0011550814332370596,-0.0042814866590138445,-0.016089792603866004
2014-05-30,161594.05904599553,116171.5318847516,192933.93355121955,153659.83329075162,0.0,0.0,-0.004269369403210432,-0.016952391386594212
2014-06-02,161850.90264026608,116482.53990176914,193037.67092841282,153490.90031356018,0.0,0.0,-0.003733981552520693,-0.018033149810493754
2014-06-03,162636.98170982933,117043.82742534949,193982.6012147889,154178.44685161876,0.0,0.0,0.0,-0.013634531345445677
2014-06-04,163298.36600158506,117418.00070108725,194940.50495266504,154471.86194069858,0.0,0.0,0.0,-0.011757391461366673
2014-06-05,164750.13280328154,118346.31995423065,196865.47385056576,155613.35752898967,0.0,0.0,0.0,-0.004454607875827965
2014-06-06,165205.2423021831,118613.55013089441,197508.42373045388,155588.58394499813,0.0,0.0,0.0,-0.004613098302233665
2014-06-09,165318.72041028494,118801.05423582914,197468.019781238,155642.05881835672,0.0,0.0,-0.00020456823285186498,-0.004270989728702879
2014-06-10,165471.0758529366,118813.20282510482,197811.63957682907,155885.28774142603,0.0,0.0,0.0,-0.0027149187240150807
2014-06-11,164898.29091340132,118208.36246425583,197448.33509770804,155547.0241784728,-0.0034615411580712907,-0.005090683076184099,-0.001836618309712379,-0.004878979295478869
2014-06-12,163060.0145883573,117011.25309069394,195046.80941230984,154981.29854761506,-0.014570892539081282,-0.01516624155872126,-0.013977085324371807,-0.008498241510176974
2014-06-13,163068.75529173116,117022.75446361915,195048.58141851742,154785.06019942192,-0.014518069389604538,-0.015069439413406327,-0.013968127276142828,-0.009753687613287654
2014-06-16,163635.72483364504,117426.69136687137,195731.6170780989,155084.1959376489,-0.011091672727883473,-0.011669674962591636,-0.01051516737427527,-0.007839949547735925
2014-06-17,163751.5201077006,117641.04406402065,195652.16169129772,154860.39605278653,-0.01039188109687672,-0.009865559830161352,-0.010916839323262484,-0.009271722164628127
2014-06-18,165304.55484666905,118852.08322986004,197349.45736627313,156154.56948511573,-0.0010063450993426093,0.0,-0.0023364763142587064,-0.0009921733031182933
2014-06-19,164888.01843357194,118660.62484476515,196672.78664647724,157011.8276570915,-0.003523621372250263,-0.001610896333424927,-0.005757259445339669,0.0
2014-06-20,165218.0887470786,118948.02586778215,196983.6731992419,157103.0858565232,-0.0015288901976006075,0.0,-0.004185630225594483,0.0
2014-06-23,165431.13260107546,119070.26159286944,197289.39549018737,157395.36987384484,-0.0002413911413535752,0.0,-0.0026401079722048193,0.0
2014-06-24,164534.890598314,118125.69556058006,196717.8850412852,157016.76594334183,-0.0056576972730547626,-0.007932845864730531,-0.005529272887498937,-0.002405432452088463
2014-06-25,165500.0669852916,118706.19063242791,198058.56723878888,157546.14362803983,0.0,-0.003057614517438245,0.0,0.0
2014-06-26,165307.19058719024,118493.17988923997,197951.74028026342,157386.65463534172,-0.0011654158310310248,-0.0048465645066159135,-0.0005393705509172397,-0.0010123319366969197
2014-06-27,165569.17914263887,118533.46981749193,198510.4103972315,157362.1428589001,0.0,-0.004508193466584709,0.0,-0.001167916680805292
2014-06-30,165353.96512360012,118246.80202534563,198472.55953067006,157579.40981598044,-0.0012998434862887542,-0.0069157450106175355,-0.0001906744663199289,0.0
2014-07-01,166568.06205642244,118858.71803114245,200365.45987226412,157799.7522126419,0.0,-0.0017766280085141917,0.0,0.0
2014-07-02,167205.9276842731,119273.02860898658,201201.37723382222,158135.81675169786,0.0,0.0,0.0,0.0
2014-07-03,168629.53259334,120201.94943879676,203059.85694117993,158789.5002163241,0.0,0.0,0.0,0.0
2014-07-07,168540.61169021355,120112.851462863,202995.9738082757,159016.46127103548,-0.0005273151254050479,-0.0007412356983372836,-0.0003146024717367579,0.0
2014-07-08,166466.03776712215,118978.21132554651,199919.72003959096,157986.88455895998,-0.01282986908014061,-0.010180684414551333,-0.015464094917089222,-0.006474654912114075
2014-07-09,166903.41239530692,119112.58611627083,200744.3787554132,158176.445720858,-0.010236167837787469,-0.009062775833603265,-0.011402934192145331,-0.005282569763300882
2014-07-10,166430.36046313914,118728.96580489873,200252.7175652645,158310.02824717108,-0.013041441178066382,-0.012254240807034744,-0.01382419656056677,-0.004442515059244867
2014-07-11,166671.7825894,118597.15117248637,201053.92617112244,158367.2205301018,-0.011609769497856637,-0.01335085057940355,-0.009878519566959731,-0.004082852402476078
2014-07-14,167738.58312604856,119296.72131125937,202440.78003430564,157912.4504267095,-0.005283472317034854,-0.007530893897842339,-0.003048740978152109,-0.0069427456472211935
2014-07-15,167537.17654829693,119249.53077424143,202036.36092281845,157530.9621335985,-0.006477845417963368,-0.00792348767222173,-0.00504036609588443,-0.009341794714605167
2014-07-16,168415.3833310844,119855.97124882981,203126.73417005848,158249.40409323937,-0.0012699392506296814,-0.0028783076446119438,0.0,-0.004823759575989461
2014-07-17,166282.89020775392,118458.7212536913,200352.51198123678,158096.75227067582,-0.0139159632924154,-0.014502495119624093,-0.013657592636226346,-0.0057837345455202804
2014-07-18,167800.89361263334,119197.67931814848,202756.79121945275,158132.38332440218,-0.004913961202187345,-0.008354857182741648,-0.0018212420542144114,-0.005559663066117659
2014-07-21,167721.04117078893,119104.48553094506,202721.56657294484,158255.6491644635,-0.005387498907097998,-0.009130167297415448,-0.0019946542180628857,-0.004784486464424642
2014-07-22,168724.82460035826,119694.3694131462,204141.33055393054,158644.53567456373,0.0,-0.004222727069073118,0.0,-0.0023389125471596772
2014-07-23,169575.0795506835,120042.90081926054,205597.8073582432,159062.15511248691,0.0,-0.0013231783700580202,0.0,0.0
2014-07-24,169567.81550319376,120108.09353678446,205470.85268982107,158544.66916838803,-4.2836762978226695e-05,-0.0007808184680072605,-0.0006174903811154708,-0.0032533568008865643
2014-07-25,169236.12141424348,119828.41604067145,205144.0687178306,159169.9625731956,-0.001998867624524503,-0.0031075485869345165,-0.00220692353796359,0.0
2014-07-28,169278.4417771285,119863.93986575099,205186.03106394166,159070.5387667044,-0.0017493005124396,-0.0028120140698539853,-0.002002824347168586,-0.0006246392528079792
2014-07-29,168867.9872672066,119420.40001432857,204945.35289564193,158858.88875209956,-0.0041697888943967865,-0.006501969627922932,-0.0031734504904734617,-0.0019543500297865
2014-07-30,169661.3355997429,119750.64751934643,206295.8783168265,159044.99443418454,0.0,-0.0037545307838797726,0.0,-0.0007851238826144247
2014-07-31,167501.04648246965,118264.37594326583,203604.43950778618,158143.03587725296,-0.012732948904573549,-0.01611931840188241,-0.013046498218965086,-0.0064517618735406845
2014-08-01,166822.23443373968,117826.20456206288,202715.9602966557,158308.34638981763,-0.016733931487496245,-0.01976461187048828,-0.017353318201892565,-0.005413183300723268
2014-08-04,167658.8423329753,118434.50538070388,203702.58665448113,158442.421810165,-0.011802885198851532,-0.014703955021900916,-0.012570739093306749,-0.004570842081438875
2014-08-05,166164.40424722404,117262.11956782616,202087.93977962824,157698.92847544895,-0.02061124498494249,-0.024457422568404108,-0.02039758899465638,-0.009241907668792626
2014-08-06,166204.48196167045,117352.52246440673,202029.66264490105,158359.64718370273,-0.020375023135664194,-0.023705330801152003,-0.02068008196156712,-0.005090881322034835
2014-08-07,164720.58754325754,116175.5444040652,200448.5689788782,157627.64873044754,-0.02912123754666962,-0.033497002781819996,-0.0283442858173254,-0.009689729254279467
2014-08-08,166298.68712236054,117537.97612961245,201939.26947667587,158356.99432266108,-0.01981976898564175,-0.022162480073093405,-0.0211182544008941,-0.0051075481667005596
2014-08-11,167072.35262113882,117902.5220180002,203192.7591320342,158652.23724655318,-0.015259711173746027,-0.019129701569169266,-0.015042080385273549,-0.003252657211654131
2014-08-12,167006.6963923946,117801.9708526253,203206.313624031,158612.1035670246,-0.01564669521175399,-0.019966220160126946,-0.014976376251446988,-0.003504800762357818
2014-08-13,168590.39193146297,118688.71611212204,205530.12740789232,159619.29034068255,-0.006312243532058726,-0.012589091389447082,-0.003711906002107135,0.0
2014-08-14,169637.98496379104,119396.0442141847,206859.25853147916,160329.41405954945,-0.00013763086250206946,-0.006704593630758038,0.0,0.0
2014-08-15,170182.6976743737,119474.23070504409,208049.27923758462,160555.32364971229,0.0,-0.00605413420622769,0.0,0.0
2014-08-18,171412.1326620233,120374.25923239891,209488.66169822274,160779.03838301578,0.0,0.0,0.0,0.0
2014-08-19,172680.3992891733,121238.7854460369,211083.64386663053,161404.48920642812,0.0,0.0,0.0,0.0
2014-08-20,173415.3808794637,121918.09093529922,211700.79362746738,161722.89020597408,0.0,0.0,0.0,0.0
2014-08-21,175172.50383561774,123201.04688951485,213763.79108176695,162825.951258483,0.0,0.0,0.0,0.0
2014-08-22,175421.2819066528,123185.14742250508,214396.20047550596,163154.76096280623,0.0,-0.00012905301871368735,0.0,0.0
2014-08-25,176775.00591907982,124229.47965202891,215889.2449135804,163953.8638640707,0.0,0.0,0.0,0.0
2014-08-26,176708.55229011475,124166.27536287604,215836.51963013955,164010.10358837384,-0.000375922085928182,-0.0005087704571403728,-0.00024422376141042257,0.0
2014-08-27,176725.36133263522,124140.53920389425,215921.73632752697,164136.48677393948,-0.00028083487360952564,-0.0007159367356587287,0.0,0.0
2014-08-28,176218.49093641178,123819.65151316143,215241.86786831994,164005.70310187532,-0.0031481542301449172,-0.0032989604401099104,-0.0031486800299519446,-0.0007967982904635296
2014-08-29,176490.62391332534,123954.73489772592,215670.96487845614,163952.72119343487,-0.0016087229315928653,-0.002211590639134564,-0.0011613997429625877,-0.0011195900687073213
2014-09-02,177800.5042590117,124662.4059674811,217646.1947138597,164086.44212074255,0.0,0.0,0.0,-0.0003048965783327695
2014-09-03,178746.44829556695,125665.17589432168,218212.59840674134,165457.69617601956,0.0,0.0,0.0,0.0
2014-09-04,177914.67139821872,125047.00470434311,217255.36267739805,164411.35438744663,-0.0046533897891657405,-0.004919192493697877,-0.0043867115663002165,-0.006323923351741811
2014-09-05,179977.62496296267,126460.72370081452,219837.5878900548,166131.44138516235,0.0,0.0,0.0,0.0
2014-09-08,179232.02476943377,125653.48999053272,219420.4876504755,164975.52723289013,-0.004142738263616552,-0.006383276061202814,-0.001897310844712785,-0.006957828949381906
2014-09-09,179572.91946875368,126021.28763054125,219613.4131582093,165850.28282842354,-0.0022486433760433577,-0.0034748818242801294,-0.001019728855274793,-0.0016923861876750879
2014-09-10,180595.70080900044,126451.38912449227,221365.42238256248,165980.23035864573,0.0,-7.381403529149733e-05,0.0,-0.0009101890963918446
2014-09-11,181822.8424085586,127435.37785408429,222652.24565162286,166769.56989838977,0.0,0.0,0.0,0.0
2014-09-12,181296.73611399258,127021.88761234655,222085.96970000706,166206.94221332722,-0.0028935104500448228,-0.003244705267097747,-0.002543320189556164,-0.0033736831329921335
2014-09-15,180724.44221543474,127193.4816282877,220387.4148025646,166283.2287191192,-0.006041046210551015,-0.0018981873783397996,-0.010172054822217946,-0.00291624652846989
2014-09-16,181874.17907835572,127922.42979873985,221929.26290687657,166719.6607076368,0.0,0.0,-0.003247138795435811,-0.0002992703691889753
2014-09-17,182155.38999927902,128109.06010120013,222291.85133625203,166306.97902052215,0.0,0.0,-0.0016186421759011305,-0.00277383264914266
2014-09-18,185669.49746876728,130433.78092228225,226835.90270324293,169032.95181816907,0.0,0.0,0.0,0.0
2014-09-19,186022.56414983008,130670.45883633415,227287.03029118836,169335.8365779786,0.0,0.0,0.0,0.0
2014-09-22,184660.32301643447,129815.20145673458,225445.53316960606,168816.85765329504,-0.007322988690223631,-0.006545147137432039,-0.008102077444643752,-0.003064790862769118
2014-09-23,183556.92946085034,128846.98175266453,224433.8767747509,168515.53327141402,-0.01325449254098987,-0.013954776771339938,-0.012553085465466851,-0.0048442392534365775
2014-09-24,184913.87926223187,129607.2137521309,226427.98468672996,168670.10887798178,-0.005959948421661476,-0.008136843580957787,-0.00377956279932834,-0.003931404677534056
2014-09-25,182754.97834335966,128425.24011153924,223207.36760770172,168593.7992709832,-0.01756553470491129,-0.017182297703623006,-0.017949386193572003,-0.0043820453011651495
2014-09-26,183269.7028689889,128609.62460393635,224144.95166426912,168081.59333655925,-0.014798534217730142,-0.015771232845971817,-0.013824275951398457,-0.007406838781239156
2014-09-29,184330.93304394855,129322.44576611194,225498.44314953208,169313.2559728312,-0.009093687712631637,-0.010316127166206779,-0.00786928818316135,-0.0001333480591215741
2014-09-30,184184.9811891343,128957.25938431777,225777.72237529512,168902.767131808,-0.009878279923158817,-0.013110839797097262,-0.006640536919152784,-0.0025574589225899613
2014-10-01,181897.30752801578,127523.6284427088,222685.60340399813,168611.43370158144,-0.02217610879985321,-0.024082186759340818,-0.020245004219093032,-0.00427790650246429
2014-10-02,180849.671544083,126798.93397123922,221385.9467884693,167496.78768193186,-0.027807877121727276,-0.029628156965026298,-0.025963133466783805,-0.010860364428529334
2014-10-03,181912.57824341767,127610.50198021429,222571.07176601858,166823.2626837112,-0.022094018138047344,-0.023417357552501405,-0.020748911713651008,-0.014837815462117931
2014-10-06,183750.45747465416,128963.34633676396,224708.51127659465,169234.78203083403,-0.01221414555572875,-0.013064257329258755,-0.011344769700630253,-0.0005967699997042608
2014-10-07,179477.8775701304,125892.56001191515,219609.71937734023,166916.1894435906,-0.03518221894000095,-0.03656449106376336,-0.033778042257899044,-0.014289043496553355
2014-10-08,181472.06206376958,127157.77171024047,222283.46611376075,167762.8546146408,-0.024462097417361384,-0.026882029476098634,-0.022014296948740575,-0.009289126242415069
2014-10-09,178285.66563842655,124699.25649713611,218775.4340733671,166328.74896273497,-0.04159118301999065,-0.04569665089090269,-0.037448666590947366,-0.017758128911235294
2014-10-10,174539.85524220063,122937.28951708451,212678.20596438152,164521.78996530193,-0.06172750580075226,-0.05918070073462811,-0.06427478201501768,-0.02842898886592038
2014-10-13,170942.66341713542,120365.43566366988,208361.76109587456,163034.2442082994,-0.08106490092539897,-0.0788626845304905,-0.08326594426029377,-0.0372135780412749
2014-10-14,170646.9827170266,120243.48524734263,207850.5004801362,162790.74119021845,-0.08265438928376112,-0.07979595144799634,-0.08551534940709593,-0.03865156673287018
2014-10-15,169911.53159874922,119709.89638182004,206981.5870082936,163032.7994751378,-0.08660794793745763,-0.08387942119528558,-0.08933832809061071,-0.03722210980389995
2014-10-16,167198.634090387,118120.3441774755,203113.9422475779,160695.91976389362,-0.10119164922531398,-0.096044008497573,-0.10635489412942367,-0.05102237653106778
2014-10-17,169975.5564759107,119994.71590861968,206640.29557725487,162104.749206182,-0.08626376992091378,-0.08169974317673379,-0.09083991588733398,-0.04270264061007967
2014-10-20,173273.5767184734,122001.3097170199,211212.32898261547,164551.7860729966,-0.06853462906299979,-0.06634360356974356,-0.07072423484955925,-0.028251849116291305
2014-10-21,176895.49251341,124146.53724780507,216335.58246674007,165994.09931416975,-0.04906432549262563,-0.04992652238789752,-0.04818333809200581,-0.019734377148631355
2014-10-22,175988.44727440036,123391.73099932584,215433.11341095288,165411.842866837,-0.0539403212792392,-0.05570293317883712,-0.05215395205370432,-0.023172848644679056
2014-10-23,178557.76518995737,124974.27404162002,218961.17555621904,166226.53657241518,-0.04012845965213263,-0.043591985866129446,-0.036631455496174525,-0.01836173646640704
2014-10-24,181682.5520173633,127126.58574838044,222853.8209165059,168434.15149329335,-0.02333056826897162,-0.02712069062520428,-0.01950489374163966,-0.00532483320073851
2014-10-27,181691.75058307804,126999.96912052431,223097.830249325,168411.05407102153,-0.02328111961333801,-0.028089667308868527,-0.01843132024073868,-0.005461233284374534
2014-10-28,183506.39102881096,128030.48401845022,225742.1172400853,168873.55070657795,-0.013526171583101543,-0.02020330257805636,-0.006797189655405322,-0.0027299943162814033
2014-10-29,183481.77276006585,128155.76807822868,225462.65267489819,168326.49995603575,-0.013658511812135732,-0.019244523823515047,-0.00802675636156136,-0.005960561227558281
2014-10-30,185514.33773669193,129852.98226318242,227474.82499466641,169435.98084197022,-0.0027320686361941293,-0.006256016703634737,0.0,0.0
2014-10-31,188498.75427844052,131780.7424151431,231416.26081546774,170107.43030028944,0.0,0.0,0.0,0.0
2014-11-03,195101.66315980055,136232.7092898741,239816.82773283235,175695.9453013306,0.0,0.0,0.0,0.0
2014-11-04,195825.0594898251,136730.9859698868,240718.040073355,176673.06121337897,0.0,0.0,0.0,0.0
2014-11-05,196162.05026536327,137391.20920826524,240386.10258680486,175751.85246822654,0.0,0.0,-0.0013789472797675062,-0.005214200392666735
2014-11-06,198905.30847698625,139369.48041235056,243647.8956972512,177791.31395342812,0.0,0.0,0.0,0.0
2014-11-07,199813.8790463453,140133.72953895843,244536.7223620127,180121.7827594318,0.0,0.0,0.0,0.0
2014-11-10,199365.7337369671,139789.9898301004,244039.97989760202,178237.53391574344,-0.002242813720033321,-0.0024529405589142073,-0.002031361423399214,-0.010460971542819775
2014-11-11,200159.44637019385,140192.3986392667,245282.19140547063,179397.14619374607,0.0,0.0,0.0,-0.004023036828663562
2014-11-12,201920.1115546908,141226.12532452375,247790.0100933056,180709.30769388,0.0,0.0,0.0,0.0
2014-11-13,202206.5929890797,141200.8924011715,248537.7363171135,180862.62036574195,0.0,-0.0001786703649502286,0.0,0.0
2014-11-14,202993.72412181046,141545.87319821163,249864.63323509475,182632.72348707909,0.0,0.0,0.0,0.0
2014-11-17,204626.70059939305,142946.8763046809,251413.98063171093,183989.9603812664,0.0,0.0,0.0,0.0
2014-11-18,205548.5683558563,143464.74999771005,252768.09974691176,184665.14702880176,0.0,0.0,0.0,0.0
2014-11-19,205305.2979739625,143508.2550333692,252094.3860148962,184054.9637544306,-0.0011835177634155203,0.0,-0.002665343184880209,-0.0033042687490780764
2014-11-20,208200.35889515124,145333.2902936718,255997.99728233393,186927.8506035451,0.0,0.0,0.0,0.0
2014-11-21,209114.84601350498,146219.75172971896,256686.74257600633,187718.87643534885,0.0,0.0,0.0,0.0
2014-11-24,209355.0633090572,146019.93533968218,257627.4475191624,187376.5447762823,0.0,-0.0013665485522512677,0.0,-0.0018236400385895912
2014-11-25,210704.02495133327,146794.1228978475,259580.14270498726,188771.09022914982,0.0,0.0,0.0,0.0
2014-11-26,210496.81666648856,146358.47202107488,259836.3874189937,188149.7688382881,-0.0009834092390620386,-0.0029677678381972994,0.0,-0.0032914011891731487
2014-11-28,210839.93690155592,146096.67488718024,261138.59674762216,187270.80089104627,0.0,-0.004751198460122286,0.0,-0.007947664741896343
2014-12-01,210717.9901160546,146342.0541205503,260403.4998971162,189753.9238157932,-0.0005783856099248474,-0.0030796108752376705,-0.0028149682186443536,0.0
2014-12-02,210831.77658538154,146595.49028109972,260232.03019706448,188552.11653463868,-3.870384469994992e-05,-0.0013531373928777901,-0.003471591568035559,-0.006333504240582655
2014-12-03,213017.63633708382,148267.46243236243,262657.89872025984,190749.82085558912,0.0,0.0,0.0,0.0
2014-12-04,214039.6453847739,148932.20066975037,264001.48029624415,191719.19290003122,0.0,0.0,0.0,0.0
2014-12-05,214138.29364707897,149115.05745627036,263918.78250490176,190850.05879502598,0.0,0.0,-0.00031324745319460945,-0.004533370352014954
2014-12-08,215759.54227077658,150280.78374238624,265851.12469179573,193698.2094305721,0.0,0.0,0.0,0.0
2014-12-09,214407.99642031814,149053.49017601262,264697.4032292119,193559.95950929206,-0.006264130134102097,-0.008166669988076802,-0.004339727597245768,-0.0007137387675728579
2014-12-10,208703.6807622692,145073.93349519698,257680.18190383178,190070.69713494135,-0.03270243083688196,-0.034647478656452346,-0.030735031862049178,-0.01872765012281119
2014-12-11,206861.80325330194,143814.2756409866,255369.0910761377,187729.7631410864,-0.041239144854636534,-0.04302950743512646,-0.039428208655539754,-0.03081312061186081
2014-12-12,206303.58507030774,143050.27603870668,255352.62324981432,188806.14360190945,-0.043826368469959465,-0.048113321767566886,-0.03949015244585652,-0.025256123136317088
2014-12-15,203075.0631819993,141062.439945174,250907.72377111396,185257.46971097542,-0.05878988690501741,-0.06134080198180536,-0.05620965846206527,-0.04357675656584803
2014-12-16,199901.61995143443,139429.0631203173,245965.08154870386,183968.06193645817,-0.07349812737107397,-0.07220963553577908,-0.07480142567064929,-0.05023354383459877
2014-12-17,201744.6781141503,140800.58684458653,248078.93053617395,183284.8929467424,-0.06495594127205617,-0.06308322768698627,-0.06685017479698563,-0.05376052011240817
2014-12-18,210555.5324066485,146983.36988235198,258853.30716364653,189063.2272552012,-0.024119488803869826,-0.021941686607695243,-0.026322316808935264,-0.023928884985548793
2014-12-19,211774.3450739915,147856.72053290636,260311.38169556868,189758.32666277754,-0.018470548995620728,-0.01613022735917624,-0.020837764002876957,-0.02034031589335239
2014-12-22,213475.88211770274,149162.75054492248,262191.6641140518,190016.12305081903,-0.01058428345295559,-0.007439628471596849,-0.01376507465216259,-0.01900939812803415
2014-12-23,214409.36573491342,150180.27004896928,262684.5846216506,190632.75193567504,-0.006257783649581072,-0.000668839294778123,-0.011910952318957335,-0.015825946475751196
2014-12-24,215476.14235950244,150869.76145667324,264094.82977638586,191582.61222710527,-0.0013134988528965552,0.0,-0.006606309894103157,-0.010922130925661078
2014-12-26,216014.92475146282,150954.96532787057,265277.7347317233,192502.1150733066,0.0,0.0,-0.0021568084796975695,-0.00617504085753684
2014-12-29,216237.753713092,151225.55794793775,265345.82638917846,192318.95262843548,0.0,0.0,-0.0019006814554689555,-0.007120648178376654
2014-12-30,215304.09502813744,150673.87545240973,264018.9228600412,192767.71714376876,-0.0043177413237160955,-0.0036480771042547433,-0.006891834043879386,-0.004803824927131606
2014-12-31,211049.5304926821,147726.92573702612,258747.18749300166,189303.4772594235,-0.023993142415333013,-0.02313519128900221,-0.026721486347028756,-0.02268855341548126
2015-01-02,211395.59528080607,148157.0933896183,258853.98679855512,190238.98944075286,-0.022392752186607523,-0.02029064795631852,-0.026319760359684308,-0.017858812427789417
2015-01-05,208901.89502890286,146165.92233057602,256227.26213650612,190599.38049763092,-0.033924967117085814,-0.03345754306361093,-0.03620019500179539,-0.015998232209017527
2015-01-06,204776.4006027349,143576.1433793341,250646.87380831613,188819.3307488852,-0.05300347840999231,-0.05058281597636494,-0.057190846572893306,-0.02518804224380644
2015-01-07,206076.7640852161,144449.9269120059,252305.05115610553,188489.45706144528,-0.04698989632197936,-0.044804801039414754,-0.05095360627642376,-0.026891071344641526
2015-01-08,210982.12455832388,147776.30990524444,258507.23051437124,190777.9737030678,-0.024304863810883814,-0.022808631619535946,-0.027624085419756472,-0.015076214365063678
2015-01-09,210319.90692518506,147210.21539017183,257875.1263599059,191684.2966869956,-0.02736731531053016,-0.026552010204176413,-0.03000174756129581,-0.010397167580934008
2015-01-12,205642.60694317456,144130.6129601162,251799.78216897813,189015.7773939261,-0.048997673107422646,-0.046916308883873326,-0.05285417746156795,-0.024173852976809962
2015-01-13,205523.81965702283,143866.2540911814,251971.83274347347,188935.77462277724,-0.0495470095859607,-0.04866441861163384,-0.05220700858201255,-0.02458688091023309
2015-01-14,203411.66381085344,142353.57422729247,249442.24729348288,187696.88242404937,-0.05931475740011827,-0.058667224251205075,-0.06172205371459627,-0.030982872914340542
2015-01-15,200458.3266667541,140564.5770198348,245333.50411287224,187682.08368524612,-0.07297258122313988,-0.07049721669251963,-0.07717710655807763,-0.03105927392417307
2015-01-16,200780.85894479937,140879.44553818923,245572.72904688134,187066.01500028366,-0.07148101801316853,-0.06841510489457314,-0.0762772610739314,-0.03423983344908332
2015-01-20,204542.67044048663,143099.59378315625,250908.94782667462,190879.47938913415,-0.05408437274150846,-0.05373406635126465,-0.056205054172495106,-0.014552173970654558
2015-01-21,207225.4612633202,144970.39171257778,254210.57981209323,192651.12780368482,-0.04167770102592483,-0.04136315527771717,-0.04378595310889699,-0.005405737254698728
2015-01-22,209297.51414587078,146147.87282388972,257229.43625905277,193206.3270435219,-0.032095410944888325,-0.033576897932795946,-0.03243051329099389,-0.002539426608517692
2015-01-23,210538.17515642027,146445.36891677856,259751.4661592335,194412.1563566765,-0.026357925287339268,-0.031609663710448044,-0.022943888387283007,0.0
2015-01-26,208197.16103292865,145073.66547649918,256413.2949333765,191565.02346105585,-0.037184037209486376,-0.04068024317395125,-0.0355004319404727,-0.014644829567124318
2015-01-27,206111.91507657367,144570.31938951602,252180.2181442788,192267.01776293953,-0.046827339179417615,-0.04400868906506472,-0.051423166117374075,-0.011033973563882582
2015-01-28,202971.93243129368,141819.21652425756,249300.30608316095,190199.18422355092,-0.061348312466284916,-0.062200738759505825,-0.06225596610818307,-0.021670312248357027
2015-01-29,204574.9112658855,142907.7312199562,251324.40337906335,189486.77737337042,-0.05393527377592433,-0.05500278419105009,-0.05464231655808627,-0.025334727393639844
2015-01-30,203619.70799294737,141897.8830957399,250751.51195627407,191153.3827434958,-0.05835264889445013,-0.061680545132517084,-0.05679724978792855,-0.016762190565913104
2015-02-02,203919.04485032294,142362.53628512702,250675.35947819182,189900.6476987071,-0.05696835381999821,-0.058607961399368746,-0.05708369761909926,-0.023205897936199094
2015-02-03,207070.31573161588,144903.1448511594,253947.7365745729,190752.65932387882,-0.04239517764154932,-0.04180783448625114,-0.04477463893004996,-0.018823396136216086
2015-02-04,206708.47904151236,144438.55317298582,253877.25615718667,190924.65865922178,-0.04406850565153053,-0.04488001146795895,-0.04503975128369497,-0.01793868121629405
2015-02-05,208018.39545301252,145452.70081985093,255311.55359231867,191157.32081103875,-0.03801074566740592,-0.03817381933597652,-0.039644636116155985,-0.0167419342835039
2015-02-06,207531.5505800965,145355.93669266647,254283.77804802178,189377.18557898444,-0.04026217893729633,-0.03881368556293907,-0.04351061767063846,-0.02589843594170471
2015-02-09,209255.90489508084,146472.07636966676,256558.34886612618,191498.2545184274,-0.03228783456229767,-0.03143305696982435,-0.034954811029830224,-0.01498826972991929
2015-02-10,211284.28269577242,147526.0774338397,259691.17067105309,191731.41897880114,-0.022907521615730175,-0.024463328582141286,-0.023170690091621537,-0.013788939066943784
2015-02-11,213152.27160879178,148601.45604378873,262391.3558075855,192657.52487099997,-0.014268933390762517,-0.017352238204685122,-0.013013933599946848,-0.009025317750487871
2015-02-12,216893.156360052,151051.18599514363,267275.8754873451,195161.93644894462,0.0,-0.0011530587498586042,0.0,0.0
2015-02-13,216000.34046988178,150090.23671752878,266774.5677504974,193859.0543628964,-0.004116385713379134,-0.0075074692784391495,-0.0018756190993057809,-0.006675902636316899
2015-02-17,215500.65441297446,149790.3407111415,266073.87053495855,192191.23666672094,-0.006420220768819096,-0.009490573262029844,-0.004497244467705275,-0.015221717084165198
2015-02-18,216966.67553350647,150709.812908881,268059.68755203346,193782.54518561735,0.0,-0.0034104356833274396,0.0,-0.007067931833562913
2015-02-19,216485.39516214305,149946.55104473897,268222.5266040739,192880.23795450423,-0.002218222545835591,-0.008457610740898014,0.0,-0.011691308950694368
2015-02-20,218412.8310840719,151225.60536593292,270709.4196507963,193725.0762344455,0.0,0.0,0.0,-0.007362399864663138
2015-02-23,218671.41607737017,151315.95125922473,271186.53808415134,194187.14912254454,0.0,0.0,0.0,-0.004994761499792166
2015-02-24,218743.76745292018,151526.06316802074,270993.6522170283,194330.5174782245,0.0,0.0,-0.0007112663795397767,-0.004260149216840814
2015-02-25,218355.53830652055,151383.28541149368,270289.9266996854,194357.5187253764,-0.0017748123794346649,-0.0009422653340418474,-0.0033062532926605437,-0.0041217961770873
2015-02-26,218659.95943362053,151115.43107101816,271512.4134664685,194310.87586723414,-0.0003831332900384732,-0.0027099766760735333,0.0,-0.0043607918490454756
2015-02-27,218818.36432869956,151304.13753908925,271569.1950526884,195018.13495046852,0.0,-0.0014646036747183455,0.0,-0.0007368316849720724
2015-03-02,221332.50136658075,152832.06870438514,275073.218705357,195921.0081636821,0.0,0.0,0.0,0.0
2015-03-03,221053.65336909483,152685.00000915796,274644.9277226699,195909.52833810484,-0.0012598601459985481,-0.0009622895016335731,-0.0015570072023108894,-5.859415325015771e-05
2015-03-04,219119.71440926043,151324.1614826156,272287.13430091937,194473.7120436027,-0.009997569013397656,-0.009866432055475216,-0.010128519299517524,-0.007387141040384293
2015-03-05,219458.6612227006,151507.44349538852,272799.61583786353,194617.2941263054,-0.008466177051767887,-0.008667194131610989,-0.008265446117198372,-0.006654284038225766
2015-03-06,217377.59790598025,149868.45776581563,270576.2965590209,192186.20763751265,-0.01786860689768388,-0.019391289823485036,-0.016348091491789174,-0.019062787401794123
2015-03-09,219404.92111773195,151359.60490883552,272931.8409113727,193913.20437451798,-0.008708979643510473,-0.009634521131803298,-0.0077847556518325645,-0.010248027038972207
2015-03-10,216767.38255228975,149729.3196521659,269310.68809564295,193245.06597779598,-0.020625614340887277,-0.02030168850374403,-0.020949079073694032,-0.013658270804989492
2015-03-11,215225.41336640491,148923.46290960567,266929.02916874364,192066.65041475353,-0.027592368777602183,-0.025574513437619406,-0.029607351726003373,-0.019673019167543493
2015-03-12,217975.97601746698,151281.63655381478,269522.69840720796,193622.17342081532,-0.015165081171492956,-0.010144678166787546,-0.020178337695951565,-0.011733477509191959
2015-03-13,216661.66178621573,150236.56897622065,268136.42660521844,192956.62407847095,-0.021103270199928637,-0.016982690545037538,-0.025217984261742488,-0.01513050648828096
2015-03-16,219565.25756100088,152277.40496366544,271680.5497483456,194411.9129248262,-0.007984565279244182,-0.003629236621749521,-0.012333694181422272,-0.0077025697907552315
2015-03-17,219456.69657800285,151854.78526315888,272170.4663887641,194229.0362470574,-0.008475053491900364,-0.006394492003615859,-0.010552653327193462,-0.008635990251801617
2015-03-18,221703.259471544,153570.15329754248,274667.5801947946,196650.04844949918,0.0,0.0,-0.0014746565022635272,0.0
2015-03-19,219142.1014143263,151336.92800601415,272319.79508869915,194260.06033497426,-0.011552189459562046,-0.014542052889674806,-0.010009784411644795,-0.012153508902585819
2015-03-20,222107.3618972348,153560.182036814,275689.2277337503,196888.42681891294,0.0,-6.492967881055467e-05,0.0,0.0
2015-03-23,220325.3085279602,152328.15740613925,273477.1797290211,195865.87752660902,-0.008023387221622658,-0.008087482266146195,-0.008023701262878213,-0.005193546968834228
2015-03-24,218800.49681478972,151122.64798006558,271856.4240671791,195229.6063452376,-0.01488858835744089,-0.015937376273466697,-0.01390262397293518,-0.008425180192033421
2015-03-25,214748.25351872464,148959.1152520267,265679.7625327428,193309.75394975924,-0.03313311326400381,-0.0300256133532788,-0.03630705952237723,-0.018176146394044634
2015-03-26,213635.6855052376,148265.7136806632,264162.55493908207,192627.70010883705,-0.03814225840887209,-0.0345408238709114,-0.04181038515512925,-0.02164031060085958
2015-03-27,213708.87635970025,148188.66473986852,264482.82776438724,192402.69521012896,-0.03781272923956647,-0.03504254207031565,-0.04064866829031766,-0.022783114687130346
2015-03-30,216368.8863571881,150080.8701384885,267689.0528506086,193089.72441170976,-0.025836494076687977,-0.022721102272350246,-0.029018815674829224,-0.019293680530532265
2015-03-31,215641.19120632607,149721.1132349686,266528.15639173053,193474.51999553863,-0.02911281569271229,-0.02506372481843111,-0.03322970366788203,-0.017339296567767448
2015-04-01,214707.22115521424,149202.8448084503,265149.36152080965,194110.48115760484,-0.03331785438721513,-0.028438523992552867,-0.03823096861484787,-0.014109237938414232
2015-04-02,214360.05635568092,149177.0522703358,264337.0025786894,193316.86869648128,-0.03488090388079268,-0.028606476798229474,-0.04117761600037706,-0.01814001046245639
2015-04-06,214611.06407948182,149241.870910896,264842.1473648134,193474.3708652622,-0.033750784997488736,-0.028184398424480506,-0.03934531812542397,-0.01734005400322891
2015-04-07,215321.9361046328,149666.16853155507,265844.1265697952,194123.4062769635,-0.030550206596670626,-0.025421507253583497,-0.035710866343545034,-0.0140435910155986
2015-04-08,218017.06115341815,151189.83823395704,269794.2139923137,195681.19329980772,-0.018415871985860477,-0.015499854707923477,-0.021382822208525942,-0.0061315616088271074
2015-04-09,218834.98748393648,151614.83506109365,271059.615031736,195353.87787276655,-0.014733300082202527,-0.01273241052680596,-0.01679286760701959,-0.007794002780863174
2015-04-10,220718.69267989925,153021.04959324448,273212.791680152,197106.79587838717,-0.00625224308403638,-0.0035755886968095174,-0.008982708805691741,0.0
2015-04-13,219319.1005568453,151898.04587966943,271752.19870222936,195949.04645119733,-0.012553664662765973,-0.010888231742748444,-0.01428067779029496,-0.005873716439001808
2015-04-14,218935.45092745946,151998.72773428468,270624.4446450876,195502.13586344506,-0.014280980795417952,-0.010232623524267459,-0.018371349255452585,-0.00814106894585298
2015-04-15,219012.40653893698,151915.19061005945,270963.4420736352,195494.22589325317,-0.013934501458487514,-0.010776590710803946,-0.017141713149122717,-0.008181199323685107
2015-04-16,218252.42239650845,151472.66669100345,269872.49757383065,194764.9549590001,-0.017356198677061285,-0.013658165740546901,-0.02109886631311264,-0.011881076494348553
2015-04-17,215103.00951536605,149605.77987850062,265410.40706369706,193605.0422161653,-0.031535885717779766,-0.025814738957516625,-0.03728408525261684,-0.017765768281183036
2015-04-20,217296.49742128438,150686.08706603706,268909.7458798417,193950.42621638684,-0.02166008562190891,-0.018780122110821473,-0.02459102921662204,-0.016013499929996233
2015-04-21,218326.20669297513,150984.11454379646,270924.8070443055,194893.95604686197,-0.01702399763772422,-0.016839461954143986,-0.01728185293495077,-0.011226603434264626
2015-04-22,220269.78721030251,152283.6137489438,273416.0241998039,195188.00780493382,-0.00827336235609566,-0.008377536396059981,-0.008245529042367195,-0.009734763658972079
2015-04-23,221551.6650565596,153071.32298251806,275182.6070425134,196518.316617545,-0.002501928958718258,-0.0032482243737683714,-0.001837651385226402,-0.0029855858506535604
2015-04-24,222623.43087219805,152941.7560147678,278062.99953713716,196185.18110243324,0.0,-0.004091923262960817,0.0,-0.004675712838042134
2015-04-27,220683.47412482306,151485.54982759635,275859.76703907613,195676.10167033813,-0.008714072637253878,-0.013574274852140134,-0.007923501155236434,-0.007258472249387915
2015-04-28,221175.50616681812,152221.37783834836,275766.0177546578,196256.43775247544,-0.006503918746141091,-0.008782796853636476,-0.008260652392813594,-0.0043141999347217075
2015-04-29,219460.2695374281,151209.4536773125,273327.28383673046,194717.5084963314,-0.014208573295170446,-0.015372125178882423,-0.01703108902762951,-0.012121790988525505
2015-04-30,216885.29770329292,149879.46723604485,269329.38311730244,192808.5083498087,-0.025775063956314792,-0.024032573923052136,-0.031408768640102,-0.02180689665936475
2015-05-01,220388.5556917615,152118.1857292278,274014.82641206286,194329.47669286784,-0.010038813846685923,-0.009454751051146681,-0.014558474632773488,-0.014090428354549989
2015-05-04,222150.16512826382,153424.85330500492,276042.09192811436,196004.16975065612,-0.002125857741388959,-0.0009461473432017531,-0.007267804822600588,-0.0055940543440793356
2015-05-05,218988.67745666485,151622.405708169,271429.4365422035,194633.1083915933,-0.01632691312541945,-0.012683112880663039,-0.02385633114069796,-0.012549985786994955
2015-05-06,217455.9395713247,150774.4102954512,269146.7103678852,193547.86093832157,-0.023211803360625893,-0.018204989329368648,-0.0320657159855644,-0.018055871306748017
2015-05-07,217589.29091527592,150713.24968711613,269587.64625354967,192980.21853286438,-0.022612803770022283,-0.018603247760592523,-0.030479975033339768,-0.020935743626357972
2015-05-08,220965.8712539478,153096.56718669695,273691.17541911156,195149.58257388155,-0.007445575749849165,-0.0030838421442996866,-0.015722423067085267,-0.009929709910728834
2015-05-11,220136.1452281985,152452.63078741703,272787.4892382931,194173.5335279,-0.011172613925923391,-0.007276951192203618,-0.01897235629201177,-0.014881589127434092
2015-05-12,219950.65645419314,152445.62070542295,272339.5285532879,194831.27262987525,-0.012005809125901323,-0.0073225986168077295,-0.020583360581510446,-0.011544620967386066
2015-05-13,219654.65691404074,152098.96971351744,272227.13918899547,195280.92520393975,-0.013335406549643936,-0.009579879634388444,-0.02098754727474006,-0.009263357289689633
2015-05-14,221164.90444830124,152819.33111418656,274683.24100863433,195829.0760526736,-0.006551540501296582,-0.004889115282063927,-0.012154650327906857,-0.006482373273937858
2015-05-15,221342.27060827866,153024.75904278038,274754.69698391866,196426.87437056514,-0.00575483119139808,-0.0035514339411083506,-0.011897672681102756,-0.0034495081957576224
2015-05-18,222433.49935149134,153679.18129164536,276288.8367494628,196694.14336798634,-0.0008531515301987147,0.0,-0.006380434615995689,-0.002093547858468714
2015-05-19,223336.5105664351,154362.5332552366,277303.6966042089,196645.64171928127,0.0,0.0,-0.002730686693994455,-0.002339615724819777
2015-05-20,224730.21956737887,155221.3047610175,279221.87528944795,198063.6871826021,0.0,0.0,0.0,0.0
2015-05-21,226691.4361710548,156395.9240862949,281981.889827572,199508.50047600095,0.0,0.0,0.0,0.0
2015-05-22,225984.4333437016,155799.6533271682,281297.31069578324,198904.74507245838,-0.003118789308034331,-0.0038125722432362785,-0.0024277414844171563,-0.0030262139312464686
2015-05-26,224496.63472198468,154838.888924584,279328.6851644313,198269.94022582908,-0.009681889559400858,-0.009955727240383627,-0.009409131433096962,-0.0062080575374825475
2015-05-27,229977.95548977482,158090.25794060368,287099.1468955241,201785.4268821846,0.0,0.0,0.0,0.0
2015-05-28,230994.0712040494,158879.99684617037,288203.7744025751,202953.22587427558,0.0,0.0,0.0,0.0
2015-05-29,229731.537542174,157994.9686362223,286658.4451499331,202523.9006455862,-0.005465653968062867,-0.005570419357478706,-0.00536193273611818,-0.0021153900207299126
2015-06-01,231051.66770607865,158801.16156145028,288495.6930262303,203141.4947913536,0.0,-0.0004961938965571955,0.0,0.0
2015-06-02,231776.8843917663,159471.41687341302,289088.98661168246,203843.0760289536,0.0,0.0,0.0,0.0
2015-06-03,230923.9747373996,158855.2782994861,288078.4271368427,202012.48601004723,-0.003679873670771494,-0.003863630147689867,-0.0034956692286489677,-0.008980388515361426
2015-06-04,229558.12211627874,157853.07339645643,286488.31368866423,201516.9040988448,-0.009572836744743074,-0.010148172686276546,-0.008996098237777472,-0.011411581768803303
2015-06-05,229227.75957684,157679.72806745334,285978.21041334595,200801.34886058437,-0.010998183971692277,-0.011235172052066922,-0.010760618157048762,-0.014921905750368336
2015-06-08,229600.7767439935,158238.16135018395,285895.0599705244,202188.57092700736,-0.009388803605171359,-0.007733395409711741,-0.011048247387743904,-0.008116562672510041
2015-06-09,227478.76095031513,156918.05352537552,282994.0616325206,200344.06860936066,-0.018544228225046644,-0.016011416955455604,-0.021083214032462827,-0.017165201231048588
2015-06-10,230003.2420661612,158521.95413333835,286384.5394631633,201510.64981359898,-0.007652369347614263,-0.005953811402004017,-0.009355068071658867,-0.011442263631379457
2015-06-11,227818.03844355524,157156.3465896169,283408.40682144073,199521.98395542335,-0.01708041748252831,-0.014517148773023014,-0.01964993497961287,-0.021198130236792956
2015-06-12,227265.51996905182,156786.31635516515,282700.86859089375,199813.55278525612,-0.019464255180378753,-0.016837503365128348,-0.022097410543589935,-0.019767770984407296
2015-06-15,225715.56514490658,155798.70009775995,280624.4333482189,199234.94196816266,-0.0261515261229176,-0.023030564647007812,-0.029280095940955042,-0.022606282001633504
2015-06-16,227195.45214357163,156820.73366276443,282463.3245430072,200002.1575462994,-0.019766562399944898,-0.0166216821962063,-0.02291910925536278,-0.018842526111157443
2015-06-17,227729.16263214572,157098.51907769844,283291.51681155025,200514.8884831221,-0.017463871646401286,-0.014879768689822104,-0.020054274180702825,-0.016327204291985642
2015-06-18,230714.96329083573,158796.99724483083,287662.31222121086,202514.60881962892,-0.004581652323601193,-0.004229094102283781,-0.004935070018381449,-0.006517107351421525
2015-06-19,228516.62049627939,157236.88639478592,285006.8175492489,201292.90484605212,-0.01406638933836124,-0.014012106510603362,-0.014120804497879003,-0.012510462619487073
2015-06-22,229649.71527181444,157952.19438290832,286536.9514084695,200516.58581002126,-0.009177658615672657,-0.009526613109047899,-0.008827853434074107,-0.016318877656947506
2015-06-23,231022.61556379526,158902.64228939556,288238.72057368414,201146.90603577235,-0.003254288407363859,-0.0035666240080437506,-0.0029411913887277263,-0.01322669401239951
2015-06-24,230463.6905363012,158341.21570408047,287862.98960451264,201303.47229026217,-0.005665767140287548,-0.007087170801459042,-0.004240898352923517,-0.012458621544401693
2015-06-25,229843.11704490517,157818.26218392575,287263.3724872416,200832.13525114936,-0.008343227806930642,-0.010366463921240077,-0.006315059407272172,-0.014770875893653446
2015-06-26,228644.5735829653,157548.417888565,284760.271923138,199915.0424445049,-0.013514336500902058,-0.012058580920331852,-0.014973640951458922,-0.019269889666945317
2015-06-29,221730.51828471117,152993.00035692877,275769.9933727875,196873.23859835055,-0.04334498728559155,-0.04062431151299528,-0.046072295575845135,-0.034192171578165675
2015-06-30,222459.44547662057,153378.25002431747,276890.4705896872,196797.4472805785,-0.040200035217475394,-0.038208520175952554,-0.04219640521408341,-0.03456398365659652
2015-07-01,223734.40520439963,154271.78255822396,278458.8498340075,196697.2043843448,-0.03469922899547084,-0.032605431224809966,-0.03677115791323393,-0.03505574868578709
2015-07-02,225337.5536738845,155261.89450046478,280662.50427267916,198231.53737065248,-0.02778245438400817,-0.026396720211558145,-0.029148403188123284,-0.027528718500617888
2015-07-06,223057.7345447052,153629.22913640793,277934.67432542925,196977.1181329414,-0.03761872056370974,-0.036634701387538104,-0.03858435569265106,-0.03368256616691245
2015-07-07,224435.7145645744,154883.02231836165,279100.9823608535,197308.47081591637,-0.031673433899401804,-0.028772520148194314,-0.03454992999870066,-0.03205703789570491
2015-07-08,220372.34247686595,152141.5412062723,273934.68330525147,195769.0642666581,-0.04920482879398602,-0.045963570217471106,-0.05242089463195965,-0.03960895763341343
2015-07-09,217525.35433116817,150317.62076052444,270139.83698474005,192974.44130415664,-0.06148814234860944,-0.057400857735871114,-0.06554780882191047,-0.05331863576888518
2015-07-10,222151.86086626886,153340.53445559638,276200.1366531752,195396.3052488355,-0.04152710720379049,-0.03844502380438042,-0.044584368673373675,-0.041437614387835886
2015-07-13,226809.70997297697,156039.57383315565,282923.800049128,197730.5843925489,-0.02143084471872292,-0.021520113808116137,-0.02132625886172479,-0.029986260781977747
2015-07-14,230079.6575230111,158128.06960223205,287293.9769332401,200074.22605659903,-0.00732267530996078,-0.008423749518995716,-0.006209194267416063,-0.018488977137586238
2015-07-15,229691.45746251612,157740.75264623598,287027.03756204684,199637.48832826017,-0.00899756218020964,-0.010852504236234517,-0.007132575591353496,-0.020631496456107623
2015-07-16,233258.75772668043,159677.94438649507,292411.2645778745,201448.6055518268,0.0,0.0,0.0,-0.011746636303637259
2015-07-17,235640.30230304057,160188.3827673419,297420.526846301,202228.5245588128,0.0,0.0,0.0,-0.00792056076465153
2015-07-20,236121.9054133353,160292.42958367427,298432.02504089434,201019.7975595878,0.0,0.0,0.0,-0.013850254442612342
2015-07-21,235865.8264164545,159839.55227237905,298612.6390176804,201018.48809579978,-0.0010845202880797045,-0.0028253194019921546,0.0,-0.013856678324225324
2015-07-22,233423.2787749569,158927.9153780123,294176.4737369968,199413.92365209328,-0.011428955029201604,-0.008512655333792196,-0.014855919345131752,-0.021728245389267986
2015-07-23,232742.25504661174,158328.3471525502,293563.77410669124,199274.21042620274,-0.014313158962559802,-0.012253120351505942,-0.016907740166651974,-0.022413641374318227
2015-07-24,230019.30702194362,156428.31853765578,290215.41570582497,198428.58151080253,-0.02584511750703089,-0.024106634705423735,-0.028120789995624618,-0.02656207227456675
2015-07-27,228184.16627505503,155383.71753450594,287532.40932229755,197483.07147431505,-0.033617123004259675,-0.030623480234953537,-0.03710569563241706,-0.031200493431207788
2015-07-28,229613.82016412797,156650.51456033875,288803.9212497536,197628.55198589063,-0.02756239510186409,-0.022720443085145203,-0.032847630964964125,-0.030486804674102697
2015-07-29,231477.3912051289,158173.26608627458,290693.63558205584,198706.1503828471,-0.019669984451786138,-0.013220608751790541,-0.026519317674144838,-0.02520039309736899
2015-07-30,232746.67244834302,158676.8152552166,292945.03241944016,199206.92028684667,-0.014294450822272875,-0.010079168009704986,-0.018979794749761747,-0.022743748928947705
2015-07-31,232652.85938412457,158565.74620590115,292912.09373485413,199859.3447786061,-0.014691758577579317,-0.01077208313741218,-0.019090100477926475,-0.019543127625201606
2015-08-03,231826.1894235055,157983.77374853782,291916.85732389713,199237.02623436355,-0.01819278894226306,-0.014402775234817367,-0.02242296814967315,-0.022596057145133575
2015-08-04,231202.70494589757,157554.1702167883,291140.47162674443,198734.20615507365,-0.020833308365975634,-0.017082898886728537,-0.025022944157744087,-0.02506275892910037
2015-08-05,233149.67859700083,158561.0462452842,294183.1750550754,199468.31099804273,-0.012587679280037789,-0.010801404301419404,-0.014833477836625586,-0.021461435512724947
2015-08-06,231139.12506990728,157817.29845716065,290494.254816765,199346.94228189526,-0.021102575530658974,-0.01544134762285565,-0.02718700798339191,-0.022056838204402407
2015-08-07,230760.29114362015,157496.63747535882,290132.6803032438,199525.71755930095,-0.02270697528181287,-0.017441822521356287,-0.028397855972648656,-0.02117981416763659
2015-08-10,232773.54257315613,158986.7434436736,292449.54979351163,200358.43700457548,-0.014180653143205046,-0.008145650692249928,-0.020639076913967713,-0.017094713699685182
2015-08-11,230768.59828984656,157903.84923575708,289401.30396036746,200321.8960000817,-0.022671793682664476,-0.014901392125136637,-0.030847103751584948,-0.017273974164183747
2015-08-12,232116.0535347638,158619.65439281572,291472.0432466993,201979.15301575663,-0.01696518529934432,-0.01043577164063969,-0.023912570460751015,-0.00914391133369774
2015-08-13,230337.3608560241,157480.389082208,289097.6820934115,199981.60920250218,-0.024498127554854587,-0.01754318971126667,-0.03186387875466168,-0.01894333082916655
2015-08-14,231114.80831135454,158161.0383586197,289797.98532438104,200356.00681983525,-0.021205559446997313,-0.01329689262674727,-0.029518689236651796,-0.017106635540679593
2015-08-17,232687.0977597661,159005.38113555743,292197.43407667946,201224.82581753543,-0.01454675561573382,-0.008029377628498535,-0.021483367087556937,-0.012844440254847211
2015-08-18,231904.2738906069,158641.82835330753,290897.778445164,200880.20436757038,-0.017862093376492805,-0.010297437219298655,-0.025835679956130897,-0.01453506157335649
2015-08-19,230088.31825865083,157295.0891734817,288812.87581512047,201042.27477186854,-0.025552847983852156,-0.018699201315854452,-0.03281764373670648,-0.013739987208038595
2015-08-20,223678.3205309307,153497.8948020468,279686.3778342747,198929.01149188433,-0.052699832574287786,-0.04238836980183558,-0.06338064338356797,-0.024107095677712742
2015-08-21,214437.42400631288,148125.0712441581,266342.02259762987,195105.20673622057,-0.0918359580787872,-0.0759072550782236,-0.10806848807943414,-0.0428656663888447
2015-08-24,204178.20610402623,141626.6883784763,252512.7396252095,189071.09664265718,-0.13528477696040564,-0.11644805218610932,-0.15438026851147924,-0.07246740813604202
2015-08-25,196726.3262632053,135172.71040699029,245670.81349232004,182629.372238906,-0.16684423701040108,-0.15671182501835645,-0.17729264809258716,-0.1040687974461022
2015-08-26,205030.51543825513,140144.61982759513,257397.0287810274,184932.78419911684,-0.1316751612716922,-0.12569408180042452,-0.1380236629374978,-0.09276887004565593
2015-08-27,212695.22635051754,145205.60580127715,267348.35789370746,189464.1703247129,-0.0992143402443284,-0.094120625793632,-0.10469845223839258,-0.0705390930334977
2015-08-28,214392.10826183535,146407.33349012586,269401.30966294225,191425.95016105904,-0.09202787481094388,-0.08662353006696577,-0.0978234861418864,-0.060915122111534714
2015-08-31,212640.13061287228,145501.22041343653,266663.48939829046,190882.00910738052,-0.09944767623045303,-0.09227640512190616,-0.10699195360414171,-0.0635835524760826
2015-09-01,207029.90746291843,141128.61593950773,257839.8062197385,188190.94128970933,-0.12320753510560933,-0.11955532581258199,-0.13654088096226835,-0.07678521657032422
2015-09-02,205572.1492326904,142028.1300498189,262160.4547981135,187830.76412715425,-0.1293812877173215,-0.11394361905483019,-0.12207180626875158,-0.0785521500839449
2015-09-03,206564.41641754186,143266.71545145058,262748.61826064135,188801.5858390849,-0.125178936465266,-0.10621658288195135,-0.12010215265843327,-0.07378955656915331
2015-09-04,206434.80354187347,140391.27295033348,258470.51022061903,186657.48050025885,-0.12572786001999292,-0.12415531216932596,-0.13442876674314053,-0.08430796798932594
2015-09-08,205420.95865191735,143180.718280721,264368.2144755661,187958.90729299036,-0.1300215950217556,-0.10675308464284516,-0.11467841634153586,-0.07792351374106554
2015-09-09,206046.80410893756,142034.27178740397,262877.4468360913,187260.23869170726,-0.12737107661295033,-0.11390530322418846,-0.11967072893881536,-0.08135099636590515
2015-09-10,205975.86853076075,143053.97811421292,266177.8104797631,188345.71799662028,-0.12767149591565174,-0.10754376556793466,-0.10861840491619956,-0.07602592314752987
2015-09-11,206539.486148753,144162.75152782898,268418.293127101,189413.5467443834,-0.12528451865911294,-0.10062657417907206,-0.10111543165053938,-0.07078743887538586
2015-09-14,206788.4809397912,143765.4288469293,267991.1918766966,189409.83844437695,-0.1242300006947491,-0.1031053105855988,-0.1025457168916778,-0.07080563081046998
2015-09-15,205599.49788082362,145051.9095447456,270193.7045754079,189394.62299088642,-0.12926546344390077,-0.09507947492288127,-0.09516989815220067,-0.07088027378479578
2015-09-16,205633.30301110586,146377.10901896795,271894.53288987634,190792.1750239996,-0.12912229531969366,-0.08681208838650967,-0.0894741301496691,-0.06402425463350192
2015-09-17,206564.15856643565,146163.24411117486,272197.8613151465,191706.1395373796,-0.12518002849061516,-0.08814630553168967,-0.08845833783000034,-0.0595405874362398
2015-09-18,206639.15305866767,143161.67428796456,267235.7424292577,189997.16051179916,-0.12486241927896347,-0.10687189245433004,-0.10507558116642524,-0.06792438471242357
2015-09-21,206010.16597104672,143899.14906969958,267978.6750395863,189783.08815167504,-0.12752624280910108,-0.10227108389680517,-0.10258763352706013,-0.06897456686378445
2015-09-22,206950.79000479786,142626.78372544376,265035.1517718089,189127.88036483712,-0.12354260549216267,-0.11020885954572712,-0.11244496333553866,-0.0721888422740753
2015-09-23,206474.80116587883,141912.11609671265,264320.2863776332,188566.6254820524,-0.1255584660625143,-0.11466738344849225,-0.11483891891801945,-0.07494220968649123
2015-09-24,206733.04345013128,141562.31564408567,263611.9633604242,189456.10440480697,-0.12446478403500227,-0.11684964778583817,-0.11721096525718011,-0.0705786622946325
2015-09-25,206496.02561171417,141565.38601871772,261446.9359579946,188680.1105865557,-0.12546857840131576,-0.11683049295338577,-0.12446125248397577,-0.0743854819000287
2015-09-28,207197.98538944498,138071.6009456419,254216.62148085173,185977.6543008092,-0.1224957081947079,-0.13862681285539358,-0.14867427474896688,-0.08764301479441383
2015-09-29,207099.44690441093,137590.3072191503,251774.7439797053,184937.2316461879,-0.12291302858207964,-0.14162941084296954,-0.15685168314393394,-0.09274705205135514
2015-09-30,207136.11430279553,140181.45073220582,257660.524670037,186416.39238307942,-0.1227577384647971,-0.12546430859961677,-0.13714126261487114,-0.08549068227070378
2015-10-01,207215.8741154632,140597.33262037547,258832.22074362737,186740.28785581945,-0.12241994764217923,-0.12286978876327881,-0.133217463282583,-0.08390173709262949
2015-10-02,207674.55257851357,142609.62430569043,263292.31779135804,189388.87456478586,-0.12047739825334791,-0.11031591026420384,-0.11828140075554916,-0.07090847403673739
2015-10-05,207256.17764528817,145386.25457377525,267505.4319020552,190862.2416873239,-0.12224925814281062,-0.0929936307573268,-0.10417243964607736,-0.06368052618959652
2015-10-06,207871.6068421265,145458.17653805285,267261.9521649035,191781.84265320085,-0.11964285364272409,-0.0925449385485656,-0.10498780947755093,-0.05916920805315751
2015-10-07,207419.34217212116,146380.3854087347,268384.3938674558,191929.10840341687,-0.12155823997341475,-0.08679164830848951,-0.10122895417174516,-0.05844676138935656
2015-10-08,206868.87817365414,147280.39106679359,268731.24899179564,191668.6358018213,-0.1238895103293075,-0.08117687498203563,-0.10006739876846116,-0.05972457080368554
2015-10-09,206938.79461211304,147444.0049551598,269988.2197001145,192742.76156393945,-0.1235934071857363,-0.08015615373655227,-0.09585803002756055,-0.054455195051302474
2015-10-12,207502.01050481552,147890.7498927228,271216.2768709376,193660.40263733835,-0.12120813127617358,-0.07736909174788997,-0.09174548752144651,-0.049953491626906765
2015-10-13,207453.36074584216,146651.05187960443,269074.14149032865,193011.40269474912,-0.12141416789479309,-0.08510306905635179,-0.09891911348602644,-0.053137313001820896
2015-10-14,207769.7201021582,145652.33403819246,267988.3866580813,193357.1321183632,-0.12007435422624657,-0.09133366799359366,-0.10255511106408954,-0.05144125625881446
2015-10-15,206642.1962333619,146738.45948729492,270360.2853037347,193054.07781854607,-0.12484953112829023,-0.08455776814652394,-0.09461204926517841,-0.05292796017695045
2015-10-16,206746.69135071943,147722.3252803678,272039.4235426498,193467.06809572486,-0.12440698380437887,-0.07841982516550938,-0.08898891742307424,-0.050901939547630004
2015-10-19,206889.22742406925,148031.70634520674,274116.4911657755,193895.75943593823,-0.12380332920867199,-0.07648972113225916,-0.0820331916709478,-0.04879889367251533
2015-10-20,206735.3121885695,148153.11210906427,273227.2118855022,194109.84024234622,-0.1244551756997051,-0.07573231939985758,-0.08501122797643934,-0.047748670085928646
2015-10-21,207330.6358541662,147589.85131870987,272177.4336963268,193678.56986007318,-0.12193392014506022,-0.07924627693245812,-0.08852674624997514,-0.049864368056517505
2015-10-22,207490.3131274136,150160.88538852026,277906.0546237608,195648.58427800416,-0.1212576708450731,-0.06320662941767463,-0.06934262548978587,-0.0402000004640114
2015-10-23,207779.41231084496,153096.4285945247,288166.2904549081,198940.24114350387,-0.12003330674837787,-0.04489295600447041,-0.03498294177077288,-0.024052005988927205
2015-10-26,208428.1400535712,153271.09263560481,289386.60748078924,199657.2579190167,-0.11728587955990666,-0.04380329730047694,-0.0308963196174189,-0.020534512093716373
2015-10-27,208391.0405017286,152537.2903433847,289150.99829801446,199323.46635879908,-0.11744299989051576,-0.04838119467296065,-0.031685332378398656,-0.022172004849026927
2015-10-28,207439.77328122532,153670.30307496488,290433.6882742295,198916.76764329337,-0.12147171217300412,-0.041312783928155405,-0.027389834436869376,-0.024167160747517902
2015-10-29,207128.21455309016,154070.2962919424,290893.82693477394,198680.6137742385,-0.122791194698735,-0.03881738712110461,-0.025848912853449146,-0.02532566891789756
2015-10-30,207452.4104004869,153583.9953049202,289916.961296236,198359.2834023895,-0.12141819270288357,-0.041851223393255865,-0.029120260113737362,-0.026902030392168874
2015-11-02,207720.50248901587,154752.46187482352,291990.6660456854,198219.57421428448,-0.12028279576434175,-0.034561630410367083,-0.022175796020485694,-0.027587406568915562
2015-11-03,208893.13598327024,155578.5394296138,293729.3252174776,198158.43699822103,-0.11531657506490411,-0.02940806478698843,-0.016353339283517898,-0.027887329515794423
2015-11-04,209114.62868051147,155500.86715649714,294501.6599299598,198001.79126842233,-0.11437853123176844,-0.029892630859874036,-0.013766929294232622,-0.028655791868552716
2015-11-05,209407.60626120892,155852.3502947721,294660.45350952685,198276.93186880063,-0.11313774173286706,-0.02769986892353138,-0.013235158167299033,-0.027306025147316504
2015-11-06,209736.31483937698,156001.5625236891,295304.2556143904,197535.98051082093,-0.11174562786866349,-0.026768993839133892,-0.01107918075461678,-0.030940935748226317
2015-11-09,210246.72164601868,156489.23713640697,295817.6835149808,199053.73005604316,-0.10958400374595356,-0.023726588068727184,-0.009359803094383334,-0.02349525952125131
2015-11-10,210010.2826614349,156693.64001334342,294762.4607180152,198834.36357587724,-0.11058534660810726,-0.022451400728518145,-0.01289355437978379,-0.0245714132196716
2015-11-11,209477.2817710152,156086.4361659663,294412.3464965625,198398.63262543787,-0.11284265894635337,-0.026239501320381442,-0.01406602391290368,-0.026708993553170357
2015-11-12,206438.23794398326,153498.62307680637,290755.2956307855,196719.30906176585,-0.12571331498189586,-0.04238382638851612,-0.026312829265172866,-0.03494730900830745
2015-11-13,202913.14583393076,151531.52238143914,284548.12741998635,194925.8017189661,-0.14064243434454782,-0.0546557764767166,-0.04709951877442575,-0.04374577976207983
2015-11-16,205597.06541597442,153589.82717198995,288209.24104735,196191.76207555394,-0.12927576517700323,-0.041814840720131974,-0.03483910796459777,-0.03753531443134661
2015-11-17,207101.73390760776,154609.13745701057,290517.4678842798,196982.13912244746,-0.12290334289369409,-0.0354557738093112,-0.02710927159691101,-0.03365793452573107
2015-11-18,211050.56698050242,157290.25380850333,296563.6549111867,199036.10646421826,-0.10617963796685903,-0.018729367213214387,-0.0068616791078705,-0.02358171618275895
2015-11-19,211170.53061444813,157256.46153604632,296966.241819218,199792.84310697025,-0.10567157992058962,-0.018940183610125727,-0.0055134879885809784,-0.019869367166575058
2015-11-20,211221.39263885724,157047.05048742902,297507.49533033156,199044.66437364678,-0.105456174135514,-0.020246614919210093,-0.003700927365246076,-0.02353973335167514
2015-11-23,210812.3483519113,156880.2580469965,296670.4731928315,198538.72528495488,-0.10718851780024052,-0.021287165872650227,-0.006503963901989818,-0.026021736167508025
2015-11-24,210847.33801958166,157080.14414198478,296389.48614969023,198911.26455550056,-0.10704033304114713,-0.02004015691840666,-0.007444938952696378,-0.024194157434871744
2015-11-25,210221.37491099775,156533.74228890138,295661.6461709041,198091.65766676096,-0.10969134971614869,-0.023448938321886326,-0.00988234408457711,-0.028214931182532377
2015-11-27,210711.82916387852,156878.24798877904,296390.74306688795,197921.95184893484,-0.10761422666387532,-0.02129970581744156,-0.007440729763152798,-0.029047462859016715
2015-11-30,210340.47943444323,156476.64812430614,296106.0720275026,198228.07501816188,-0.10918693008918956,-0.023805125852036868,-0.008394041854435486,-0.027545703882501105
2015-12-01,213056.5654609011,158457.46404847899,300012.5557549547,200245.56137835176,-0.09768403279677906,-0.011447611967459803,0.0,-0.017648451547556343
2015-12-02,210801.70205819124,156464.1288641782,297436.24583999434,198031.04646424775,-0.10723360592411213,-0.023883228480841345,-0.008587340314732184,-0.028512273646617903
2015-12-03,208051.67686211824,154664.2764330795,293099.1832374114,196980.43661548346,-0.11888023901077571,-0.035111783914017036,-0.023043610625383404,-0.033666286572791804
2015-12-04,211541.31441065334,156947.47337092814,298604.0534077333,199441.60127287064,-0.10410127327938179,-0.020867836500038983,-0.004694811334402305,-0.021592466331590177
2015-12-07,211341.16878870054,156679.5825613183,298547.57733057375,199286.9896082864,-0.1049489101032608,-0.022539099517922212,-0.004883057046377481,-0.022350950100556988
2015-12-08,210796.10759753833,155739.72043399754,298791.9276787198,199214.44563797108,-0.10725729902722814,-0.02840252132618759,-0.0040685899733872155,-0.022706831554705764
2015-12-09,207738.45179087063,154067.59007918581,293346.72705572995,197454.51635777217,-0.12020677866705742,-0.03883427009407847,-0.022218499097315436,-0.03134057725009021
2015-12-10,206423.91727778933,152942.10703515852,291775.5317451821,195702.69796184608,-0.12577396444247368,-0.04585570614661372,-0.027455597613389338,-0.03993453310109618
2015-12-11,202046.46912693203,149990.2373569357,285036.36407411535,194314.9009149043,-0.14431289730088215,-0.06427123385362832,-0.04991854971920462,-0.046742696880692214
2015-12-14,201964.44850072585,149736.87714263867,285285.03779480734,192614.42374655037,-0.1446602628960505,-0.06585184633142949,-0.049089672007516016,-0.0550847863030105
2015-12-15,203974.49929979772,151555.33648641148,287502.988047453,193465.39653332686,-0.13614749574912588,-0.05450720985361279,-0.041696813908412955,-0.05091013978886738
2015-12-16,207993.5809448066,154515.04476708834,293218.0985044857,196289.80286500888,-0.11912628105930967,-0.03604278025850294,-0.022647242990785466,-0.03705435235323795
2015-12-17,206210.62293144123,153145.94099693763,290788.96608799364,195203.86746839853,-0.12667728743563156,-0.04458406803925885,-0.03074401217559286,-0.04238166303636415
2015-12-18,202360.8471895632,150402.08218158514,285142.00585150725,194304.61975253467,-0.1429814746102137,-0.061701899632922275,-0.04956642519852894,-0.04679313353309145
2015-12-21,202408.29567706244,150217.86526921112,285624.3844450347,193952.40662245094,-0.14278052549701659,-0.06285115485883952,-0.04795856384648112,-0.048520997618274775
2015-12-22,203838.05053026712,151463.50866244684,287292.5732695193,194151.25172911308,-0.13672537000137608,-0.05508008671500386,-0.042398167148127164,-0.047545516328766024
2015-12-23,205562.88928334223,153116.462756715,289020.6523470996,194564.68699966083,-0.12942050453344855,-0.04476797092412499,-0.03663814462763049,-0.04551731268014658
2015-12-24,205213.45299420424,152743.78199402025,288742.13632195786,194768.28477596893,-0.13090040233677303,-0.047092976313728885,-0.03756649252440725,-0.04451851605543711
2015-12-28,203730.87174650765,151507.61639960238,286907.2367389565,193137.28207134746,-0.13717928292221182,-0.05480491628262529,-0.04368256849457475,-0.052519782207787635
2015-12-29,206635.91085883058,153276.05605251022,291740.3133819147,194309.84650769815,-0.1248761503211191,-0.043772332538645764,-0.027572987244562697,-0.04676749246023626
2015-12-30,205270.42266682512,152416.03034684574,289523.0654167821,193458.04456793453,-0.13065913004769358,-0.04913768702168786,-0.0349635044832598,-0.05094620657875082
2015-12-31,202823.68927556003,150792.44814974297,285706.40940673073,192317.1252759304,-0.14102129185975443,-0.05926656335926472,-0.04768515875018575,-0.05654325365157886
2016-01-04,198556.5133937303,148512.12417282566,279313.17859346117,191301.34685588547,-0.1590932105763172,-0.07349258752547116,-0.06899503625575065,-0.06152639283802175
2016-01-05,197686.60996162338,147720.4584741514,276869.0270845534,190077.13789061396,-0.16277733903777503,-0.07843147141868079,-0.0771418669867423,-0.0675320369301351
2016-01-06,196435.0239490063,145411.44498350983,273352.46912149666,189409.6890670366,-0.16807793158731488,-0.09283647792234884,-0.08886323629479542,-0.0708063636160342
2016-01-07,192977.00299966754,141336.53211575258,263636.53191604104,186813.86025124585,-0.1827229978436007,-0.11825822041100531,-0.12124833824829984,-0.08354081045798656
2016-01-08,191362.22730301737,138526.28556534648,259099.52664643768,184169.53811369315,-0.18956173520608088,-0.13579021838311855,-0.13637105622317391,-0.09651315265898974
2016-01-11,191286.0952363424,138118.60026928052,258885.61979336417,183055.42210095032,-0.18988416215982618,-0.1383336029779172,-0.13708404922620077,-0.10197870996143432
2016-01-12,192816.68003326052,139911.5548925753,263186.0754564002,184801.09636419427,-0.1834019817190119,-0.12714808019339385,-0.12274979694061117,-0.09341489559377836
2016-01-13,189700.06584844246,136630.08969895975,254429.38249330106,182803.99943870315,-0.1966011560157057,-0.14761982176059374,-0.1519375519032784,-0.10321212277655234
2016-01-14,191325.5554360765,138395.80282576475,258996.4903833195,182962.9799380032,-0.18971704424814817,-0.13660424771638546,-0.1367144960597464,-0.10243220666462383
2016-01-15,189034.39931853866,136322.23522440981,252559.0716134449,182518.16288628703,-0.1994203206702453,-0.14954040201101182,-0.15817166058966226,-0.10461436099815136
2016-01-19,188607.86376936364,135557.89681568113,251360.64260668264,181299.166159852,-0.2012267415884077,-0.15430880193304108,-0.1621662567616341,-0.11059443523065504
2016-01-20,188468.80300856062,134027.05863904537,250969.92617103955,181747.74657899217,-0.20181567788620525,-0.16385908562773455,-0.16346859037450534,-0.10839381881591625
2016-01-21,188230.36845031398,134283.76699003347,250300.00102325296,181301.09748807404,-0.202825472203379,-0.1622575854717082,-0.1657015807441944,-0.1105849606472663
2016-01-22,191448.38708433084,137962.88391400804,259341.60818299913,184349.79453594727,-0.18919683987304237,-0.1393050546907456,-0.13556415153896062,-0.09562886251891889
2016-01-25,190567.70803743973,136624.01388849833,256867.18062946142,184671.8434246502,-0.19292660414607532,-0.14765772629842622,-0.14381189819513318,-0.094048976191766
2016-01-26,191129.19428682272,138086.21314385702,258444.77811098477,185720.92363618547,-0.1905486534498021,-0.13853565322762407,-0.13855346000226,-0.0889024672596389
2016-01-27,188935.05787180967,136758.98123902766,252279.95379650322,184579.07141894108,-0.19984104168109385,-0.14681571928112735,-0.15910201437515392,-0.09450409101595525
2016-01-28,190279.655516277,137572.41837304697,256057.8448132555,185097.5334203292,-0.19414653552287187,-0.1417410121590753,-0.14650957134474285,-0.09196065411592302
2016-01-29,192561.23284753616,141477.57205106138,262468.35024531296,188281.58626349003,-0.18448382622334625,-0.11737832897960632,-0.12514211418640497,-0.07634053639993754
2016-02-01,193603.1977194967,144291.56861169377,268512.5596759488,192607.73865417205,-0.1800710002716982,-0.0998229362019114,-0.10499559260024627,-0.055117581590976905
2016-02-02,193892.66459142923,141107.25648063893,261573.9863236867,190256.1064406,-0.17884507897724733,-0.11968857888588236,-0.12812320249244502,-0.06665406474941393
2016-02-03,192986.03692240483,140797.27055550332,258189.81264162334,189220.16724745274,-0.18268473827288667,-0.12162245639925418,-0.13940330933179834,-0.07173610733495717
2016-02-04,191805.718859369,138975.5588234999,254424.95407957377,187232.51505256072,-0.1876835038934236,-0.13298738321916048,-0.1519523126645944,-0.08148700117748198
2016-02-05,190907.32301315985,134880.75105095506,242913.9916975387,183595.5786363015,-0.19148830059213096,-0.15853324201723484,-0.19032058146277442,-0.09932884543881271
2016-02-08,191689.8561321954,133160.76069298192,239342.3191609677,183444.64321346782,-0.18817419418736636,-0.16926357009598725,-0.2022256583272517,-0.10006929454198588
2016-02-09,190654.91541120183,131708.16460580283,235977.6243779124,181204.9747333678,-0.19255727215373242,-0.17832573286282472,-0.2134408382206009,-0.11105651335623645
2016-02-10,190546.4223911881,131051.84305122422,235914.6698774004,181094.6015147877,-0.19301675099718751,-0.1824202590752183,-0.21365067777332758,-0.11159797505672808
2016-02-11,189380.07640346553,127169.82316480904,231604.93697345976,179549.46475699288,-0.19795634347456004,-0.2066386198331025,-0.22801585290106707,-0.11917800567584691
2016-02-12,188043.55047183478,128926.40693099269,233592.49263356935,179220.92007434092,-0.20361666511770082,-0.1956800001980643,-0.22139094463645104,-0.12078975864314068
2016-02-16,189260.58014720888,133229.2939779141,242777.4538109706,182192.52149022557,-0.19846242212934417,-0.16883601849476582,-0.19077568870395145,-0.1062118712124066
2016-02-17,188833.18204426958,135118.9285415609,247793.77209733587,183712.9498828384,-0.20027249604938613,-0.15704734844618817,-0.17405532753859232,-0.09875305327150741
2016-02-18,189430.44475122477,134801.41764562813,245372.80681825132,184728.41947458463,-0.1977430284597118,-0.15902817122588797,-0.1821248740713779,-0.09377142911468794
2016-02-19,188585.71302642586,133523.87123368838,243886.82624835623,182877.61082174635,-0.20132055221092915,-0.1669982694723111,-0.18707793533961636,-0.10285100487901455
2016-02-22,187869.45306551104,134546.95927678418,246211.69859185952,182094.63754670916,-0.2043539851305094,-0.16061563464823947,-0.17932868518689205,-0.10669206384599161
2016-02-23,188449.43303475113,133416.917342084,243165.36685763602,182375.41171657885,-0.20189771167199722,-0.1676655117861382,-0.18948269932992579,-0.10531466032883796
2016-02-24,187553.77599594143,132733.0411613433,243134.59270353595,181393.46065271512,-0.2056909092461141,-0.17193194022893443,-0.18958527555051974,-0.11013185148878823
2016-02-25,188010.67439721804,134606.04545244813,246032.76704951384,182987.6102071963,-0.2037558985977932,-0.16024701976220024,-0.1799250986999712,-0.10231137710458715
2016-02-26,188393.2203554873,135513.93672587292,247950.7774444312,183927.2592421603,-0.20213577801813065,-0.1545830512530021,-0.17353199828425414,-0.0977017084650178
2016-02-29,188989.6777914191,135096.08232547826,246881.49186516114,184759.33062914203,-0.19960972083217132,-0.15718987679978524,-0.17709613438042282,-0.09361978719895758
2016-03-01,188927.721719757,136775.4290249415,252109.04564262534,184575.30827286182,-0.19987211102233016,-0.14671310815996252,-0.15967168437929025,-0.09452255201130799
2016-03-02,188927.721719757,139222.8919881379,255569.91329364892,187544.51846454968,-0.19987211102233016,-0.1314443710801566,-0.1481359416757404,-0.07995639529148835
2016-03-03,188927.721719757,139195.87754986924,254044.44432197063,187728.9443038586,-0.19987211102233016,-0.13161290329555086,-0.15322062544119008,-0.07905165109854495
2016-03-04,188927.721719757,139903.33116005137,254598.27664163962,188010.35915944894,-0.19987211102233016,-0.12719938475309955,-0.15137459496998085,-0.07767110454738135
2016-03-07,188927.721719757,140178.84277479182,253316.4766869513,188116.33349210865,-0.19987211102233016,-0.12548057859702577,-0.1556470826712465,-0.07715122261308072
2016-03-08,188927.721719757,138220.7716890462,250427.33551223387,186669.79113314062,-0.19987211102233016,-0.1376961965824246,-0.16527715021107725,-0.08424757529352489
2016-03-09,188927.721719757,137933.84053193923,250291.07418870108,185331.17667967328,-0.19987211102233016,-0.13948624467048598,-0.16573133561405107,-0.09081446233008628
2016-03-10,188927.721719757,138771.138866441,251221.53056608516,186856.57213325688,-0.19987211102233016,-0.13426267711538387,-0.16262994415714138,-0.08333127730707901
2016-03-11,188927.721719757,140521.18604356155,254760.38266476468,186849.68048254348,-0.19987211102233016,-0.12334483663055296,-0.15083426417376755,-0.08336508591538516
2016-03-14,188927.721719757,141482.5238455563,257269.95415472222,187820.30366180176,-0.19987211102233016,-0.11734743672531955,-0.142469375965531,-0.07860346634916349
2016-03-15,188927.721719757,141316.51859054482,257290.3033258898,187836.19102945132,-0.19987211102233016,-0.11838307674551674,-0.14240154823373363,-0.0785255271424018
2016-03-16,188927.721719757,141229.07416382356,257946.21986352632,188605.71047277047,-0.19987211102233016,-0.1189286073544692,-0.14021525127697476,-0.07475046910113758
2016-03-17,188927.721719757,141681.46213088793,256996.6893164143,188166.45352718903,-0.19987211102233016,-0.11610634077432347,-0.143380220638749,-0.07690534703046703
2016-03-18,188927.721719757,140469.3028212811,254201.29515568615,186040.62681024842,-0.19987211102233016,-0.12366851518739563,-0.15269781120989623,-0.08733408838559986
2016-03-21,188927.721719757,140788.6334846367,255420.71724289333,186004.21543438482,-0.19987211102233016,-0.12167633961063895,-0.14863324103169617,-0.0875127129264619
2016-03-22,188927.721719757,141589.22689720572,257803.9139655589,187323.5638894808,-0.19987211102233016,-0.11668175930108593,-0.14068958441816393,-0.08104033976178016
2016-03-23,188927.721719757,140795.84503204617,255923.87399655214,185960.5933348707,-0.19987211102233016,-0.1216313496667707,-0.1469561220444836,-0.08772671136272925
2016-03-24,188927.721719757,140919.7362574146,256333.52979158473,186044.1740844855,-0.19987211102233016,-0.12085844213963282,-0.14559065987573627,-0.08731668640017953
2016-03-28,188927.721719757,142320.18233420467,258363.6011980496,187915.451970093,-0.19987211102233016,-0.11212162231334766,-0.13882403838765756,-0.07813669401553891
2016-03-29,188927.721719757,143528.48381059774,262344.10425059096,190152.03651493194,-0.19987211102233016,-0.10458351537011035,-0.12555625016951188,-0.06716460416873316
2016-03-30,188927.721719757,143287.74204011605,262040.34709955394,188750.36331516612,-0.19987211102233016,-0.10608540645197218,-0.12656873163140492,-0.07404084066923977
2016-03-31,188927.721719757,142541.66215215126,260925.04719103852,188409.55310359673,-0.19987211102233016,-0.11073989880636836,-0.1302862424059419,-0.07571276506426305
2016-04-01,188927.721719757,143658.26170408592,263984.4255764349,189124.16793918065,-0.19987211102233016,-0.1037738832881383,-0.12008874124570634,-0.07220705444850273
2016-04-04,188927.721719757,142228.12215033206,261200.39804734976,187258.01273454793,-0.19987211102233016,-0.11269594877475142,-0.12936844463038422,-0.08136191632062084
2016-04-05,188927.721719757,140211.9981888137,257571.08405417233,186332.22002587994,-0.19987211102233016,-0.1252737353037523,-0.14146565164241942,-0.08590360950296116
2016-04-06,188927.721719757,140632.95570947524,259784.02250460332,185751.6842449073,-0.19987211102233016,-0.12264755063767119,-0.1340894988515393,-0.08875156388180006
2016-04-07,188927.721719757,138095.39132995065,254450.05441311438,184277.11899085183,-0.19987211102233016,-0.13847839421596975,-0.1518686483876862,-0.09598538944399881
2016-04-08,188927.721719757,136861.55021239535,251313.83396663668,182088.24755915388,-0.19987211102233016,-0.14617583270860435,-0.1623222790318627,-0.10672341142806185
2016-04-11,188927.721719757,136394.89426917204,250117.00306848885,182233.97729904455,-0.19987211102233016,-0.14908711145355413,-0.16631154839806006,-0.1060085000230262
2016-04-12,188927.721719757,137180.86106832064,251340.8535941484,182218.27548545264,-0.19987211102233016,-0.14418378070243898,-0.16223221737613058,-0.10608552895085532
2016-04-13,188927.721719757,139478.73314056237,256251.95679048428,183999.59961086215,-0.19987211102233016,-0.12984828102718937,-0.1458625584997627,-0.09734682582631804
2016-04-14,188927.721719757,140486.22212984544,258115.19629567544,184567.08791446593,-0.19987211102233016,-0.12356296242605636,-0.13965202007578748,-0.09456287890666315
2016-04-15,188927.721719757,140197.5092816012,257214.28112621183,184676.71955311054,-0.19987211102233016,-0.12536412576854306,-0.14265494496070286,-0.09402505520040672
2016-04-18,188927.721719757,139504.2879907248,255522.81526457868,182934.97393086032,-0.19987211102233016,-0.1296888545949566,-0.14829292853567932,-0.1025695966986071
2016-04-19,188927.721719757,141313.12674740568,256432.2487443063,185229.56578990005,-0.19987211102233016,-0.11840423709069303,-0.1452616104715433,-0.09131293837230803
2016-04-20,188927.721719757,141664.34308425747,257035.44800783266,185124.54185704017,-0.19987211102233016,-0.11621313962112445,-0.1432510304076241,-0.09182815789757148
2016-04-21,188927.721719757,141673.74222195087,258466.0325801376,185991.56477613183,-0.19987211102233016,-0.11615450218130385,-0.13848261473680323,-0.08757477369643973
2016-04-22,188927.721719757,141156.51402851898,253607.93534891744,183955.42692060777,-0.19987211102233016,-0.11938128085560107,-0.15467559445725254,-0.09756352531454637
2016-04-25,188927.721719757,143487.2931427532,258240.3943753214,187319.07830036484,-0.19987211102233016,-0.10484048738027663,-0.13923471060908565,-0.08106234487082464
2016-04-26,188927.721719757,143312.97876762837,256283.58204882444,186747.68910441516,-0.19987211102233016,-0.10592796465900745,-0.14575714538376638,-0.0838654285324375
2016-04-27,188927.721719757,143730.10149477317,254427.66258746904,187018.20850237051,-0.19987211102233016,-0.10332570372735783,-0.15194328468278728,-0.08253833220311735
2016-04-28,188927.721719757,142795.59701899445,251985.79463677647,187574.3138278175,-0.19987211102233016,-0.10915570130245167,-0.1600825038716236,-0.07981022715152364
2016-04-29,188927.721719757,137640.59707652786,242907.56440998166,182200.5728924497,-0.19987211102233016,-0.14131567264891898,-0.19034200485800823,-0.10617237317116335
2016-05-02,188927.721719757,136650.56304359873,241539.8711684271,179957.43471661664,-0.19987211102233016,-0.14749209679758613,-0.1949007915331621,-0.11717661339129459
2016-05-03,188927.721719757,135388.08071097793,239154.4644045027,179210.96193340246,-0.19987211102233016,-0.15536821631177544,-0.20285181464258406,-0.12083861063817747
2016-05-04,188927.721719757,134992.88239833395,238239.06059439125,178957.95328077875,-0.19987211102233016,-0.1578336996391566,-0.20590303297512325,-0.12207980390091933
2016-05-05,188927.721719757,135270.17767334843,238706.32405583252,179411.73155685945,-0.19987211102233016,-0.15610376594400532,-0.20434555328809667,-0.11985368818033315
2016-05-06,188927.721719757,136215.91804578426,240785.6013927649,180710.75521606847,-0.19987211102233016,-0.15020367212864427,-0.19741491889614582,-0.1134810230669765
2016-05-09,188927.721719757,136435.83911217234,241666.24113015272,180181.22931298695,-0.19987211102233016,-0.14883167304572265,-0.1944795759563419,-0.11607873653067202
2016-05-10,188927.721719757,139382.2508067695,247216.40364636655,183120.2358256419,-0.19987211102233016,-0.13045019550339676,-0.1759798084974522,-0.10166075103953132
2016-05-11,188927.721719757,139178.33895664426,246917.1766559166,184215.912841966,-0.19987211102233016,-0.13172231952481717,-0.17697719005602386,-0.096285650556999
2016-05-12,188927.721719757,138225.57952284015,244064.25690534204,182230.24162964083,-0.19987211102233016,-0.13766620244105165,-0.18648652456835935,-0.10602682622510518
2016-05-13,188927.721719757,137886.7965837571,244694.98124659856,183191.87243145803,-0.19987211102233016,-0.13977973294254176,-0.18438419808515816,-0.10130932087466293
2016-05-16,188927.721719757,138686.77767232736,246782.520122792,183343.32216880075,-0.19987211102233016,-0.13478897267614587,-0.17742602638150962,-0.10056634868108594
2016-05-17,188927.721719757,137922.79248256472,244603.40470413765,183127.8873396609,-0.19987211102233016,-0.13955516900710752,-0.18468944045153335,-0.10162321474363123
2016-05-18,188927.721719757,137798.08826063358,245198.63492678243,181927.23087683172,-0.19987211102233016,-0.1403331484928202,-0.18270542274551793,-0.10751331651318385
2016-05-19,188927.721719757,138820.50635687454,246579.32697164343,183472.25523320708,-0.19987211102233016,-0.13395469319772935,-0.1781033085393754,-0.09993383730558048
2016-05-20,188927.721719757,139368.97275068058,248729.54754575528,183810.92924420076,-0.19987211102233016,-0.13053303195502086,-0.1709362065869221,-0.09827239254330866
2016-05-23,188927.721719757,139393.13832833365,248782.11671643934,183871.184130012,-0.19987211102233016,-0.13038227263522129,-0.17076098335150858,-0.09797679807434234
2016-05-24,188927.721719757,140332.6512528978,252243.77133655507,183421.78632937628,-0.19987211102233016,-0.12452102936250808,-0.15922261752743572,-0.10018142434564081
2016-05-25,188927.721719757,142312.7744697829,255920.10623772177,185276.74053917296,-0.19987211102233016,-0.11216783700009869,-0.14696868071497282,-0.09108151157973843
2016-05-26,188927.721719757,142277.34213080397,256537.75563410175,185326.6853809612,-0.19987211102233016,-0.1123888851124204,-0.14490993555737197,-0.09083649544889305
2016-05-27,188927.721719757,142372.54389567315,256949.9342500493,184661.07554920577,-0.19987211102233016,-0.11179495959069452,-0.14353606433751476,-0.0941018005292622
2016-05-31,188927.721719757,143562.67534349472,260090.30079449396,186784.48115797812,-0.19987211102233016,-0.10437020814789288,-0.1330686139451729,-0.08368493648787212
2016-06-01,188927.721719757,143634.91911413198,259712.7381529363,186516.09200597435,-0.19987211102233016,-0.10391950831868146,-0.13432710341274723,-0.08500158239624556
2016-06-02,188927.721719757,142519.0326463657,257452.40288969548,184779.29014606765,-0.19987211102233016,-0.11088107519158086,-0.14186123896768388,-0.09352187110921617
2016-06-03,188927.721719757,141292.50258587138,254788.98453464804,185076.08033963823,-0.19987211102233016,-0.11853290293965335,-0.15073892859752347,-0.09206589723287795
2016-06-06,188927.721719757,139221.06691156505,250696.9433915518,181730.29673750827,-0.19987211102233016,-0.13145575699886536,-0.1643784948910041,-0.10847942310439063
2016-06-07,188927.721719757,140375.25979479082,251736.91429510844,182933.77051810743,-0.19987211102233016,-0.12425521180640964,-0.1609120702910748,-0.1025755003220038
2016-06-08,188927.721719757,140591.63218753328,251742.24834686168,183586.21163139425,-0.19987211102233016,-0.12290535147111847,-0.1608942908626778,-0.09937479747745803
2016-06-09,188927.721719757,139779.16538083367,250218.0208046596,182967.7833928635,-0.19987211102233016,-0.12797400511127988,-0.16597483670305602,-0.10240864219064771
2016-06-10,188927.721719757,138856.3534264004,248077.27724979282,182900.94978134736,-0.19987211102233016,-0.13373105774832628,-0.17311034991342744,-0.10273651014092644
2016-06-13,188927.721719757,137030.91029356932,244643.92125711916,181617.06979478092,-0.19987211102233016,-0.14511926327726032,-0.1845543909270908,-0.10903488441773579
2016-06-14,188927.721719757,136405.0601733073,244005.34447456783,181093.43430313136,-0.19987211102233016,-0.14902369046628938,-0.18668289111917247,-0.11160370108715834
2016-06-15,188927.721719757,136036.67525968968,242981.65958121524,181156.65675559654,-0.19987211102233016,-0.151321895781253,-0.19009503129036154,-0.11129354852423201
2016-06-16,188927.721719757,136137.84276863994,243164.33047964599,180564.15630798019,-0.19987211102233016,-0.15069075238157392,-0.18948615377864853,-0.11420019838038009
2016-06-17,188927.721719757,133518.0331024013,237779.45035242024,178218.26689173933,-0.19987211102233016,-0.1670346912253673,-0.20743500299822593,-0.12570850890012353
2016-06-20,188927.721719757,134256.02638114578,239069.553267953,178133.6081944515,-0.19987211102233016,-0.16243064797353524,-0.20313483991909642,-0.12612382198770578
2016-06-21,188927.721719757,133576.98219237302,237945.19945972392,175998.2678135504,-0.19987211102233016,-0.16666693156182721,-0.20688252909630345,-0.1365992348518532
2016-06-22,188927.721719757,134445.76092830035,239299.6311760936,177366.90739641606,-0.19987211102233016,-0.1612469704433651,-0.20236794565508254,-0.12988505250370586
2016-06-23,188927.721719757,136170.5726872523,242692.483719869,178009.1618742181,-0.19987211102233016,-0.15048656358303003,-0.19105891048741241,-0.12673432258776396
2016-06-24,188927.721719757,131518.19147216182,233170.8251760465,177852.9781098978,-0.19987211102233016,-0.17951089883812632,-0.22279644400450838,-0.1275005186605611
2016-06-27,188927.721719757,125821.2291758228,222475.64745646055,172244.92165390245,-0.19987211102233016,-0.21505195533802268,-0.25844554439856515,-0.15501215440137384
2016-06-28,188927.721719757,127695.46503435163,226687.16106969983,172822.03845309254,-0.19987211102233016,-0.20335935161745555,-0.24440775320465535,-0.15218097263924169
2016-06-29,188927.721719757,131003.80167141357,232746.85681071793,175792.22962055256,-0.19987211102233016,-0.1827199699220463,-0.22420961274426887,-0.13761000351278418
2016-06-30,188927.721719757,132887.82019184454,235636.25753163965,177328.94468824944,-0.19987211102233016,-0.1709663361083703,-0.21457868008663128,-0.13007128746888674
2016-07-01,188927.721719757,133552.98881294124,237507.91605881703,178972.05362955207,-0.19987211102233016,-0.16681661660618086,-0.20834007943051025,-0.12201063133421752
2016-07-05,188927.721719757,131877.73689565307,234775.96050345397,178025.75764397008,-0.19987211102233016,-0.17726783954689784,-0.2174462168336211,-0.12665290814840557
2016-07-06,188927.721719757,130886.73565816491,233533.9261508591,176525.1539482573,-0.19987211102233016,-0.1834502976958079,-0.22158615807531146,-0.13401447139080702
2016-07-07,188927.721719757,130814.72495981923,234249.83844638153,176417.9226489478,-0.19987211102233016,-0.1838995434807318,-0.21919988362849407,-0.13454051966970104
2016-07-08,188927.721719757,132292.6307632373,237052.54384526212,177479.03087412077,-0.19987211102233016,-0.1746794835736193,-0.20985792328344177,-0.12933500449673407
2016-07-11,188927.721719757,132630.13287334365,238184.38528060296,177068.41829063892,-0.19987211102233016,-0.17257394364897694,-0.20608527639373853,-0.1313493607921794
2016-07-12,188927.721719757,136024.08615770133,243750.93000855244,179844.29631031753,-0.19987211102233016,-0.15140043412533477,-0.18753090384775706,-0.11773164036843375
2016-07-13,188927.721719757,138965.99518686475,248450.07876350862,184170.3367846034,-0.19987211102233016,-0.13304704690171854,-0.17186773020780322,-0.096509234591593
2016-07-14,188927.721719757,138834.80447330375,248535.99914660488,183016.9936136453,-0.19987211102233016,-0.13386549299990125,-0.17158134091692823,-0.10216722991537963
2016-07-15,188927.721719757,140133.90328456328,250792.0303731456,184489.82096606877,-0.19987211102233016,-0.12576093800230304,-0.16406155155056779,-0.09494193003708362
2016-07-18,188927.721719757,140867.81628744066,253106.93504930803,185461.89738465252,-0.19987211102233016,-0.12118234995055566,-0.15634552556513137,-0.09017318126464224
2016-07-19,188927.721719757,141642.00519407017,253821.16055868918,186628.74903949085,-0.19987211102233016,-0.11635249673390469,-0.15396487350347388,-0.0844489169061482
2016-07-20,188927.721719757,142216.32268472225,256785.60154747614,186624.64018201095,-0.19987211102233016,-0.11276956089505219,-0.1440838170879275,-0.08446907386982805
2016-07-21,188927.721719757,143103.4341613858,258768.4891009962,189002.92409783334,-0.19987211102233016,-0.10723522918040007,-0.1374744685273971,-0.07280184453757155
2016-07-22,188927.721719757,141880.73100058557,256474.0708196328,186584.66630453,-0.19987211102233016,-0.11486318244042593,-0.14512220938807452,-0.08466517509759441
2016-07-25,188927.721719757,142184.07970023682,257745.20621862053,187013.54972280987,-0.19987211102233016,-0.11297071190741859,-0.14088526871807805,-0.08256118693849224
2016-07-26,188927.721719757,141248.99473895718,256226.74959165833,185993.42978628425,-0.19987211102233016,-0.11880433089808662,-0.1459465789793808,-0.08756562445188965
2016-07-27,188927.721719757,140124.8380927305,256236.38015964886,185909.61345258844,-0.19987211102233016,-0.12581749208820925,-0.14591447842956773,-0.08797680512738093
2016-07-28,188927.721719757,140423.10131299627,257387.2056030914,186207.40848568836,-0.19987211102233016,-0.12395674781575394,-0.14207855416117643,-0.08651590177514934
2016-07-29,188927.721719757,140373.76859083076,257444.38401515372,186665.22728896083,-0.19987211102233016,-0.12426451482816758,-0.14188796743083631,-0.08426996430113154
2016-08-01,187046.14975497095,137026.29582665136,252854.22562655987,182495.77511178108,-0.20784075739375574,-0.14514805108046447,-0.15718785505401633,-0.10472418947475248
2016-08-02,187824.51324552903,136183.618136544,250986.49895376526,182164.65892867502,-0.20454430978464655,-0.15040517827166133,-0.16341335007736513,-0.10634855754040617
2016-08-03,186205.2954614432,134859.6425698694,248645.72988342532,179954.15810351854,-0.21140185983385262,-0.1586649293410871,-0.17121558710191098,-0.11719268758504164
2016-08-04,186606.30812099803,135362.44065083086,250025.6851299096,180796.41940993967,-0.20970353091831695,-0.15552817433483157,-0.16661592878757225,-0.11306077728016828
2016-08-05,184833.73359415005,136283.7152465482,252097.58407320865,180260.2215374305,-0.21721056218568313,-0.14978071266050197,-0.15970988801176111,-0.11569122165411894
2016-08-08,185601.29692273162,137475.72104916774,254168.9972027152,181803.29997214995,-0.2139598543479756,-0.14234426787196441,-0.15280546654748595,-0.10812128862141557
2016-08-09,186102.22839430004,137750.26714046704,255117.95018086917,182538.6614169893,-0.21183835922158512,-0.14063148522831515,-0.14964242233499958,-0.10451380064995808
2016-08-10,186196.36057732563,136908.25864661124,253531.03437664526,181974.3244918498,-0.2114396999660586,-0.14588443757324332,-0.15493192030361147,-0.10728228774372295
2016-08-11,184859.81601682823,136488.2302412678,252671.6316271613,180455.7365531297,-0.21710010050432182,-0.14850482586253666,-0.15779647624634985,-0.11473207690656106
2016-08-12,185271.4827651133,137279.8026519595,254532.958203173,181718.49175868474,-0.21535665045226327,-0.1435665239555306,-0.15159231398611417,-0.10853733519565956
2016-08-15,185114.9158220357,136965.72995834643,254307.94868585086,181130.60324366076,-0.21601972719138884,-0.14552589717377173,-0.15234231432112,-0.11142136013521886
2016-08-16,185523.74639796087,136201.45381190308,252786.75408125864,180708.13792815813,-0.21428828861431348,-0.15029390866644432,-0.1574127507925679,-0.1134938627864378
2016-08-17,184607.64063597604,135055.88063948904,250641.86105620852,179099.61461147133,-0.21816808858620163,-0.15744067894991565,-0.16456209499135543,-0.12138485103103391
2016-08-18,184770.12178619398,134961.77303610084,249970.81450930855,178976.1785427025,-0.21747996458545082,-0.15802777843822358,-0.16679882320165096,-0.1219903956056817
2016-08-19,184156.14224370816,135042.320160308,250421.7428732728,178722.1226814362,-0.22008022965366225,-0.1575252773256235,-0.16529579156076002,-0.12323672619593551
2016-08-22,184418.88653096705,135632.3346869812,251721.72403252838,179577.83718511395,-0.21896748119096054,-0.1538444139922419,-0.16096270238059462,-0.11903881807784844
2016-08-23,184133.24089906464,135495.89752764194,251415.32734762717,179197.9602111617,-0.220177219149844,-0.15469559055556203,-0.1619839819204798,-0.12090239363485344
2016-08-24,183187.8610214888,134883.53146083854,249928.56433534255,178269.97721418698,-0.22418099794334878,-0.1585158961582277,-0.16693965122086396,-0.1254548317899905
2016-08-25,183323.8558083623,135114.50278813503,250118.7465863449,178483.12373472645,-0.22360504635327727,-0.157074958941814,-0.16630573691509842,-0.12440919156177299
2016-08-26,183199.55006164312,134864.0595562751,250493.3178219194,178236.3348698326,-0.2241314936835307,-0.15863737353937413,-0.16505721838349263,-0.1256198721975912
2016-08-29,184585.1675126964,137368.54505041518,254243.8826420414,181216.86583288832,-0.2182632645218705,-0.1430128958229595,-0.1525558588631084,-0.11099817877969764
2016-08-30,183579.8814953145,136992.0844637641,253136.1491115,180342.39230235846,-0.22252075183810294,-0.14536148201401589,-0.15624814943326093,-0.11528811370201819
2016-08-31,184328.2483687463,138023.38726718802,255504.1245232237,181897.6400491541,-0.2193513429172247,-0.13892759860415982,-0.14835522839945658,-0.10765848125585775
2016-09-01,184085.2142926493,138612.09172898732,257247.6550246399,183040.06885690062,-0.22038061665475261,-0.13525490823863018,-0.1425437032883532,-0.10205402889965298
2016-09-02,184085.2142926493,139177.65453788583,257980.7513015845,183666.67755496516,-0.22038061665475261,-0.13172658933818404,-0.1401001513006711,-0.09898005302433033
2016-09-06,184085.2142926493,139939.62964788426,260233.10027389677,185541.49155174568,-0.22038061665475261,-0.1269729330864353,-0.13259263560138845,-0.08978271341729749
2016-09-07,184085.2142926493,137242.86216299018,255395.25937511591,181872.1491854391,-0.22038061665475261,-0.143796980809078,-0.14871809703951677,-0.10778353266408602
2016-09-08,184085.2142926493,137339.55084007845,254651.07562871103,181576.79252538187,-0.22038061665475261,-0.14319377904003994,-0.15119860571200283,-0.10923247400568592
2016-09-09,184085.2142926493,134680.29299372726,249362.5158225608,179667.5111736075,-0.22038061665475261,-0.15978381921385265,-0.16882640063159227,-0.1185989013034332
2016-09-12,184085.2142926493,136788.8655553577,254194.114274111,181320.77450865047,-0.22038061665475261,-0.1466292830507473,-0.1527217464800621,-0.11048843040959644
2016-09-13,184085.2142926493,133918.26292780766,250216.77260097125,178588.809827045,-0.22038061665475261,-0.16453781831349068,-0.16597899720788956,-0.12389072365804321
2016-09-14,184085.2142926493,134858.69646810068,253279.2166920392,180367.17169432915,-0.22038061665475261,-0.15867083168950857,-0.1557712774564226,-0.11516655258523456
2016-09-15,184085.2142926493,136264.79946928105,257352.05423838896,181311.13805828028,-0.22038061665475261,-0.1498987205871164,-0.14219572047314621,-0.11053570427613102
2016-09-16,184085.2142926493,135023.33043424872,255873.62837204567,180098.66160738672,-0.22038061665475261,-0.15764374658901037,-0.1471236004501124,-0.11648379176830248
2016-09-19,184085.2142926493,135444.48445060567,255500.28636363096,180452.09031876078,-0.22038061665475261,-0.1550163360653144,-0.1483680217293326,-0.11474996436410911
2016-09-20,184085.2142926493,134840.4854524129,254831.3860234279,179839.01264098182,-0.22038061665475261,-0.15878444289207816,-0.15059759621670643,-0.11775756064710419
2016-09-21,184085.2142926493,135956.50302839567,256597.43294780274,180986.92572132574,-0.22038061665475261,-0.1518220580877464,-0.14471101950350607,-0.11212620390589767
2016-09-22,184085.2142926493,135258.46780907517,255713.1347934933,179808.76709916565,-0.22038061665475261,-0.15617681907760417,-0.14765855665602357,-0.11790593724348108
2016-09-23,184085.2142926493,135104.22686265272,255178.94586965832,180103.52685032287,-0.22038061665475261,-0.15713906630801333,-0.14943911188142311,-0.1164599241784342
2016-09-26,184085.2142926493,134086.6649500275,253175.36046598357,179556.97367711022,-0.22038061665475261,-0.16348722582663888,-0.15611745038839964,-0.11914116890776227
2016-09-27,184085.2142926493,134210.3052718856,254351.74236616716,179077.09636384703,-0.22038061665475261,-0.16271588358559097,-0.15219634149606232,-0.12149531957410631
2016-09-28,184085.2142926493,135022.960529768,255060.60156392318,179405.68040582194,-0.22038061665475261,-0.15764605427429346,-0.14983357639120787,-0.1198833735204261
2016-09-29,184085.2142926493,134423.30707086375,254377.32754192394,179477.77555625557,-0.22038061665475261,-0.16138705102917272,-0.15211106114607031,-0.11952969385743184
2016-09-30,184085.2142926493,135791.92405366473,256959.97231618088,180355.95081389358,-0.22038061665475261,-0.15284880011891033,-0.1435026055174119,-0.11522159924492081
2016-10-03,184085.2142926493,135952.73123863578,257512.5185614132,180605.25929105544,-0.22038061665475261,-0.15184558876707843,-0.141660861781581,-0.11399855806040471
2016-10-04,184085.2142926493,135597.94290963336,257761.95687178528,178977.43184236097,-0.22038061665475261,-0.1540589704590517,-0.14082943554428773,-0.12198424725037382
2016-10-05,184085.2142926493,137619.93205304103,261383.33841927338,181038.55461124852,-0.22038061665475261,-0.14144459341916682,-0.1287586689112873,-0.1118729262821071
2016-10-06,184085.2142926493,138492.05871442865,262723.28090186475,181561.3922288504,-0.22038061665475261,-0.13600374594026354,-0.12429238089470895,-0.10930802377088511
2016-10-07,184085.2142926493,138423.98618534108,262916.9482495568,181932.24079499266,-0.22038061665475261,-0.13642842307108227,-0.12364685008615761,-0.1074887391850815
2016-10-10,184085.2142926493,138143.24345477976,262687.65799345524,181186.43013811935,-0.22038061665475261,-0.13817986405485483,-0.12441111895325407,-0.11114748821596532
2016-10-11,184085.2142926493,137297.57383221062,260623.73514552217,180894.31237141087,-0.22038061665475261,-0.14345565670935256,-0.13129057385719767,-0.1125805404068918
2016-10-12,184085.2142926493,137007.0549038512,259509.02742748952,180365.33007878473,-0.22038061665475261,-0.14526808745928865,-0.13500611074607083,-0.11517558706205022
2016-10-13,184085.2142926493,137829.49719207032,260981.60880466065,181931.5436421361,-0.22038061665475261,-0.1401372008019759,-0.13009771158435746,-0.10749215923186528
2016-10-14,184085.2142926493,137131.2082601248,259838.00162301448,180607.24516796562,-0.22038061665475261,-0.14449354460286012,-0.1339095759870601,-0.11398881587563758
2016-10-17,184085.2142926493,137072.71154368183,259915.36445063006,181092.68775489493,-0.22038061665475261,-0.14485848208989505,-0.13365171068731985,-0.11160736345455868
2016-10-18,184085.2142926493,137681.86196843546,261770.97615753827,181822.14063117918,-0.22038061665475261,-0.14105823758467562,-0.12746659719352382,-0.10802886135139855
2016-10-19,184085.2142926493,138067.69243273823,261783.90337655082,182239.86163491823,-0.22038061665475261,-0.1386511964954309,-0.127423508266862,-0.10597963303382885
2016-10-20,184085.2142926493,137181.04871600732,260277.59103816032,181091.19791976374,-0.22038061665475261,-0.1441826100439919,-0.13244433926041832,-0.11161467219008314
2016-10-21,184085.2142926493,138198.2918668444,263071.3188478967,182626.45034327725,-0.22038061665475261,-0.13783643915195942,-0.12313230296011668,-0.10408313149014081
2016-10-24,184085.2142926493,138530.05856775527,265763.0887529974,182880.12710845744,-0.22038061665475261,-0.13576668013855775,-0.11416011211854649,-0.10283866064461566
2016-10-25,184085.2142926493,138602.66690998126,265942.82811939996,183615.1716125938,-0.22038061665475261,-0.13531370589383163,-0.11356100597130447,-0.09923272750008272
2016-10-26,184085.2142926493,138102.95394645978,263700.7715159435,182559.00730768417,-0.22038061665475261,-0.1384312140931856,-0.12103421521021285,-0.10441398911310718
2016-10-27,184085.2142926493,138275.53489250698,263520.66224434396,182862.707696838,-0.22038061665475261,-0.13735455098130034,-0.12163455432317549,-0.10292411565225579
2016-10-28,184085.2142926493,138718.62636459677,263472.537951511,183782.9898377612,-0.22038061665475261,-0.13459028149433439,-0.12179496191915717,-0.0984094558519274
2016-10-31,184085.2142926493,137875.99939237704,261612.1550078952,182787.93567699913,-0.22038061665475261,-0.13984709227702874,-0.12799597886971203,-0.10329092732570333
2016-11-01,184085.2142926493,137210.8339071193,260264.22208982453,182846.45502245636,-0.22038061665475261,-0.14399679221598016,-0.13248890055653517,-0.10300384695683706
2016-11-02,184085.2142926493,135437.78448452184,256372.45998230358,181416.00150209985,-0.22038061665475261,-0.15505813445904537,-0.14546089800420092,-0.11002127206748114
2016-11-03,184085.2142926493,133893.10849875025,252098.89770861066,179742.41603446146,-0.22038061665475261,-0.1646947466794949,-0.15970550941034323,-0.11823143794724189
2016-11-04,184085.2142926493,133323.8478955015,250416.45668502097,179145.3153369189,-0.22038061665475261,-0.1682461346316726,-0.16531341145082945,-0.12116065540792109
2016-11-07,184085.2142926493,137775.9540076294,259250.75316503903,182151.76846146293,-0.22038061665475261,-0.14047123519511595,-0.13586698892432103,-0.1064117947494555
2016-11-08,184085.2142926493,138719.2476871927,261564.2346791317,182728.147085944,-0.22038061665475261,-0.13458640531254884,-0.12815570661391562,-0.10358423427642194
2016-11-09,184085.2142926493,140983.95253450974,264267.95234820305,183734.3852759704,-0.22038061665475261,-0.12045782261404503,-0.1191436915591868,-0.09864789692501985
2016-11-10,184085.2142926493,142443.93611056238,262008.69086932833,183576.48559523284,-0.22038061665475261,-0.11134957227530695,-0.12667424798269877,-0.09942251082809461
2016-11-11,184085.2142926493,143462.21413914222,264606.37176269206,184122.31883916107,-0.22038061665475261,-0.10499694519725589,-0.11801567405459468,-0.09674479788065704
2016-11-14,184085.2142926493,143595.05872000777,261951.48939471165,183072.41414272581,-0.22038061665475261,-0.10416818128613059,-0.1268649115850028,-0.10189535151675966
2016-11-15,184085.2142926493,146517.82381647284,268917.862198493,186765.23330580787,-0.22038061665475261,-0.08593422535910189,-0.10364464073250101,-0.08377936133930797
2016-11-16,184085.2142926493,147372.52705480013,272615.3919160065,188306.9181895138,-0.22038061665475261,-0.08060207560912802,-0.09132005748894634,-0.07621626469781628
2016-11-17,184085.2142926493,147786.41919644148,273973.61985701433,188030.69615094044,-0.22038061665475261,-0.07801996900112196,-0.08679282049518133,-0.07757133666765892
2016-11-18,184085.2142926493,149449.63995441791,276633.84525457077,189671.01742682618,-0.22038061665475261,-0.06764380362452682,-0.07792577361155273,-0.069524356079254
2016-11-21,184085.2142926493,151557.42820178866,281347.6274159241,192000.390754654,-0.22038061665475261,-0.05449416048264366,-0.06221382399167252,-0.05809706910337964
2016-11-22,184085.2142926493,151411.467544736,281386.341919203,191717.7858674836,-0.22038061665475261,-0.05540475031793268,-0.06208478104818149,-0.059483453633459415
2016-11-23,184085.2142926493,151981.24085558282,281144.496325273,191086.1439239406,-0.22038061665475261,-0.051850163789257,-0.06289089928987102,-0.06258212127450935
2016-11-25,184085.2142926493,155687.37562019596,287861.11277729756,195074.84625018598,-0.22038061665475261,-0.028729079566882643,-0.040503114768243975,-0.04301460687103342
2016-11-28,184085.2142926493,154081.0823731681,285580.1113362768,194312.22092182082,-0.22038061665475261,-0.03875009709840227,-0.048106134699462566,-0.04675584421508161
2016-11-29,184085.2142926493,153063.23512781668,284127.2811622818,192762.0535476588,-0.22038061665475261,-0.045100036693148216,-0.05294869927259882,-0.05436055370220594
2016-11-30,184085.2142926493,153762.3793675388,282624.6692531928,192446.89960142405,-0.22038061665475261,-0.04073835697104289,-0.05795719601803617,-0.055906615272577787
2016-12-01,184085.2142926493,156226.57589917927,283200.65119638265,194953.26773277594,-0.22038061665475261,-0.02536522588780521,-0.05603733655835297,-0.04361103879199191
2016-12-02,184085.2142926493,155235.04013897845,281826.3844197358,194220.67336601444,-0.22038061665475261,-0.03155101870893917,-0.0606180341001229,-0.04720495221320353
2016-12-05,184085.2142926493,155613.92911423725,283026.16739101236,193915.07895346067,-0.22038061665475261,-0.029187282778035284,-0.056618924901984835,-0.04870411724989254
2016-12-06,184085.2142926493,156599.19438976838,284605.24411258305,194767.9888234438,-0.22038061665475261,-0.023040608988822986,-0.05135555611531162,-0.04451996791993462
2016-12-07,184085.2142926493,158882.66824653282,288711.77431384014,196678.22035737598,-0.22038061665475261,-0.008794933989103582,-0.03766769498255551,-0.03514887928084409
2016-12-08,184085.2142926493,158812.50318135417,288367.7346482406,196006.60447755962,-0.22038061665475261,-0.00923266561099545,-0.0388144458734766,-0.03844364843808035
2016-12-09,184085.2142926493,160308.8146999188,291569.7948103393,196567.08861675172,-0.22038061665475261,0.0,-0.02814135869537182,-0.03569406208905723
2016-12-12,184085.2142926493,161965.7502134899,293645.341935344,198751.6792657903,-0.22038061665475261,0.0,-0.021223157822805705,-0.024977040487949242
2016-12-13,184085.2142926493,162439.0939358156,296316.0588855089,198877.2137554626,-0.22038061665475261,0.0,-0.012321140560747068,-0.02436120161758959
2016-12-14,184085.2142926493,161458.87988920492,296267.8901238828,197638.37636891453,-0.22038061665475261,-0.006034348153887037,-0.01248169637983576,-0.030438608859874927
2016-12-15,184085.2142926493,164890.32652929338,301856.39454758394,200528.75849228742,-0.22038061665475261,0.0,0.0,-0.01625916171023345
2016-12-16,184085.2142926493,166050.76336988984,303372.65202631307,202361.50348473658,-0.22038061665475261,0.0,0.0,-0.007268201466929303
2016-12-19,184085.2142926493,165749.5780150254,303464.3916347051,202386.8069042059,-0.22038061665475261,-0.001813814936782454,0.0,-0.007144069610394044
2016-12-20,184085.2142926493,165331.2773681842,302684.3804164626,201056.46652720275,-0.22038061665475261,-0.004332927998066061,-0.002570355006202729,-0.013670366225022268
2016-12-21,184085.2142926493,166103.1558576382,304622.5567999847,202414.0737908106,-0.22038061665475261,0.0,0.0,-0.007010305505495973
2016-12-22,184085.2142926493,165442.4033878382,303058.7970381677,201575.7732778854,-0.22038061665475261,-0.003977964575015758,-0.005133433906681306,-0.01112278520927612
2016-12-23,184085.2142926493,165545.89246958215,303102.083656499,201756.13868221905,-0.22038061665475261,-0.0033549235424139567,-0.004991334717488027,-0.010237960432063486
2016-12-27,184085.2142926493,165403.97629919174,303768.488935588,201751.99369972138,-0.22038061665475261,-0.004209309298407904,-0.002803692127623769,-0.01025829461548744
2016-12-28,184085.2142926493,164527.55157058712,302130.45175565424,201761.06888192293,-0.22038061665475261,-0.009485697480675626,-0.00818096030218407,-0.010213774181542234
2016-12-29,184085.2142926493,163896.7880155428,300689.9293185048,201784.8385801362,-0.22038061665475261,-0.013283118136457217,-0.012909836759272153,-0.010097166354205989
2016-12-30,184085.2142926493,162168.54645885018,295696.94295875955,199535.20838302243,-0.22038061665475261,-0.023687746198875592,-0.029300567676233236,-0.021133254706769078
2017-01-03,185113.27691819638,165142.43711051546,301306.417798284,202832.94093187997,-0.2160266681138604,-0.005783868115944446,-0.010886058591774272,-0.004955454542543092
2017-01-04,186409.79852256982,166320.06281791555,303378.373499605,203921.90956863912,-0.21053576881714386,0.0,-0.004084343961424541,0.0
2017-01-05,186010.79691082725,165438.63300302258,303690.1519690892,204350.3789252906,-0.2122255807430815,-0.005299600060023724,-0.0030608528819741077,0.0
2017-01-06,184244.24692330536,163468.2221352605,301536.30217229266,201165.58791721085,-0.21970709748092732,-0.017146702774981537,-0.010131405435344965,-0.015584952789561957
2017-01-09,187260.04729210288,165593.24874964455,307479.3718805277,205069.41389339484,-0.20693487982700687,-0.004369972304944958,0.0,0.0
2017-01-10,185589.0404967765,163917.55236691164,305097.8454512005,203329.2619213111,-0.21401176154368307,-0.014445103075953813,-0.00774532097799574,-0.008485672919455345
2017-01-11,185900.94094597164,164184.45826207058,305626.27524151525,203617.10042174667,-0.21269083179491977,-0.012840330382648979,-0.006026734826726776,-0.007082057943575859
2017-01-12,184308.7291437225,162721.44290152102,303112.540191614,202279.142353289,-0.21943400879690922,-0.02163671571200787,-0.014202031382483882,-0.013606473472228098
2017-01-13,184125.52742847658,162451.32075151108,303009.4996897438,201808.71747948544,-0.22020988647299877,-0.023260826149638314,-0.014537144926003998,-0.015900452203001292
2017-01-17,182715.76416539226,161177.44925216728,300744.4802872238,201584.34928162216,-0.22618037557529747,-0.030919983305792265,-0.021903555845433242,-0.016994560747047305
2017-01-18,181053.2289936004,159716.71541383053,297997.34594301233,198756.52576915597,-0.23322137911489516,-0.03970265097431003,-0.030837925417642853,-0.030784152567581935
2017-01-19,183732.10781339178,161852.54864997277,302822.41928683996,201651.83774112226,-0.22187605808209243,-0.026860945650517998,-0.015145577295823331,-0.01666546018437054
2017-01-20,184580.71451846586,162683.7723353902,304068.01192654006,202448.9513745052,-0.21828212339996889,-0.021863210131818467,-0.011094597771303949,-0.012778417166842249
2017-01-23,182550.6888397137,160623.53776678766,301219.6484565947,200904.30087015656,-0.22687948616984221,-0.03425037818416621,-0.020358189837740626,-0.020310747196086054
2017-01-24,182075.54900133854,160162.173448943,300514.83879971167,199312.99141764385,-0.22889175113756477,-0.03702433287145934,-0.022650407532125882,-0.02807060480868917
2017-01-25,185514.86056048685,163066.94887643133,306412.0221745018,201462.1111305659,-0.2143259210290548,-0.01955935974510592,-0.003471288820118379,-0.017590642574831783
2017-01-26,184633.75107329816,162127.8861584916,305257.7490138592,200094.37644404132,-0.2180575082600078,-0.025205477850338887,-0.007225274505672341,-0.024260260732689165
2017-01-27,186573.16156982142,163547.93643914585,308981.80589568435,202327.76271092967,-0.20984390989382362,-0.016667420224609764,0.0,-0.013369381276382875
2017-01-30,185617.78113766736,162857.68900831704,307130.29203710344,202202.72387865357,-0.21389004204103657,-0.02081753548511489,-0.005992307065504021,-0.013979120339376983
2017-01-31,183761.78892895847,161376.4140540539,303790.14083849883,201167.22993902166,-0.22175035557467482,-0.029723706689997353,-0.016802494380326993,-0.019028600512808413
2017-02-01,182967.58770598326,160158.87220888244,303459.33387037046,199674.9818674019,-0.2251138775722843,-0.037044181589675484,-0.017873130132388226,-0.026305395444282342
2017-02-02,183856.52837033238,161050.60391870263,304719.0249627563,200962.10845539987,-0.22134912451901279,-0.031682641347856144,-0.013796219879584681,-0.020028854425507614
2017-02-03,183908.54864352595,161420.71673716852,304192.0285663863,200690.35524552298,-0.22112881343392943,-0.02945733664200656,-0.015501810261653759,-0.021354031128934303
2017-02-06,183621.74967696858,160938.94316744994,304152.30859231186,201321.85142938202,-0.22234343588098837,-0.03235400203255556,-0.015630361436242524,-0.01827460464660513
2017-02-07,182629.3976146222,159771.7820209033,303070.4830828394,200037.603751701,-0.22654614659776517,-0.039371562793246384,-0.0191316210212088,-0.02453710695398781
2017-02-08,183809.8137013016,160768.24000002618,305097.7983966272,201705.78004374407,-0.2215469658372463,-0.03338035546539808,-0.01257034370615484,-0.016402416068733383
2017-02-09,183964.0595738041,161075.11299430602,305028.9086437108,200708.32047339124,-0.2208937190652771,-0.03153528043908693,-0.012793301018209857,-0.02126642553467628
2017-02-10,187081.3610584709,163858.60361060797,310095.5563732178,203825.47139778474,-0.20769163398464918,-0.014799532693793749,0.0,-0.006065958213821054
2017-02-13,188918.55493046105,165447.63836122295,313178.7729020179,204841.4866580242,-0.1999109332962734,-0.005245455310149194,0.0,-0.0011114638260444343
2017-02-14,189275.15467871714,165818.14673981685,313659.9354551519,204722.2045746949,-0.1984006975236463,-0.00301777229755007,0.0,-0.0016931306922272071
2017-02-15,191317.69065851875,167536.07722498872,317179.7962220264,206499.55329628402,-0.18975035237152615,0.0,0.0,0.0
2017-02-16,190910.6555826388,167152.236021152,316556.7605923994,206589.53293871452,-0.1914741868254597,-0.0022910958057186237,-0.0019642979693160756,0.0
2017-02-17,190095.147967982,166182.2481059889,315688.17483554466,205379.42182635228,-0.19492794353316234,-0.008080821405300864,-0.004702762925787418,-0.00585756255483294
2017-02-21,191082.23969845957,167121.07620949548,317184.0006014205,205900.98481567527,-0.19074751085052044,-0.002477084472593427,0.0,-0.003332928407575708
2017-02-22,191722.8616212621,167602.75446644882,318395.92390928336,206751.76931249618,-0.18803441262407206,0.0,0.0,0.0
2017-02-23,190996.09981876993,167337.34748580155,316490.0312545269,206714.65984537816,-0.19111232189818184,-0.001583547844975275,-0.005985920395449096,-0.0001794880268324306
2017-02-24,190074.34100878699,166484.95491362675,315047.30196600093,206111.89610524074,-0.195016063096481,-0.006669338796850388,-0.010517163354881731,-0.0030948862463581195
2017-02-27,189485.85517317383,165979.10989165452,314053.73919387045,204909.58341982373,-0.19750835975393433,-0.009687457583636094,-0.013637689396583053,-0.008910133629318917
2017-02-28,189895.87369207948,166388.08433733543,314639.16923453985,205661.8550901651,-0.1957718901189468,-0.0072473160299794115,-0.011799003670078023,-0.005271607715645277
2017-03-01,192799.45404435706,169157.18592453943,319032.8831642268,207105.0393027342,-0.18347493551325356,0.0,0.0,0.0
2017-03-02,193507.69376129785,169700.6064422256,320352.00592561875,207639.70285495772,-0.18047546913294876,0.0,0.0,0.0
2017-03-03,194114.28982780926,170121.99581749045,321564.9429814733,208185.36710044282,-0.17790647382753844,0.0,0.0,0.0
2017-03-06,192775.10039737477,168888.21935672185,319459.93199456367,206658.86498439976,-0.1835780756557983,-0.0072523041764229745,-0.006546145756413768,-0.007332417918241907
2017-03-07,192434.331723748,168473.13587178837,319115.1929933743,206051.0889001479,-0.18502126523632556,-0.00969222079589871,-0.0076182122509546035,-0.010251816590285068
2017-03-08,192454.26391106585,168194.97559481143,319706.21650652203,205579.10521585995,-0.18493685041982244,-0.011327284360961531,-0.005780252218160253,-0.012518948477898695
2017-03-09,193445.8764140291,169082.35315831832,321314.30445961317,206141.35474562348,-0.1807372718113599,-0.006111159548630396,-0.0007794336022336479,-0.00981823258420067
2017-03-10,195446.74542521202,170769.39758719548,324754.45146708586,208097.3525277765,-0.17226339045892736,0.0,0.0,-0.0004227702162364899
2017-03-13,194960.72201667732,170251.2064430466,324123.42092901765,207341.54060258708,-0.1743217484400893,-0.0030344496816784305,-0.0019431005032186643,-0.004053245958677842
2017-03-14,194680.27041671413,169906.06586638826,323846.3611251437,207134.5779463885,-0.17550948915170284,-0.005055541174269207,-0.002796236780865713,-0.005047372774991121
2017-03-15,195643.63090846036,170915.59932613454,325130.34114626533,208822.19854964595,-0.17142956065011017,0.0,0.0,0.0
2017-03-16,193274.9031965899,168765.8862046661,321345.58341856924,206479.2694958711,-0.1814613605702572,-0.012577629718668493,-0.011640739877898598,-0.011219731762463159
2017-03-17,193002.88447083626,168441.4102682207,321057.43830151286,206524.95527175302,-0.18261338721207798,-0.014476086838584479,-0.012526984809824948,-0.011000953413230041
2017-03-20,191796.11959334684,167169.17439879788,319463.4508878855,205625.9269376921,-0.1877241577497668,-0.021919736654276267,-0.0174295952767769,-0.015306186957867673
2017-03-21,188980.17696191536,164923.90309307392,314378.4230018684,204640.93401359496,-0.19964995779996597,-0.035056462117465936,-0.03306956252218851,-0.020023084543173808
2017-03-22,188047.47238056705,163741.307470754,313522.5961479892,203408.5765438421,-0.20360005544006243,-0.04197564109810037,-0.03570182025261737,-0.025924552290913727
2017-03-23,187409.1052502824,163285.63962431758,312269.1727274484,202793.72181177413,-0.20630360439358797,-0.04464168122687129,-0.039556961597229434,-0.028868945829236603
2017-03-24,186966.96459985152,162708.73875084438,311894.2446694372,202319.18069180864,-0.20817611448390294,-0.048017036523565926,-0.04071012391573037,-0.03114141074561705
2017-03-27,186242.83435459126,161845.27744946483,311126.59382665483,201939.63822695892,-0.21124287884866044,-0.05306901132741004,-0.04307117960827489,-0.03295894962551482
2017-03-28,187851.9102150378,163325.25952595394,313660.42684724944,202622.2287359924,-0.20442828086534404,-0.04440987148105191,-0.03527789580811824,-0.029690185510519718
2017-03-29,189186.16706914053,164205.24680469357,316416.8899626971,204026.9791539403,-0.1987775689935798,-0.03926120581092507,-0.026799870946674687,-0.022963168805856693
2017-03-30,189501.5344253626,164586.59713457714,316741.20224302995,203615.41733385195,-0.19744195654512853,-0.03702998565672544,-0.025802387047788256,-0.024934040786646183
2017-03-31,190264.57016052914,165101.2915071665,318295.964565687,204809.74457114906,-0.19421042352056295,-0.034018590707296514,-0.021020420784118032,-0.019214690805694934
2017-04-03,189197.13169316674,164109.41308959117,316648.2197056723,204281.8775995801,-0.1987311327088691,-0.039821913642628215,-0.026088372468373255,-0.021742520582582747
2017-04-04,188474.00507318098,163414.2377319256,315568.9652000168,203423.78967932102,-0.20179364661972332,-0.04388927414340427,-0.02940782429760125,-0.02585170019192906
2017-04-05,188029.49577136373,163100.2505351794,314686.98928045365,203414.7366986671,-0.2036761881867124,-0.04572636331480895,-0.032120508436687456,-0.025895052769944193
2017-04-06,187520.33695881552,162826.31412321344,313511.4510422409,202483.33834973906,-0.20583252692901122,-0.04732912171162007,-0.03573609913815301,-0.030355298641297823
2017-04-07,188266.65320326958,163448.48618315163,314809.075189678,203325.1009868166,-0.2026718026279447,-0.04368889189999825,-0.031745010078724545,-0.02632429694260907
2017-04-10,188907.64603994612,164015.56014559418,315860.50714992324,204063.81766572103,-0.1999571335439626,-0.04037103229749073,-0.028511131762298025,-0.02278675790684037
2017-04-11,187532.80330326,163086.04272379202,313052.33409043413,203832.2050575672,-0.20577973070740418,-0.04580949096052056,-0.03714820035942967,-0.02389589577514395
2017-04-12,184851.40073665575,160741.60218274267,308600.4823800609,201847.63562717455,-0.21713574006159952,-0.059526439853966995,-0.05084071424379377,-0.033399528263338585
2017-04-13,182747.66859895608,158726.72277190431,305446.1645443695,200471.33889743517,-0.2260452570927155,-0.07131517896720407,-0.060542416719701286,-0.03999028700114671
2017-04-17,183318.88538308057,159247.38612615553,306353.60227610444,200004.96862328745,-0.22362609660388,-0.06826886045500258,-0.05775141995041877,-0.042223623674100264
2017-04-18,184213.53983932384,159887.5948678105,308112.82164454326,201758.96859789026,-0.21983714506769292,-0.06452310088607438,-0.0523406072829925,-0.03382413364485515
2017-04-19,183237.83050327716,158783.60891061317,306976.6706684291,200101.98978924306,-0.2239693721659738,-0.07098234721320884,-0.05583505499312813,-0.04175901231271506
2017-04-20,185251.78188566217,160496.54588396862,310412.7934782452,201448.2807479669,-0.21544008565670403,-0.0609602252997673,-0.04526660789679793,-0.03531194409834715
2017-04-21,185870.96765516695,160807.66083821937,311884.8172232762,202446.2869457206,-0.21281777169383442,-0.05913994116258281,-0.040739119813584024,-0.03053272903076687
2017-04-24,189054.33466106688,163465.61773902876,317411.8114177977,204278.9356336657,-0.19933589249110906,-0.04358865789008537,-0.023739801401664096,-0.021756608959847323
2017-04-25,189701.2656569709,163899.24663156996,318740.434810588,203529.43670544954,-0.19659607470600537,-0.041051564176867505,-0.01965336828654418,-0.0253457816312479
2017-04-26,191963.6833357815,165943.8632863384,322368.41042099777,206425.65120649277,-0.18701450846017065,-0.02908883717693478,-0.008494841531953679,-0.011476497038141353
2017-04-27,192873.04194591296,166292.95779440753,324738.1863716974,206900.06564569782,-0.1831632833544795,-0.027046340708236194,-0.0012061463509845938,-0.009204638765888506
2017-04-28,192901.49496163195,165989.78336352142,325418.0055093859,207150.90844360524,-0.18304278197334256,-0.02882016610557514,0.0,-0.008003412078066874
2017-05-01,194101.22931096843,166458.96518844838,328554.4888564295,207271.8957120084,-0.1779617864289592,-0.026075057837068427,0.0,-0.007424032734091535
2017-05-02,195208.4166647056,167312.7916662068,330616.4122187624,208447.48400564864,-0.17327273671203847,-0.02107945485451579,0.0,-0.0017944191115688568
2017-05-03,195068.82751885627,167379.31275982113,330014.6318228446,207694.80690028617,-0.17386391077361052,-0.02069025051110529,-0.0018201770198860157,-0.005398811319821228
2017-05-04,196613.49668409018,168751.6369436961,332535.80165812117,208633.66333960765,-0.16732208161748063,-0.012660999879298696,0.0,-0.0009028504217835076
2017-05-05,196930.7650272519,169046.55036884395,333028.03878207935,208675.16605542979,-0.1659784182982882,-0.010935508313223874,0.0,-0.0007041037554310625
2017-05-08,197400.5725776027,169260.29631695925,334194.5182600528,208828.07516831884,-0.16398873610625098,-0.009684914751500795,0.0,0.0
2017-05-09,198610.54983088473,169917.22129658295,336989.88030990126,209608.9346983718,-0.15886436083423228,-0.0058413511317156885,0.0,0.0
2017-05-10,199663.73088170477,170918.79428249307,338579.520758591,210575.26983741886,-0.154404033237873,0.0,0.0,0.0
2017-05-11,200489.51217359665,171521.92939830903,340183.4805704168,211835.75480917044,-0.15090676647456136,0.0,0.0,0.0
2017-05-12,199668.66462021036,170507.90623436408,339402.58743679133,211332.99616331322,-0.15438313835945439,-0.005911915563812098,-0.002295505743888704,-0.0023733417727811457
2017-05-15,199547.77047924488,170567.96600772874,338876.59875267965,210880.20278002936,-0.15489513719646975,-0.005561757577743798,-0.003841696885297785,-0.00451081560807276
2017-05-16,200549.29500104644,170998.42358735224,341412.7313576789,212051.59746289454,-0.15065358019205555,-0.0030521217478909346,0.0,0.0
2017-05-17,194512.75755383424,166548.7252645282,329767.5641860226,209256.56218874658,-0.17621892296127106,-0.028994567349064804,-0.03410876661027695,-0.013180920623043324
2017-05-18,193079.86528874515,164893.36643348148,328179.21683083783,206634.54503728563,-0.18228736571155635,-0.03864557137434399,-0.038761045829240226,-0.025545916609078123
2017-05-19,194596.92030291108,166376.62443739705,330389.44730553136,207942.25705600518,-0.17586248526045922,-0.029997942414485834,-0.03228726711013907,-0.01937896462962707
2017-05-22,195714.64993763418,167052.76585029936,332835.68512080424,208588.6125786531,-0.1711287879240495,-0.026055930945315775,-0.02512222143200915,-0.01633085968544712
2017-05-23,195329.0600078025,166817.26392850667,331996.20628915884,207552.7238270905,-0.17276180002920205,-0.027428944428890878,-0.027581060117687572,-0.021215938430226955
2017-05-24,197882.24779176066,168792.7713725976,336738.12698132126,210221.6511832275,-0.1619487931652741,-0.015911423310623785,-0.013691945106347858,-0.008629721735471607
2017-05-25,198425.6413647245,168964.72153327163,338235.0471653812,210082.56443279196,-0.15964746677197472,-0.014908926654498167,-0.009307456636608591,-0.009285631674843309
2017-05-26,198988.61695333786,169269.82186306012,339536.75109248434,211073.260869993,-0.15726320857438036,-0.013130143435006847,-0.005494757789888061,-0.00461367235430854
2017-05-30,198002.89011667363,168288.13612643097,338135.7920651072,209980.62239449375,-0.16143786079454892,-0.018853526678612287,-0.00959817543868513,-0.009766373341107082
2017-05-31,197326.29038470378,167704.61176195717,336996.9518920821,209535.5064581806,-0.16430332865863995,-0.022255566094334545,-0.012933845343250039,-0.011865465928188601
2017-06-01,198399.20567264548,168945.00441115617,338184.792174255,210081.1168367574,-0.15975942458475256,-0.015023880597615613,-0.009454653816181602,-0.009292458296532913
2017-06-02,201035.90904159797,170509.08020902338,344047.600679757,212702.72061467433,-0.14859272082494301,-0.005905071105710369,0.0,0.0
2017-06-05,199188.56039449864,168901.07869062526,340968.7959942281,210764.17851518438,-0.15641642800647504,-0.015279974501672178,-0.008948775342266346,-0.009113856625283856
2017-06-06,198349.08036828856,168277.60934070405,339354.27657614375,211002.26524024107,-0.1599717102863658,-0.018914899505771077,-0.013641496392767682,-0.007994516334907331
2017-06-07,197328.14337500354,167215.90664251163,338000.3817763103,209247.6423555287,-0.16429548105849245,-0.025104794301829103,-0.01757669256085148,-0.016243695657305435
2017-06-08,198173.60803694234,167874.93605217573,339563.9062250837,209640.93202782818,-0.16071485324482637,-0.0212625485203366,-0.013032192190309155,-0.014394684647183187
2017-06-09,195463.13794657035,167578.2111295975,330903.3061643873,207646.8861819533,-0.17219396648350394,-0.02299250178998047,-0.0382048719113276,-0.023769486436800324
2017-06-12,195686.0806607642,168204.95802714283,330405.6737297563,208075.07817047116,-0.17124978168284533,-0.0193384681644031,-0.03965127768090071,-0.02175638577085459
2017-06-13,196300.04233255587,168458.1327300926,331993.8655439159,208124.06980342543,-0.1686495922988196,-0.017862419569113386,-0.035035079773920175,-0.021526056639131763
2017-06-14,196004.45419655988,168477.26565223213,330945.95308572653,208090.7071436551,-0.1699014377617747,-0.017750871604333307,-0.03808091545514258,-0.021682907758261316
2017-06-15,194304.31533245454,167229.4513483061,327646.3443365172,206293.0083941359,-0.1771016967175425,-0.02502582652294527,-0.04767147426935914,-0.030134603835886398
2017-06-16,196563.43305534523,169546.71193131112,330706.6358194315,208941.5953054544,-0.16753410611667863,-0.011515830505911873,-0.03877650893064477,-0.017682544437376824
2017-06-19,199021.470765862,170954.29594018884,336273.63642865955,209713.94927935343,-0.15712406937648749,-0.0033093929161794877,-0.022595606642040078,-0.014051401536773311
2017-06-20,198856.4195655607,170915.72122458677,335787.4509665727,210326.30846019473,-0.15782307779763483,-0.003534289614446462,-0.024008740932546013,-0.01117245772697295
2017-06-21,199195.88150849033,170340.79275824316,338101.6867235122,210331.21686353127,-0.15638542235293817,-0.006886213583354839,-0.01728224217956209,-0.011149381372696165
2017-06-22,199079.29336170264,170226.95821470133,337932.19258947344,210471.24203088033,-0.15687918487185237,-0.007549886992003874,-0.01777488951587214,-0.010491067426619649
2017-06-23,199561.38144212583,170427.66993694677,339175.40436404955,210941.263304343,-0.1548374934007486,-0.0063797058790142636,-0.014161401812078145,-0.008281310672665576
2017-06-26,199048.81757974747,170426.62777859098,337427.01498747687,210202.3580912846,-0.15700825287129028,-0.0063857818272002875,-0.019243225876882764,-0.011755197658798622
2017-06-27,197556.97868970578,170036.50618790693,333115.840380204,209930.47077846376,-0.1633263405024662,-0.008660252456422879,-0.031773976269430126,-0.013033447941799947
2017-06-28,200410.14646178606,171986.55736040932,338942.55627868173,211742.22021766045,-0.15124288824044185,0.0,-0.014838192130940397,-0.0045156939894243076
2017-06-29,198127.22462612044,170804.6244209125,333520.31266729656,210234.0028532719,-0.1609112916512534,-0.006872240235729632,-0.030598347413732907,-0.011606423059696946
2017-06-30,197720.40847391787,170562.31868048152,332617.72035572893,209443.40841792122,-0.16263419894141118,-0.00828110465019205,-0.03322179925523483,-0.0153233216168287
2017-07-03,197329.21712998507,171322.28777720267,329837.1663517738,208420.83528214233,-0.16429093359823177,-0.003862334320784311,-0.04130368675702656,-0.020130844213736787
2017-07-05,199708.94036514236,172689.3435382132,335178.09535145055,210560.33193139386,-0.15421256653189985,0.0,-0.025779878455139404,-0.010072220407380428
2017-07-06,198309.22872829868,171493.58606280028,332800.47961449577,209910.44051680272,-0.16014048598686725,-0.006924326949846349,-0.03269059584499234,-0.013127618160230448
2017-07-07,199934.77799459646,172504.91140447205,336297.6199966133,210107.21084171266,-0.15325612147417111,-0.0010679995068736403,-0.02252589661381621,-0.012202522682648764
2017-07-10,202185.869000965,173973.28167210173,341008.1738532534,212224.31535881036,-0.14372252482447445,0.0,-0.008834320659404149,-0.0022491731863205633
2017-07-11,202401.8038474624,173851.24553487735,341972.69906544226,212476.83671976542,-0.14280801904781049,-0.0007014648229397569,-0.006030856225171299,-0.0010619699374607716
2017-07-12,203922.0279706053,174750.5771301395,345333.86269904824,213399.75304925218,-0.1363697171016962,0.0,0.0,0.0
2017-07-13,203594.34561848087,174437.2785783805,344842.3089032405,212692.11836695095,-0.1377574847954678,-0.0017928327156578883,-0.001423416145656553,-0.003316005160221125
2017-07-14,205018.96714736248,175365.0300321057,347826.38364771777,214035.59909691056,-0.13172406944424164,0.0,0.0,0.0
2017-07-17,203228.21221497655,173793.46138613715,344865.93633114715,212427.2416529115,-0.13930809655621657,-0.008961699180736415,-0.008511278775128805,-0.007514438956815028
2017-07-18,204299.90782563976,174163.04989353285,347751.0397384161,213727.52114325363,-0.1347693579381829,-0.00685416093706237,-0.00021661355447377684,-0.0014393771641578734
2017-07-19,204382.782312458,174187.5404635162,347982.1211434745,213200.98145860998,-0.1344183761575083,-0.006714506126870967,0.0,-0.0038994337475733998
2017-07-20,204337.17932136805,174060.37397959776,348076.6755956257,213165.72181197102,-0.1346115094079372,-0.007439659162770784,0.0,-0.0040641710472923975
2017-07-21,204222.7416321491,173924.85238939617,347955.9209483211,213650.4136021984,-0.13509616452292383,-0.00821245628302203,-0.00034691967537892054,-0.001799632847701016
2017-07-24,202962.9542785521,172435.67324885327,346621.3078297329,212097.0441829779,-0.14043149057575965,-0.01670433827494633,-0.004181170035028603,-0.009057161155023197
2017-07-25,203458.09233739602,173288.04802454624,346625.01765848417,212153.4368023005,-0.13833453113450334,-0.01184376387458319,-0.004170511955900125,-0.008793688071290662
2017-07-26,205228.25147543958,174524.4497052569,350169.78720412136,214412.05913180384,-0.13083772928147375,-0.004793317839337119,0.0,0.0
2017-07-27,202883.58365455476,173007.04327308736,345240.0097781734,212223.19736224762,-0.14076763314524465,-0.013446162889982238,-0.014078248912646085,-0.010208669131854475
2017-07-28,202615.30668376834,172741.8862467394,344854.4503054322,212536.7173637042,-0.14190381307872768,-0.01495819197753423,-0.015179313272937311,-0.008746437936808515
2017-07-31,201069.7121651286,171759.58061661167,341569.73509743676,211209.06705558024,-0.14844956119953057,-0.020559682935839207,-0.024559663400290588,-0.014938488484244505
2017-08-01,201231.9194108897,171879.35021965668,341893.18830417295,211235.3726736909,-0.14776259721168228,-0.019876709808169024,-0.023635959475635238,-0.014815801270581352
2017-08-02,201688.85082122748,172076.4995129292,343053.7971254163,211385.45356430503,-0.14582744676666992,-0.01875248741767055,-0.020321542116816027,-0.014115836486782163
2017-08-03,201698.59018767212,172262.06174510226,342717.6764620626,211969.70464420583,-0.14578619957095718,-0.017694338982152447,-0.021281421225854635,-0.011390938072641799
2017-08-04,200494.58311843756,171226.77019491908,340685.8090806022,209962.9068483291,-0.15088529051352317,-0.023597976383484043,-0.02708394176220219,-0.02075047598297519
2017-08-07,202938.40472794822,172921.15215029372,345619.7769031486,212057.46647958423,-0.14053546038983045,-0.013935947670778659,-0.012993726092995095,-0.010981624176148563
2017-08-08,202441.7117193095,172467.38934519896,344834.6313488052,211871.86661554372,-0.14263900519974237,-0.01652348068697751,-0.015235911407188829,-0.011847246496049957
2017-08-09,201112.27175108445,171402.803430392,342434.7676205471,211254.34804109827,-0.148269317075711,-0.02259416601467401,-0.02208934027499454,-0.014727301736160547
2017-08-10,197452.674095658,168943.06994330854,334891.8259625735,209877.40965672815,-0.16376808094101292,-0.03662052854905806,-0.04363015257122105,-0.02114922776935846
2017-08-11,196650.87085061084,167742.7784649196,334555.156933681,208855.43958408383,-0.16716379826611072,-0.04346506008518691,-0.044591597679266015,-0.025915611137824257
2017-08-14,199125.1989198709,169598.1709982344,339272.4325003296,209766.98065438546,-0.15668477021943839,-0.032884886073440645,-0.031120202547455733,-0.021664259446167344
2017-08-15,200462.95387274638,170667.3689996715,341691.37791349535,210576.99038714258,-0.15101924354780782,-0.026787900823637023,-0.024212281014648895,-0.017886441463181635
2017-08-16,202025.64246215584,171997.7208166539,344355.13426789944,212523.49505225904,-0.14440110031931763,-0.019201714360242206,-0.016605238797579136,-0.008808105697002078
2017-08-17,197301.8914823947,168402.16034124416,335455.65800491837,209931.71930989664,-0.1644066604620419,-0.03970500669139543,-0.04201998498124515,-0.020895932066736234
2017-08-18,195875.3606460294,167113.25984897322,333172.15732651635,208461.70434958418,-0.17044816192234957,-0.04705482148648299,-0.048541109195399335,-0.027751959504114687
2017-08-21,195811.98068137225,167231.83774444243,332720.82138682145,208654.7960164895,-0.1707165824424458,-0.046378643941578535,-0.0498300151952531,-0.026851396039134223
2017-08-22,197654.2094580466,168399.37906534327,336658.5466387169,208914.2974805038,-0.16291455842671765,-0.03972086661455343,-0.038584826730149846,-0.025641102807190674
2017-08-23,198368.7136030173,169007.7420445858,337876.31095172244,210432.8800141497,-0.15988856156412268,-0.03625174292934008,-0.03510718714642502,-0.018558560249673506
2017-08-24,196363.6037923196,167352.27685946238,334355.87353190954,208337.91171457357,-0.1683804031287065,-0.045691852994729554,-0.045160702750730364,-0.028329318051539043
2017-08-25,197473.01918254484,168673.51412440144,335497.3139195268,209788.36017784773,-0.16368191745333815,-0.03815764127248844,-0.041901025790216595,-0.021564547127985056
2017-08-28,197481.28173045497,168421.64801265066,336026.5414427767,210525.09520518346,-0.1636469247325414,-0.03959388036590783,-0.04038968031556722,-0.0181284762730205
2017-08-29,196882.43214500605,167675.37217937727,335476.2400486568,209620.9080386017,-0.16618311291212018,-0.04384943709313427,-0.04196120765524336,-0.022345529969734268
2017-08-30,200436.1853741967,170101.19922235707,342726.9337180776,212443.1700634131,-0.1511326108294364,-0.030016422366448525,-0.021254984747456684,-0.009182734760176947
2017-08-31,203355.22104164097,172168.82544795543,348533.26143141155,215352.70221283945,-0.13877020141073193,-0.01822600882037373,-0.004673520767672135,0.0
2017-09-01,202746.1075934164,171895.6605539544,347010.9610917171,214647.15599436406,-0.14134985808069778,-0.019783701901776696,-0.009020841397041734,-0.003276235734335331
2017-09-05,200521.28384965105,170166.7589740031,342884.6586644664,214127.21352544613,-0.15077221023337406,-0.029642575017099326,-0.020804560547104778,-0.005690612074057633
2017-09-06,198957.12154444272,168869.3098223445,340149.43803100736,211710.00023222738,-0.1573965947963829,-0.03704113761205374,-0.028615687415867508,-0.01691505118432124
2017-09-07,200154.51469565323,169675.92552360796,342620.80005238677,213655.10865371348,-0.15232551446135656,-0.03244149935398277,-0.021558076760443412,-0.007882852370471705
2017-09-08,197589.39686372684,168134.87188083082,336948.37607117393,211338.43208839733,-0.16318904627741615,-0.041229190049756115,-0.03775714415144671,-0.018640444643572174
2017-09-11,199714.12847198598,169866.98297499193,340725.195276334,211374.46618263226,-0.1541905943780053,-0.03135201502892093,-0.026971464337903872,-0.018473118699366853
2017-09-12,202446.08096298893,172272.57445775892,345220.34158172307,213984.61058286062,-0.14262050101364498,-0.01763439138225331,-0.01413441651239078,-0.006352795279191303
2017-09-13,204172.6914631381,173664.51734517698,348321.06814113166,215194.73516613102,-0.13530813201879588,-0.009696988542227447,-0.005279493350213049,-0.0007335271166103441
2017-09-14,204073.35824831517,174064.16772934553,347172.1775966129,215668.42227663568,-0.13572881816669502,-0.007418025717681576,-0.008560446152257817,0.0
2017-09-15,203458.19957594553,173358.2061806526,346492.3597568744,214558.8931051138,-0.13833407696846856,-0.011443694624211465,-0.01050184105433205,-0.005144606520553596
2017-09-18,205909.45835122693,175746.79835228316,350060.02999058506,216383.5735385185,-0.12795274970029136,0.0,-0.00031343998696353736,0.0
2017-09-19,206744.16543545868,176395.79034859856,351607.4350027926,217165.71536443793,-0.12441768130936603,0.0,0.0,0.0
2017-09-20,206615.12751920574,176589.07902546765,350774.22793106746,216638.56062860158,-0.12496416985318437,0.0,-0.002369708341686594,-0.0024274307523712846
2017-09-21,207490.25721766322,177643.8271998213,351639.2979600199,217551.60715601622,-0.12125790762848498,0.0,0.0,0.0
2017-09-22,207238.0778584996,177531.051747598,351003.2904244541,217668.77767056436,-0.12232591255891356,-0.0006348402531120012,-0.0018086929966459886,0.0
2017-09-25,205924.50557394914,177155.46624240893,347261.8291789452,217690.56012053814,-0.12788902319979645,-0.0027491017566461107,-0.01244874735693613,0.0
2017-09-26,204998.7322305041,176185.5039559239,346051.69267269387,215893.33218289653,-0.13180976635077368,-0.008209253689727247,-0.015890161650707557,-0.008255883657272367
2017-09-27,207455.81871683666,177846.49865563906,351111.2774892562,217000.86165908605,-0.12140375814060189,0.0,-0.0015015968744874764,-0.0031682515818334256
2017-09-28,208438.17451827443,178825.18161361502,352497.66560239444,218071.79613309467,-0.11724338259341094,0.0,0.0,0.0
2017-09-29,208824.37047301675,178828.877660258,353813.5838082187,217560.34833702588,-0.11560780391185543,0.0,0.0,-0.0023453184003521255
2017-10-02,209684.9286537503,179877.82977518946,354669.9360179784,217748.95217418324,-0.11196325352917436,0.0,0.0,-0.0014804480204968495
2017-10-03,210379.99947685478,180474.03648217663,355845.72397602623,218342.0036551458,-0.10901955873775837,0.0,0.0,0.0
2017-10-04,210752.00348427985,180813.13767520228,356435.39948626416,218748.55546370684,-0.10744408437940145,0.0,0.0,0.0
2017-10-05,212365.8364833265,181844.1782110731,359864.64143636037,219214.72633802312,-0.10060933943601469,0.0,0.0,0.0
2017-10-06,212297.42042460456,181558.2188508625,360198.80768629495,219321.63859632253,-0.10089908832060968,-0.0015725516374721638,0.0,0.0
2017-10-09,211588.47250692017,180914.26719723616,359070.4952103111,219243.7876904354,-0.10390155400223866,-0.0051137794071007825,-0.0031324714349597604,-0.00035496226631082095
2017-10-10,212118.95978053918,181514.06348455118,359681.30692266626,219787.96552705186,-0.10165488708376536,-0.0018153714337708626,-0.0014367087080404684,0.0
2017-10-11,212016.99775417068,181301.2927706704,359756.886149844,219667.19862428523,-0.10208670651275908,-0.0029854430630852358,-0.0012268822856178474,-0.0005494700425340282
2017-10-12,211836.44203836552,181181.62143477128,359381.7709825955,219756.02403609938,-0.10285137811529044,-0.003643541315536458,-0.0022682937485207777,-0.00014532866199423733
2017-10-13,212003.91753567482,181080.50052660756,360149.61709386134,220258.4087125565,-0.10214210255266898,-0.004199626801244749,-0.00013656511732951238,0.0
2017-10-16,211856.93104232263,180780.70739949227,360244.8464168331,219356.37587129988,-0.10276460512435914,-0.005848253279499671,0.0,-0.004095338954499539
2017-10-17,212640.2744465482,181378.763073209,361716.1820012415,219672.64370666986,-0.09944706708038009,-0.002559417312353429,0.0,-0.002659444464847116
2017-10-18,212652.64912588827,181592.51241547824,361335.0012891124,219352.46208811633,-0.09939465906970257,-0.001383963996376858,-0.0010538116100312633,-0.004113108006797872
2017-10-19,213824.27729946666,182980.12963182342,362559.49232198874,221118.50990271656,-0.09443269600436388,0.0,0.0,0.0
2017-10-20,214003.9862259803,183332.41857060662,362471.2609250338,220306.9793533273,-0.09367161063958562,0.0,-0.00024335701815403343,-0.0036701158566340153
2017-10-23,215508.8194349898,184901.31753237374,364466.3251282504,222555.86053167368,-0.0872984907616342,0.0,0.0,0.0
2017-10-24,214516.11453798844,184033.22807747414,362819.8834077843,220975.89820435288,-0.09150269576863512,-0.0046948797687588195,-0.004517404234497535,-0.007099171972134832
2017-10-25,214735.69569280004,184130.1671591567,363372.2782079135,221595.73688069973,-0.0905727475098016,-0.0041706050746881385,-0.0030017777909987498,-0.004314079389687975
2017-10-26,213729.2617933976,183618.17567686073,360974.389952212,220163.2396310056,-0.09483509622175468,-0.006939603636346936,-0.00958095422069416,-0.010750653318911674
2017-10-27,218868.69115140784,186144.105770587,373394.7565334177,223816.65648337785,-0.07306909637089976,0.0,0.0,0.0
2017-10-30,217995.84046130697,184861.06456565452,372975.98564988887,223293.05422326853,-0.07676570676616534,-0.006892730766956179,-0.001121523203530428,-0.0023394249040094017
2017-10-31,217131.1539765961,183903.77233785065,371940.05430724396,221881.9094095313,-0.08042774093109051,-0.012035478767710384,-0.003895882844416776,-0.008644339095424947
2017-11-01,218492.45900966626,185212.7345625247,373969.2086238946,223456.91460493248,-0.07466247730302022,-0.005003495567085792,0.0,-0.001607306105352757
2017-11-02,219290.15229573942,186103.07815410427,374901.217277468,224470.13721270175,-0.07128416606723387,-0.00022040781959165034,0.0,0.0
2017-11-03,220451.61309597004,186501.9442118506,378074.24060901016,224754.63768189386,-0.06636526284985789,0.0,0.0,0.0
2017-11-06,221312.27207179647,187055.99727345826,379902.4712804394,225900.80079647974,-0.06272028558982834,0.0,0.0,0.0
2017-11-07,220511.8271067225,186259.6074949809,378770.9267207127,224907.2606938837,-0.06611025046273067,-0.004257493959485825,-0.0029785132903002998,-0.004398125633433003
2017-11-08,221127.05835797792,186560.0339658389,380271.31532586395,225336.7181347236,-0.06350468428208156,-0.002651416232831605,0.0,-0.002497037016988446
2017-11-09,220463.9507562038,186154.4722622797,378819.5951749703,225372.98676107742,-0.0663130116188162,-0.004819546148315146,-0.003817590473921606,-0.0023364858979754155
2017-11-10,219354.66361732513,185195.10715271896,376959.47604842344,223513.61985834048,-0.07101095413684233,-0.009948305041611927,-0.008709148294823388,-0.010567385904443727
2017-11-13,220195.4013809308,185875.79950242842,378463.1984107935,224305.44357671484,-0.0674503452126769,-0.006309328694254601,-0.004754807533986716,-0.0070622025868877225
2017-11-14,219341.47390272972,185279.33504128747,376743.8505827837,223965.159907099,-0.07106681390373826,-0.00949802336234895,-0.009276178877855923,-0.008568543726078293
2017-11-15,217923.2898437377,184054.95538210863,374361.43578258005,223192.63171318156,-0.07707296592300761,-0.01604354810908515,-0.015541218348850694,-0.01198831112483767
2017-11-16,220250.36086499016,185619.60911325348,379169.9098938805,224232.72937755543,-0.06721758627418217,-0.007678920650188603,-0.0028963673766443376,-0.007384088117629695
2017-11-17,218779.79462103167,184463.75778112686,376469.3315381534,223858.4118830648,-0.07344558211126573,-0.01385809345926392,-0.009998081986416829,-0.009041087531402647
2017-11-20,216962.44518663475,183160.06641717695,372879.53764258954,221153.06705594907,-0.08114223961204103,-0.0208276180024628,-0.01943816792213271,-0.021016896459822854
2017-11-21,219859.40856399242,185202.58427599038,378674.0052233477,223239.0076860718,-0.06887330856014873,-0.009908332395022645,-0.00420044856958901,-0.01178301759455036
2017-11-22,219488.073870609,184693.49728741124,378431.6049758,223532.06364754285,-0.07044594830627215,-0.012629907730749013,-0.0048378888333648895,-0.010485740380668074
2017-11-24,218016.17587626236,183328.89446850447,376148.8514417628,221514.85560225573,-0.07667958424009225,-0.019925064468823805,-0.010840848935893321,-0.019415359214133288
2017-11-27,218729.4846540318,183924.16304419813,377388.7473037051,222560.2067588112,-0.07365864987773063,-0.016742762995626825,-0.007580293085448053,-0.01478788045854773
2017-11-28,219127.14751319186,184956.5238112536,376662.57490612974,222266.6636592923,-0.07197450770352642,-0.011223769848637488,-0.009489909636339,-0.016087314097047112
2017-11-29,218068.49121393808,185638.73193513643,371654.3925867597,221674.88619262193,-0.0764580235272726,-0.007576690183581314,-0.022659933557492185,-0.01870694831075459
2017-11-30,220639.41367138585,187857.7283899244,375974.49677450664,222736.31886042398,-0.0655699085387571,0.0,-0.011299349643754342,-0.014008281178722881
2017-12-01,221027.54410226695,188395.13091291668,376218.85523984086,223907.6229931999,-0.06392613715633633,0.0,-0.010656759851976783,-0.008823243637261613
2017-12-04,220213.29253167735,188682.071728664,372879.8917157353,223586.24985830666,-0.06737457439118011,0.0,-0.01943723681549514,-0.010245873100106162
2017-12-05,219176.9165132434,187395.46599957452,371918.6372513588,222344.60002966254,-0.07176373098645561,-0.0068189082158250924,-0.02196504900020535,-0.01574231146715177
2017-12-06,219625.99091292953,187372.74828803728,373490.30255606957,222538.15227050986,-0.0698618557711933,-0.006939310283330058,-0.017832038590614108,-0.01488550954274559
2017-12-07,220007.19434752432,187674.4047408815,374185.4826137325,221730.87457193073,-0.06824742091421765,-0.005340555032868233,-0.016003922638541224,-0.018459103331403437
2017-12-08,222831.6959584911,190179.94982832577,378797.95921980793,223979.62865792814,-0.056285372725497385,0.0,-0.0038744865749168467,-0.008504494591333622
2017-12-11,224768.56705716572,191376.61444331685,382999.1245211845,225066.50988951192,-0.04808252896441512,0.0,0.0,-0.0036931737471770365
2017-12-12,224807.91998869053,191709.30483260527,382470.5447534243,225100.56497766532,-0.04791586534438408,0.0,-0.0013801069869833205,-0.0035424213459755993
2017-12-13,225023.09883434128,191696.18347992966,383228.076565826,225919.51892286085,-0.04700456130728481,-6.844400529781858e-05,0.0,0.0
2017-12-14,222975.9119435433,189629.97244899065,380383.0935384127,223998.48567879622,-0.055674603534897504,-0.010846277834193896,-0.007423733284126044,-0.008503175171511224
2017-12-15,224407.3298231607,190554.92116788359,383407.1367651059,224446.31173364358,-0.049612404955262646,-0.006021531744271114,0.0,-0.006520938059009773
2017-12-18,226709.37001550233,192309.23703947585,387739.3278357138,226053.3236552347,-0.039863033382507185,0.0,0.0,0.0
2017-12-19,225301.3487936607,191319.14587764908,384924.50172374235,224982.10422474577,-0.045826144765065524,-0.005148432686171711,-0.007259583720029883,-0.004738790888660915
2017-12-20,225949.89501944446,191923.85324455355,385925.0648501623,225702.86876283673,-0.04307948631908831,-0.002003979636418518,-0.004679079101102213,-0.001550319573856207
2017-12-21,226712.4305289418,192758.31654909003,386855.67183275544,226461.5538408576,-0.03985007180050515,0.0,-0.0022789950348620636,0.0
2017-12-22,226716.27766348136,192847.43496422432,386691.32535161835,226858.8281737142,-0.03983377879908789,0.0,-0.002702853202808164,0.0
2017-12-26,225923.78941410186,192582.7590064247,384524.534252226,226845.57597429756,-0.04319004618136324,-0.001372462941229835,-0.008291120741948377,-5.841606219747497e-05
2017-12-27,225793.74124841148,192506.4076566489,384234.4964721933,227134.43997721444,-0.043740813233080655,-0.0017683787582587485,-0.009039143341697642,0.0
2017-12-28,226191.5786462694,192926.33820104826,384750.7482698326,227568.2084786105,-0.0420559318699496,0.0,-0.007707702962613805,0.0
2017-12-29,224381.6417595808,191618.32291536097,381202.72650655045,226772.13030554788,-0.049721196486209096,-0.006779868927612176,-0.01685823660356922,-0.003498195896451173
2018-01-02,226946.5639389449,192810.263705414,387556.47135235637,228461.0901698576,-0.038858493278414064,-0.0006016518880553878,-0.00047159643149463637,0.0
2018-01-03,227707.0122370963,193124.79628950695,389515.34514071036,228223.76178316507,-0.035637918309648575,0.0,0.0,-0.0010388131585824523
2018-01-04,229123.89452547918,194565.9964051555,391462.08700716624,229570.07139626055,-0.029637279419738705,0.0,0.0,0.0
2018-01-05,231406.55914519023,196168.69376876883,396030.5783122753,230771.43512414966,-0.019969965344345253,0.0,0.0,0.0
2018-01-08,232835.52586716728,197173.90656682986,398886.6851426583,231831.58515493796,-0.01391814766366195,0.0,0.0,0.0
2018-01-09,233077.43375283602,197597.49182690113,398865.50985856727,231403.8787139905,-0.012893643455781367,0.0,-5.308596370789953e-05,-0.0018449015075387987
2018-01-10,231831.14194938022,196622.09159805125,396571.0652298361,230507.11449409017,-0.01817181449744798,-0.004936298633306246,-0.005805207341012308,-0.005713072530486363
2018-01-11,230759.12483570474,195753.86565658555,394655.6565914313,228869.35480630165,-0.02271191471305012,-0.009330210385112725,-0.010607093966332304,-0.012777509788653663
2018-01-12,232051.06692334323,196764.76785085673,397034.593987516,230017.68278224472,-0.01724041012995392,-0.004214243654336869,-0.004643151110646615,-0.007824224518332867
2018-01-16,229839.84662445338,194835.9255121919,393358.517472874,228298.50242209152,-0.026605150326417526,-0.013975715426228219,-0.013858992730747977,-0.015239867900162074
2018-01-17,231777.03234909044,196349.75157318122,396929.48367766745,228499.5951084369,-0.01840097409276409,-0.006314555120026322,-0.004906660307026467,-0.014372459405280091
2018-01-18,233677.83595390242,197774.12794472068,400554.9043496332,230154.55366703976,-0.010350879793022627,0.0,0.0,-0.007233835229040975
2018-01-19,233839.00012009675,198049.6068120689,400554.18522688077,229991.33450563275,-0.00966833335197037,0.0,-1.7953163089501345e-06,-0.007937877179571173
2018-01-22,235321.89473891637,199044.90892953103,403613.36664366414,230477.5603763291,-0.0033881256083314604,0.0,0.0,-0.005840553510877089
2018-01-23,237158.1861399882,199975.58634549734,408002.683288514,232131.96378492375,0.0,0.0,0.0,0.0
2018-01-24,234500.8787149164,198350.50295132987,402205.111731703,230504.70307061978,-0.011204788956781897,-0.008126408947539354,-0.014209640755502795,-0.007010067410671894
2018-01-25,232844.3734926675,197027.0289640023,399209.27533070295,228613.49567469687,-0.01818960044151441,-0.014744586753709155,-0.021552328741899163,-0.015157189267940852
2018-01-26,236804.49210901372,199997.3036441364,406756.9888951372,230878.96300081103,-0.0014913844498949391,0.0,-0.0030531524531565157,-0.005397795132055405
2018-01-29,233158.44676454336,196742.64515433245,400843.3803878611,227505.20484642586,-0.016865280682674344,-0.01627351184491521,-0.017547195628589196,-0.019931589183403875
2018-01-30,231611.70352002082,195239.05373028945,398579.4080144421,226646.01137052005,-0.02338727037106547,-0.023791570321935462,-0.023096111030741273,-0.02363290399544704
2018-01-31,231743.76529923192,194988.1645116051,399528.02818735485,226906.9022074475,-0.02283041934534058,-0.025046033327750572,-0.02077107687835078,-0.02250901380525694
2018-02-01,231604.04078086297,195606.9113016499,397824.8239719037,227194.9484072692,-0.023419581037977588,-0.021952257667925967,-0.02494556955992644,-0.021268141177786304
2018-02-02,227188.09091882198,191707.76300528154,390585.3435617954,224281.46461182926,-0.042039852738969485,-0.04144826199059559,-0.04268927739968342,-0.033819121869697266
2018-02-05,219190.44655737377,184746.15556292137,377269.98363271717,221620.08760651934,-0.07576267922714053,-0.07625676848299934,-0.07532474886706708,-0.045284053117923606
2018-02-06,222352.75037006947,186776.72353722202,384007.5137495669,221354.40375036336,-0.06242852507389085,-0.0661037917313042,-0.05881130326287387,-0.04642859112907893
2018-02-07,221375.20442770424,186669.34945003196,380863.65393895487,220992.15535056285,-0.06655044031652224,-0.06664066940532076,-0.06651679133778654,-0.04798911900250935
2018-02-08,211694.70684571972,178961.2274315019,363281.55385270563,215946.65798146767,-0.10736917712483285,-0.10518179910097625,-0.10960989049227488,-0.06972458914986901
2018-02-09,213807.2760407313,180539.93497276946,367329.4176360788,216102.25059812423,-0.0984613286149586,-0.09728815497427035,-0.09968872097753734,-0.06905431257907879
2018-02-12,217825.72048229043,183648.51550553716,374813.6928644366,218595.3128779793,-0.08151717624575827,-0.08174504276162309,-0.08134502978405223,-0.05831446340361168
2018-02-13,218440.5606963574,183919.18125620513,376376.80834380223,219192.60541098294,-0.07892464413006717,-0.08039169576275762,-0.0775138895896621,-0.05574139021168778
2018-02-14,220079.46617111404,184813.3211451834,380191.3052704183,219650.38570770933,-0.07201404365098762,-0.07592093604407035,-0.06816469390332225,-0.05376932100905729
2018-02-15,221097.43075854983,185127.26684058612,383052.9366140425,219010.69177533008,-0.06772169935537509,-0.0743511864040386,-0.06115093771780067,-0.05652505495430549
2018-02-16,219644.68809115488,184354.52406811074,379631.2828884315,217751.08996597482,-0.07384732668892802,-0.07821495235685538,-0.06953728875361342,-0.06195128660641136
2018-02-20,220417.43164609553,184232.68505077515,382538.05239455734,217940.71794969312,-0.07058898015019832,-0.07882415565667777,-0.062412900544454586,-0.061134389266525924
2018-02-21,220939.1337871201,184470.70271732245,383847.34660557035,218470.92116851808,-0.06838917355901175,-0.07763405127921674,-0.059203867210506744,-0.05885032975925275
2018-02-22,221425.4890281252,185009.09677678518,384422.472314296,219245.3397379881,-0.06633841052645095,-0.07494204468886423,-0.057794254645976206,-0.055514216296707164
2018-02-23,223916.20538548962,186663.08956963624,389617.65843104204,219845.02969311381,-0.055836068617433954,-0.06667196922927665,-0.04506103908260617,-0.052930815263313336
2018-02-26,227261.80020983957,189290.29736740593,395768.9665658233,221954.0456506721,-0.041729050517813615,-0.0535357531408619,-0.029984402612469485,-0.04384539711076474
2018-02-27,224419.08664223077,186917.9988840108,390827.75938108744,219804.088033184,-0.05371562207107561,-0.06539740547401662,-0.04209512488740552,-0.0531071876131709
2018-02-28,223306.22971199697,185641.43395404823,389602.8081637364,219697.67050868762,-0.05840808893611105,-0.0717803161768229,-0.045097436557215764,-0.05356562307703916
2018-03-01,218239.1433365371,181603.5336983759,380408.4964762803,216515.92229856818,-0.07977393954381018,-0.09197008964925513,-0.06763236601735967,-0.06727225855386387
2018-03-02,218824.24603190925,181723.20994644065,382200.0370381324,216404.74060255336,-0.07730679849801558,-0.09137170034157871,-0.06324136410675418,-0.06775121756580693
2018-03-05,220041.94639274455,182772.5111931685,384246.9038387065,216220.4787308881,-0.07217224935739885,-0.08612512337474665,-0.05822456670709908,-0.06854499826132532
2018-03-06,222240.10095290543,184440.5611724638,388417.01135892473,218595.74378072604,-0.06290352203266136,-0.0777847610353457,-0.04800378216076451,-0.05831260712005759
2018-03-07,220965.19380122126,183135.72417676332,386707.38457784546,216883.67875557125,-0.06827928903625802,-0.08430903397265599,-0.052194016321235326,-0.06568800255134366
2018-03-08,223476.89657495997,185153.56327495773,391237.26493423484,218764.66209945193,-0.057688455910826164,-0.07421970245954301,-0.041091441407074436,-0.05758492483119204
2018-03-09,228074.36398242833,188765.966836969,399699.2403188371,221184.40091372377,-0.0383027982521249,-0.056157441138065534,-0.020351442060995484,-0.047160945406653165
2018-03-12,229584.3860283075,189388.37235643403,403663.91517183953,222552.33482284934,-0.031935646982938604,-0.053045371584505396,-0.010634165642499749,-0.04126803050246963
2018-03-13,225925.26283551787,187053.63796256037,395793.4642973442,220302.08012840126,-0.047364687204344724,-0.06471920093786487,-0.029924359547743862,-0.05096189022672981
2018-03-14,225853.58432466415,186528.090345369,396647.58515649405,220593.7234456509,-0.04766692644820292,-0.06734697445088422,-0.02783093983720275,-0.049705521597031455
2018-03-15,224883.73436724045,185707.28181127872,394985.9873999628,219383.3794742308,-0.05175639083992001,-0.07145107245187932,-0.0319034565744426,-0.05491955568215001
2018-03-16,224992.9009398112,186178.1909124149,394377.58479412785,219399.88468138143,-0.05129607962592586,-0.06909649520230754,-0.03339462962490203,-0.05484845299176
2018-03-19,220348.84631238185,183071.77295222666,384689.6424706863,216834.52246674418,-0.07087817671907914,-0.0846287944062789,-0.05713943013787037,-0.06589976265549125
2018-03-20,220956.80314305547,183429.8331888532,386060.03543590376,216810.51700521866,-0.06831466904275219,-0.08283846908637527,-0.053780645940246785,-0.06600317565012637
2018-03-21,221244.18811089016,183894.77113096055,386086.4749518346,218422.15139396721,-0.06710288305082757,-0.08051374803446232,-0.05371584363130677,-0.0590604248006924
2018-03-22,214641.64482533827,178388.52945725038,374603.0537252975,214626.95674026705,-0.0949431334466313,-0.10804532757769292,-0.08186129878856296,-0.07540972281126923
2018-03-23,207612.12733908388,173002.39911697668,361376.3390519834,210960.0195097679,-0.12458376108284142,-0.13497634235705946,-0.11427950390110386,-0.09120650137941444
2018-03-26,214102.6209097878,177551.01382726527,374480.90176794067,214177.4851205644,-0.09721597894407619,-0.11223296218438406,-0.08216068887191308,-0.07734599911020712
2018-03-27,210074.30964530975,175597.44855773606,364520.33611748536,212828.61074366522,-0.11420173570855163,-0.12200092022148479,-0.10657367941935969,-0.08315680756116628
2018-03-28,208541.4433557691,175066.9844158985,360282.68601575796,211294.17659766698,-0.12066521189923163,-0.12465327668915704,-0.11696000841987453,-0.08976698791280424
2018-03-29,214434.75531557118,179520.78445418002,371501.2866206362,215689.28656371927,-0.09581550269997419,-0.1023839762679557,-0.08946361914503953,-0.07083331805368709
2018-04-02,210061.47059646246,174823.67172624724,359042.42444740364,212647.64574271333,-0.11425587277654103,-0.12586985653907445,-0.119999845213,-0.08393638568561435
2018-04-03,210729.32523406058,176209.9933806785,361350.8622638818,212306.34362723507,-0.11143980031255318,-0.11893815481524528,-0.11434194659852992,-0.08540667917692557
2018-04-04,213025.4909211549,179167.55279064027,369287.55298456136,215028.77951182055,-0.10175779976908905,-0.10415015839693209,-0.09488940119684386,-0.0736787127211388
2018-04-05,213978.3020143171,181154.9990111851,372580.94204797444,216035.14827254886,-0.09774018136565021,-0.09421279332084498,-0.08681742226555778,-0.06934338231545312
2018-04-06,211541.58694839446,177578.96393651876,364158.4427652151,214496.57295217048,-0.10801482170416388,-0.11209320975400516,-0.10746066709638513,-0.07597140240924738
2018-04-09,212201.89296627935,178314.11515850807,366440.7887973029,215160.14881897965,-0.10523057871161912,-0.10841740408765788,-0.10186671851327278,-0.07311278761105433
2018-04-10,214330.5291011769,180778.5003233909,373798.4140568823,216788.09300843888,-0.09625498242483921,-0.09609531213951927,-0.08383344186843134,-0.0660997758615498
2018-04-11,214070.2811131518,180443.99898143578,372898.86756368127,217398.74924057795,-0.09735234276588789,-0.09776784139796524,-0.08603819818510727,-0.06346913326420012
2018-04-12,215086.12928957594,181446.18301471224,376410.14414130815,217096.61718243276,-0.09306892251816978,-0.09275685367455233,-0.07743218474096547,-0.06477068628265958
2018-04-13,214918.03405541365,181579.52096972996,375829.1234019666,217849.3991890673,-0.09377771202654905,-0.09209015491117811,-0.07885624581492334,-0.06152778084921384
2018-04-16,216032.8160776095,183543.67258023084,379682.3645599853,219332.56818482772,-0.08907712782854971,-0.0822692644555959,-0.06941208940163346,-0.055138445354104726
2018-04-17,217936.67141422833,184727.2799935766,386263.0355754034,220275.6002691236,-0.08104934111114304,-0.0763511476021217,-0.05328309985093316,-0.051075962665724894
2018-04-18,218135.1039372519,184812.21213892134,386948.917074728,220203.1310506404,-0.08021263154503744,-0.07592648115013856,-0.05160202880062448,-0.051388152410306254
2018-04-19,217443.25432136026,184353.69654603116,384557.5406782357,219794.56329246768,-0.08312988111230846,-0.0782190900230364,-0.05746320691155682,-0.053148219190903845
2018-04-20,215761.86437346728,182936.94524204318,378745.82069988636,218011.51796508368,-0.09021962140447148,-0.08530294204590605,-0.07170752494276855,-0.060829390272694295
2018-04-23,215928.32653620586,183653.52485200248,379321.1967321028,218262.06349008068,-0.08951771789674134,-0.08171999569161748,-0.07029729884430547,-0.059750066594421614
2018-04-24,214480.24829191403,182678.4212583387,374315.9180499565,218327.65276411493,-0.09562367724759024,-0.08659557939147977,-0.08256505807030756,-0.05946751492439395
2018-04-25,214652.60088608306,183200.6607706427,374911.6543430798,218140.67870286905,-0.09489693617668615,-0.08398434662589593,-0.08110492969977423,-0.06027297944637211
2018-04-26,217518.32919638883,186017.2350661296,384817.0367883572,220957.22231799152,-0.08281332077656589,-0.06990128528373629,-0.05682719121668456,-0.04813960681987728
2018-04-27,217522.1981156809,186082.90788525477,384830.4096978197,221237.3744407904,-0.08279700711118065,-0.06957291676111843,-0.05679441469336688,-0.04693274104305378
2018-04-30,216524.22061543883,184310.55768345195,381380.90306589997,219662.3918382312,-0.08700507395671209,-0.07843478724391484,-0.0652490322074395,-0.05371759986593627
2018-05-01,218468.05227930465,185018.8423188734,386557.7282734686,220365.33141060907,-0.07880872326140687,-0.07489331632147811,-0.05256081857648187,-0.05068941037873076
2018-05-02,218177.68471917545,184698.8756895554,386196.87717523624,220752.61679486086,-0.08003308563681222,-0.0764931710369563,-0.053445251726097154,-0.049021025818771546
2018-05-03,217835.91029258602,184216.38760471324,385990.76945069776,220956.15494556687,-0.08147420994355536,-0.07890564398559508,-0.053950414395316004,-0.04814420494762861
2018-05-04,219854.23367913283,185359.3293955447,390731.5179220584,221364.04187004754,-0.07296375782972675,-0.07319085798595404,-0.04233100926506028,-0.046387071126718915
2018-05-07,221250.8624142314,186071.68287889066,394174.1659164474,222108.48363900319,-0.06707474021734638,-0.06962904254961455,-0.03389320202653645,-0.04318009455693739
2018-05-08,220724.46162901795,185725.60427346497,393036.81905102264,221554.1080664742,-0.06929435908769277,-0.0713594589058344,-0.03668079855962225,-0.045568286012736325
2018-05-09,223167.19447254983,187660.21949418815,397635.94100590737,222634.8357736922,-0.05899434421875638,-0.061686252390182994,-0.02540851496134866,-0.040912625113665446
2018-05-10,227075.2466763882,190844.81602106648,404809.1874989514,225935.5339761697,-0.0425156711969803,-0.04576305508275924,-0.007827144085972404,-0.026693565624142934
2018-05-11,226457.50486614683,190710.88753230928,402912.39661318593,225133.5749663771,-0.04512043816832467,-0.0464327065546386,-0.012476110780204164,-0.03014832039688775
2018-05-14,226504.69954792398,190630.88982941714,403243.6316986792,224713.35727686415,-0.04492143731347198,-0.04683270046172883,-0.0116642654197191,-0.031958573852126304
2018-05-15,225265.74986194703,189998.5103687788,400190.58814185567,223281.71666713848,-0.05014558625027332,-0.04999464039349688,-0.019147166101194713,-0.03812593049867641
2018-05-16,227658.53363547096,191781.60767578974,404926.8601948227,224857.52577994147,-0.040056186375577396,-0.041079033660199715,-0.007538732512492374,-0.0313375111568962
2018-05-17,227246.35912017268,191727.30241454745,403588.8794622018,224708.65826301347,-0.04179415933787256,-0.04135056362711831,-0.010818075486015877,-0.031978816707845414
2018-05-18,227331.44195172883,192060.76422257102,403199.6266473152,225454.16179169857,-0.0414353995035992,-0.03968323210840485,-0.011772120228440541,-0.028767266189210994
2018-05-21,228932.61805115425,193595.55855713913,405663.59097405884,226387.77655892845,-0.034683888516412464,-0.03200915697537687,-0.005733031693816226,-0.024745352308816138
2018-05-22,228667.31522440555,193227.9714156205,405489.258623495,226297.17099114513,-0.03580256306468255,-0.033847117461947684,-0.0061603140566642844,-0.02513567153201146
2018-05-23,229434.7798942795,193319.60502384038,408000.1454908972,226746.47670108118,-0.03256647544584346,-0.03338894324384456,-6.220051290695139e-06,-0.023200109954837456
2018-05-24,227394.27961345785,191430.38861501103,404722.417966634,225466.36285593186,-0.04117043853914015,-0.042835152639701835,-0.008039813109661287,-0.028714705292235188
2018-05-25,226090.3732989094,190006.07870937005,403076.16537809296,224295.18403343135,-0.046668483265198124,-0.04995679818036025,-0.012074719388394994,-0.03376002004942924
2018-05-29,224457.16899773228,187953.12485124884,401569.50923764677,224132.17172879906,-0.05355504420479429,-0.06022170586018638,-0.015767479760220304,-0.034462259852920174
2018-05-30,224687.90566898708,188728.87229998372,400779.3863480898,223088.36889310618,-0.052582121131758974,-0.0563429163235275,-0.017704042733749148,-0.038958852302635516
2018-05-31,224592.32012290752,188123.01667875648,401694.17680431175,223213.97073094343,-0.05298516665860886,-0.05937223527027313,-0.01546192400833124,-0.03841777284167147
2018-06-01,227535.49935556285,190034.60724309002,408168.13650933834,224241.3520894222,-0.04057497209371186,-0.049814153588657484,0.0,-0.033991922382616835
2018-06-04,230898.3604990989,192428.19113707542,415086.2486422712,226522.09105681485,-0.026395148920536404,-0.03784607276770602,0.0,-0.024166739627923817
2018-06-05,232113.5619284644,193209.50606958804,417764.6198335685,227862.9596150799,-0.02127113676163006,-0.03393944543685545,0.0,-0.01839041939867958
2018-06-06,233540.92830022867,194640.59929258405,419815.20023060683,228266.49657237186,-0.01525251098700997,-0.026783882852159713,0.0,-0.01665202477730876
2018-06-07,233132.65515313955,195090.77690769784,417394.6435862282,228549.37795526738,-0.016974033459981275,-0.02453296443020525,-0.005765767039995207,-0.01543340163604412
2018-06-08,232569.734161391,194901.74124224245,415785.01395098335,227819.04016810522,-0.01934764324723215,-0.025478155500339716,-0.009599905571331613,-0.01857961974084088
2018-06-11,232505.84424411348,194714.4025515724,415956.285738024,227574.8965848908,-0.01961704114707874,-0.02641486158215467,-0.009191936095842013,-0.019631364529596573
2018-06-12,235280.47475120676,196645.94230565047,421756.80300032906,229694.16161359026,-0.00791754828008795,-0.016757032607045308,0.0,-0.010501794460293201
2018-06-13,235039.77469174066,196135.67205176633,421984.8727766059,229747.01740655134,-0.008932482925118501,-0.01930841827368457,0.0,-0.010274097282794381
2018-06-14,236084.6492230692,196255.6262319733,425465.36102652724,230314.27857309952,-0.00452667029712106,-0.018708639286561746,0.0,-0.00783039604794955
2018-06-15,236378.8590799169,196721.45683909324,425523.46557682246,229973.97289722582,-0.0032861065129384803,-0.0163794548494115,0.0,-0.009296396982611865
2018-06-18,236008.90665924834,196267.1608071772,425169.8952445709,229683.74875781886,-0.004846046006025118,-0.01865096563299884,-0.0008309067791884006,-0.01054665194394866
2018-06-19,234203.1834334778,194668.28427097702,422124.33391212195,228306.06351087213,-0.012460049364545811,-0.026645456093955855,-0.007988118023274704,-0.016481574582276837
2018-06-20,235100.3055645707,194881.75972367855,424876.9090493804,228251.44560646897,-0.00867724875498399,-0.02557806444010946,-0.0015194380092896642,-0.01671686274988904
2018-06-21,233930.21496257925,194154.47673969824,422244.5604613747,228012.09069901978,-0.013611046828902462,-0.02921452838601546,-0.007705580022486003,-0.017747978428861
2018-06-22,233030.46363231554,193803.42655948503,419776.1382755427,227304.6971828145,-0.01740493370629914,-0.030969802951305803,-0.013506487341394702,-0.020795355035990837
2018-06-25,228768.57729070893,191139.11407539964,410220.8115765856,225051.84069933614,-0.03537558195156332,-0.04429154497251875,-0.035961950957259736,-0.030500422992791765
2018-06-26,228878.07049915972,191050.015336792,410802.474057858,224545.11300459655,-0.03491389344638074,-0.0447370446716856,-0.03459501698457279,-0.03268335241999076
2018-06-27,227301.72434894543,190251.84441405366,406868.62561097747,224129.88720347383,-0.041560706596165065,-0.04872795308992395,-0.04383974439707394,-0.034472101346904815
2018-06-28,229179.31531995238,191544.67103802046,410824.2289042217,224956.37307382305,-0.03364366606905189,-0.04226373282089879,-0.03454389208048747,-0.030911687447529035
2018-06-29,230218.64974356216,192292.0980976489,412946.01360335073,225899.20534973955,-0.029261213831049515,-0.03852654713884396,-0.02955759903022559,-0.026850065512559085
2018-07-02,231705.98678789387,193093.90698422946,416567.9126535388,226250.34861484083,-0.022989716023869566,-0.03451744865616013,-0.02104596725622143,-0.025337377387339877
2018-07-03,230280.88013452632,192691.86872337997,412323.7301616428,226423.57709294185,-0.028998813481405095,-0.0365276670617285,-0.031019994155402575,-0.02459112738679481
2018-07-05,231881.3143704334,193617.29423508374,416075.30226691393,227030.7714063133,-0.02225043063215204,-0.03190047712045607,-0.02220362465111292,-0.02197539837011353
2018-07-06,234838.66400042328,195390.99824785042,422871.29867337295,228524.28809378782,-0.009780485242013803,-0.02303183749158022,-0.00623271597925712,-0.015541486111229963
2018-07-09,236620.6295373066,196870.45927552934,426086.85973965237,229235.8289526033,-0.002266658433473956,-0.01563443262300568,0.0,-0.012476243189859848
2018-07-10,238272.05903378414,198529.01386351677,428451.3416415735,230441.68303938257,0.0,-0.007341547880226562,0.0,-0.007281551053896496
2018-07-11,236533.99350922604,196860.18169101203,425798.5181314113,228962.34927250375,-0.007294457988931358,-0.01568582123840223,-0.0061916564434089105,-0.013654364787766715
2018-07-12,242094.97140018616,200664.8526122305,437572.5615894976,233057.72655176691,0.0,0.0,0.0,0.0
2018-07-13,243822.00730792774,202091.04466446926,440705.4123559868,234470.3210574782,0.0,0.0,0.0,0.0
2018-07-16,242843.49126562133,201433.6370971702,438607.8011556316,233594.19572342676,-0.004013239219504139,-0.00325302671570904,-0.004759667436670334,-0.0037366150653952435
2018-07-17,244024.30989507306,202203.49918111623,441189.31524463266,233502.18589021754,0.0,0.0,0.0,-0.004129030757045515
2018-07-18,245430.83391175207,203779.27695248212,442853.7365846201,234807.80540983597,0.0,0.0,0.0,0.0
2018-07-19,243872.58970451847,202613.73856844567,439767.42399378726,233732.5153379218,-0.006349015657070578,-0.005719611932415658,-0.006969146550811822,-0.004579447731890118
2018-07-20,242781.85402701102,201614.21220300763,438000.35921086115,232925.34034946107,-0.010793182920502686,-0.010624558011261165,-0.010959323525616349,-0.008017046354524826
2018-07-23,240559.30017953564,199634.15313346582,434278.39486559597,229964.60973930196,-0.01984890673503581,-0.020341243138196408,-0.019363823787869383,-0.020626212412660827
2018-07-24,242547.20255800968,201374.05619670762,437674.0086824176,231410.01745811364,-0.011749262746583944,-0.011803068455951804,-0.011696249741843912,-0.014470506829156737
2018-07-25,244806.0606128947,202691.21027796052,442945.42481330544,232569.40259226257,-0.002545618612378564,-0.005339437310768913,0.0,-0.009532914860587605
2018-07-26,241775.07609618607,201493.20842999173,434652.968003334,230183.61664587058,-0.014895267058744888,-0.011218356236603277,-0.018721170477077553,-0.01969350531552505
2018-07-27,239964.19556824132,200671.2801111521,429925.92787175486,229711.48436935298,-0.022273641238884978,-0.01525178069041222,-0.029393004673291534,-0.02170422329695476
2018-07-30,237181.00108452706,199242.300469354,423015.67159632035,227970.85170611014,-0.03361367720484276,-0.022264170091181867,-0.04499369922465091,-0.029117233525489228
2018-07-31,238804.80197361798,200332.75895559747,426497.5815307872,229070.15893621006,-0.02699755296645634,-0.016912995513711282,-0.03713288897712563,-0.024435501467301557
2018-08-01,240810.48879051965,201464.79929256794,431263.85871181096,230315.71975413966,-0.018825446858456774,-0.011357767553831666,-0.026372472650367906,-0.01913090430642106
2018-08-02,242705.00140869708,202221.69790206433,436422.4410850548,230788.61693794967,-0.01110631642980564,-0.00764346146336059,-0.014726382445422015,-0.017116928736126025
2018-08-03,243750.23327319685,203215.5500909254,438039.7315596701,231708.2109671597,-0.006847552981706806,-0.00276636010288811,-0.0110751640694855,-0.013200559654591548
2018-08-06,243919.17274407626,203128.05044908688,438830.2386871273,231055.03079310711,-0.00615921456804136,-0.003195744499314812,-0.009290503740754574,-0.015982324821692928
2018-08-07,245001.72452806856,203993.06447833125,440855.66748844436,231691.65820309945,-0.0017483923142183055,0.0,-0.0047178663731358705,-0.013271054602710386
2018-08-08,245111.48192424205,203916.51301461682,441411.2640589039,231959.38348943007,-0.0013011893510692651,-0.0003752650312410788,-0.003463543516784573,-0.012130865562302029
2018-08-09,243874.12034148123,202809.42584749142,439348.5991556618,230975.28996114724,-0.006342779126238707,-0.005802347417382614,-0.008120245646875413,-0.016321925252865466
2018-08-10,242555.00165871053,201812.10084828516,436759.61735945556,230774.04061549468,-0.011717485562859564,-0.010691361667728438,-0.013965168409758588,-0.0171790064103734
2018-08-13,240962.13015476137,200220.46906924137,434459.27991759474,228664.43694725522,-0.018207589021180137,-0.018493743494355952,-0.01915844350189977,-0.026163391169463313
2018-08-14,242559.1921686906,201556.31302987173,437320.0233093962,229459.21253905952,-0.011700411465390692,-0.011945266152508571,-0.012699987828704407,-0.02277859912467972
2018-08-15,241427.89722622407,201108.7598429448,434230.17954571225,228726.78411001086,-0.016309836142948897,-0.014139228913308655,-0.019675663816296374,-0.025897866935092884
2018-08-16,241337.79490012408,201514.9886500023,433041.863411882,227940.57956855622,-0.01667695515837142,-0.012147843529220381,-0.022358423513681447,-0.029246156571727355
2018-08-17,242723.8886666313,203007.13923650072,434815.1346742328,229571.6169140066,-0.01102936090782336,-0.004833131186846029,-0.018355060654480004,-0.0222998911245309
2018-08-20,241716.90589477733,202472.03564399268,432356.37164530606,229005.6481412541,-0.015132279664217485,-0.0074562771936794725,-0.023905999644228126,-0.024710240183262844
2018-08-21,241289.72977206195,201978.78571310744,431881.067886425,228343.73473841476,-0.016872794969107652,-0.009874251217191543,-0.024979052287409598,-0.02752919844439905
2018-08-22,242097.97447477333,202200.36590141538,434297.9150717761,229151.11695365616,-0.013579628051857195,-0.008788036894785134,-0.01952274311259483,-0.024090717283893337
2018-08-23,242759.21372820457,202764.27188317035,435459.29031710484,229401.31621617792,-0.010885430086213677,-0.006023697905138459,-0.01690080555489626,-0.023025168112369654
2018-08-24,246347.0123011389,205421.48909678918,442618.94979143445,232906.1655380837,0.0,0.0,-0.0007370547331165822,-0.008098708083545736
2018-08-27,248392.1000594098,206885.34676034993,446808.3370501189,233879.62668675766,0.0,0.0,0.0,-0.003952929594730703
2018-08-28,248311.59073434587,206715.60349471786,446882.48028354975,233109.72152627664,-0.00032412192273700846,-0.000820470218360625,0.0,-0.007231803391695046
2018-08-29,250479.75610429086,207874.6509560453,452161.80587779987,234413.65739890502,0.0,0.0,0.0,-0.001678598419004862
2018-08-30,250989.0465051463,208057.44712509052,453592.64532812656,235053.60860411118,0.0,0.0,0.0,0.0
2018-08-31,249554.35938850383,206736.64988335737,451280.2785671604,233580.41358300613,-0.005716134375661208,-0.006348233432562744,-0.005097892976843488,-0.006267485233916514
2018-09-04,248994.86121556134,206546.06003109968,449698.31436487555,232980.88989932122,-0.007945308041735988,-0.007264277798631924,-0.008585524927181898,-0.008818068002014567
2018-09-05,247875.670568027,206681.81301898402,445357.31366082816,233045.3489605509,-0.0124044295178255,-0.006611799409801611,-0.018155787471688334,-0.008543836682561534
2018-09-06,246367.71551683283,206037.50016896208,441311.638788341,232562.05398625523,-0.018412480754289473,-0.009708602042559855,-0.02707496840232393,-0.010599941998986062
2018-09-07,243551.33076807647,203876.85661102307,435842.3064307328,229819.70638250426,-0.029633626808161728,-0.02009344328614171,-0.03913277492529288,-0.022266844796338003
2018-09-10,245112.15305345546,205016.8338431551,438998.58080500254,230988.4347310934,-0.023414939948665614,-0.014614296791343961,-0.032174385262721206,-0.01729466693644577
2018-09-11,246966.24183855637,206115.6871848532,443304.4493102959,231919.2575982932,-0.01602780966980355,-0.009332806717895936,-0.022681575911329466,-0.013334621937657776
2018-09-12,247651.63329003903,207016.9895085448,443816.94103897066,233282.6546043973,-0.01329704726791281,-0.005000818912865745,-0.02155172573859565,-0.007534255739492179
2018-09-13,248841.25997227826,207519.3072862016,447021.61427528394,233213.7496192185,-0.008557291892911434,-0.0025864964043578187,-0.01448663491465818,-0.007827401569449943
2018-09-14,250268.89469491772,209032.98749455911,448881.89088635484,234218.41375150226,-0.002869255930711856,0.0,-0.010385429504404686,-0.0035532100850048653
2018-09-17,247674.6042485608,207816.791087778,442156.5108615456,233262.32962077684,-0.013205525510921245,-0.005818203248005416,-0.025212345447770845,-0.0076207253059079605
2018-09-18,248785.12899689554,208453.58137159163,444782.15588006104,233176.07279689744,-0.008780931036389217,-0.002771840607131759,-0.019423792556627628,-0.00798769190723625
2018-09-19,250132.19770416114,209772.43012463616,446775.94853035297,234548.7549429913,-0.003413889223120359,0.0,-0.015028234844598143,-0.0021478234863867574
2018-09-20,252619.95023252326,211547.73337704947,451897.4962047939,235966.356019764,0.0,0.0,-0.003737161836269154,0.0
2018-09-21,252215.80589278133,211689.14273950394,450128.5494268032,235579.14397617674,-0.0015998116513360472,0.0,-0.007637019552681368,-0.0016409629326769037
2018-09-24,252204.31342330866,211040.29335816868,451501.41182690894,235529.94478780037,-0.0016453047703953727,-0.003065104676311603,-0.004610377885877814,-0.001849463793588746
2018-09-25,252844.122349206,211335.426841454,453170.5171221378,236139.34232471234,0.0,-0.0016709213022096936,-0.0009306328273540609,0.0
2018-09-26,252961.38710603537,211044.92800135043,454227.59206207487,236261.9889296358,0.0,-0.0030432110490723474,0.0,0.0
2018-09-27,253788.7270982237,211138.19596578935,457014.52699476614,235847.89125168446,0.0,-0.0026026217810922736,0.0,-0.0017527054598471814
2018-09-28,255244.89220255575,212383.43363707725,459563.08725964936,237611.2191341683,0.0,0.0,0.0,0.0
2018-10-01,256938.64555506175,213946.63243414968,462290.3372807433,238608.12651750405,0.0,0.0,0.0,0.0
2018-10-02,256911.19971027548,214103.811101028,461851.0830458642,239599.1801368588,-0.00010681867154305191,0.0,-0.0009501696216772659,0.0
2018-10-03,256287.80042107753,213527.5842960729,460853.18255087937,238236.56677265413,-0.0025330760679391773,-0.0026913430545297823,-0.0031087708610079146,-0.005687053534266462
2018-10-04,254841.7368767797,213554.29340042468,455585.9759659374,238398.069321331,-0.008161126068646163,-0.0025665946709562126,-0.01450249069500753,-0.005013000523798716
2018-10-05,251264.32113650098,211260.92616572868,447664.9852157123,236144.85590745206,-0.022084355610665685,-0.013278067871280719,-0.031636724555091034,-0.014417095364991028
2018-10-08,250108.59608175373,210928.8991297419,444220.57711335015,234775.65248685557,-0.026582414095603024,-0.014828843797591085,-0.03908747103320831,-0.020131653402353233
2018-10-09,248964.31397744405,209476.45937991352,443243.72842865705,233743.31812826576,-0.031035936849401757,-0.02161265461515305,-0.041200534201344285,-0.024440242263133682
2018-10-10,239333.0299265019,202666.20852347717,423295.6495143486,229350.53149618173,-0.0685206991362729,-0.05342082664821801,-0.084351076848733,-0.04277413902177396
2018-10-11,233299.8887483679,196613.01272580482,414670.22765599436,227361.42756503244,-0.0920015623014876,-0.08169307349213828,-0.1030090957662172,-0.05107593675753053
2018-10-12,238133.92930595757,199322.30611829547,426217.4227001709,229232.39286695066,-0.07318757444401003,-0.06903896248608887,-0.07803086431085349,-0.04326720677419116
2018-10-15,236258.33383336064,198400.78116044155,421456.32164506824,228919.8024432032,-0.08048735400245322,-0.07334306596334594,-0.08832980562792303,-0.04457184572816797
2018-10-16,241527.01542540672,202104.71224416207,432415.32593992533,230879.44505379174,-0.059981752049643844,-0.0560433688459846,-0.06462391473840223,-0.036393008849555986
2018-10-17,242678.54526174313,203046.25425441773,434524.67112454365,231770.59495102213,-0.05550002126971865,-0.051645773093654146,-0.060061099956190245,-0.03267367267853338
2018-10-18,238713.63978366336,200623.48950923697,425487.9893656941,230409.63402634923,-0.07093135301630904,-0.06296161437981196,-0.07960873275337266,-0.038353829530053174
2018-10-19,237600.33565731253,199725.9267339634,423421.1099484141,229399.34448109975,-0.07526431010785817,-0.06715379933279275,-0.0840796880180612,-0.042570411342530146
2018-10-22,238293.68742847355,199352.26856593072,426728.05683067517,229888.57080066524,-0.07256579906969507,-0.06889901893496209,-0.07692628978414395,-0.040528558280737315
2018-10-23,237830.02329949453,198825.85957108164,426197.709486147,230478.6262569378,-0.07437037046057082,-0.07135768135737308,-0.0780735068072117,-0.03806588100473196
2018-10-24,228134.9607020053,192266.51371577263,405476.5184094311,226107.76122765907,-0.11210335755772416,-0.10199396859381982,-0.12289640143789082,-0.05630828495111484
2018-10-25,233221.12970828803,194963.96841102245,417957.6301880487,227727.88284005085,-0.09230809088892422,-0.08939515177977908,-0.09589797475211315,-0.049546485468051626
2018-10-26,228850.62834500213,192113.02185986933,408387.07054495707,226519.97525558906,-0.10931799359874961,-0.10271087248784183,-0.11660046163381399,-0.05458785323805748
2018-10-29,224978.2876608348,190297.05031780057,398369.79279889626,224004.35306684778,-0.12438906504384872,-0.11119260633802475,-0.13826926354947555,-0.06508714704742846
2018-10-30,229353.87955596496,193834.84227718605,406471.27615102025,226081.8733671945,-0.1073593500872776,-0.09466888384475203,-0.12074459842284091,-0.05641633148303449
2018-10-31,234774.75265228294,197174.87325797701,418766.5947979099,228881.04628901317,-0.08626142188497332,-0.07906883000351084,-0.09414806880638293,-0.04473359984672498
2018-11-01,237155.253088039,198918.87244546457,423560.97292494937,230623.71423512246,-0.07699656244503394,-0.07092325249828546,-0.08377714443179907,-0.037460336452777354
2018-11-02,234312.3178161208,197502.36998151045,416431.56636950496,228787.42257142172,-0.08806120889312519,-0.07753921349715687,-0.09919906866534578,-0.04512435125721814
2018-11-05,235552.05930039933,199339.02789912254,416956.86932874355,229719.1021572719,-0.08323616016758095,-0.06896086121016543,-0.09806276336783848,-0.04123585887874659
2018-11-06,237416.98355366074,200790.1562997986,420527.3951071514,230511.13269971623,-0.07597791277847121,-0.06218317522123484,-0.09033920635081272,-0.0379302109128733
2018-11-07,243943.4365386508,205300.72206862576,434226.1866902565,233809.02030760833,-0.050577090061082686,-0.04111598475119327,-0.06070676440170486,-0.024166025217378206
2018-11-08,243335.52638293267,205260.74183044213,432144.42541811964,233494.03854081238,-0.05294306406396132,-0.04130271771020988,-0.06520991124310782,-0.02548064476914813
2018-11-09,240949.05304990744,203982.4732860975,426348.7837371868,232318.80145400504,-0.062231169898993466,-0.047273039012624585,-0.07774671163358016,-0.030385657741797023
2018-11-12,234825.31286427687,199983.0595514851,413001.7709808183,228988.96831516497,-0.08606464256481816,-0.06595282670087466,-0.10661820575754888,-0.04428317248678937
2018-11-13,234391.5247457311,199345.87424093764,412806.3826213248,228692.59708232793,-0.08775293712871557,-0.06892888447056467,-0.10704085867442104,-0.045520118425701805
2018-11-14,232883.52982355817,198144.9492210791,409977.57317845325,228638.8028417641,-0.09362202279667808,-0.07453796267278257,-0.11315997736401129,-0.04574463605774515
2018-11-15,235668.3958478507,199817.04414205955,416358.2792638139,229875.0061864425,-0.08278338068320223,-0.06672822349821239,-0.09935759913803988,-0.040585172056356256
2018-11-16,235546.81956531788,200320.7952620229,414857.2554108523,230406.94821122003,-0.08325655311030122,-0.06437538765950024,-0.10260452803080211,-0.038365039147413516
2018-11-19,228064.54704993783,195501.72474173628,398405.96523879486,226027.7926398045,-0.11237740606418911,-0.08688349013327024,-0.13819101739769268,-0.05664204480709134
2018-11-20,223332.7540700084,191395.22175286143,390246.6334734898,223415.42738953343,-0.13079344842211227,-0.10606345226358993,-0.15584081690096463,-0.06754510903618793
2018-11-21,225076.3928641569,192491.48055547383,394137.0922266923,224612.86594397758,-0.12400724158124665,-0.10094323139047756,-0.14742519918313235,-0.06254743519706973
2018-11-23,224053.3469261096,191672.419687497,392227.17611071107,224383.80465404008,-0.12798891563357628,-0.10476876286404091,-0.1515566204177089,-0.06350345386878087
2018-11-26,228330.64420153495,194665.13724905442,401127.5156029527,226300.70362615728,-0.11134176134432894,-0.09079088201190944,-0.13230391540856967,-0.05550301342060293
2018-11-27,230288.92088937986,196331.97949623398,404573.5117656537,227567.04985913995,-0.10372018817220263,-0.08300567614094512,-0.1248497337292146,-0.05021774394572687
2018-11-28,237196.58073363572,201317.98535667537,418623.13268293877,231412.23457161855,-0.07683571608613982,-0.05971788021241453,-0.0944583978429252,-0.03416933881227757
2018-11-29,236109.4396390338,200503.74999370365,416474.5627375054,230994.71832915567,-0.08106684718848278,-0.0635208735303967,-0.09910606138283728,-0.03591190004401634
2018-11-30,237386.65601090895,201470.08238804984,418978.15042725083,231487.21917830606,-0.07609594696008015,-0.05900749102974512,-0.09369044377665525,-0.033856380284436716
2018-12-03,241781.44514025838,204771.4234069733,427657.00564125186,234550.61910527278,-0.05899151675708203,-0.04358814374234132,-0.07491684088231121,-0.021070861046779465
2018-12-04,232846.15414742695,197829.7944333255,410543.9725399406,230674.8496637463,-0.09376748817052438,-0.07600993454536575,-0.1119347746811713,-0.03724691573658523
2018-12-06,232389.82410294953,196597.55913360525,411504.9259100039,230057.27155543846,-0.09554351545319184,-0.08176525152633629,-0.10985609534792862,-0.03982446257107397
2018-12-07,225112.06940921454,191414.524350836,396582.01429542695,226805.7634140315,-0.123868389191095,-0.10597329694185464,-0.14213648369079468,-0.05339507720986236
2018-12-10,226129.69142149098,191459.3939387087,400089.9039736142,226932.78707391734,-0.11990782494791519,-0.10576372763226616,-0.13454841750100333,-0.05286492656488406
2018-12-11,227898.71037110826,192658.7031880514,403843.8128522293,228277.63007723022,-0.11302283905645583,-0.10016219609868315,-0.12642817665691364,-0.04725204006608752
2018-12-12,229892.3164284897,193976.1118663436,408145.7147758413,229417.34579588083,-0.10526376469426846,-0.09400906565454292,-0.11712254862039362,-0.042495280389365786
2018-12-13,229687.846322413,193741.03831860103,407913.46278525674,229119.51900727168,-0.10605955820222812,-0.09510700756661683,-0.11762494283427805,-0.0437383012896837
2018-12-14,225301.02834920908,190625.26481299134,398900.78913098207,227139.72078030545,-0.12313296482709435,-0.10965963738477291,-0.13712064267366575,-0.05200126039428232
2018-12-17,220195.87421192467,186605.7398061054,389235.0322940339,225072.98041149147,-0.14300212124089806,-0.12843335741439565,-0.15802905467683137,-0.06062708443772635
2018-12-18,219677.7227540647,185478.90868862654,389756.8268282045,224521.5378082188,-0.14501875621124516,-0.13369637030372328,-0.15690033860363828,-0.06292860568232195
2018-12-19,214737.78368998942,182207.35382124348,379112.14865035657,221660.20256857015,-0.1642448989092562,-0.14897659745409064,-0.17992629722622477,-0.07487078026745309
2018-12-20,211211.26162738845,179059.79996641722,373210.77765344817,220660.58871351852,-0.17797005128943888,-0.1636776615717258,-0.19269180522195983,-0.07904280562447075
2018-12-21,203491.7197702297,173458.0465396151,357599.592257167,215414.8664210935,-0.20801435171175298,-0.18984138746709922,-0.2264610280184136,-0.10093654620166581
2018-12-24,198057.02724558668,168697.05174562844,348317.57432651415,213449.02268733172,-0.2291660648489594,-0.21207823962542038,-0.24653935798146454,-0.10914126431730753
2018-12-26,208040.6845110706,176179.9846965922,368009.4889020535,217136.55547750276,-0.19030987315418202,-0.17712821742598917,-0.2039429353710116,-0.09375084107769238
2018-12-27,210767.8364451642,178825.45113596666,372131.2716639825,219900.3124623736,-0.1796958531098164,-0.1647722185964019,-0.19502693079654032,-0.0822159227057172
2018-12-28,209911.70978210573,178031.07757705083,370761.8432421067,219671.97363320697,-0.18302788072757314,-0.16848244474712182,-0.19798919998419184,-0.08316892608843418
2018-12-31,210717.9107809368,178739.89377732607,372133.43079622596,219815.69183792698,-0.17989016278292747,-0.1651718254889678,-0.19502226028524172,-0.08256909847367389
2019-01-02,205127.54844478384,177852.2511395931,371394.6695907136,219072.58046661952,-0.201647739670889,-0.1693176771352709,-0.1966203062445363,-0.08567057557757296
2019-01-03,205127.54844478384,170082.78206101342,351906.5703225975,212453.62996652653,-0.201647739670889,-0.20560600399234652,-0.2387758472466429,-0.11329567219231207
2019-01-04,205127.54844478384,176380.26283878993,368293.84858028137,216351.99474548525,-0.201647739670889,-0.1761927920303934,-0.20332782478942235,-0.09702531276649107
2019-01-07,205127.54844478384,178948.31879195815,375168.5391294669,218918.11663981248,-0.201647739670889,-0.16419834905452113,-0.18845688764281565,-0.0863152515181117
2019-01-08,205127.54844478384,180786.05720907572,378906.531634822,219859.52344169925,-0.201647739670889,-0.1556149501525258,-0.18037107618644277,-0.08238616127102061
2019-01-09,205127.54844478384,181898.51352697576,382572.0453688083,221286.81021606983,-0.201647739670889,-0.15041907665462195,-0.17244204666022045,-0.07642918440008417
2019-01-10,205127.54844478384,181555.10978918825,381601.12388468615,220111.13364297315,-0.201647739670889,-0.15202298896249522,-0.17454228844730446,-0.08133603162896508
2019-01-11,205127.54844478384,181808.216642894,380581.504935771,220396.73456182634,-0.201647739670889,-0.1508408201239111,-0.1767478698031958,-0.08014403707084494
2019-01-14,205127.54844478384,180966.0024328431,377759.5404653462,219969.0962605431,-0.201647739670889,-0.1547744923258202,-0.18285218184013774,-0.08192884410164936
2019-01-15,205127.54844478384,182688.97744800508,384432.8454641569,221151.18821805905,-0.201647739670889,-0.1467271109816881,-0.16841687039048903,-0.0769952213870777
2019-01-16,205127.54844478384,183797.5933200901,385760.4436497693,222224.40716152536,-0.201647739670889,-0.14154917479090312,-0.165545085975912,-0.07251599511070528
2019-01-17,205127.54844478384,185861.93454409664,390222.75875427196,223751.1692803091,-0.201647739670889,-0.13190739768571902,-0.1558924613271888,-0.06614384426314535
2019-01-18,205127.54844478384,188536.1166483901,394523.53719148674,224682.18515127257,-0.201647739670889,-0.11941727856760753,-0.1465892635521443,-0.062258121989673176
2019-01-22,205127.54844478384,186869.83309541756,388415.3862482405,224139.8417863284,-0.201647739670889,-0.12719987498382124,-0.1598020660934547,-0.0645216663166378
2019-01-23,205127.54844478384,186722.98199464695,387804.404317886,223590.6817029458,-0.201647739670889,-0.1278857623578732,-0.16112370723773728,-0.06681366115179932
2019-01-24,205127.54844478384,187056.26325608708,390816.5184044626,224366.43658229412,-0.201647739670889,-0.1263291284066781,-0.1546080744336984,-0.06357594189539284
2019-01-25,205127.54844478384,188819.9254603077,395887.5051287931,226439.73800009344,-0.201647739670889,-0.11809171219651815,-0.14363880617220115,-0.05492273441523765
2019-01-28,205127.54844478384,187048.02205989385,390271.7964250929,225062.4326049943,-0.201647739670889,-0.1263676199970466,-0.15578638584417226,-0.06067110715304258
2019-01-29,205127.54844478384,186550.51564469366,386053.765023793,224594.9090535047,-0.201647739670889,-0.12869128912111194,-0.16491058996686914,-0.06262238073929838
2019-01-30,205127.54844478384,189786.49693325147,396511.6105232974,227765.58981699464,-0.201647739670889,-0.11357721304784274,-0.14228877710134635,-0.04938911023445414
2019-01-31,205127.54844478384,190690.39240120794,400870.6427784833,228535.9261165227,-0.201647739670889,-0.10935545042106742,-0.13285956800122467,-0.046174006163196335
2019-02-01,204447.9297568798,190542.39597865043,398668.55710352614,227588.69179033826,-0.2042928018274045,-0.11004668717111143,-0.13762299370445297,-0.05012741838123225
2019-02-04,204777.4936452706,192930.12785318372,405846.2422136899,229574.89730026695,-0.2030101458545016,-0.09889447151341535,-0.12209663606439514,-0.04183771760348254
2019-02-05,205445.7310726654,194664.7126350458,411410.20026465505,231680.43008931357,-0.20040937933317415,-0.09079286522746466,-0.11006100044264899,-0.03304998808018478
2019-02-06,205506.47303935315,194372.75237955057,410103.2944937044,231042.36482915567,-0.2001729728301488,-0.09215650398753084,-0.11288802421008926,-0.03571304084936966
2019-02-07,205875.33939029364,192577.60052680378,404692.39493131806,230092.2407768987,-0.19873735246971747,-0.10054099674137407,-0.12459257246912059,-0.03967851373502096
2019-02-08,205809.03897958432,192430.63674297085,404686.06313594535,230113.69476316022,-0.1989953923241975,-0.10122741041648409,-0.12460626904649219,-0.03958897258446581
2019-02-11,205701.14734569038,192632.08684571192,404499.0945845071,229834.45121695264,-0.1994153043762007,-0.10028651122508203,-0.12501070871645814,-0.040754433776979404
2019-02-12,206116.62304350937,196157.5248435067,412713.06168984453,232720.67067962087,-0.19779828138255384,-0.0838204895337108,-0.107242725172495,-0.028708401478289458
2019-02-13,205965.00739273155,196999.43679875825,413434.3802275353,232823.92629089806,-0.19838836642192303,-0.0798882290525823,-0.10568241019396074,-0.028277450040065766
2019-02-14,206838.6269887135,197288.10574417614,415472.55189606594,234219.64047376075,-0.1949882566638339,-0.07853996278897213,-0.101273553888377,-0.0224522457047861
2019-02-15,206376.16285622094,198745.79777956905,415779.3851124573,234584.86855529004,-0.19678815769270996,-0.07173162048111348,-0.10060982983522848,-0.020927916275442104
2019-02-19,206605.92808545663,199185.19612189906,416804.99502865877,235899.48106950245,-0.1958939160781824,-0.06967935275140602,-0.09839128916177586,-0.015441200864055982
2019-02-20,206568.0312237245,199552.3505713419,416660.4761550399,235855.4282467083,-0.1960414098958222,-0.06796450962201595,-0.098703904118145,-0.015625061354600955
2019-02-21,206439.58038884512,199189.83632957016,415854.34644882387,234998.52098767302,-0.19654133794129747,-0.06965768005138617,-0.10044767776255603,-0.01920148118435916
2019-02-22,206696.18428476847,200321.67267133173,418729.8998558621,236069.9751761228,-0.19554264078007821,-0.0643712896039621,-0.09422744520491133,-0.014729620354794748
2019-02-25,206596.32166858815,200710.34387836306,420505.475422381,236357.9099871837,-0.19593130405789927,-0.06255594962924338,-0.09038662175840984,-0.013527884977835525
2019-02-26,207165.20892441308,201062.8347831217,421984.8212408397,237233.13334073135,-0.19371720639035694,-0.060909594513255616,-0.08718658554921621,-0.009875020418583902
2019-02-27,206333.14854672135,200089.63321753225,419855.5536628433,235504.21781912172,-0.19695556851332308,-0.06545506038135374,-0.0917924953125937,-0.017090886184994658
2019-02-28,206350.37101619854,200269.7552477248,420043.20040631364,235429.098987962,-0.19688853901124104,-0.06461377675699287,-0.091386588616438,-0.01740440491705708
2019-03-01,206514.39787867773,202419.97834663934,424855.08183014963,236066.90364908357,-0.19625014978752253,-0.054570877063348844,-0.08097780211196515,-0.014742439793648754
2019-03-04,207231.1747167629,202735.97336575383,427145.54077856685,237122.20201352055,-0.1934604688637489,-0.0530949807797213,-0.07602321240133003,-0.010338007508721048
2019-03-05,206869.65912755666,202169.03741646325,426850.4740438297,236856.63159378766,-0.19486748020852063,-0.055742929671313224,-0.07666148387477845,-0.011446402034867575
2019-03-06,205817.673921869,201104.50914338013,424756.75135476846,236461.16850928933,-0.19896178530386777,-0.06071494893434648,-0.0811905049687014,-0.013096921390870597
2019-03-07,203245.64694664854,198988.98591496234,418609.5779715944,234880.77080650447,-0.20897206215289577,-0.07059577832051533,-0.09448771861874783,-0.019692927695575513
2019-03-08,202907.50889114966,198610.5955888336,418013.03934163647,235424.303613505,-0.21028808861037318,-0.07236310008925395,-0.09577811684222537,-0.01742441906925185
2019-03-11,205472.56034764764,200490.7595934101,424628.1582673584,235973.2201835675,-0.20030496033880962,-0.06358154690293849,-0.0814686701758015,-0.015133440570289758
2019-03-12,206914.12637537564,201721.48699909993,427978.4983838315,237600.06346594702,-0.19469441458142156,-0.05783327273929417,-0.07422140618109996,-0.00834358727675899
2019-03-13,208312.4997093174,202991.06209169913,431068.64061548695,238753.43240318913,-0.189251973912674,-0.05190355534626678,-0.06753698735930058,-0.003529844021947781
2019-03-14,207862.5982358343,202660.70732392513,429909.595471542,237606.4896195021,-0.1910029813273476,-0.05344652072402045,-0.0700441674806992,-0.008316766844604695
2019-03-15,210394.689951389,204682.22457581668,436090.39875746757,240111.95338968266,-0.18114813169939592,-0.044004758611072115,-0.056674207549713085,0.0
2019-03-18,210664.69843992117,205071.4435499764,436382.9860780558,240014.78104073307,-0.18009726413547278,-0.04218686021796014,-0.056041299403050804,-0.0004046960077488393
2019-03-19,210692.20691428494,204776.6285141472,437118.6915459085,239953.30268255365,-0.17999020171088376,-0.04356383260492103,-0.05444986344057701,-0.000660736397706696
2019-03-20,210851.83111485152,204211.5954501762,438969.7920538692,240878.19350681553,-0.17936894755808097,-0.04620289382043752,-0.05044566876316037,0.0
2019-03-21,212280.4212050102,205144.40743970752,442895.3453795793,240633.9520974339,-0.17380890388667247,-0.041846072777718346,-0.04195413647459745,-0.0010139623094388428
2019-03-22,208167.42602900765,201461.5782459388,433698.0556140822,239013.78897756673,-0.18981659773559623,-0.05904721074359465,-0.06184918731991007,-0.00774003035354065
2019-03-25,206528.70916257155,199992.91383995328,430036.45248092816,237894.42332433196,-0.19619445056071716,-0.06590680095094748,-0.06976975765822191,-0.01238704981569505
2019-03-26,207754.23095313448,201459.89162593562,431996.8036535256,238237.95752294167,-0.19142474459486125,-0.059055088324075466,-0.06552923819565104,-0.010960875890989152
2019-03-27,207451.9673726404,201291.32617626397,431105.4446643897,238456.74754239683,-0.19260114832284492,-0.05984239541966052,-0.06745737494706794,-0.010052574411847703
2019-03-28,207963.6316214662,201937.3361221795,431853.1276001267,237853.5492468527,-0.19060976143855424,-0.056825121030225745,-0.06584003001155614,-0.012556737560709297
2019-03-29,209689.43142949225,203481.00465897817,435715.73201833206,238957.2020141222,-0.18389298357005635,-0.04961521416840775,-0.057484665197042206,-0.007974949764969042
2019-04-01,213013.08764210524,206560.3729865824,442941.07810105715,240578.07799106953,-0.1709573809656566,-0.03523261952065915,-0.0418552100688524,-0.001245922311923664
2019-04-02,214347.55464430095,207510.5609739004,446453.70199012134,242152.0647626705,-0.1657636624445954,-0.030794641595690564,-0.03425690310503837,0.0
2019-04-03,214853.44145219185,207564.84004529976,448441.6705764847,242004.01787555576,-0.1637947612433065,-0.03054112405613707,-0.029956643233597258,-0.0006113798255646952
2019-04-04,215270.18208083324,208283.87527877936,448632.6018740672,242553.3711384287,-0.16217281516454085,-0.027182775459809183,-0.029543631577966356,0.0
2019-04-05,216860.95291978878,209786.137229431,452026.96846401726,243704.44437002818,-0.1559815673064423,-0.02016626350270634,-0.02220113203554419,0.0
2019-04-08,217324.27246814524,210045.73041036152,453397.371783536,244189.4838319972,-0.1541783370163644,-0.018953799420000084,-0.019236754005106382,0.0
2019-04-09,215890.89656376617,208492.2775021091,450767.5747570941,243524.97340138722,-0.15975700697970352,-0.026209405475136616,-0.024925380425270593,-0.0027212901234812126
2019-04-10,216158.72811746853,208544.60946161658,451769.4426821232,243625.14822076337,-0.15871461200200854,-0.025964982177679397,-0.022758197068330377,-0.0023110561617063485
2019-04-11,215637.0154722756,208261.55546667916,450206.46587383037,242285.05136573163,-0.16074510704126532,-0.02728702307681985,-0.026139139048399596,-0.007798994601978082
2019-04-12,218076.18534600222,210872.1537106266,454752.1791909494,244016.38093128364,-0.15125190733805494,-0.015093880738425991,-0.016306112159156005,-0.0007088876146389422
2019-04-15,218817.65543818602,211502.4606340517,456484.3038753605,244841.9354759251,-0.14836612076989575,-0.012149949380157454,-0.012559279174067739,0.0
2019-04-16,219102.19322905457,211480.46698621142,457715.12938877573,244164.55267604935,-0.14725870545580833,-0.012252673604108422,-0.009896827865534807,-0.0027666126660821355
2019-04-17,219318.2763530779,211057.20920222395,459522.0847454195,244238.0325164641,-0.14641771431741213,-0.014229554733925176,-0.005988125452950244,-0.0024665013298769134
2019-04-18,219759.2342165832,211554.04260367612,460290.47941923584,244722.48110910816,-0.1447015152514729,-0.011909029009057326,-0.004325978070990888,-0.0004878836077845117
2019-04-22,219919.9160021852,211498.2783327096,461078.5336593854,244592.5362960279,-0.144076144999151,-0.012169483368462464,-0.002621304240287392,-0.0010186130060294563
2019-04-23,222353.89922315124,213436.21781981242,467045.82689303614,245978.69853083583,-0.13460313164334414,-0.003118082194718985,0.0,0.0
2019-04-24,221651.1688156766,212863.58860677903,465351.10948658164,245927.31285150794,-0.1373381441439221,-0.005792622223168897,-0.003628589120961423,-0.00020890296450382095
2019-04-25,222541.5507409232,213213.5472606515,468304.1607088771,246679.1316545842,-0.13387279574013045,-0.0041580943178839425,0.0,0.0
2019-04-26,221978.34048293595,213077.42371042736,466253.3274525347,246280.31683922303,-0.13606479864716903,-0.004793877256656254,-0.004379276180758285,-0.0016167351193679957
2019-04-29,222476.68824803998,213514.80226900725,467388.0138491588,246228.43804811055,-0.1341252392475798,-0.0027510431925138468,-0.001956307324563422,-0.0018270439151080176
2019-04-30,221825.7253252871,213784.58806228102,464101.28303375095,246252.8244684033,-0.13665877374701885,-0.0014909731737392518,-0.008974675067512039,-0.001728185044764352
2019-05-01,220075.92266484772,211641.8888673408,461433.4553448155,244543.79577412526,-0.1434689702305385,-0.01149873148463243,-0.014671459150952915,-0.00865632964627494
2019-05-02,219471.0521652445,211293.04168563357,459657.7046605817,243862.46700879073,-0.14582311395343595,-0.013128068113033908,-0.018463333819642158,-0.011418333715141893
2019-05-03,222387.43677097152,213443.44409786467,467198.4620767208,245967.5224566656,-0.13447260418707996,-0.00308433091296878,-0.0023610694179667657,-0.002884756376210329
2019-05-06,219515.53560886646,210902.60602051773,460695.23329405946,243654.00651139053,-0.14564998529259998,-0.01495164922122627,-0.016247832185176225,-0.012263401135324425
2019-05-07,215890.17853330504,207721.78697571455,452427.8332394405,242258.89415664747,-0.15975980153970282,-0.029808082782337708,-0.03390174335714724,-0.017918976235599127
2019-05-08,214401.11778746385,206407.3339383283,449049.51612726,240560.9557675594,-0.16555519577720412,-0.03594740851702083,-0.04111568121126907,-0.024802162412310813
2019-05-09,213054.11516175402,205355.38150315484,445694.6623852652,239869.1305788637,-0.17079770269086791,-0.04086069067563247,-0.04827951622165305,-0.027606717398601432
2019-05-10,213293.97303343183,205972.41220610685,445355.4282737234,239832.06376777182,-0.1698641807165474,-0.037978767650633904,-0.04900390464269189,-0.027756980661015507
2019-05-13,206613.50434408663,200516.51183161713,429237.36976132804,236888.62254499953,-0.1958644294331756,-0.06346126768850235,-0.08342183184623686,-0.03968924750105718
2019-05-14,207733.08285267395,201407.32993939632,431989.8909918789,236788.19049668883,-0.19150705257315248,-0.05930058459183918,-0.07754419619511566,-0.04009638387954639
2019-05-15,210801.52884278586,203546.59811259178,440192.48476781277,239224.29929533956,-0.17956472298126425,-0.04930885131911378,-0.060028670038957954,-0.030220766180105496
2019-05-16,212460.62965899892,205064.54712758004,443840.19884333963,239363.85985604767,-0.17310753623682207,-0.04221907086550014,-0.05223947151890784,-0.029655008713018516
2019-05-17,211447.18420869284,204475.7749082963,440874.31802250096,238840.61841175603,-0.1770518453854779,-0.04496900892711608,-0.05857270762842526,-0.031776150622275345
2019-05-20,209511.45093683124,203658.0533362168,434540.47317735676,237980.15402939983,-0.1845856800395832,-0.048788285043100954,-0.07209777397751893,-0.035264343468523474
2019-05-21,211380.4872360867,205326.27271207256,438740.87265529524,238705.49805613048,-0.1773114286508216,-0.040996647111590345,-0.0631283907638821,-0.03232390816754982
2019-05-22,210584.53021448234,204695.6241479857,436778.1600021209,238389.10313965625,-0.18040927724376044,-0.04394217414748813,-0.06731949735196663,-0.03360652544592291
2019-05-23,207968.41237786645,202471.91250054725,430656.15926835063,237950.93290013383,-0.19059115483155697,-0.054328311769247684,-0.08039219934227848,-0.03538280151996054
2019-05-24,206902.99295690953,201710.52228694886,427848.6090281443,236670.1233868543,-0.19473774562040191,-0.057884484869030084,-0.08638734197768994,-0.040575010138049095
2019-05-28,205450.41618508074,199745.14131119385,426042.0648064446,235846.0873594063,-0.20039114497062738,-0.06706405512351576,-0.09024497206785409,-0.04391552792697129
2019-05-29,203610.6103938879,198109.3919037278,421893.450371529,234642.70698959634,-0.20755163181455194,-0.07470403779852841,-0.0991037753478331,-0.048793850473910494
2019-05-30,204682.96287231694,199006.53490807023,424434.1747703963,236088.79982631683,-0.20337805770656814,-0.07051381344087282,-0.0936784030961294,-0.042931608187662285
2019-05-31,201326.40344736516,195993.312518695,416928.4937305329,235254.1022671238,-0.21644171894639697,-0.08458746478729096,-0.1097057666551079,-0.04631534621849753
2019-06-03,199392.98724830523,193448.01290948616,403439.2887880645,232477.89333226578,-0.22396653560012847,-0.09647562126670928,-0.13851013371870524,-0.05756967858231277
2019-06-04,198720.7805745022,197309.23034955323,414140.8038646022,234757.10910820917,-0.22658275034801456,-0.07844129754210682,-0.11565850015572621,-0.04833008153713225
2019-06-05,199395.02608085022,199436.5551809743,418109.10035490396,236354.02157871518,-0.22395860050519334,-0.06850534721744272,-0.10718474138259271,-0.04185643919943294
2019-06-06,199842.20685839694,200870.6548224345,421733.584890684,237560.25774228724,-0.22221818198395182,-0.061807196287361865,-0.09944514639310209,-0.036966539695241774
2019-06-07,201037.33383773098,203116.74850529307,430413.3336804415,240166.29846159014,-0.21756677200725405,-0.05131652042639501,-0.08091072044091996,-0.026402043615565085
2019-06-10,199518.59508360625,204039.41666385287,435430.9210245772,240262.04470493883,-0.22347767245138073,-0.04700707747993382,-0.07019634340753944,-0.02601390278376281
2019-06-11,199232.59247937135,203820.70924602132,435665.9378743692,240061.70001530857,-0.2245907887893962,-0.04802857923044834,-0.0696944968097295,-0.02682606994312664
2019-06-12,200226.41236109618,203676.82753950235,433597.0504628601,240309.33055618976,-0.22072286195582125,-0.04870059765823376,-0.0741123251894249,-0.025822213073596556
2019-06-13,201117.51283963158,204543.66631094393,436232.3492584637,241466.02592561033,-0.21725471695719567,-0.04465191320472561,-0.06848500214447362,-0.021133144478040378
2019-06-14,200848.6874415091,204003.1214784816,433700.8523689491,240787.38199823693,-0.2183009799572273,-0.04717659891528159,-0.07389067030185803,-0.023884264618692086
2019-06-17,201238.8844077664,204561.12402665304,437351.05674375605,241701.33194601318,-0.2167823412743839,-0.04457037464817526,-0.06609615408555625,-0.020179249355966045
2019-06-18,201876.67416222248,206632.6586847767,443581.73239320255,243580.2022389761,-0.2143000764789178,-0.034894999663158455,-0.052791391556829104,-0.012562592525854233
2019-06-19,202833.23117947998,207163.93375245642,445393.77378164564,244558.05689301968,-0.21057717595848002,-0.03241360960780326,-0.04892202301288917,-0.00859851722088345
2019-06-20,204720.70202668442,208261.01013347533,447656.2535270002,246312.630588139,-0.20323117768279464,-0.02728957012724853,-0.04409080446909108,-0.0014857400542434007
2019-06-21,203419.52300750732,206346.1351479006,443525.2252245817,244385.08299238037,-0.20829534004874062,-0.03623324551409701,-0.05291205494904683,-0.009299727329250107
2019-06-24,205387.21769986325,206160.69847027122,443683.1240506429,245506.03628053569,-0.2006371121939735,-0.03709935189807856,-0.05257488342825112,-0.004755551741162933
2019-06-25,205776.12182270252,204167.23689129457,436096.73824646143,244061.54553129722,-0.19912350523150535,-0.04641007630193328,-0.06877458106215184,-0.010611299406357078
2019-06-26,204085.25740853435,203657.63395011317,437475.911802821,243110.75169456986,-0.20570431525529687,-0.04879024384103858,-0.06582954304610711,-0.014465674238755666
2019-06-27,205369.74334818468,205470.67658953235,441498.61224614375,244981.06673778134,-0.20070512201647728,-0.04032218981577107,-0.057239612012324415,-0.00688369910098674
2019-06-28,205719.60941858427,206545.2447712485,442106.0327816756,245595.14472095895,-0.19934345036274925,-0.03530327783942566,-0.05594254786791797,-0.004394319561425664
2019-07-01,204147.7312905124,209648.68152691328,450737.41928893497,247172.42073119996,-0.20546116817306992,-0.020808268433916366,-0.037511393008661575,0.0
2019-07-02,206563.2367096754,210163.63582311728,452463.9960066853,249079.5168932221,-0.19606007004730996,-0.018403106687584825,-0.03382452267392699,0.0
2019-07-03,206478.78254341308,210747.23487766183,453522.87622223224,248970.59033432722,-0.1963887639504006,-0.01567733057204812,-0.03156342763273823,-0.0004373164050321954
2019-07-05,205209.60653356812,210513.28357501794,452607.85626049084,247685.9357553636,-0.20132837125277103,-0.016770030890836507,-0.03351732861955914,-0.00559492468606293
2019-07-08,205245.847165026,210649.87164983942,452196.9664593638,247969.80192752005,-0.20118732344978452,-0.01613207832885699,-0.03439472804412336,-0.004455263843223922
2019-07-09,206201.92690315732,211392.71657265746,455505.4021475817,249102.0292593093,-0.1974662804900308,-0.012662523447988794,-0.027330012490005995,0.0
2019-07-10,208713.14763903042,212799.36624308032,460921.94114668254,251511.28971692055,-0.18769266029191645,-0.006092581216745163,-0.015763728323532344,0.0
2019-07-11,206941.57541228726,212142.84616392408,458090.6636724376,249410.7441727635,-0.19458758348619132,-0.009158944565347382,-0.02180953724814061,-0.00835169485441889
2019-07-12,208540.1021360901,213592.21478039018,461823.9842985875,251100.95956193586,-0.18836614988148936,-0.0023894778799449234,-0.013837537553543111,-0.0016314581959582242
2019-07-15,207122.58273567824,212175.7207499259,460083.76367956656,249705.26642795373,-0.19388310665282138,-0.009005399489093069,-0.01755354258836228,-0.00718068477561995
2019-07-16,205995.64250340982,211553.7792227376,457946.6255903608,248628.67108767317,-0.19826913519217915,-0.011910259164359949,-0.022117111030655834,-0.011461189803812832
2019-07-17,207612.98539080913,210770.98785205642,457003.0709927843,249940.93441253912,-0.19197446946018937,-0.015566389182110063,-0.02413194386098605,-0.006243677196951625
2019-07-18,208959.82051588752,211026.45849846472,456411.93448313634,250674.97429594747,-0.18673261445558764,-0.014373179938918401,-0.02539423567738397,-0.003325160560046281
2019-07-19,205797.78404835708,208812.10917499583,450804.3844673848,247576.5580622647,-0.19903919628838096,-0.0247155895956247,-0.03736839795530045,-0.015644354013231165
2019-07-22,206816.64850719576,210122.19372043086,456136.5643407373,249185.1660605208,-0.19507379646836698,-0.018596667476966866,-0.02598225125679332,-0.009248585457208858
2019-07-23,207137.86537821824,211809.09783846606,459533.9183284864,249798.31024131874,-0.19382362691785593,-0.01071776000044744,-0.018727662737642703,-0.006810745861666079
2019-07-24,208784.28486015217,213451.3769873814,464178.341532684,251707.81144879095,-0.18741579566936006,-0.003047279309468909,-0.00881012709762774,0.0
2019-07-25,207464.02487350974,212347.30825321187,459578.0643449281,250147.5472549672,-0.19255422077388373,-0.008203977494764425,-0.018633394908856293,-0.006198711851027161
2019-07-26,209246.86431747244,214712.53161731013,466375.2911631311,252418.04017063536,-0.18561544579859246,0.0,-0.004118839223692161,0.0
2019-07-29,209690.07164659275,214256.43170067246,464627.8509282332,252483.80643605255,-0.18389049185807926,-0.0021242351957854178,-0.007850260768725636,0.0
2019-07-30,210236.3915005333,214188.8973279961,463606.78838857467,252835.24759686267,-0.18176422606119869,-0.0024387691084902796,-0.010030601293808616,0.0
2019-07-31,207126.12794199813,211254.01873414428,455893.1071579954,249883.35905553825,-0.19386930878169062,-0.01610764335511672,-0.026502121040511195,-0.011675146441729956
2019-08-01,210817.473292981,209912.11755645307,454695.72915487026,251838.60444407837,-0.17950266750432065,-0.022357400495901292,-0.029058959316969557,-0.003941867924892373
2019-08-02,207939.07876916713,205672.39727598184,442255.2585520307,247143.18750920796,-0.1907053206419821,-0.04210343137978012,-0.05562389648090216,-0.022512921524021512
2019-08-05,208626.57586427414,197901.40979907528,423173.46631739207,242655.31440323312,-0.18802959588433876,-0.07829595083065721,-0.09637047495621265,-0.040263109239662365
2019-08-06,207714.56709292837,198823.77474437328,425160.4896815064,242646.28205722824,-0.19157911553474238,-0.07400013754789103,-0.09212745614316908,-0.04029883347546703
2019-08-07,210790.10076346848,200342.93358563402,430478.75218178343,245682.91110523025,-0.17960920083430454,-0.06692482233541708,-0.08077102810668368,-0.02828852606435861
2019-08-08,210912.4468251505,203858.7533028764,438993.0724847594,247958.7649694658,-0.17913303244236134,-0.050550278703707985,-0.06258985224421065,-0.019287194620792203
2019-08-09,209908.2367465982,201998.90541157383,433836.7905196214,246096.6213118772,-0.18304139771136518,-0.059212315694718076,-0.07360039282393316,-0.026652242316031693
2019-08-12,210606.3337610547,198626.4234777067,426845.19926526595,244567.1939561672,-0.18032441828248869,-0.07491927936593046,-0.08852998739292484,-0.03270134887948295
2019-08-13,209561.52776247571,201655.4733760419,436138.9358926829,246099.72843833917,-0.18439078204930115,-0.06081181262647639,-0.06868447371363384,-0.026639953181144538
2019-08-14,213446.81454352927,197981.3250963747,427998.9565276654,246254.86130129348,-0.16926932465755606,-0.07792375412328545,-0.08606629529022614,-0.026026380253996062
2019-08-15,213480.13711510174,197249.15320422637,424801.8799362503,245621.7569342374,-0.1691396338844905,-0.08133376418014282,-0.0928932186012974,-0.02853039966218207
2019-08-16,212840.07882177347,200475.1524750483,432329.30773673026,247216.36595279298,-0.17163072778726074,-0.06630902740058797,-0.07681941778542245,-0.022223490187684547
2019-08-19,211761.8466529615,203554.09176826157,440670.4964325281,248613.7400592767,-0.1758271855310255,-0.05196920629177182,-0.0590079409811769,-0.016696673338509438
2019-08-20,213351.85354885968,202267.63707299554,437833.7822341652,248808.58749156454,-0.16963891092382,-0.05796072753916193,-0.06506535929253454,-0.01592602354130035
2019-08-21,212131.73256225127,203339.17077013376,440493.530761821,248749.75773306153,-0.1743875970701667,-0.052970177201615454,-0.05938582716190011,-0.016158703751287584
2019-08-22,212270.08513638366,203894.41171812304,440397.70435503003,248984.51690408713,-0.17384913165624072,-0.05038420355672868,-0.05959045145275832,-0.015230197250485467
2019-08-23,214832.43993897917,198416.46869762472,425888.30580653675,246933.5803767079,-0.16387649870700072,-0.07589712066145482,-0.09057330355155291,-0.023341948071911145
2019-08-26,211486.87725044216,197565.71592756375,425785.6966585911,244641.91217110472,-0.17689736087162222,-0.07985940811460301,-0.09079241146592698,-0.03240582752457821
2019-08-27,215258.2504767707,198903.86700954603,429446.2968570307,247821.0034435332,-0.16221925272568216,-0.07362711663211374,-0.0829756963786672,-0.01983206139566629
2019-08-28,214495.91851999995,199850.84234683862,430013.4717898929,247716.9475543948,-0.16518623324791504,-0.06921668315550411,-0.08176457125860925,-0.020243617498414745
2019-08-29,214174.86778508505,203039.05809014916,437986.4203863648,249554.66442266418,-0.16643575620006312,-0.054367918999562725,-0.06473942122705034,-0.012975181290502902
2019-08-30,214662.63295691187,203652.96267798732,438449.2445483498,250095.01493388,-0.1645373840389852,-0.05150872590443245,-0.0637511230208494,-0.010838016807497741
2019-09-03,215902.4200389568,201996.13801144678,433175.89862574195,249592.9160759982,-0.15971215784785842,-0.059225204556426325,-0.07501163779958975,-0.012823890464965015
2019-09-04,216070.59008847002,203650.17769291383,438081.00737005234,250904.37440892283,-0.15905764342419149,-0.05152169666609463,-0.06453744355607616,-0.007636882935794453
2019-09-05,213529.67538279842,207172.2701954843,448094.25903206714,251955.2293154944,-0.16894683195082394,-0.035117938226656986,-0.04315550313757199,-0.003480599677982532
2019-09-06,214183.87027612212,208788.90771889105,450793.5712416428,253220.5598929823,-0.16640071868743977,-0.02758862677366669,-0.03739148813183357,0.0
2019-09-09,212865.95603773504,208646.21445250412,449315.07852242136,252200.78871962472,-0.17153001418730518,-0.02825320496718009,-0.04054860874546096,-0.004027205270332623
2019-09-10,211953.47657511005,209361.83285330853,449659.5208324841,251942.37124343403,-0.17508136575862587,-0.024920290975555814,-0.03981309892308105,-0.005047728549721575
2019-09-11,213006.36805690406,211367.23591958644,455010.677010438,253938.95432504627,-0.17098353345504436,-0.01558034676656006,-0.028386430900627868,0.0
2019-09-12,213817.81590883608,212929.2442565975,458697.58983660355,255420.10338390002,-0.16782539486449077,-0.008305464740600454,-0.020513528766714306,0.0
2019-09-13,212255.9170796108,213093.2274666281,457708.972346534,254423.88319586974,-0.17390427344599457,-0.007541730976225347,-0.0226245872902453,-0.0039003201973218937
2019-09-16,212791.98756498657,211627.90581353605,453925.2209130657,253739.54874600456,-0.17181789798379932,-0.014366305406299795,-0.030704275131884007,-0.00657957073711446
2019-09-17,214065.36546148098,212943.3815410234,457788.6878380071,255437.58825640756,-0.16686193702376728,-0.008239621893331939,-0.022454365673267973,0.0
2019-09-18,213285.22423518126,212924.97124380426,457284.68675437756,254907.57791972609,-0.1698982308619884,-0.008325365827700715,-0.02353059160913551,-0.0020749112935933844
2019-09-19,214432.44182860936,213576.63379599,459480.1794254047,256088.37286980727,-0.16543328324404727,-0.005290319166580737,-0.018842414874374436,0.0
2019-09-20,215550.65246119862,211814.4154777794,452990.1398701639,255261.67201151993,-0.1610812301296798,-0.013497657159090015,-0.03270101383582025,-0.0032281858368775618
2019-09-23,215530.03890049312,211002.25158976912,451559.4243148107,254793.8022708529,-0.1611614576900804,-0.01728022113843819,-0.035756112797972306,-0.005055171324051089
2019-09-24,216563.05372805905,209272.65403551943,445381.00450158684,253972.50220532555,-0.15714098492182738,-0.025335631510723378,-0.0489492900780365,-0.00826226759446591
2019-09-25,212941.12115543452,209628.22935628655,448513.24426757346,252432.5679668902,-0.17123747307291926,-0.02367957856360947,-0.042260817011204654,-0.014275559885632338
2019-09-26,214192.73159795412,210224.18608781783,449060.7371412314,253420.3845673946,-0.1663662306025009,-0.02090397563516244,-0.04109172025829688,-0.010418232864359944
2019-09-27,213924.10609048413,209215.9167563227,443729.42644528794,252189.0066531664,-0.16741171563216495,-0.025599879148107907,-0.05247601094636889,-0.01522664294728937
2019-09-30,212732.02384266877,210552.9291114,448751.31642794923,252631.1357904242,-0.17205127557551303,-0.019372891160931105,-0.041752446212159455,-0.013500171993910515
2019-10-01,213853.68453640805,208289.37992413784,445591.7346027247,252201.55948137215,-0.1676857948930871,-0.029915122535188132,-0.04849930453697515,-0.01517762538329348
2019-10-02,214813.2734868319,203981.42200839618,436553.50278060825,250220.1019500863,-0.16395109415022746,-0.04997896269995261,-0.06779922236908487,-0.022915022864799628
2019-10-03,214711.78706495085,204556.9194597247,439013.2042785523,250676.2020641665,-0.16434607724691896,-0.04729864661875505,-0.06254686352986216,-0.021133996616052086
2019-10-04,214243.20585926,206673.01490385813,444103.4833276663,251742.34645932436,-0.1661697858006812,-0.03744316483483656,-0.05167726322264132,-0.01697080723259692
2019-10-07,212844.72756578657,205661.88010872973,442500.39604707743,250381.59685031563,-0.17161263496979828,-0.042152413929484545,-0.055100438618226666,-0.022284401105523433
2019-10-08,214978.77381242675,203392.58041515457,437832.53093966364,250322.04116265307,-0.16330697023793195,-0.05272142765440213,-0.06506803126217842,-0.02251696022952887
2019-10-09,214223.49289166566,204768.8950954938,440928.62035698077,250716.78041769925,-0.16624650827094933,-0.0463113934101399,-0.05845675236038406,-0.02097554212208952
2019-10-10,213045.20688615227,206572.091936402,445258.835337886,251159.71201026283,-0.17083237351892688,-0.03791320245535146,-0.04921016575233306,-0.01924593765938032
2019-10-11,213112.6491829066,210080.64646373191,453970.59702091396,253469.0603741284,-0.17056988946710727,-0.021572495646568934,-0.030607380609786294,-0.010228158609178584
2019-10-14,214983.4076442902,210972.92357670589,456359.1463607054,255185.94644955845,-0.16328893545825351,-0.017416813133522613,-0.025506957551029275,-0.0035238867354107084
2019-10-15,213573.70716442086,212922.14940190344,461883.09571879945,255701.7872457634,-0.16877546114933428,-0.008338508245982368,-0.013711313135373326,-0.001509578977411774
2019-10-16,215247.7513033915,213421.59201582364,462556.5205720343,256943.68064271534,-0.16226011529564133,-0.0060124092048217115,-0.012273305725369887,0.0
2019-10-17,215086.95685166336,213775.59643117667,463186.7192171484,257041.89881136926,-0.16288592404224222,-0.004363672576891742,-0.010927602018274585,0.0
2019-10-18,214876.7646600905,212651.85015961854,458312.74970583216,255897.80208151226,-0.16370398779095852,-0.009597397236992267,-0.021335302654413302,-0.004451012598131299
2019-10-21,213627.77122619556,213752.3417139708,461656.74972918775,255950.40994807077,-0.1685650449168602,-0.004471978864516002,-0.014194644287650715,-0.004246346095114539
2019-10-22,214572.57943333473,213433.36493507534,458781.2945279266,256015.59262425505,-0.1648878705272384,-0.005957578128298002,-0.020334788754675204,-0.003992758347413861
2019-10-23,214631.832221672,213821.79851123254,459170.18295751204,256221.5057771499,-0.16465725987616542,-0.0041484914707501375,-0.019504370274094573,-0.0031916704553346387
2019-10-24,215698.83459298726,214485.07750671558,464334.4952128175,257779.66247103584,-0.16050450827661433,-0.001059342502653493,-0.008476682099195165,0.0
2019-10-25,215652.70590399153,215292.02845559365,467902.182639375,258493.23137886878,-0.16068404019909366,0.0,-0.0008583696307409294,0.0
2019-10-28,214563.247800769,216760.70863040024,473093.0004621394,259009.73874155481,-0.16492418905201922,0.0,0.0,0.0
2019-10-29,214811.11308972695,217154.7472704217,470408.07283842814,258899.0480334569,-0.16395950237196577,0.0,-0.005675263893332727,-0.000427361181999264
2019-10-30,215745.98483613366,217640.896079194,472306.1172134668,259867.75697288898,-0.160321000486089,0.0,-0.0016632739184556655,0.0
2019-10-31,217346.03522892983,216891.8025475111,472153.8358683533,260576.74035257258,-0.15409363679255195,-0.003441878549380384,-0.001985158505555251,0.0
2019-11-01,215824.41671811434,217305.41039590005,472985.7790978101,259797.9909968233,-0.16001574519134243,-0.001541464354070099,-0.0002266390841220156,-0.0029885605088758593
2019-11-04,216631.79524302424,218631.02661335305,476909.537963449,260485.7315634819,-0.15687344433906802,0.0,0.0,-0.0003492590665135076
2019-11-05,215887.4623265103,219345.72138929015,479262.7042407071,260186.2209346941,-0.15977037296148677,0.0,0.0,-0.001498673355688207
2019-11-06,216996.9855481225,220308.08627666754,480169.89913411124,261597.3020095186,-0.15545213107453626,0.0,0.0,0.0
2019-11-07,215236.25415867887,220610.89785063473,480758.05573724216,259971.0568820669,-0.16230486194979998,0.0,0.0,-0.00621659747619463
2019-11-08,215715.84056353237,221887.97859164872,484284.1679307452,260768.57993403147,-0.16043832138398728,0.0,0.0,-0.0031679305142717773
2019-11-11,215219.61785280285,221366.93730731847,483419.45399352093,260355.79582179958,-0.1623696101150286,-0.002348217725166357,-0.0017855507044945984,-0.004745867706517304
2019-11-12,215458.82285069837,221459.88481483783,484003.2669173744,260448.4279657128,-0.16143862911223406,-0.0019293238846378458,-0.0005800334431147469,-0.004391765645060053
2019-11-13,215809.91729568952,221431.99814238152,483906.2324676358,260797.56049815944,-0.16007217664949658,-0.0020550029441043227,-0.0007804002033026114,-0.0030571473987528464
2019-11-14,215778.6629099821,221357.62619845255,482655.6371606844,260967.1529899161,-0.16019381808510047,-0.002390180831617794,-0.0033627586402819043,-0.0024088513710266435
2019-11-15,215714.77518524183,222332.35430583626,484847.87660756154,260987.16731640446,-0.1604424678146974,0.0,0.0,-0.002332343217713806
2019-11-18,216526.60067840817,222920.88251289818,486157.4444754082,261885.92098505425,-0.15728285945211506,0.0,0.0,0.0
2019-11-19,216670.56793014635,222780.73487403747,486712.65208210377,262031.15512560686,-0.1567225418267646,-0.0006286877984731376,0.0,0.0
2019-11-20,215624.24744641507,221509.013078445,482815.8020371902,261128.357490514,-0.16079479993908907,-0.0063335001124065204,-0.008006469583733411,-0.003445382800606689
2019-11-21,214865.5628667266,221219.91697182498,481883.5397102843,260442.03345096702,-0.16374758494365504,-0.0076303553166438,-0.009921896115009599,-0.0060646287418688605
2019-11-22,214950.6405507151,221930.5769099953,482670.9357865258,260758.5361735864,-0.16341646432221368,-0.0044424084084880855,-0.008304111837421857,-0.004856746715520943
2019-11-25,216044.18744595943,223949.24441108893,489060.4074268647,262139.21670033608,-0.1591604019736248,0.0,0.0,0.0
2019-11-26,217283.55486020126,224997.49025211003,491178.54992425034,263478.5203415483,-0.1543368091210804,0.0,0.0,0.0
2019-11-27,217720.64826047252,226218.13801751504,495100.688652274,264001.84963970154,-0.15263565046771,0.0,0.0,0.0
2019-11-29,218682.8673498266,226236.51161221537,494708.276866897,264780.66720657574,-0.1488907132774503,0.0,-0.0007925898597418435,0.0
2019-12-02,217552.60064382176,224361.7946542132,489726.984296284,263327.3056819024,-0.1532896883851581,-0.008286535823251895,-0.010853760617093755,-0.0054889261365123065
2019-12-03,216732.59890676208,221813.3844155994,483601.1840589075,262366.47403128206,-0.15648111852322955,-0.019550899035242875,-0.023226597855619202,-0.009117709388541506
2019-12-04,216389.70790730463,222426.63072634555,484414.42224898166,261858.00035297885,-0.15781564334224496,-0.016840256502894668,-0.021584026538887913,-0.011038067410400032
2019-12-05,217021.68034461397,223193.64674417325,486174.86663351074,262418.6538259208,-0.1553560194271889,-0.013449928335430683,-0.018028296512898168,-0.00892064139566573
2019-12-06,216896.08587234956,225037.76364836615,490971.41800969274,262621.94468773284,-0.15584483056726905,-0.0052986494324309685,-0.008340264389091634,-0.008152870606518703
2019-12-09,216150.47614326281,224101.21317766642,488236.8823074339,261883.6240393371,-0.15874672851833826,-0.009438345823723604,-0.013863455458978047,-0.010941294157924442
2019-12-10,216278.20369269658,223758.5940869255,487626.5549377623,261756.78733472244,-0.15824961548515548,-0.010952774632315698,-0.015096189292035156,-0.011420319707458604
2019-12-11,217963.35004807016,224769.88158649812,491040.72742510214,263454.91966204345,-0.15169106003027955,-0.006482729137156973,-0.008200273843737893,-0.00500696504211906
2019-12-12,217956.4773160573,226259.04583708683,493741.65969589265,263233.69903739745,-0.15171780856395378,0.0,-0.002744954688067236,-0.005842451359832079
2019-12-13,220546.39428040845,228196.59622671455,499316.4119061997,266274.532497239,-0.14163790423988387,0.0,0.0,0.0
2019-12-16,221621.9812174876,229737.01451485758,504287.6489826046,267056.85473255947,-0.13745174168440077,0.0,0.0,0.0
2019-12-17,222018.7827850664,230157.01353187778,505389.60262600874,267531.5436759702,-0.1359073980270985,0.0,0.0,0.0
2019-12-18,221990.61934958136,230045.3889756522,505500.2570583588,267266.5293499284,-0.13601700954709461,-0.0004849930684824866,0.0,-0.0009905909501379817
2019-12-19,223047.6355987378,231062.17427932477,508834.4880344453,268275.86009772687,-0.1319031237325532,0.0,0.0,0.0
2019-12-20,223270.13381936093,231719.29204440027,510109.61805003305,268501.3465602959,-0.1310371651682335,0.0,0.0,0.0
2019-12-23,224147.00504404248,232319.411228899,512003.41867552226,269217.1824101231,-0.1276244001371606,0.0,0.0,0.0
2019-12-24,225014.02873629407,232078.40880680855,511722.9286891021,269715.14402850205,-0.12424996150268197,-0.0010373753136494468,-0.000547828346821877,0.0
2019-12-26,226867.78091852996,233286.09887639718,516193.2942118476,271277.6130392024,-0.1170351955875304,0.0,0.0,0.0
2019-12-27,227090.5218468286,233597.2216573411,516572.9460411327,271703.19186171144,-0.11616829240985749,0.0,0.0,0.0
2019-12-30,226343.66569307505,232067.58727627434,512641.19614920754,270694.15235562576,-0.11907504142046321,-0.0065481702659569985,-0.007611219135761793,-0.003713756541363189
2019-12-31,225621.83857374938,231451.48248687354,511006.0087507539,269504.92884628614,-0.12188437793644868,-0.009185636521033214,-0.010776672168068768,-0.008090677920869371
2020-01-02,227985.07516514647,233272.66135400237,518805.4042958217,271668.41484398197,-0.11268670902879252,-0.0013894013851536435,0.0,-0.00012799635326765646
2020-01-03,225719.82079563575,231144.2460659456,513232.63925286435,271453.779227221,-0.12150303311510158,-0.010500876568616646,-0.01074153236803943,-0.0009179598987464344
2020-01-06,225670.80779339932,230788.3657977187,513795.8083004428,271337.48344509467,-0.12169379072624464,-0.012024354740582832,-0.009656021224717981,-0.001345984984979176
2020-01-07,226261.63331669444,231081.62680948814,515827.2200709997,272423.29241166764,-0.11939430976642729,-0.010768941642392726,-0.005740464922227018,0.0
2020-01-08,226900.0979186598,231477.4182720861,517848.34075712104,271633.4129939148,-0.11690941847813519,-0.00907460872272059,-0.0018447447362266445,-0.002899456249721988
2020-01-09,230783.81239504754,235236.88304365816,527159.1464414296,274889.76105205604,-0.10179408046427663,0.0,0.0,0.0
2020-01-10,231160.7293870948,235583.97991455568,528101.9634614349,276278.39765839395,-0.10032712717185543,0.0,0.0,0.0
2020-01-13,233423.6395414489,237331.9540860594,534503.6798447943,277107.0596577359,-0.09151992672341536,0.0,0.0,0.0
2020-01-14,233686.73972368008,237891.4570922963,534461.741135425,277874.3236940632,-0.09049594614757484,0.0,-7.846290110002929e-05,0.0
2020-01-15,233703.22660217463,238129.9219816919,534010.2289503702,278288.6515200044,-0.09043177955068571,0.0,-0.0009231945691513532,0.0
2020-01-16,235862.44191317612,240174.17180792228,539287.991023498,279363.2706444921,-0.08202815733053681,0.0,0.0,0.0
2020-01-17,237446.31784456762,241561.94046601828,543406.1250978603,280750.0945423761,-0.0758637443129081,0.0,0.0,0.0
2020-01-21,237157.91016466508,241084.54093287096,543152.137800524,280924.81660315656,-0.07698622115666787,-0.0019763027744615913,-0.000467398664839469,0.0
2020-01-22,236918.49887434737,240533.69735977892,543282.3635547127,280482.75606639386,-0.0779180050453877,-0.004256643675968563,-0.0002277514688030502,-0.0015735901943727537
2020-01-23,237050.62956779188,240415.17288066982,544142.964643821,280663.97168553085,-0.07740375506497288,-0.0047473024232879135,0.0,-0.0009285221604120597
2020-01-24,234619.5223207775,237894.9732066547,538682.892649364,279643.34860227676,-0.08686557518845983,-0.015180235977113488,-0.010034260018469632,-0.004561604832121535
2020-01-27,228723.97897150056,232479.11135890998,523906.58800440247,276108.75075195014,-0.10981091039306035,-0.03760041457518437,-0.037189448277925696,-0.017143611267386727
2020-01-28,231942.30168605776,235170.0578207952,532558.8066941429,277321.79813160934,-0.09728526362783874,-0.026460636277767735,-0.02128881323911036,-0.012825561355218285
2020-01-29,232491.0179197156,235433.18034345485,534465.82096699,278629.7310178379,-0.09514967116967632,-0.02537138139700279,-0.017784193319793085,-0.008169750230933803
2020-01-30,232974.29335148307,235883.40960732018,535663.2316124592,278805.1520919229,-0.0932687729858962,-0.023507556065095137,-0.015583649118595888,-0.007545308872544343
2020-01-31,228778.14458221907,231366.4941329773,526607.5432679736,276912.16457707353,-0.10960009893415545,-0.04220634390240474,-0.0322257614546676,-0.01428372215243423
2020-02-03,230282.55055665702,232004.11642747963,532112.3403747779,276651.8782619078,-0.10374498137802457,-0.03956676295984296,-0.022109307756864927,-0.015210255871715539
2020-02-04,235205.1330526808,236061.77469857436,545538.924014386,278623.82644789544,-0.08458639009102853,-0.02276917364065323,0.0,-0.008190768558947181
2020-02-05,238766.40362795437,240623.60581874574,551551.593721082,281605.35480237706,-0.07072599720392425,-0.0038844473821593173,0.0,0.0
2020-02-06,241009.8164006609,242242.8396285231,558194.0079841847,283839.7460437125,-0.061994680169617844,0.0,0.0,0.0
2020-02-07,240184.7032125661,241289.66990136792,556564.7984620233,284053.99309959344,-0.06520600397150189,-0.003934769459509546,-0.002918715534129368,0.0
2020-02-10,241828.81578960884,242376.9657447,561658.9257312992,284949.3748947931,-0.058807151150078285,0.0,0.0,0.0
2020-02-11,242324.69852892222,243064.9510073187,562376.037752011,284995.7751928138,-0.05687718558089683,0.0,0.0,0.0
2020-02-12,244464.15345998836,244802.57483728303,568270.4840365747,286147.2016972685,-0.048550470358886155,0.0,0.0,0.0
2020-02-13,244183.10602086334,244548.0653545214,567555.8973445394,286438.2529144477,-0.049644301294742066,-0.0010396519845872199,-0.0012574763464036076,0.0
2020-02-14,244534.94103220804,244743.63215232655,568730.4766354525,287002.5648606587,-0.04827496656276886,-0.0002407764092989817,0.0,0.0
2020-02-18,244430.9316095407,244273.05650816608,569322.5477550218,288040.39283001865,-0.048679769127375816,-0.002163042318770181,0.0,0.0
2020-02-19,246397.13221973897,245639.87858179043,575263.2567222563,289740.9680810384,-0.041027356210079136,0.0,0.0,0.0
2020-02-20,247608.81670569265,247503.90950549926,576599.1929838591,292631.4647298217,-0.03631150475326117,0.0,0.0,0.0
2020-02-21,245566.82508646598,246593.81672873115,569270.2378831079,293746.96426097484,-0.044258894741308175,-0.003677084449237311,-0.012710657923096336,0.0
2020-02-24,235899.67339463046,237569.9808419987,545303.9953470238,288625.84112860943,-0.08188325315944989,-0.0401364515144349,-0.05427547942771982,-0.017433790831675178
2020-02-25,227671.15923836752,228925.583011714,527096.8392390404,281623.6121559591,-0.11390846345230787,-0.07506275973944754,-0.08585227719214727,-0.041271412405967545
2020-02-26,226673.53799487074,226908.73472485592,527094.0690887311,280557.6374854222,-0.11779118510884046,-0.08321151298899276,-0.08585708148314009,-0.04490029985070687
2020-02-27,216032.69214765527,216869.17468105085,500956.9984348703,274607.11274040013,-0.15920514144159903,-0.12377475121768833,-0.13118678532577532,-0.06515761471349268
2020-02-28,214293.47096756706,214582.37116348947,498154.7061266154,270802.00986156083,-0.1659741550180931,-0.13301421544324454,-0.13604682041141813,-0.07811129029755326
2020-03-02,215641.54828064865,219867.64267250645,514577.1787823799,272542.8406489741,-0.1607274654429638,-0.11165992039563633,-0.10756521159962051,-0.07218499658489153
2020-03-03,216988.38808375067,215138.93513111793,501671.15176690853,273180.7950120687,-0.15548559223158886,-0.13076550766024253,-0.12994822422349117,-0.07001321460682208
2020-03-04,218717.41409951955,221185.54690853317,515692.28258994955,275122.27224249183,-0.14875625802795567,-0.10633513890567992,-0.10563127929250249,-0.0634038621142522
2020-03-05,218989.62699432942,215111.5196112769,502959.15103797225,274381.9649616175,-0.14769681095948606,-0.13087627568768834,-0.1277144381087406,-0.06592408315802312
2020-03-06,214325.13266376517,208747.89617524217,487880.6969568672,269205.6678372754,-0.16585092833831627,-0.1565874793965466,-0.15386510613703797,-0.08354570228646208
2020-03-09,202715.0868514863,188261.75358848463,443998.3954914002,254524.38108143656,-0.21103699128808318,-0.23935846522738802,-0.22997048748240412,-0.13352506732526292
2020-03-10,204009.05140012607,196429.7873900427,464548.2036675621,256161.88911609963,-0.20600090749522115,-0.20635682974664993,-0.19433081190495816,-0.12795051427827986
2020-03-11,202986.0085126027,190322.61184798763,452485.40329028055,254134.84992729675,-0.20998256967497342,-0.23103189671531688,-0.2152514106918858,-0.13485114453297065
2020-03-12,188973.2513170957,171333.02551052815,408972.3810987353,239018.73682849132,-0.26451993662199447,-0.30775628614172934,-0.2907163484181571,-0.18631078476052298
2020-03-13,193443.102233171,186086.37501910806,444018.28845125186,246104.41408625833,-0.2471233674666652,-0.24814773475336382,-0.22993598698345497,-0.1621890809819203
2020-03-16,184472.469921346,169016.1000799328,398378.8410409577,238101.9790770351,-0.28203688657721326,-0.31711745314399786,-0.30908879879041096,-0.189431694465114
2020-03-17,191392.6050496727,177285.05122778437,426667.1897151106,243050.76066333987,-0.25510386093843784,-0.28370807725020886,-0.2600281184801201,-0.17258460432154366
2020-03-18,188721.53261712304,170213.99651108787,418318.000815474,238946.2749255097,-0.2654996206996033,-0.31227754401469,-0.27450817499291214,-0.18655746612849533
2020-03-19,189103.30735576275,172137.26664921828,424692.3505855675,240614.70173692287,-0.26401376115591746,-0.3045068783230934,-0.263453095749553,-0.18087765658353305
2020-03-20,192053.74455181108,169174.27007208145,419018.6297857853,245103.08455271187,-0.25253071939832383,-0.3164783925632392,-0.2732930692854525,-0.16559789760089605
2020-03-23,195173.32503474687,163620.83926965637,416197.6365424568,245627.19187417626,-0.24038937539693161,-0.33891614238917345,-0.2781855375331621,-0.16381368402516439
2020-03-24,207923.13805034116,179035.06981111382,449984.13238220155,258304.25468798404,-0.19076736159651242,-0.27663740678352455,-0.2195893822647128,-0.12065727951320138
2020-03-25,206224.72531955043,182195.66790307357,447825.6120492312,258457.12272543102,-0.19737754951558417,-0.2638675151956523,-0.22333291912573439,-0.12013687230548231
2020-03-26,212234.4248793425,192410.58732761373,470424.4782528426,265495.3187345827,-0.17398792065376234,-0.22259576540814774,-0.18413954792681897,-0.09617680849049537
2020-03-27,204725.98107447062,183704.4647987158,446973.0593464678,257393.50975624385,-0.20321063173582432,-0.2577714624154892,-0.22481150722148158,-0.12375771983275152
2020-03-30,205451.55636428023,186722.14968539568,456064.8455323837,257874.69298673634,-0.20038670741629594,-0.24557898879877327,-0.20904355905827554,-0.12211963233216039
2020-03-31,202348.72072694259,185004.12418064006,454780.3982900853,255894.06585435403,-0.2124628808180613,-0.25252039634335766,-0.21127118486477636,-0.1288622624640675
2020-04-01,198848.52344421842,175816.19661118885,433292.6825517062,250185.57337400157,-0.22608557768860293,-0.2896427496338905,-0.24853748006574905,-0.14829562918741124
2020-04-02,200038.37351819949,179453.26787288603,441073.3902742206,253338.3415566024,-0.22145470532056877,-0.2749477443349283,-0.23504334442145547,-0.13756269041293667
2020-04-03,202004.27349269085,178086.212928061,437815.97251454036,253633.0939055955,-0.21380346247134907,-0.2804711114104478,-0.24069270675029153,-0.1365592677912436
2020-04-06,205712.61053346645,191265.30557079142,472191.63180971186,265561.334596704,-0.19937068988175077,-0.22722309335262558,-0.1810747611938991,-0.09595207131818995
2020-04-07,205494.77111236457,192203.6210350531,473831.50327426457,265990.3773602891,-0.2002185164927741,-0.2234319796440123,-0.1782307206809971,-0.09449148511378602
2020-04-08,203556.45433851343,197810.84012783176,481854.56623115524,267897.54224481125,-0.20776240608425156,-0.20077690682523697,-0.16431626666420962,-0.08799894181441847
2020-04-09,207020.92870673194,201321.8748267806,483756.22766906733,271605.47765336203,-0.19427874207281326,-0.18659113211984457,-0.1610182019755112,-0.07537605252642388
2020-04-13,207531.01379064424,198410.56207396506,486362.0776610322,271266.49390033394,-0.19229350126635392,-0.1983538261258997,-0.15649885816845555,-0.07653005169669935
2020-04-14,207147.22021454605,202917.93373119025,504215.5060870764,275171.1403400926,-0.1937872180845035,-0.18014251113604474,-0.12553553278873386,-0.06323750091380975
2020-04-15,206468.2098127606,197648.54613133817,496017.7831681415,271703.5625908802,-0.1964299128037763,-0.20143262978661503,-0.13975290079529012,-0.07504214290538347
2020-04-16,207453.52811797845,199538.4901643034,507463.81626132526,274633.1055872247,-0.19259507393362774,-0.1937966128980687,-0.11990196580880264,-0.06506912751196547
2020-04-17,205727.6326971649,205568.97461610672,513927.0738155041,276603.1557695593,-0.19931222392515635,-0.16943140402580514,-0.10869269317570729,-0.05836250439063051
2020-04-20,206222.2053835441,201432.79482510735,506534.88606244005,274393.51367715065,-0.1973873570554382,-0.1861429775894844,-0.12151301592851926,-0.06588476797543996
2020-04-21,205765.40561422214,195314.81859101038,487804.55816397746,269260.57515255216,-0.1991652124976787,-0.21086168302860409,-0.15399715417632798,-0.08335878183465462
2020-04-22,207650.3163024942,199746.16994226494,502550.57754043204,274129.3846644737,-0.1918291783086601,-0.192957515938443,-0.12842302997378618,-0.0667839398642166
2020-04-23,208974.7485469689,199902.4442924887,501904.91911417403,274930.30194590084,-0.18667451486123066,-0.19232611439599467,-0.1295427998834816,-0.06405738477132528
2020-04-24,208246.39617992303,202414.32811394223,509144.7046291395,276394.3059156709,-0.1895092475090674,-0.18217724916605893,-0.11698678939463558,-0.05907348996426487
2020-04-27,206662.15490347124,205004.81962451586,512427.659754268,276778.3902620539,-0.19567508244226461,-0.17171078212822788,-0.11129313743487579,-0.05776595527246198
2020-04-28,206202.7503467907,203659.6457305076,501766.90586645575,274488.540962184,-0.19746307566410204,-0.17714574231409264,-0.12978215722112219,-0.06556126749170754
2020-04-29,205704.73717698292,207935.32675844265,516968.4757610146,277859.90944346396,-0.19940133282558092,-0.15987053629218506,-0.10341796857928265,-0.054084149797021475
2020-04-30,203271.7061596465,205746.48611640965,516121.4548408278,275423.7740757622,-0.2088706402241638,-0.1687141971717494,-0.10488696286594401,-0.06237746228735053
2020-05-01,205295.26496343,201567.87311622777,504723.6744717348,273684.1933501443,-0.200994990380163,-0.18559721533712115,-0.12465421281665989,-0.068299500426517
2020-05-04,204625.34196153656,201093.292539439,508014.9966777507,273517.8657742828,-0.20360231712327015,-0.18751468232880208,-0.11894604977018808,-0.06886572781300249
2020-05-05,204908.56739581638,202873.3041389173,513587.7614210493,275058.35533286433,-0.20250000947442282,-0.18032282987267445,-0.10928116502683638,-0.06362145384252182
2020-05-06,202735.326993134,201035.40902441877,515568.8195241857,273247.03611788346,-0.21095821706708595,-0.18774855142257063,-0.10584540214814675,-0.0697877106395508
2020-05-07,204414.7796907178,202962.4204073122,520939.30637866544,275746.93931299937,-0.20442182121290942,-0.17996276982928794,-0.09653132935750008,-0.06127731394011493
2020-05-08,203783.36647576955,206647.0787903914,528926.934001175,277640.624486302,-0.20687926864587236,-0.16507549636988694,-0.08267833108815781,-0.05483065949360211
2020-05-11,203927.4245158094,207777.73057429589,536473.1363567243,279134.5122095125,-0.20631859767429217,-0.16050727849339574,-0.06959089973658361,-0.049745031708583465
2020-05-12,205900.31031104882,204868.65590028442,528399.5638264094,278390.95412102644,-0.19864016615233326,-0.1722609298996448,-0.08359295285867485,-0.052276319445826114
2020-05-13,206284.80399225553,200444.6330372719,519698.28963846236,275986.30411786214,-0.1971437245392933,-0.1901354874040151,-0.0986836333414528,-0.06046244660875377
2020-05-14,206970.42526124069,202455.2918794587,524602.9979298416,277784.65915522014,-0.19447530045889072,-0.1820117416167102,-0.09017736355984285,-0.05434032363845376
2020-05-15,208334.29313374445,204207.63392833178,530147.6650436455,280037.3191917124,-0.1891671543465867,-0.1749316835587419,-0.08056120873119899,-0.04667161447524715
2020-05-18,206598.86300260184,210120.03086368076,539253.3415515076,282091.4535148085,-0.19592141323743428,-0.15104358842860166,-0.0647691704858091,-0.039678744512270714
2020-05-19,208233.8605621806,208297.4271316424,538767.4512655117,282509.12015331787,-0.1895580358792066,-0.1584075275909358,-0.06561185339606679,-0.03825688594239529
2020-05-20,209344.4051975506,212682.30551913535,551740.0455943545,286479.2284430294,-0.18523581867061623,-0.14069112708536924,-0.043113392616559665,-0.02474148400556253
2020-05-21,207431.10173901354,210784.9119675695,544612.3684271083,283595.6735631155,-0.1926823569459456,-0.14835724256353178,-0.05547497281642266,-0.034557942491077465
2020-05-22,208324.5924196491,211263.70976966067,546698.634114539,284637.6813762841,-0.18920490932919898,-0.1464227365468479,-0.05185674769086457,-0.03101064519120522
2020-05-26,206658.00151110615,213977.88031745638,545503.8642448726,284272.94083971577,-0.1956912473611545,-0.13545656412064866,-0.05392884540484777,-0.03225232793501154
2020-05-27,206553.86670619523,216766.397128064,547487.8605740956,285410.0636774295,-0.19609653791091186,-0.1241900074986585,-0.05048798674017285,-0.028381231460620437
2020-05-28,207401.55030016843,216984.42484653223,548335.0245431949,286166.5844841391,-0.1927973705468824,-0.12330910133881712,-0.049018744362785416,-0.025805814864868104
2020-05-29,208203.89183705166,217637.89872097506,555583.5517437122,287901.43654228374,-0.18967467354990108,-0.12066884456166782,-0.03644757310774671,-0.019899874483460978
2020-06-01,209005.67337813153,218649.5034895795,557589.4582169778,288861.9818577591,-0.18655415604523462,-0.11658161712907666,-0.03296871552751801,-0.016629899190637176
2020-06-02,208719.7617703611,220132.45401802042,560502.0576247582,288931.30411606294,-0.187666918226855,-0.1105899924658389,-0.02791737407019146,-0.016393906085216625
2020-06-03,209709.49830262095,225677.4327330868,569629.2793839104,291863.3681361141,-0.18381488370662258,-0.08818639194839661,-0.012087969745292138,-0.006412308394742383
2020-06-04,210410.91801462776,225477.69130041156,566615.2386590148,292118.3991810479,-0.1810849724062359,-0.08899341529228777,-0.01731524158606268,-0.005544108631127975
2020-06-05,210696.30924241984,231576.94059510535,578669.202695782,294078.2899291584,-0.17997423553294245,-0.06435037305962243,0.0,0.0
2020-06-08,213588.88715035928,235415.398937059,585753.056445751,297745.1505346064,-0.1687163809517812,-0.04884169544065997,0.0,0.0
2020-06-09,212979.93805172638,231049.15856068113,583411.2817006516,295329.9090315038,-0.1710863984994233,-0.06648279204031127,-0.003997887367944486,-0.008111774444574671
2020-06-10,214560.9401646747,228462.85034902123,587091.4960645083,295697.4604405744,-0.16493317032491916,-0.07693235712729196,0.0,-0.006877324753586711
2020-06-11,206771.30833202868,213662.51353182414,553731.0856032742,285117.2366618181,-0.19525025951100938,-0.1367307532284584,-0.05682318801219455,-0.04241182047840131
2020-06-12,207397.42332365748,215861.49901544416,557210.9679233001,286001.2465929724,-0.19281343265580353,-0.127846103737412,-0.050895862640676026,-0.039442805098748424
2020-06-15,209477.48275849497,218913.01208110576,566684.6953077052,288730.7271964615,-0.1847178835010862,-0.11551695276861174,-0.03475914894628429,-0.030275634454362543
2020-06-16,211553.7374713996,223444.70484842808,577254.2940936881,291622.5248938805,-0.17663714224700466,-0.09720737221945419,-0.016755824325105362,-0.020563309359472925
2020-06-17,211988.18992733798,222404.74196352737,578796.6265546806,291655.62623661105,-0.17494626209544228,-0.10140917608985978,-0.0141287509109419,-0.020452135952715
2020-06-18,211059.68638252548,221421.5135496894,577579.0914998357,290504.2442001977,-0.17855997906980658,-0.10538175339501188,-0.01620259300030369,-0.024319141122559174
2020-06-19,212399.17280470225,220386.94271874832,578089.427513441,291185.37472198764,-0.17334672506792959,-0.10956177153293989,-0.01533333153590466,-0.02203151185112706
2020-06-22,214022.2811258536,221438.04961799848,584077.4014926599,292475.3836691738,-0.1670296203846502,-0.10531494205315428,-0.0051339435029343905,-0.017698917533906622
2020-06-23,215981.2256982252,222607.4079382338,589453.4586689571,294241.8705658283,-0.15940544781948507,-0.10059033660117711,0.0,-0.011766035357714255
2020-06-24,212393.56029478344,215973.21433533105,574738.6909433287,289383.98403693247,-0.1733685688427603,-0.12739473583736516,-0.024963408915872343,-0.028081621086561204
2020-06-25,214583.82176226657,219543.74844896782,583555.1689520844,292501.7736160137,-0.16484411561093315,-0.11296856325378657,-0.01000637052871256,-0.017610284866699466
2020-06-26,212688.38557464065,214551.5222251218,570343.1038155516,289803.83206686645,-0.17222111483007063,-0.1331388556496531,-0.03242046436805801,-0.026671529170101294
2020-06-29,214038.53817543853,217832.90720936397,576912.9239975952,291937.6470716,-0.16696634827721846,-0.11988094392293236,-0.02127485128288098,-0.01950494727648433
2020-06-30,217382.51499062922,221388.70663700852,590280.5887629967,295548.24367613305,-0.15395165829951296,-0.10551430448378629,0.0,-0.0073784807394134955
2020-07-01,218970.39464332073,223766.27073374888,599396.0830274015,297571.8636673651,-0.14777166287974552,-0.09590813663984954,0.0,-0.000581997278310542
2020-07-02,218685.78372651685,223700.48465780442,599988.9527576976,297019.6050475352,-0.1488793627984909,-0.09617393476835545,0.0,-0.0024368003501265
2020-07-06,222492.5153960841,227604.47861197163,615982.2981630065,300944.5393258155,-0.13406364030823015,-0.08040047097957248,0.0,0.0
2020-07-07,221944.98781193473,224796.3494705112,610481.3943964808,299724.52586710843,-0.1361946065666012,-0.09174626809070074,-0.008930295209668704,-0.004053947818558834
2020-07-08,224564.62618377502,226977.81256646223,619796.673641225,302267.3508307598,-0.12599902712707733,-0.08293241500729087,0.0,0.0
2020-07-09,224609.77240863378,225066.7505454131,623311.4569362823,301708.9429792009,-0.12582331893510323,-0.09065375575244261,0.0,-0.001847397180092858
2020-07-10,225009.89749218413,227265.21020362663,627298.5533222439,302521.6977611039,-0.12426604022101195,-0.08177123077493431,0.0,0.0
2020-07-13,222091.64785019262,224612.42750610597,612507.6156072168,299508.3220620996,-0.13562380867070245,-0.09248937540069313,-0.02357878499271604,-0.009960858084909763
2020-07-14,224165.4429350793,228302.07795525296,618961.4550114325,302392.367917584,-0.1275526402390067,-0.0775819322959812,-0.013290479097484154,-0.0004275060085839888
2020-07-15,224429.90600892197,230332.9720866109,620044.0918581316,303201.85296070145,-0.12652335531664183,-0.06937642905598962,-0.011564607355926237,0.0
2020-07-16,221926.5069128213,228872.23914191526,613923.9748080291,300841.25883778103,-0.13626653385131737,-0.07527828712204654,-0.021320914010372616,-0.00778555308903861
2020-07-17,223708.2002726068,230310.7773748145,616711.1302669793,302762.62285371975,-0.12933221941241102,-0.06946610324271563,-0.016877805630496567,-0.001448639256959372
2020-07-20,227064.354010312,231765.1690951143,633123.0883442176,305448.64426494157,-0.11627013709912204,-0.06358986588062465,0.0,0.0
2020-07-21,227406.81524506467,232488.15641328564,627135.932420105,306074.1913238134,-0.1149372849156256,-0.060668751140999566,-0.009456543339417034,0.0
2020-07-22,228737.8754012168,233017.57142988758,627211.442563975,306928.71884864435,-0.10975682577030466,-0.058529734356740803,-0.009337277204189642,0.0
2020-07-23,227448.3512201994,230976.48838365398,612765.1800320983,305682.6402109046,-0.1147756277423927,-0.0667764042792951,-0.03215474002908436,-0.004059830707318857
2020-07-24,226645.8027039702,228767.2867751326,605029.0875101179,304132.7060259242,-0.11789913029879273,-0.07570233039066543,-0.04437367922811486,-0.009109648758866884
2020-07-27,229087.02910468928,228613.00290984468,610970.6735190214,305044.26093469467,-0.10839792663421621,-0.07632568969677167,-0.034989112280094936,-0.0061397249531379705
2020-07-28,227049.3279966911,225594.23814230284,599018.6516840092,302321.8528641817,-0.11632861803953654,-0.08852252639956626,-0.05386699251388927,-0.015009563138125404
2020-07-29,228863.63033988245,228034.66372592194,605047.1261002806,304356.4590210263,-0.10926739009824371,-0.07866237676195065,-0.0443451877854637,-0.008380642376077163
2020-07-30,228414.01546665846,227058.91037425623,607785.5992474665,303772.3093610844,-0.11101728207051864,-0.08260475227276676,-0.04001984695111227,-0.01028385189694958
2020-07-31,230702.78916929022,228092.7470904142,616592.6828359097,305452.0208432909,-0.10210942121647171,-0.07842770020832246,-0.026109307672761206,-0.004811208318637794
2020-08-03,234993.23992624765,232274.01483186337,631995.5961014872,310519.57362475654,-0.08541107384374069,-0.06153395598503664,-0.0017808420881935128,0.0
2020-08-04,238296.91732893966,233532.422880314,635327.8523593079,313512.1489149797,-0.07255322836255551,-0.0564495593346368,0.0,0.0
2020-08-05,238764.53938935447,234060.95397468508,634405.6551817433,313433.3340457196,-0.07073325278276443,-0.05431411389691809,-0.0014515295908088532,-0.0002513933496131049
2020-08-06,241793.02426557022,235489.4572273675,642449.2583767339,315957.88096966373,-0.058946451036093084,-0.04854247475175666,0.0,0.0
2020-08-07,238532.50373861636,235721.0169452459,635191.6078812196,313734.0170233003,-0.0716363308317548,-0.04760689471045121,-0.011296846250320347,-0.007038482279785208
2020-08-10,238215.85585947477,237027.9265122932,634084.8524209275,314075.1545622204,-0.07286871795848515,-0.04232653542376996,-0.013019558893943795,-0.0059587891957793016
2020-08-11,229830.04658824217,235386.70242108472,622891.3873448988,307815.9340369065,-0.10550611765021634,-0.04895763912830364,-0.03044267041610671,-0.02576908956272861
2020-08-12,233376.77508511546,239859.73294922835,641768.8077318182,311811.6622997951,-0.09170232223745811,-0.03088507398345186,-0.0010591507983602755,-0.013122694256411771
2020-08-13,237008.85285146354,240102.67459398857,645052.1299765868,314354.6737914624,-0.07756634919805117,-0.02990350708519307,0.0,-0.0050741167565789835
2020-08-14,236726.48009858938,240478.43819701712,645282.6490924659,314450.4876356842,-0.07866533822815269,-0.028385294286941476,0.0,-0.004770867969342563
2020-08-17,239681.61076745985,240268.22433925798,650149.9379488328,316150.09985992487,-0.06716402956947842,-0.02923462979109226,0.0,0.0
2020-08-18,240647.87460245693,239524.0792017797,652973.0907207279,316268.45897461707,-0.06340335031116884,-0.032241229319015074,0.0,0.0
2020-08-19,234351.26147287732,236791.73463214948,643856.3455777399,310528.6169581956,-0.08790964097047038,-0.04328083097657809,-0.0139619002261262,-0.018148638770463577
2020-08-20,238731.72072606112,239459.06480458117,658104.977316638,315160.61761117604,-0.07086098235502258,-0.03250390960284755,0.0,-0.0035028512392060174
2020-08-21,237718.72138461613,239370.64389215648,660086.0509642994,314216.2321328441,-0.0748035552570343,-0.03286116017154095,0.0,-0.0064888760909846965
2020-08-24,238313.78568994944,242281.34229907586,665546.0609784977,315628.48005571356,-0.07248757704345032,-0.021100948331918667,0.0,-0.002023530645383964
2020-08-25,239690.28261012203,243395.54037880822,671521.0401915264,316808.5617730499,-0.06713027893362744,-0.01659920901814993,0.0,0.0
2020-08-26,244662.62295423474,246791.3015140816,688536.6125333783,321502.7763644112,-0.04777803111052936,-0.0028791787282933523,0.0,0.0
2020-08-27,241661.96062569198,246054.83528152597,682846.2091249499,318600.6133025876,-0.0594565480656587,-0.005854752867817226,-0.008264489215019877,-0.009026867806995686
2020-08-28,246103.18807302197,249471.30159642317,691386.8829355661,323372.24745868205,-0.042171380870448916,0.0,0.0,0.0
2020-08-31,244861.50517387208,245998.8527223339,689746.2379811779,320675.24664806324,-0.04700398554331742,-0.013919231798881437,-0.0023729766862544688,-0.008340235848357413
2020-09-01,248167.87743850233,249419.31707409208,704668.6943923128,324592.6511926091,-0.03413565171409705,-0.00020837876741108818,0.0,0.0
2020-09-02,247488.374963377,252769.13639751758,710625.4538662212,325275.569110292,-0.03678026157283365,0.0,0.0,0.0
2020-09-03,240802.53460789507,244789.3528817772,676536.7942801748,318654.7846181982,-0.06280141670517492,-0.031569453571226314,-0.04796993887649825,-0.020354386006312453
2020-09-04,239255.89948936895,242511.83042538655,666742.116674367,316353.0395754405,-0.06882088923405416,-0.04057974054237323,-0.06175311755736168,-0.027430678422166066
2020-09-08,233802.05561430723,236372.66571797695,635961.1486697283,311132.31109156786,-0.09004713903886585,-0.06486737626762584,-0.10506843624904671,-0.043480849353086715
2020-09-09,237544.01554742557,240276.26591576455,652595.092267986,314549.77636741515,-0.07548350683385197,-0.04942403435720921,-0.08166096680398349,-0.03297447998389336
2020-09-10,235419.6435297671,236690.17278812738,641153.2871717245,312294.30481201527,-0.08375151966263139,-0.06361126140061502,-0.09776200151082015,-0.03990851306104437
2020-09-11,234426.76114548038,236614.50218973713,636169.8379095125,311682.094604718,-0.08761579777518169,-0.06391062784807255,-0.1047747664421903,-0.04179064091027651
2020-09-14,237360.91854217148,239735.53426281118,647277.4364647454,314543.23228624323,-0.07619611666667236,-0.05156326567579472,-0.0891440308770608,-0.032994598559628496
2020-09-15,237733.87635944242,239970.6580720478,653805.5088552019,314493.3044279891,-0.07474457240222265,-0.05063307375209858,-0.07995765519217668,-0.03314809259052265
2020-09-16,235476.71310155693,238263.14681973253,641332.1862356026,312161.0241890513,-0.08352940604610426,-0.05738829425350489,-0.09751025276905356,-0.04031825985920856
2020-09-17,232321.22526943922,235452.66147626008,629387.7147670198,308963.7870050534,-0.0958105007226211,-0.06850707791328103,-0.11431864515578527,-0.05014757840515127
2020-09-18,230249.2170339711,231935.76581711782,619190.565311847,306114.8442364646,-0.10387471477260168,-0.08242054737108462,-0.12866818667543434,-0.058906129735585955
2020-09-21,227908.62105714093,229001.73380015267,620627.4924410997,303651.2750403656,-0.11298426686731988,-0.09402810381085092,-0.1266461269230923,-0.06647992079169718
2020-09-22,229726.41370372116,231672.56313145286,633100.2886495659,305826.835964764,-0.10590945473599078,-0.08346182436168625,-0.10909427011778539,-0.059791558273881495
2020-09-23,224488.62006821783,227043.4198766255,615757.5413803504,301162.5561035432,-0.12629484138807723,-0.10177554462359084,-0.13349917592978622,-0.07413103010688371
2020-09-24,226006.2781255582,228233.8081982476,620219.2425497877,302788.16593080456,-0.12038814699392808,-0.09706615510480865,-0.12722062068642548,-0.06913339123806927
2020-09-25,228526.4432781026,232212.15666308117,635449.6212188391,305898.8068220513,-0.11057971530744459,-0.08132709565501484,-0.10578826333672875,-0.059570297090681845
2020-09-28,232344.0980532567,236380.27655247238,649521.6165931367,309843.85293530475,-0.09572148031166638,-0.06483726644249499,-0.08598599577406585,-0.047441977327706386
2020-09-29,232497.85084410445,234778.97142788433,645724.945213072,309372.1804094086,-0.09512307756646776,-0.07117231647039768,-0.09132871374090556,-0.048892047885376266
2020-09-30,233087.42094350883,237077.34372911166,651578.3862873086,310465.49626447127,-0.09282848269098398,-0.0620795437767695,-0.08309168670733891,-0.045530849077691005
2020-10-01,235496.76830180953,238118.39892750766,660600.8905042802,312246.2649514829,-0.08345135161326778,-0.05796094285407305,-0.07039511896144157,-0.04005620278967603
2020-10-02,232274.10243930024,236063.38112275608,642551.5167243348,309424.6660837616,-0.0959939018222773,-0.066090961550342,-0.0957943974164226,-0.048730690318631975
2020-10-05,235221.90283417222,240174.39187725334,656069.3243631083,312206.836334656,-0.08452112244141041,-0.049827066309460766,-0.07677198896591098,-0.04017741883099979
2020-10-06,232172.92931729672,237202.14935267728,645547.0030899986,309538.59738010174,-0.09638766556219647,-0.061585790364686255,-0.09157911586498557,-0.04838042947164689
2020-10-07,233966.78132539068,241178.07226532642,656314.1455675936,311753.4131734823,-0.08940602991054614,-0.045856326833994654,-0.07642747385861581,-0.04157138506834712
2020-10-08,235729.38543184835,244064.07301354007,661842.4996025438,314247.5495510459,-0.0825460104586263,-0.03443879070064748,-0.06864791290302008,-0.033903620826520875
2020-10-09,239792.7973051332,246366.7625803647,672305.9170197748,317695.4134895778,-0.06673129381875809,-0.025328938130659173,-0.053923676161563905,-0.023303796351652695
2020-10-12,242270.88351595047,249418.81297956625,690565.6514920577,320136.523410706,-0.05708663252047852,-0.013254479821786624,-0.02822837581320281,-0.015799052211767806
2020-10-13,239726.90794666135,247103.74195674798,688626.7160603207,317650.02647525544,-0.06698773386626244,-0.02241331565045157,-0.03095686720228552,-0.023443330391809902
2020-10-14,239358.4714807269,245856.4735640822,683716.4229056847,317120.3106828302,-0.06842168112296454,-0.027347732923232226,-0.037866686049782716,-0.025071844312711256
2020-10-15,238216.88118811295,244781.99535140215,676990.4972991792,315683.62664835283,-0.07286472740021022,-0.03159856127986471,-0.04733148296904943,-0.029488665528048963
2020-10-16,237645.55116116314,245148.2868505091,674690.1513917323,315542.76088209695,-0.07508833228345213,-0.030149446469696972,-0.05056855517766745,-0.029921731456243883
2020-10-19,235887.06057044122,241574.71789309528,664082.5853565461,313128.57045261934,-0.08193234201551514,-0.04428712565135873,-0.06549563944895942,-0.03734371656284441
2020-10-20,236804.6606108137,242641.32409482668,665783.3910597996,313950.15598764224,-0.07836106125940234,-0.04006744038070931,-0.06310224684811727,-0.034817902720537974
2020-10-21,237617.37625653666,242198.08171836834,665311.7991639018,314246.1980035795,-0.07519798844111425,-0.041820986651331715,-0.0637658761810268,-0.03390777591099303
2020-10-22,234652.00816329487,241677.28009577477,660236.1398485553,311252.85464467434,-0.08673914094791502,-0.043881371198338015,-0.07090840011924471,-0.04311026033702192
2020-10-23,235309.71768202918,243065.37714495967,663087.3399980741,312431.1812255739,-0.08417934883367906,-0.038389810523770884,-0.06689615972733842,-0.03948771166506804
2020-10-26,232944.7960420903,238032.36758744065,651648.2285014906,309246.8865022147,-0.09338357591610169,-0.05830129825225627,-0.08299340397091015,-0.04927724099267483
2020-10-27,234494.2661576945,237549.42283857812,657678.4766469465,310398.75498176145,-0.08735306963606393,-0.060211914222803586,-0.07450757207078917,-0.04573603289426953
2020-10-28,227397.95001019654,228802.11623058456,630271.5451444943,302614.3167842633,-0.11497178823002185,-0.09481782668767469,-0.11307490927119812,-0.06966785851151613
2020-10-29,228386.88423214664,230619.06693546858,639897.9186710474,303370.3098517535,-0.11112287628525108,-0.08762964410027763,-0.09952856995253179,-0.06734369666450735
2020-10-30,226526.33220771354,228737.76036200696,625073.9683350786,301447.41277681245,-0.11836410704839218,-0.09507243003638566,-0.12038899685578697,-0.07325529057917068
2020-11-02,227926.76879613107,231359.07217306943,626624.0582153347,303381.43932299037,-0.11291363623505002,-0.08470205077085668,-0.11820769322836588,-0.06730948114912971
2020-11-03,230861.51478545822,235770.3751805552,638362.8771738423,306715.3430663853,-0.10149166433593282,-0.06725014556456477,-0.10168869732885022,-0.057060006365290294
2020-11-04,235560.04997079575,240627.6570500911,665759.7086347255,311943.9399645716,-0.08320506064037991,-0.04803386806026888,-0.06313557301866912,-0.0409856454396057
2020-11-05,241101.24950507,245067.16417334945,682434.940301588,316995.0762843113,-0.06163882438073254,-0.030470382317782763,-0.0396700025467146,-0.025456854471517354
2020-11-06,239431.0445349217,243052.264405808,677485.3024162847,314356.61117521074,-0.06813922826719421,-0.0384416868696672,-0.046635187734459294,-0.03356833089231781
2020-11-09,230968.590800987,245274.96961221765,661381.2076594516,308647.492412947,-0.10107492665407314,-0.029648266762735687,-0.06929704802839787,-0.05111996804071961
2020-11-10,233370.98323069635,249384.0863467847,661367.8967340664,312737.6283177109,-0.0917248640174484,-0.013391864604108128,-0.06931577930985255,-0.03854559635965116
2020-11-11,235837.06486349553,251530.5707045992,676974.1942945147,315291.8432847908,-0.08212692429346591,-0.004899987833049901,-0.04735442473756579,-0.030693131527858464
2020-11-12,236295.0122556294,249457.30578401187,674784.6288039492,315461.3311287721,-0.08034460232650531,-0.013102195389461446,-0.05043560551803594,-0.030172072278173978
2020-11-13,237412.2844260408,252131.1576361383,678613.6280368473,316744.73694249894,-0.07599620168791021,-0.0025239583062702797,-0.045047395439061,-0.026226476802813647
2020-11-16,237426.69375366307,254272.74729199466,681221.5276898027,317100.5549694159,-0.07594012087690127,0.0,-0.04137753019743928,-0.02513257962544435
2020-11-17,236311.16291660158,252579.02390144166,678182.0551868962,315901.0955631738,-0.08028174428139778,-0.0066610496350519854,-0.04565470952780226,-0.02882009728784629
2020-11-18,233944.469550153,248679.9574135946,670845.085153438,312760.8604923008,-0.08949286688748082,-0.021995239120052412,-0.055979374924377656,-0.038474173305489745
2020-11-19,234038.0054536368,249038.98359496193,674238.8008971065,312814.5255771425,-0.08912882704722347,-0.02058326640496211,-0.051203700586785694,-0.03830918985779819
2020-11-20,233385.61143401047,247169.35418694318,669175.761120937,311848.77750296297,-0.0916679313466836,-0.027936116554772905,-0.058328466169869864,-0.04127820495112677
2020-11-23,231161.59659843548,248631.84429956274,669147.3020960594,310693.10737422126,-0.100323752002897,-0.022184457644429223,-0.05836851402450649,-0.04483110052180472
2020-11-24,232756.14206314433,254361.13638675443,683189.2706655476,314027.83796166634,-0.09411781337788339,0.0,-0.03860850051374409,-0.03457908375778407
2020-11-25,233439.1516957116,253939.81176107653,687315.309649759,314360.3808195059,-0.0914595537334777,-0.0016564032999022427,-0.032802292810708344,-0.03355674181323187
2020-11-27,232875.72144757863,253986.72503473758,691858.2101271439,314031.6754768736,-0.09365241283770387,-0.001471967602187263,-0.026409473002933503,-0.0345672860220434
2020-11-30,232056.49101086223,252474.19661827758,692207.4459687873,312823.6323415282,-0.09684084109047464,-0.00741834934094554,-0.025918024463138956,-0.038281192783162
2020-12-01,235805.18455616722,255767.75773155803,702552.3807518395,316488.05430039146,-0.08225100180332989,0.0,-0.011360517795217517,-0.02701560044591278
2020-12-02,236227.2059832086,256330.37960683525,703523.8724147646,317250.7474269999,-0.08060850296424049,0.0,-0.009993423979988147,-0.024670840497618474
2020-12-03,236700.69393306592,256626.5547676016,705527.1623777496,318635.8873309115,-0.07876569746164885,0.0,-0.007174372182608968,-0.02041248224556702
2020-12-04,236753.19854632672,257264.58688589453,704099.6496413918,317166.3697339723,-0.07856135057117875,0.0,-0.009183183897122138,-0.024930244218772213
2020-12-07,238039.6511797483,257663.2459691642,710649.3325929886,320039.61867987027,-0.07355450300006905,0.0,0.0,-0.016096968010057888
2020-12-08,238333.29081983073,257921.19414688917,711689.2461200794,320291.84864186286,-0.07241166347334815,0.0,0.0,-0.015321533314232139
2020-12-09,234862.00497913169,255944.66041408447,696471.4678742444,316665.177376493,-0.08592183759760286,-0.0076633242155317305,-0.02138261654057283,-0.026471068077293713
2020-12-10,235604.91017723316,256197.55174687802,700192.0006303482,317397.48205789446,-0.08303046562630367,-0.006682825758900335,-0.016154867524570293,-0.024219731822915702
2020-12-11,235002.3591191824,255676.27225286377,698036.194108819,317162.28951595223,-0.08537558212969731,-0.008703906251096627,-0.019184007747331866,-0.024942788099738267
2020-12-14,234782.10030939907,253937.88271575258,701467.328586569,316154.63150566665,-0.08623282495242446,-0.015443908920753757,-0.014362894464455156,-0.02804064759481739
2020-12-15,237785.7515941739,257546.78757489388,709459.635710332,319317.2244705837,-0.07454267504023016,-0.001451631663049957,-0.0031328426302668078,-0.018317836337988114
2020-12-16,237766.8570913014,257018.45655213812,710787.6289929147,319105.81705082936,-0.07461621206239233,-0.0035000520129296886,-0.0012668691174976265,-0.01896776962480895
2020-12-17,238843.67066772986,258059.165252711,714342.7663890412,320377.43048044434,-0.0704252754514274,0.0,0.0,-0.01505842766871568
2020-12-18,237215.05945676274,256174.2768250209,709813.271615033,318547.80408699624,-0.07676379727031857,-0.00730409410510291,-0.006340786226344042,-0.02068327800239611
2020-12-21,237318.40400841134,256065.21661317104,710724.0053680418,318913.7899285372,-0.07636158237023871,-0.007726711188836721,-0.005065860804179478,-0.01955812174629601
2020-12-22,237177.6650422358,255344.53008095536,711853.0635193341,318128.2244316331,-0.07690933557362112,-0.010519429407195302,-0.0034853056359658297,-0.021973198596527466
2020-12-23,237122.63273856923,256053.7705856984,709593.1095767799,318761.9912647001,-0.07712352018391089,-0.0077710654649633115,-0.006648988462878314,-0.020024798860265314
2020-12-24,238149.6601729617,257094.62911748124,712852.3086061557,319914.9414502046,-0.07312635022851621,-0.0037376550229681893,-0.0020864742431979666,-0.016480265255549464
2020-12-28,240331.6801495446,259255.68429743953,719914.0422681641,321063.14359012,-0.06463397271220639,0.0,0.0,-0.01295032864501322
2020-12-29,240575.2608323965,259151.00142625286,721645.2840633177,321749.7886343221,-0.06368596163226281,-0.00040378235667370976,0.0,-0.01083936455976009
2020-12-30,240447.09542760067,259195.37253045436,720763.5467885284,322139.4621669973,-0.06418477878963891,-0.00023263430905517968,-0.0012218430498492916,-0.009641384847539292
2020-12-31,240330.1681030597,259410.46821281413,719483.1491275349,321738.33456410683,-0.0646398575664745,0.0,-0.0029961187075298046,-0.010874577995083956
2021-01-04,239164.86791746138,256171.64511126402,710122.9006640294,321704.8394545412,-0.06917518226658304,-0.012485321520999904,-0.015966824219248,-0.010977552558028236
2021-01-05,240235.22095103777,257651.1810458729,715194.1409973493,322604.08875597734,-0.06500938995743422,-0.0067818665108686504,-0.008939493139405563,-0.008212975728923655
2021-01-06,235591.07827598398,258068.07709478022,702217.4187677653,318787.30658293614,-0.08308429910557391,-0.005174776204222575,-0.026921627182486807,-0.019946971563535643
2021-01-07,238957.46896359057,262784.8594134012,721650.9009932063,322498.8773326883,-0.06998237479078573,0.0,0.0,-0.008536428927627848
2021-01-08,238214.20501285058,266247.10714796867,736376.1594876798,323432.53981156414,-0.07287514302008158,0.0,0.0,-0.005666055104504131
2021-01-11,236894.2762544353,265219.32806063927,727826.980844026,322303.4238906422,-0.07801227899105956,-0.003860245087125791,-0.011609798244421432,-0.009137314639950933
2021-01-12,237532.06481100532,265369.6382489034,726926.3789001929,322795.03935518954,-0.0755300188577418,-0.0032956936451430385,-0.012832817121702367,-0.007625933179941313
2021-01-13,236993.5829683065,265123.44633250934,729199.0871005142,322343.66349391954,-0.0776257792737568,-0.004220368166610089,-0.00974647575793186,-0.009013605369723732
2021-01-14,236475.4454570326,264411.44359728653,725889.074071459,321656.24662529666,-0.07964235996427371,-0.006894585899338779,-0.014241478734886015,-0.011126942287412178
2021-01-15,234063.63345066505,262460.428888663,720069.6181019939,319639.1049142274,-0.08902908340230431,-0.014222420291692295,-0.0221443092305309,-0.01732827402771664
2021-01-19,236499.45532735588,264202.8097958155,729709.0940234344,321768.17683176417,-0.07954891403568864,-0.007678195545677946,-0.009053885542524731,-0.01078283342373798
2021-01-20,241655.25807590742,268360.1083504319,748100.9072917303,326710.9422560173,-0.05948263425355027,0.0,0.0,0.0
2021-01-21,241783.9638509117,267720.5979547143,751610.3650581444,326215.5452179849,-0.05898171398627694,-0.0023830307702905618,0.0,-0.0015163160272857468
2021-01-22,240392.7106783414,266646.7725460227,749088.2680747721,325030.11082968424,-0.06439644313130222,-0.006384465317668786,-0.0033555910091490615,-0.00514470502495723
2021-01-25,242159.71814055444,268399.271653438,757265.457448389,327300.28289139405,-0.05751928590804456,0.0,0.0,0.0
2021-01-26,242019.3773471947,267936.4290940448,758250.394495318,327020.8620406728,-0.0580654894308994,-0.0017244553479669467,0.0,-0.0008537140519795372
2021-01-27,237394.8036867379,260992.42107059876,735972.13742037,321728.78341363434,-0.07606423637091841,-0.027596388534180116,-0.029381134829182698,-0.017022592918468304
2021-01-28,239470.69180176314,264609.0549007513,744190.885445242,324457.9228565361,-0.06798492190835204,-0.014121561244699321,-0.018542039875144023,-0.0086842578006604
2021-01-29,237143.1412046128,259680.20886572046,729550.5092224692,321334.950981846,-0.07704370164980412,-0.032485418958124956,-0.037850142223732064,-0.01822586848031371
2021-02-01,243042.85934160883,265002.61196296575,750635.16010481,326741.9286192027,-0.0540821182560296,-0.012655249284201031,-0.010043165748138572,-0.0017059388621935012
2021-02-02,247207.16096180503,269250.4279185976,764317.1789141456,328666.074989077,-0.03787474076635655,0.0,0.0,0.0
2021-02-03,247155.61756604107,269839.8137025108,762348.2841489268,328536.9660408171,-0.0380753466178142,0.0,-0.0025760179406354444,-0.0003928271217654711
2021-02-04,249945.13451675838,272820.99697285565,771132.9219552241,328620.24543053063,-0.027218603192973867,0.0,0.0,-0.0001394410985310346
2021-02-05,252239.67788660934,275399.96733687934,778003.4472349066,331653.4956542353,-0.018288286911068985,0.0,0.0,0.0
2021-02-08,253582.4098787221,276936.9565600835,781946.0040006955,333133.7240647946,-0.013062401216793251,0.0,0.0,0.0
2021-02-09,253014.63583486283,276253.67679850594,780372.4203640107,332782.0667272877,-0.015272166285931532,-0.002467275476934483,-0.002012394242868254,-0.0010556041376299508
2021-02-10,251144.9962915468,274466.71406127186,773892.7615428243,331040.81265580864,-0.022548765488348388,-0.008919873062429917,-0.010298975142360445,-0.006282496360467182
2021-02-11,252137.05985692074,275015.148085934,778451.586424116,331014.2164661983,-0.018687674202408133,-0.006939516119556011,-0.004468873245340288,-0.00636233273754061
2021-02-12,253770.9238740955,276706.51477167156,783750.3881316128,331802.0118496302,-0.012328708568238422,-0.0008321091965273197,0.0,-0.003997530477897082
2021-02-16,254878.6066306776,278172.0510177614,786448.8730930027,331804.6013374477,-0.00801762973387632,0.0,0.0,-0.00398975735968532
2021-02-17,256020.56167800236,280126.1934677572,787988.3020244316,332817.11184156756,-0.0035731638386902187,0.0,0.0,-0.0009504057991002179
2021-02-18,254333.97732411418,278297.79996296315,782749.6486505145,331300.8154267063,-0.01013731595463474,-0.006527035127132819,-0.006648135969097968,-0.005502020677233599
2021-02-19,253052.9896340294,277257.86577066366,777793.166588729,330117.8109384639,-0.015122894077059579,-0.010239412678927806,-0.012938181200799814,-0.009053160663326065
2021-02-22,248470.4751840014,274765.9139764397,756619.218658567,327853.6372071438,-0.03295794742268787,-0.019135231250463125,-0.03980907240028031,-0.015849751845069315
2021-02-23,247008.65564609904,273717.75283864833,750574.5936934438,325943.2638569066,-0.038647319431107996,-0.022876977514230457,-0.04748003014114266,-0.021584305906205525
2021-02-24,250102.9414874773,277522.08821009635,758924.5694803164,328321.8144182722,-0.026604421661900468,-0.009296186213163193,-0.036883456860269725,-0.014444378635128818
2021-02-25,244265.54831999878,272535.3754555114,737032.7395796136,322801.2943602572,-0.049323437537725834,-0.02709785157281097,-0.06466537931325556,-0.031015862274357153
2021-02-26,245130.21764463774,272244.34763614606,743161.9061324783,322858.1651210502,-0.04595816205426939,-0.02813676841154933,-0.05688713370082943,-0.030845147763382208
2021-03-01,252076.0825041241,279168.6370092846,766438.2790088707,327393.84741015866,-0.018924996823397766,-0.003418303895893371,-0.027348150930916693,-0.0172299477357013
2021-03-02,249880.81000830955,277895.2754432357,756594.6345922325,327077.93657411495,-0.027468952875910224,-0.007963975081745733,-0.03984027091715092,-0.018178248112466044
2021-03-03,244387.89206558856,273975.6983049271,733971.5843788093,322002.2529107626,-0.0488472781599667,-0.021956158710799145,-0.06855015170510426,-0.03341442294766561
2021-03-04,241555.39392501247,271345.65958250867,723972.0651593875,319403.21106989664,-0.05987130350444958,-0.03134492271697964,-0.08124008529134141,-0.041216220403513915
2021-03-05,247661.60034495627,278652.8372005232,741047.2553571274,324687.7717984716,-0.036106071899244196,-0.005259616207234807,-0.05957074051316158,-0.025353038903621505
2021-03-08,244622.8925982117,278457.1960754243,723133.0649760225,322232.6911904454,-0.04793266085078196,-0.005958019747000165,-0.08230482214239565,-0.03272269388201887
2021-03-09,252323.16183122815,283787.48107654974,755297.1957638777,330156.03178266867,-0.01796336909094709,0.0,-0.041486791335057616,-0.00893842942645695
2021-03-10,251923.94903337263,284605.0772353885,750635.6941283405,329937.7957287261,-0.019517097207607415,0.0,-0.04740249036708799,-0.009593529880652096
2021-03-11,255733.76342783318,287106.78043162805,766920.2678989279,332111.45708730654,-0.004689376814553059,0.0,-0.026736480822592834,-0.00306863851853445
2021-03-12,255171.23688485957,287819.57285568654,761554.0357920016,331315.78662682057,-0.006878718716618382,0.0,-0.03354652114062784,-0.0054570801652625844
2021-03-15,258618.57038471336,291034.94896383747,773684.5529247398,334888.399076423,0.0,0.0,-0.01815223533514887,0.0
2021-03-16,259193.78257048776,290713.1613433247,778057.6720613884,335353.15125633695,0.0,-0.0011056665931649112,-0.012602509374225912,0.0
2021-03-17,259918.61415814306,291423.7905882833,780513.6073847665,336124.4941763704,0.0,0.0,-0.00948579391402371,0.0
2021-03-18,253743.2225493818,286820.1770851784,755619.0180864242,330871.9172821347,-0.023758943270619115,-0.015796972147715915,-0.041078381309528345,-0.015626879282054196
2021-03-19,254036.48054417694,286394.47360583337,758564.6464640318,331421.5967885885,-0.02263067473261926,-0.017257743344486265,-0.0373402187377746,-0.013991534295367924
2021-03-22,257268.4215764309,288522.3337518044,772363.8033521194,333591.5573848883,-0.010196240043430227,-0.009956142669827361,-0.019828338354987207,-0.007535710236437065
2021-03-23,255466.6637596248,286001.64622786595,768323.184354559,332064.9417582959,-0.017128247674518482,-0.018605702538807445,-0.024956103560612064,-0.012077526298765795
2021-03-24,252082.40724235473,283878.0907049197,753587.456577172,329855.06308771844,-0.0301486945872238,-0.025892532205869068,-0.043656543325427455,-0.018652110147504675
2021-03-25,253215.81646737683,286185.3305577938,754154.3512969713,330597.25464085286,-0.025788063361587565,-0.017975402831439613,-0.0429371231026362,-0.01644402485174823
2021-03-26,258077.4269212513,291836.9980606027,768203.8639894952,334329.38985961385,-0.0070837067320292935,0.0,-0.025107527591599954,-0.0053405935832055995
2021-03-29,259421.01801110347,293324.6552118373,772289.9883092234,334856.30381388834,-0.001914430594558425,0.0,-0.01992201365791524,-0.0037729781210666946
2021-03-30,258535.95167301502,292666.36916012946,768717.9240137413,332858.23717178917,-0.005319597788740027,-0.0022442233886968976,-0.02445515747020932,-0.009717402513567897
2021-03-31,262122.7081589513,295107.42044913623,783814.1898213187,337025.65148238436,0.0,0.0,-0.005297175341802851,0.0
2021-04-01,266825.1083490897,299497.70809894695,800391.3740296721,342170.63089035556,0.0,0.0,0.0,0.0
2021-04-05,271224.31790890335,303596.1924044559,815832.9988011827,344610.19561004825,0.0,0.0,0.0,0.0
2021-04-06,269864.64643942163,302090.01448271686,811700.9540431974,344087.35572028894,-0.005013088354188011,-0.004961122568139742,-0.0050648168976458185,-0.0015171921679036915
2021-04-07,269366.1173465216,301341.7628805715,810710.2298507501,342854.26467367704,-0.006851157656910023,-0.007425750323248659,-0.006279188213715647,-0.005095412029997415
2021-04-08,271558.7037082568,302934.86785535986,819609.0661581063,345561.6048585874,0.0,-0.0021783031725741697,0.0,0.0
2021-04-09,272068.4998139589,303687.29507663066,820656.2475414232,344206.18333472894,0.0,0.0,0.0,-0.003922373043767746
2021-04-12,272844.76244148606,304809.44932625646,822313.8071950033,344699.2399988109,0.0,0.0,0.0,-0.002495545939281474
2021-04-13,274044.830218456,304821.00331294903,829485.9423225356,345925.25444411277,0.0,0.0,0.0,0.0
2021-04-14,270802.6168270352,302530.1376629627,816153.5228400163,342671.5009420685,-0.011830959879214786,-0.007515445540458243,-0.016073110829568638,-0.009405943799254857
2021-04-15,274236.21643239696,305695.8301115523,828294.5509558714,346736.474495666,0.0,0.0,-0.0014363008531866894,0.0
2021-04-16,274335.74768405315,306140.18561600335,827703.322697066,346767.3151501929,0.0,0.0,-0.0021490655049297702,0.0
2021-04-19,272478.59247466305,304720.198985835,820354.7247202417,345294.4995651348,-0.006769643493668709,-0.00463835424712733,-0.011008284934554413,-0.0042472733752896286
2021-04-20,268943.08196131047,300761.3446799785,809723.6856098312,342605.5788987221,-0.019657174714807102,-0.017569862398828073,-0.02382470359578437,-0.0120015239892729
2021-04-21,271454.1576440664,303705.4954576881,816920.160295915,345167.4905367499,-0.01050388097181354,-0.00795286039765164,-0.015148878824198908,-0.004613539233794484
2021-04-22,268343.8395350514,300670.1244826304,806370.9259228188,342526.7337506796,-0.02184151427433556,-0.017867831112620247,-0.02786667648036978,-0.012228895902938852
2021-04-23,271334.7509481976,303758.4976664817,816061.679023273,343911.7832802214,-0.010939138487018107,-0.007779729880052488,-0.016183834606859016,-0.008234720359197367
2021-04-26,272240.16214405274,304099.46573432774,820584.057386691,344467.73754071665,-0.00763876220175963,-0.006665965389579198,-0.01073180928289097,-0.006631471620905827
2021-04-27,272444.57301518414,304958.3776942327,819513.4141574826,344566.3381573912,-0.006893650152538733,-0.003860348877076314,-0.01202254029420946,-0.006347129318829858
2021-04-28,273321.18196150113,306414.76805404964,820879.2029935889,346353.32842902694,-0.003698262917308459,0.0,-0.010375991791793493,-0.0011938458530517115
2021-04-29,274064.788339132,307672.762415753,821977.3862413518,345941.3973183595,-0.000987692443323973,0.0,-0.009052059472111074,-0.002381763781501789
2021-04-30,273267.4230786637,306775.16335250845,819592.4877556189,345837.9040093734,-0.0038942230985508086,-0.002917382273935676,-0.011927211857521436,-0.0026802155226680613
2021-05-03,273781.12200443493,308506.70561766636,818064.74613953,348034.17193859984,-0.002021704004309899,0.0,-0.013769005115417121,0.0
2021-05-04,269992.9722569141,306053.5426119429,801902.239653399,344797.8182135923,-0.015830147779867798,-0.007951733174849207,-0.03325397244455164,-0.00929895391300406
2021-05-05,270183.85228685895,306828.44960617163,800979.0771871358,345770.95221111004,-0.015134357925441932,-0.005439933657632068,-0.034366905671217696,-0.006502866413614972
2021-05-06,272007.57124709163,308967.4705841335,806204.3282908915,348239.509542742,-0.008486595190805524,0.0,-0.02806752091115161,0.0
2021-05-07,273675.61042971397,310734.58554947446,811488.5880583051,349848.7127313438,-0.0024063114629138127,0.0,-0.02169699731599839,0.0
2021-05-10,267708.63578218466,306308.9970372804,787527.7716363881,345389.34694895777,-0.024156938925439575,-0.014242342880398273,-0.050583341495415546,-0.012746554782411046
2021-05-11,266977.63505817123,304335.81398451864,788410.1440642535,345237.2472085343,-0.02682155966912525,-0.02059240220602032,-0.04951958334974427,-0.013181313393457517
2021-05-12,260386.65154011542,297517.07455808955,767093.4583722453,339549.1470571284,-0.050846804551343494,-0.0425363368162327,-0.07521825357955214,-0.029440055942480226
2021-05-13,265262.20596660685,303719.3193175502,779772.1114955356,344819.5916918089,-0.033074587595839366,-0.02257639335357242,-0.059933301205566836,-0.01437513089664244
2021-05-14,269845.09179709724,307966.8469509203,795911.3572197086,348489.17161694873,-0.016369196959805987,-0.008907082530449362,-0.040476376258793634,-0.0038860829407684205
2021-05-17,268435.6907863956,306891.5154387991,790331.8588969602,348390.53696558916,-0.021506700994915695,-0.012367693489540699,-0.047202829400514235,-0.004168018096652015
2021-05-18,265954.93439504766,303774.68338183855,783776.8145365816,346719.08004880603,-0.030549475814786953,-0.02239822179860884,-0.055105367618370704,-0.008945674426251493
2021-05-19,264840.79288158624,301940.9894161028,781990.3957248315,345205.3784943196,-0.0346107092590866,-0.028299380057169587,-0.05725901329288108,-0.01327240623746384
2021-05-20,269809.9790650662,306324.6001045108,800082.1815540638,349789.63595439395,-0.016497188781241845,-0.014192129392888386,-0.035448172498429686,-0.00016886378254366008
2021-05-21,267943.06303182046,304916.98547181237,792646.6986814053,348003.10085932,-0.023302412121642302,-0.018722087428326595,-0.04441213739919636,-0.005275457090051061
2021-05-24,271697.7353114203,308192.3223164118,806415.0796151985,350722.5921487542,-0.009615999354451676,-0.008181462094305147,-0.02781344629269944,0.0
2021-05-25,271409.9655823946,307316.5600838667,807026.5268283929,351579.10667706403,-0.010664968478800274,-0.010999823079119508,-0.027076306358197022,0.0
2021-05-26,272027.9339003231,307787.82806248474,809473.5196908438,351629.6844602557,-0.008412369890590798,-0.009483197635625107,-0.024126295107133044,0.0
2021-05-27,272513.2543774743,308990.97175266454,809172.8357625148,352426.70985647186,-0.0066432950206611885,-0.005611264010817019,-0.024488789409914058,0.0
2021-05-28,274784.0682192748,311355.51403220935,816476.4367609615,355260.1116722739,0.0,0.0,-0.01568381680483677,0.0
2021-06-01,273414.68036511366,310186.039399501,811420.630529477,353590.97486767534,-0.004983505277563638,-0.0037560749047385045,-0.021778924598138683,-0.0046983512917947445
2021-06-02,273896.6507128639,310673.8578899117,813005.3412122056,354435.39108371123,-0.0032295085816357316,-0.002189317714242134,-0.01986845137385307,-0.0023214556362113337
2021-06-03,272216.78972936724,309809.18573273247,805294.948465429,351550.8766508524,-0.009342894246179179,-0.004966439423060631,-0.029163838255501395,-0.010440899215961696
2021-06-04,277456.03318533814,314556.8094098599,823974.6623629299,357447.6918284668,0.0,0.0,-0.00664421140661442,0.0
2021-06-07,276100.34161143564,312402.0133863079,821565.7012933652,355805.5797451184,-0.00488614919754482,-0.00685026029986302,-0.009548372823527163,-0.004593992690086868
2021-06-08,275331.2535376805,311490.886288319,819384.3013620802,354737.53302271257,-0.007658076932997582,-0.009746802580089864,-0.012178194282800203,-0.007581973160578626
2021-06-09,275650.190543641,311581.1995725394,821041.4930052158,355371.1498290885,-0.006508572262657775,-0.009459689786728842,-0.01018034048132943,-0.0058093590946303175
2021-06-10,278087.44565157185,313432.7451783854,830665.5973803863,357869.8196565905,0.0,-0.003573485608476701,0.0,0.0
2021-06-11,278170.58742465166,313374.9550798809,831310.4836423323,356470.8357060766,0.0,-0.003757204723039642,0.0,-0.003909197908491979
2021-06-14,280588.9338317425,314937.7876483064,841578.0054254603,357722.1522109589,0.0,0.0,0.0,-0.00041262894360116764
2021-06-15,280254.0633674374,315311.4523732424,838611.7921798641,357727.2100761675,-0.0011934557066527463,0.0,-0.0035245850372439547,-0.00039849568918637335
2021-06-16,279071.09185651067,313673.495504944,835875.5154718432,354945.6710410074,-0.00540948623491333,-0.005194726851720954,-0.006775949367562428,-0.008170984125985048
2021-06-17,282562.7907987088,315523.4928171562,851764.0701330466,355967.833268991,0.0,0.0,0.0,-0.005314743750743478
2021-06-18,278437.34269840585,310016.3826705598,841685.0231709396,352659.3287895679,-0.014600110965218405,-0.017453883060896902,-0.011833144077716962,-0.01455973815289191
2021-06-21,280958.79042399256,314101.14773120487,845963.7341627653,354810.6469733493,-0.005676615700822785,-0.004507889644767449,-0.0068097917882063985,-0.0085482835243742
2021-06-22,283471.6212493328,316276.1365065023,855189.9589530388,356518.39077916055,0.0,0.0,0.0,-0.00377631418801061
2021-06-23,284092.87624757504,316696.2777785489,857778.7636093029,357123.2358544337,0.0,0.0,0.0,-0.0020861882202675153
2021-06-24,286736.7746947517,319600.4537508027,865874.5731415245,359324.87896829145,0.0,0.0,0.0,0.0
2021-06-25,286822.7046782223,320472.78130437754,864101.5112128239,359324.5526416916,0.0,0.0,-0.002047712201858065,-9.081658938203674e-07
2021-06-28,288619.70257645857,320832.2156236527,873829.7803128575,360607.0497244429,0.0,0.0,0.0,0.0
2021-06-29,288656.8552466701,320370.4829673875,875258.9066745635,359455.34030267235,0.0,-0.0014391717345705324,0.0,-0.0031938072831648734
2021-06-30,288365.79631367396,320443.02903512155,873340.9612860255,359703.98068357096,-0.00100832156834596,-0.001213053333109393,-0.002191289199015456,-0.0025043022358048894
2021-07-01,290743.2434725831,323934.16290435224,878341.4547179497,362334.43238824094,0.0,0.0,0.0,0.0
2021-07-02,294705.81080867175,327726.0872939716,892005.3592980718,366463.9323428217,0.0,0.0,0.0,0.0
2021-07-06,293340.08051447064,325205.762973633,890593.2043508942,365467.5819688604,-0.0046342156961668435,-0.007690337809690084,-0.0015831238371581957,-0.002718822470717752
2021-07-07,293334.29519046005,325431.14863902907,889945.7662135866,365560.2097055288,-0.004653846540888629,-0.007002612071232428,-0.002308946984473259,-0.0024660616162559545
2021-07-08,291341.32815547835,322875.84141051274,884834.7989654262,364545.7174719948,-0.011416410975953584,-0.014799694230957505,-0.008038696469590989,-0.005234389257801286
2021-07-09,291588.3268037966,323862.57160777523,883647.5191596417,363165.0872820513,-0.010578291606537449,-0.011788856108762569,-0.009369719644966024,-0.009001827382249417
2021-07-12,293783.59805736435,326248.0887664908,890443.5075834459,365058.6920466225,-0.0031292655844716855,-0.004509859253758575,-0.001750944317033043,-0.003834593727179092
2021-07-13,293576.6646860931,325460.4167727651,891332.2190344491,364948.09605224367,-0.0038314348790079444,-0.006913305376188172,-0.0007546370171502836,-0.004136386030917705
2021-07-14,294778.81106248393,326743.78351261455,895116.1401223066,367518.76750609674,0.0,-0.0029973316725193655,0.0,0.0
2021-07-15,291618.01149404794,323828.78986916976,883918.8643065515,364929.3590942833,-0.010722614549680154,-0.011891935295666456,-0.012509299423676068,-0.007045649476310034
2021-07-16,288751.4448633058,320687.03258529346,875117.4605314054,361890.6135498381,-0.020447080906030757,-0.021478469311977944,-0.0223419941776144,-0.015313922590811102
2021-07-19,285688.0000744486,316227.4468714204,868706.1931565515,361021.99498784775,-0.030839431624236968,-0.03508613097448321,-0.029504491966982793,-0.017677389816946443
2021-07-20,288496.71922571247,319766.5342462884,876078.0300098857,361976.57082687726,-0.02131120555825794,-0.02428721226743069,-0.02126887144479339,-0.015080037182393813
2021-07-21,291802.74333612394,323491.45845367934,885952.8618097054,363813.9021433076,-0.010095935035605907,-0.012921244308799262,-0.010236971384907867,-0.010080751489045192
2021-07-22,293968.50115189084,325156.8459489597,894527.1606028464,366108.3901386326,-0.0027488743430115203,-0.00783959972862125,-0.0006579922906760904,-0.0038375655671536446
2021-07-23,296888.34612920706,328159.41695713764,904029.0349277736,367315.49789828097,0.0,0.0,0.0,-0.0005530863340533765
2021-07-26,298458.73993497714,330171.6700250108,908059.7000917873,368684.6635977513,0.0,0.0,0.0,0.0
2021-07-27,295480.33270756865,327947.3749799572,896088.7830984243,366967.2860765145,-0.009979293044182214,-0.006736783458390461,-0.013182962521244956,-0.004658120314737335
2021-07-28,294658.0647469376,326338.81447255274,895486.2312190055,366167.33935233066,-0.012734340394479848,-0.011608674821094622,-0.013846522284284624,-0.0068278518039120994
2021-07-29,295757.92336416035,327945.93083131895,897771.7279805965,367724.85184255324,-0.00904921253572677,-0.006741157391011998,-0.011329620849984678,-0.0026033406050359753
2021-07-30,292978.13490839046,324921.8280086564,889175.5012408952,364719.8997597267,-0.01836302407421775,-0.015900340619644182,-0.020796208497065982,-0.010753807330457055
2021-08-02,293474.84749340895,325120.32883182674,891662.6494857052,365816.25194447703,-0.01669876527205738,-0.015299135727791069,-0.018057238532251385,-0.007780121975466292
2021-08-03,294380.4801688746,326459.7112448461,893494.0184813656,365605.7278836248,-0.013664400536539945,-0.011242511448312675,-0.01604044492773915,-0.008351135857079584
2021-08-04,293121.30067263055,324027.38203398336,892508.5256345118,364357.0542483549,-0.017883340469471376,-0.018609373695090303,-0.017125718117105615,-0.011737969535174253
2021-08-05,296435.1502017214,327688.99800874,902603.1660495641,366618.11826615117,-0.006780132267852457,-0.007519336883393901,-0.0060090036389365276,-0.005605183875656894
2021-08-06,296630.56512722373,328898.77073508775,900477.334673774,364288.9565470262,-0.0061253853988384455,-0.0038552650196386207,-0.008350073698069505,-0.011922673994167021
2021-08-09,298154.92182334035,330149.3110421648,906308.5110197517,364283.8022607316,-0.001017956826136146,-6.771926508508663e-05,-0.001928495529378238,-0.011936654196772367
2021-08-10,297701.8354543085,330700.9082435661,902047.371000888,363933.6525875865,-0.0025360439464213735,0.0,-0.006621072480467505,-0.01288638090828842
2021-08-11,298605.62756162125,332400.25541155785,902882.0026586525,366287.3782051221,0.0,0.0,-0.005701935051859897,-0.006502265023002773
2021-08-12,298984.11015107733,332721.20989913907,904301.1928923522,366083.63451875525,0.0,0.0,-0.004139052970917101,-0.007054888189853892
2021-08-13,299858.69171822,333414.26484004833,907713.6428012074,368479.1289362416,0.0,0.0,-0.00038109530743946074,-0.000557480909306074
2021-08-16,298158.8378176843,331841.2517790358,901699.8523441103,366788.6342103464,-0.0056688498532272424,-0.004717893704299647,-0.007003777116233789,-0.005142685808796066
2021-08-17,294987.1905619831,328682.5707345234,891091.5820885886,364096.24642066273,-0.016245989496995183,-0.014191636664960594,-0.018686126034977102,-0.012445370339827067
2021-08-18,292593.4537023734,325799.0083076304,884453.1109963914,363030.9931284068,-0.024228872520639988,-0.022840224115999508,-0.025996736880856686,-0.015334704769582874
2021-08-19,294342.055807136,327212.0316257685,891200.9171312806,364559.1218755141,-0.01839745207808763,-0.018602183134711625,-0.01856572090888131,-0.011189892419117053
2021-08-20,296836.4932803019,329593.47249258007,899825.5681239337,365948.20534347655,-0.010078742158850185,-0.01145959471560476,-0.009067831076548405,-0.007422218834847727
2021-08-23,300557.5865858223,332710.8167331481,913882.9600403426,369500.6309243296,0.0,-0.0021098320650367874,0.0,0.0
2021-08-24,300811.21536496736,332747.50670778594,915322.4039688559,369095.69393137435,0.0,-0.0019997888590107538,0.0,-0.0010959033870722168
2021-08-25,301442.09621336416,333603.8266396695,916808.2228778355,368582.0222004363,0.0,0.0,0.0,-0.0024860816112691753
2021-08-26,300266.7864441543,332377.96443027887,913028.7064721946,368362.1275581279,-0.003898956993644287,-0.003674604760198652,-0.0041224721935597675,-0.003081194647364116
2021-08-27,303267.0573659517,335569.2931490452,922507.0834433344,372008.7403260434,0.0,0.0,0.0,0.0
2021-08-30,305129.3942830182,336484.50659728335,931308.4010398539,372583.85695566965,0.0,0.0,0.0,0.0
2021-08-31,304998.7002013745,336227.5918024734,931218.3137919698,372646.8991923296,-0.00042832347224630585,-0.0007635263727534536,-9.673191800219083e-05,0.0
2021-09-01,305640.831424527,336748.9894259699,933712.5801922904,373268.9152908657,0.0,0.0,0.0,0.0
2021-09-02,306149.8162093202,337907.7967216816,933610.1756661712,373511.9162939124,0.0,0.0,-0.00010967457041011208,0.0
2021-09-03,306162.2104290521,337362.43717103556,935197.268301183,374034.2788192813,0.0,-0.0016139300600253037,0.0,0.0
2021-09-07,305483.89691593975,335774.0017360154,935456.0041842007,371202.56662105554,-0.002215536372571214,-0.006314725514971586,0.0,-0.007570729097784001
2021-09-08,306086.22068014275,336818.52630023455,936240.4653284793,372395.6343156054,-0.00024820094159527795,-0.0032235729154963533,0.0,-0.004381000877375918
2021-09-09,304689.225493117,335139.7042399733,932359.730551642,372083.06429685437,-0.004811125886081458,-0.008191857389985846,-0.00414501927715305,-0.005216672997422567
2021-09-10,301133.2024748861,331178.96172757214,921614.8929070319,368413.0896879906,-0.016425959125126677,-0.019913227985241422,-0.015621598257148595,-0.015028540028564241
2021-09-13,301781.4959367133,332431.82088164,922102.7844806247,369453.43614000105,-0.014308475517601393,-0.016205532672428635,-0.01510048045498058,-0.012247119953124774
2021-09-14,300754.3687872485,330875.4783301247,920141.9015281508,369904.3137288907,-0.01766332178692187,-0.020811352859517185,-0.017194902801686007,-0.011041675387153727
2021-09-15,302370.3449122483,332805.0199420738,924665.4173664135,369723.24809779966,-0.012385152013012712,-0.01510109215920441,-0.012363328002496288,-0.011525763721684346
2021-09-16,301309.5404009917,331259.890608471,922467.7452816163,366138.1942041306,-0.015849996710109893,-0.01967372809301038,-0.01471066521572617,-0.02111059082626432
2021-09-17,298918.2544228126,328980.7969837643,914177.092676522,364791.13005299045,-0.023660516417385202,-0.026418448536924655,-0.02356592506842392,-0.024712036542396176
2021-09-20,294064.32854875317,324297.4192192883,897506.8795109913,363393.39272144076,-0.039514615024973665,-0.040278376629478974,-0.04137140750896551,-0.028448959628595505
2021-09-21,292678.00606355665,322417.82692778547,894247.742767811,362200.0224808573,-0.04404268033797798,-0.04584081795145578,-0.04485249689131432,-0.03163949672148059
2021-09-22,294694.8031470937,324706.21627317334,900225.1219087539,362697.5797287626,-0.03745533214529695,-0.039068587870974114,-0.03846804827762862,-0.030309251671545745
2021-09-23,299681.0216463392,330677.8132034374,914133.3143960965,364975.7136918594,-0.02116913375308549,-0.021396320500409072,-0.023612684722643884,-0.024218542632020834
2021-09-24,301445.66046581615,332742.5555542441,919190.2258981131,366492.2722858558,-0.015405395579768832,-0.015285948467450905,-0.01821138912681386,-0.020163944751891427
2021-09-27,301002.8705359987,333107.8357234835,915473.1864594118,366885.0769044391,-0.016851654832982677,-0.014204943019268557,-0.022181565140726334,-0.019113761277202213
2021-09-28,294246.63358061924,326984.45112312894,891173.7473058297,361854.62014296267,-0.03891916259597983,-0.0323264088740447,-0.04813583656292619,-0.032562947745768955
2021-09-29,295752.7742572095,329199.58276884665,894234.8779963241,363390.6996047541,-0.0339997420232071,-0.02577097669044759,-0.0448662377751613,-0.028456159815421045
2021-09-30,294462.7080501388,326365.5647739876,894208.7603305577,365007.3885967811,-0.03821341099712405,-0.03415793319856664,-0.04489413409745624,-0.024133858134595343
2021-10-01,295862.48754198715,328842.78393827163,895936.3807931007,365664.75922589586,-0.03364139183810788,-0.026826882573758426,-0.04304885980466344,-0.022376343739952453
2021-10-04,289510.3871495917,323105.1014238061,873086.2485940538,361204.9129439932,-0.05438889161443128,-0.043806906622127384,-0.06745512405540799,-0.03429997356335035
2021-10-05,293023.5188748314,326528.815098014,885039.5147173584,362705.90364037856,-0.042914151736128114,-0.03367481228330427,-0.0546878206051018,-0.030286997263093585
2021-10-06,295947.57127890305,329419.4181773298,894876.4748108042,365631.8580370026,-0.03336348772709208,-0.025120398601939486,-0.04418094714925891,-0.022464306771033726
2021-10-07,298386.15511116583,332046.9317555407,902487.6276772419,366174.68170109624,-0.02539848176229531,-0.01734456861606004,-0.03605146209889065,-0.0210130396149667
2021-10-08,298036.0150278213,332182.11494863976,899994.1895355356,366204.0213814421,-0.026542124156481828,-0.016944509208107417,-0.0387147075300005,-0.020934598461288423
2021-10-11,297425.2085403807,331572.8176796298,897954.315223891,366418.750651794,-0.028537166217958432,-0.018747655731867097,-0.0408935006789688,-0.020360508645163033
2021-10-12,299494.1744026573,334050.3744019689,903733.2064814126,370350.7745334079,-0.02177942214700601,-0.011415606142079815,-0.03472105730407793,-0.00984803932276257
2021-10-13,301576.7279428459,335639.4762047506,912022.8003149047,373685.1760173478,-0.01497729742602849,-0.006712838646926289,-0.025866928327091587,-0.000933344406388481
2021-10-14,306300.06953071704,340629.75992318697,927035.5746376456,376698.8266769775,0.0,0.0,-0.009831759074421242,0.0
2021-10-15,309882.7458229152,344838.5484826976,937264.9743724635,377824.7850199642,0.0,0.0,0.0,0.0
2021-10-18,313239.0133626433,347348.19464121934,950764.9789364608,380340.2654462219,0.0,0.0,0.0,0.0
2021-10-19,315524.84037918766,349908.5427726264,957633.0765780227,381660.420544856,0.0,0.0,0.0,0.0
2021-10-20,316651.2763263044,352075.90763228026,958542.3477296393,383563.70692729217,0.0,0.0,0.0,0.0
2021-10-21,317602.465509112,352519.6216674443,963099.5593406345,383571.4997159163,0.0,0.0,0.0,0.0
2021-10-22,314614.3500100608,350494.99575349723,950507.1460071563,381652.5786447943,-0.009408351078954214,-0.005743299917236988,-0.013074882250075248,-0.00500277281430761
2021-10-25,316547.4721886635,351798.96128559596,958669.6035710498,383312.84893422155,-0.0033217415952907503,-0.0020443128199206795,-0.00459968621792084,-0.0006743222108167579
2021-10-26,317469.5957729656,352428.46201677487,962542.7195815012,383456.15185699816,-0.000418352344757178,-0.00025859454358378997,-0.0005781746588219283,-0.00030072061924191207
2021-10-27,318313.60671074846,352171.7326109886,968364.2000245025,385442.425949221,0.0,-0.0009868643759747275,0.0,0.0
2021-10-28,320457.03452868597,354286.85171134304,975585.3760391114,385824.8798624816,0.0,0.0,0.0,0.0
2021-10-29,321119.8382397635,354506.5067927264,979005.6173492459,385204.0767497888,0.0,0.0,0.0,-0.0016090282018985658
2021-11-01,323698.0841510818,357054.1980351012,987713.2584824084,388292.3090336054,0.0,0.0,0.0,0.0
2021-11-02,324625.2279587395,358052.1913738959,990610.3964534954,388636.43572203466,0.0,0.0,0.0,0.0
2021-11-03,326961.5906933019,359821.39173052204,999968.045223017,388703.8457329189,0.0,0.0,0.0,0.0
2021-11-04,330145.0975893992,361859.6649300746,1013746.0087887036,392409.2069515254,0.0,0.0,0.0,0.0
2021-11-05,330196.29684786964,362373.4737717977,1012640.6980249198,393840.9591727946,0.0,0.0,-0.001090323171880514,0.0
2021-11-08,329061.4697661673,361529.5197130014,1008053.0156937448,392466.0213701564,-0.0034368255868878483,-0.002328962023660175,-0.005615798282413209,-0.0034910990607124326
2021-11-09,326744.33536554605,359632.7437422285,999164.457807797,391626.22590522666,-0.010454270733126991,-0.007563274433534328,-0.014383830717449309,-0.005623420357851239
2021-11-10,322049.62102279835,355662.30061879125,981506.9311460656,388452.74581920734,-0.024672220442328863,-0.018520045308925592,-0.03180192806002713,-0.013681190917532837
2021-11-11,325384.9074797225,358906.2295536161,992884.0928377525,392416.8087229879,-0.014571300205598159,-0.009568151283515625,-0.020579036336605072,-0.0036160546957785256
2021-11-12,328723.13687522843,362052.9499258343,1004547.3350080117,395051.93281419046,-0.004461467274782693,-0.0008845124413418004,-0.009073943276662777,0.0
2021-11-15,328562.953757099,361980.03418438433,1003772.3057705013,394310.1474025811,-0.0049465820978700226,-0.0010857295466972783,-0.00983846341365091,-0.0018776908806018566
2021-11-16,330822.0463080219,363894.12881427165,1012259.3806713816,395111.7600664425,0.0,0.0,-0.0014664700077077208,0.0
2021-11-17,332745.2681458371,365465.5595812463,1019644.86648031,398867.2426811386,0.0,0.0,0.0,0.0
2021-11-18,332958.8808195975,364428.17066927964,1023808.2306529583,397491.69156999304,0.0,-0.002838540827637237,0.0,-0.003448643969605758
2021-11-19,333869.3615870863,364069.54821072525,1030345.9952803131,397690.19069487846,0.0,-0.003819816488646932,0.0,-0.0029509868455182
2021-11-22,331024.99967887683,362587.19227357034,1017101.3231723183,392782.1953286834,-0.008519385830099702,-0.007875892083987313,-0.012854586875345242,-0.015255821239047451
2021-11-23,332369.74075494846,365141.969407076,1018248.9934425805,393446.80382787867,-0.00449163955928511,-0.0008854190653178051,-0.011740718062811073,-0.013589581377564164
2021-11-24,334368.38591512735,367236.3359349123,1024651.6149752723,395445.58958760876,0.0,0.0,-0.005526668062111995,-0.00857842592068958
2021-11-26,327268.4650031917,358821.2873632521,1004596.9028199918,392169.6735371753,-0.021233828349244144,-0.02291453145625466,-0.024990724065769854,-0.016791474524062378
2021-11-29,328933.53797726776,358961.44524798676,1014357.3264427651,390515.93933905486,-0.01625407235491194,-0.022532875636772975,-0.01551776676066774,-0.02093755126629926
2021-11-30,323569.1225981547,352240.0023518578,1000207.1321471562,387383.0539341096,-0.03229750111517371,-0.04083564755343938,-0.029251206168814603,-0.02879200776136359
2021-12-01,317591.0788444748,346781.9198961407,978827.919850376,383529.3185954842,-0.05017611645531328,-0.05569823581508804,-0.05000075282082428,-0.038453707009266314
2021-12-02,319988.1560206603,350797.45273939136,982253.8339853544,383497.8546591482,-0.04300714571178743,-0.04476377086616645,-0.046675739523668325,-0.0385325902389958
2021-12-03,316213.9184465101,348176.32243403845,966370.8226039268,382869.0935808062,-0.05429480846082557,-0.05190121901295741,-0.062090960676739915,-0.04010895703742112
2021-12-06,319416.12389666366,352362.21881385194,974286.6469305609,384083.9682085704,-0.0447179298292244,-0.04050284698324791,-0.0544082750906415,-0.03706314505346897
2021-12-07,328715.8636296601,360974.3099984967,1007319.6435524308,390308.1862962066,-0.01690507393513585,-0.0170517601981669,-0.02234817414087953,-0.021458408886623648
2021-12-08,330078.96754294605,362143.8995560989,1012424.1893951017,390974.3038526089,-0.01282842084619229,-0.01386691860392586,-0.017393968596282616,-0.019788385668059183
2021-12-09,327002.481684861,360202.63098140643,998924.1080136984,389064.1673014096,-0.02202930821377358,-0.019153074642244916,-0.030496442370376964,-0.024577288708478306
2021-12-10,329630.64319837315,362838.6148827195,1007686.5672977441,390701.87303307885,-0.014169230454570525,-0.011975179528455615,-0.02199205712097163,-0.02047139693190425
2021-12-13,325951.0664386775,359792.4595596033,993592.6238057837,389311.3020035367,-0.025173789840844618,-0.020269988688233598,-0.03567090243751603,-0.02395769733650721
2021-12-14,323366.64199520287,357556.3600286997,983967.1200996466,386823.0671522645,-0.0329030625602178,-0.026358981829968764,-0.045012913519452025,-0.030195950532098226
2021-12-15,330043.58769394294,363673.9117374407,1007869.9889974206,391354.6130732774,-0.012934231833395149,-0.00970063103478691,-0.021814037600813574,-0.01883491248206348
2021-12-16,325496.6881103306,361712.3294478127,985345.8183346898,390783.9487230342,-0.026532705179396432,-0.015042102173894567,-0.04367482103269649,-0.02026562498281259
2021-12-17,321597.35703039065,356382.24677320936,976366.714656773,387655.6562809909,-0.038194486747854084,-0.029556141643964917,-0.05238947001376426,-0.028108566461323647
2021-12-20,317919.24407908623,352142.8615073656,965663.1377676883,384715.92199166823,-0.049194668302811384,-0.04110016616172163,-0.06277780261088639,-0.035478773825463494
2021-12-21,324699.1173677676,358851.223381474,988527.5004868557,388571.01717129897,-0.028918010657305593,-0.02283301441860719,-0.04058684653991429,-0.025813665320394974
2021-12-22,329253.5039682769,363497.9366918487,1003488.8994690434,392866.81718768354,-0.015297145789819888,-0.01017981849085392,-0.026066094238531012,-0.015043665789952865
2021-12-23,331885.4522029428,366167.133352631,1012180.6295706109,394672.0937306236,-0.007425743033059318,-0.002911483635080203,-0.017630355038901424,-0.01051765725938214
2021-12-27,337597.56179921486,372039.02456668933,1030820.5650524845,398709.40782029927,0.0,0.0,0.0,-0.00039570775423525273
2021-12-28,338036.1929571582,373227.3694938641,1030162.1811360552,399316.4389558032,0.0,0.0,-0.000638698856765485,0.0
2021-12-29,338174.34841625905,373642.94720470597,1029837.8178347555,398831.2013136535,0.0,0.0,-0.0009533640005319199,-0.001215170713779301
2021-12-30,337716.26146169327,373178.12796396954,1028325.7405287095,399899.8013124553,-0.001354588119149458,-0.0012440198435801353,-0.00242023161775784,0.0
2021-12-31,336581.4795881408,372610.0827375861,1022926.7388523694,399996.81918310357,-0.0047102000360996765,-0.002764308746751154,-0.007657808223600182,0.0
2022-01-03,339398.5077641255,375024.7715827391,1033483.2278172615,399317.71839605394,0.0,0.0,0.0,-0.001697765468326784
2022-01-04,337681.3928804259,375504.79003549315,1021726.2813698376,399305.79460444755,-0.005059288253833283,0.0,-0.011376039911411784,-0.0017275751843908171
2022-01-05,331676.5516646914,370995.94165186794,997602.4382192342,396496.82167948456,-0.022751885829741636,-0.012007432403722595,-0.03471830856298286,-0.008750063339920788
2022-01-06,331272.59596426436,370500.6475558102,996506.7523827073,394698.261488202,-0.02394209642638867,-0.013326441133307276,-0.035778495905201324,-0.013246499573978054
2022-01-07,328090.541419294,368200.1011338068,983479.4373085932,392494.02178635605,-0.033317666654828826,-0.019452984610385138,-0.04838374650189281,-0.01875714264945949
2022-01-10,327290.8396387022,366957.9605583075,982028.7349325719,391874.29290062824,-0.035673899114010865,-0.022760906662143587,-0.04978744840723015,-0.020306477184152683
2022-01-11,330253.14202836435,369211.3826838839,993849.5183467724,394477.61943235726,-0.02694580419934245,-0.016759859044712555,-0.03834963974615857,-0.013798109100012224
2022-01-12,331504.66500849096,370379.78129921295,998249.4624872004,395592.4306117582,-0.02325833076767847,-0.013648317870447846,-0.03409224686159207,-0.01101105898876964
2022-01-13,323242.6221226031,363198.7851794618,967741.1566606425,389547.90179512126,-0.047601522316504497,-0.032771898475298156,-0.06361213166029567,-0.02612250119718873
2022-01-14,322725.0558732542,361582.4649579789,969033.1289493293,387314.3948248333,-0.04912647377477264,-0.03707629155995129,-0.062362017237620915,-0.031706313025616106
2022-01-18,317118.38047353516,356588.90719193674,948660.8546200923,383878.708850833,-0.0656459200052657,-0.05037454473421887,-0.08207426198518564,-0.040295596262959976
2022-01-19,313685.3663587122,352833.882228262,938101.8722326736,383637.7849818702,-0.07576091472766089,-0.06037448365196152,-0.09229114998415155,-0.040897910724997044
2022-01-20,309357.11676524946,348298.173425412,924244.2551854738,380678.76963396044,-0.08851362133788199,-0.07245344755125382,-0.10569980207855201,-0.04829550792077686
2022-01-21,301117.9634563135,340403.72857507825,895834.2256855844,375434.243451266,-0.11278937129097855,-0.09347700053865382,-0.13318939139669905,-0.06140692764007638
2022-01-24,301893.69164997456,341225.6035537001,898293.2317395209,375994.41726916423,-0.11050377434250813,-0.09128828018026869,-0.13081005326352968,-0.06000648195892766
2022-01-25,297175.62834272924,337729.0475188407,879212.323756281,373791.7781205316,-0.12440502375673446,-0.10059989517865231,-0.1492727698995211,-0.0655131236195563
2022-01-26,296212.8420580274,336479.8916633065,876789.4491397052,370664.22236241563,-0.1272417665905331,-0.10392649949551369,-0.1516171471969573,-0.07333207519147933
2022-01-27,296194.17077882844,337305.81181611377,874407.9714414055,371227.3714896389,-0.1272967794405363,-0.10172700650707744,-0.1539214687710282,-0.07192419117786797
2022-01-28,306164.8124522541,347584.27266558364,906797.7132785524,378128.59957966243,-0.09791939136918082,-0.07435462372469448,-0.12258110352334561,-0.05467098375457502
2022-01-31,313517.7721982439,353568.57768729323,935065.5530864333,382903.799655218,-0.07625471230376812,-0.0584179294919952,-0.09522909717527628,-0.04273288863344937
2022-02-01,315241.35798510426,355522.16832040256,940275.6056560648,383649.7690675184,-0.0711763582526117,-0.05321535768745267,-0.090187842097886,-0.040867950272629794
2022-02-02,316989.8218650154,357775.21312311094,944745.5917949447,384618.4521763016,-0.06602470366394086,-0.04721531491171227,-0.0858626764652316,-0.03844622324299607
2022-02-03,305896.6680346355,348287.81394161825,903645.3209905481,376716.274673261,-0.09870944910804691,-0.07248103570477038,-0.12563136326937185,-0.058201824097970145
2022-02-04,310083.4020306909,351684.60234266496,919644.6404682953,379640.59124392475,-0.08637370248489107,-0.06343511008362013,-0.11015039652786207,-0.050890974535126254
2022-02-07,309059.7956041016,351370.1497601775,914365.3658266299,380195.00146474957,-0.08938964511036862,-0.06427252305632225,-0.115258630991246,-0.04950493796124278
2022-02-08,311627.1630963256,353766.1923317936,923346.6141942067,381482.10704588756,-0.08182518199844402,-0.057891665514159696,-0.10656836091637956,-0.04628714842039949
2022-02-09,318491.7910502026,360403.8767945794,946748.065711563,386908.7331152896,-0.06159931831065257,-0.04021496833498828,-0.08392507954762363,-0.032720475364137136
2022-02-10,312221.767275564,354146.4953877938,925889.4857712823,381954.98004622816,-0.08007324683775185,-0.056878887339041784,-0.10410787437084912,-0.04510495651870805
2022-02-11,305375.15638558497,348499.56593523535,899969.7900974345,381357.4619390424,-0.10024602524824888,-0.07191712280875362,-0.12918781275416547,-0.046598763665489984
2022-02-14,303839.1193361124,345974.3358360171,897489.7387273669,379512.4729019833,-0.10477178777912033,-0.07864201731403964,-0.13158751436839056,-0.051211272937006225
2022-02-15,309923.44610432,351407.82089671696,919422.99479143,381914.95608416887,-0.08684499485274699,-0.06417220173542526,-0.11036486123410938,-0.045205017219543175
2022-02-16,310325.02100682375,352103.13490532205,919978.2656485839,383538.80555936974,-0.08566179901270266,-0.062320523602266586,-0.1098275802776234,-0.04114536124898527
2022-02-17,301756.11330164946,343842.6994068974,890700.1905164244,379759.9738297331,-0.11090913366253408,-0.08431873965070591,-0.13815709191759007,-0.0505925156972481
2022-02-18,297716.4741488005,340073.7986640621,876565.5026963046,376644.64566241775,-0.12281148167066513,-0.0943556309044209,-0.15183383812853013,-0.058380898049081864
2022-02-22,293963.30321283673,335671.5482232522,865820.1114952962,374118.9320061011,-0.13386978290094664,-0.10607918425881036,-0.1622310955893046,-0.06469523240172692
2022-02-23,288828.89163585496,331118.22448765085,847226.7473389747,371772.49517537747,-0.1489977562406235,-0.11820505816622695,-0.1802220640500034,-0.070561371126319
2022-02-24,295299.1632678729,335523.0907192422,874190.9429713691,374953.75525550824,-0.1299338196469051,-0.10647453874682089,-0.15413146586067106,-0.0626081576817028
2022-02-25,302616.9869258782,344934.69753201783,892946.9126418617,380197.82263748837,-0.1083726651615381,-0.08141065923709201,-0.13598316004819488,-0.0494978849733102
2022-02-28,302707.3988109055,344093.8464997929,895715.366639337,382401.51930811006,-0.10810627658598748,-0.08364991437987057,-0.1333043995971691,-0.04398859948668499
2022-03-01,300232.8875397868,337366.8702135729,878131.9307035602,380479.79899432685,-0.11539714915764421,-0.10156440299553937,-0.1503181599200274,-0.04879293847544963
2022-03-02,300742.36210540356,342841.6679145716,890965.5388227513,380530.24494881683,-0.11389603894660338,-0.0869845684733721,-0.13790034047820066,-0.048666822586345804
2022-03-03,302681.1837160421,343172.7524514787,883484.6705319325,381933.27151076164,-0.10818351645081814,-0.08610286324432348,-0.14513884042620517,-0.045159228288945696
2022-03-04,303752.2813656655,340251.99689074897,870342.1361905813,382118.2811066661,-0.10502764621237914,-0.0938810744369254,-0.15785557736746025,-0.04469670062114506
2022-03-07,300259.7409887444,328723.16883161076,834439.1389431955,375219.88742417394,-0.11531802845338857,-0.12458328747140757,-0.1925953740869616,-0.06194282196926093
2022-03-08,304537.3960179051,327431.37850050745,833616.9127787105,377584.8775779365,-0.10271439310643082,-0.128023430887371,-0.19339096141954126,-0.05603029956822658
2022-03-09,304550.73449446575,337227.1021879685,866238.0099389668,380775.24972470134,-0.1026750927669905,-0.1019366166911122,-0.16182673639660328,-0.048054305775874995
2022-03-10,304860.012756611,336246.7977625381,858002.8216790861,379808.0761638109,-0.1017638387247064,-0.10454724763762502,-0.16979511753547638,-0.050472258905766454
2022-03-11,302579.29466205527,332744.7134576786,842166.4671173653,376857.6976310104,-0.10848372122973138,-0.11387358487164123,-0.18511839916740713,-0.057848263892070984
2022-03-14,302631.38007503044,334151.1450957696,835590.9519240217,376069.33851359563,-0.10833025734646828,-0.11012814226901002,-0.19148087803146308,-0.05981917735839504
2022-03-15,304729.88088613807,343501.2731544149,866853.060917137,381252.86497272726,-0.10214725782495582,-0.08522798571505108,-0.16123161210080883,-0.04686025816069306
2022-03-16,309236.326702022,351337.9354200989,899564.5008283824,387545.12651648733,-0.08886951584084612,-0.06435831248147317,-0.12957997128963405,-0.031129479209474176
2022-03-17,313450.5199498194,357471.68929712725,914903.5558259303,392142.8742176681,-0.07645286358282788,-0.04802362371106206,-0.1147378774997384,-0.019635018552085604
2022-03-18,312786.87035811064,360219.58163436234,930613.7701063262,393372.77228614833,-0.07840823338124203,-0.04070576143565574,-0.09953664940281393,-0.01656024893018715
2022-03-21,315978.0365611629,362475.77097867365,934111.4248765412,395150.74135039333,-0.06900581666446004,-0.03469734448817008,-0.09615231313486872,-0.012115290923080724
2022-03-22,317588.58873663633,367735.0403134665,955112.6635479165,398161.4551208288,-0.06426050359256896,-0.020691479651410605,-0.07583148149860675,-0.004588446643208344
2022-03-23,322270.0669328725,368298.7532719301,955130.0259418461,403160.2935134934,-0.05046704814376157,-0.0191902658895029,-0.07581468161887739,0.0
2022-03-24,325304.08094439853,373194.37168872484,974645.4818240587,406472.0818055868,-0.04152766290157717,-0.006152833220982146,-0.056931495750994765,0.0
2022-03-25,328721.44143621286,378790.99999829294,983632.9734083425,409572.248979539,-0.03145878984044603,0.0,-0.04823518472980337,0.0
2022-03-28,326753.8258902286,381248.3666968004,998231.6083098954,410037.9196847417,-0.03725615046806463,0.0,-0.03410952259169053,0.0
2022-03-29,332639.09847791324,390352.5166489765,1026954.4350917725,418420.03008801886,-0.019915848572056416,0.0,-0.00631727013052541,0.0
2022-03-30,331431.6710343417,386263.753992544,1011217.2036952254,415931.29727936885,-0.023473399403749262,-0.010474538992428895,-0.021544640031616602,-0.0059479294242353875
2022-03-31,325929.563703335,376908.5290204439,989728.7264770356,409446.8813699087,-0.039684747436046774,-0.03444063264647024,-0.04233692445366177,-0.021445313495681795
2022-04-01,323702.82314339187,377155.8359367689,985699.6204461277,407386.099257607,-0.0462455911315961,-0.033807085004846193,-0.0462354937990177,-0.02637046517130348
2022-04-04,330719.8962857999,383054.84795975476,1013049.9382185898,413657.3353084321,-0.02557056463064067,-0.01869507273033455,-0.01977128321842947,-0.011382568799550241
2022-04-05,325481.8198826625,378830.1983338611,992163.6893632101,408821.1050061289,-0.04100397486465901,-0.029517725193704436,-0.03998085052751088,-0.022940883303007142
2022-04-06,322533.5875929316,377628.772680852,977316.6652794526,408256.7105500928,-0.04969061379290052,-0.03259552180514391,-0.05434685442978482,-0.02428975385281651
2022-04-07,323908.35112102143,379737.27610981977,980171.3847718342,409369.545648684,-0.04564002577721804,-0.0271939851452333,-0.051584623349933745,-0.021630141457212204
2022-04-08,322196.1181100523,379863.6416714838,969383.1890203886,409046.7133434105,-0.0506849301353689,-0.02687026349294619,-0.06202329856117106,-0.022401692248424587
2022-04-11,316381.9873230002,374240.425255747,948654.1949617832,405904.6562767107,-0.06781562061881907,-0.04127574616796503,-0.08208070588106098,-0.029911029375614406
2022-04-12,317883.002290256,376112.14404048014,952902.1047515873,409971.3392969562,-0.06339304676266377,-0.036480801329896284,-0.07797042167376367,-0.02019188897167612
2022-04-13,322764.40682485775,380250.1972183365,971837.808117896,413687.873058914,-0.04901053056729421,-0.025879990520784713,-0.05964820525395653,-0.011309585318153736
2022-04-14,316989.3006749437,375398.6276356396,949319.4439884886,408705.5700700568,-0.066026239292589,-0.0383086783754083,-0.08143700987439195,-0.02321700520866199
2022-04-18,320314.5847047011,379270.2456585019,959452.4640980808,412905.51025444106,-0.05622865929831167,-0.028390417680950297,-0.07163228364676533,-0.013179387785087093
2022-04-19,327698.30154176266,386853.68258339306,984615.5538490138,416013.6170130202,-0.03447335788080186,-0.00896326760134547,-0.04728443834686824,-0.005751189957355574
2022-04-20,330942.3434996442,393364.5287056389,987317.2603820988,423097.08719820617,-0.024915148626281303,0.0,-0.04467026284758013,0.0
2022-04-21,321748.28090957203,383527.62338357,957020.3985630061,414160.0072101164,-0.052004432697211445,-0.025007098007634565,-0.07398555409142582,-0.021123000508635137
2022-04-22,314082.36132852756,374154.9086025481,934835.7204304738,408989.83253350435,-0.0745912131505071,-0.0488341441621587,-0.09545148361539768,-0.03334283097556057
2022-04-25,317468.512777006,376901.4202802412,948296.9218939897,410171.4162131134,-0.06461429406861252,-0.04185204110693297,-0.0824264038645185,-0.030550129925705494
2022-04-26,304855.57078053686,363535.82163284096,906394.3634814384,401691.12727650476,-0.10177692651375825,-0.07582968187535599,-0.12297138542271024,-0.05059349395065316
2022-04-27,303975.8621903595,363193.8831227264,901920.7463084296,398974.1730239281,-0.10436889014958173,-0.0766989481288225,-0.1273000644497101,-0.057015079763424015
2022-04-28,315944.63324154296,375668.36515761446,942231.1459617697,408755.4061483709,-0.06910423583500969,-0.04498667840299031,-0.08829565821616481,-0.03389690329661077
2022-04-29,308732.1838917821,368595.8748162224,916771.3082103905,407600.73186837666,-0.0903549166269636,-0.06296616009307554,-0.11293063734896702,-0.036626003342277835
2022-05-02,307026.20542215207,368546.81016269966,926377.3346469165,404608.5203992689,-0.09538139267386359,-0.06309089084519548,-0.10363583102993834,-0.04369816611447397
2022-05-03,308377.3879166539,370523.8646323721,928086.7247044379,405881.95833986654,-0.09140028355407681,-0.05806487979082331,-0.10198182251629107,-0.04068836534030529
2022-05-04,314615.04083581676,381819.14131987444,959496.8427996074,414106.1653138218,-0.07302173215662067,-0.02935035201001579,-0.07158934274522755,-0.02125025710747197
2022-05-05,306229.51861518977,365720.91551754856,904919.2630874774,400860.843713271,-0.09772874184817404,-0.07027479899891154,-0.12439869488865718,-0.05255588884382523
2022-05-06,308187.3058731478,366652.219594626,901736.7338998442,402075.6111920632,-0.09196033917941904,-0.06790726453884754,-0.12747811514625995,-0.049684757097595345
2022-05-09,302001.6909913056,356053.99328085233,869240.0721883912,395486.70227551245,-0.1101855662807153,-0.0948497708920436,-0.15892193623282624,-0.06525779958811018
2022-05-10,300197.3571515858,355861.33125675726,877297.1293215527,395239.1161984937,-0.11550183549947601,-0.09533955075279776,-0.1511259150529004,-0.06584297515303383
2022-05-11,299007.3604143853,350138.22627893137,851108.3065978015,392170.31544672296,-0.1190080286911902,-0.10988866375151607,-0.176466261193846,-0.07309615851123807
2022-05-12,295342.5511072026,348388.1429608833,845734.8977194264,389098.2077299564,-0.12980598219819162,-0.11433767526713656,-0.18166558009302536,-0.08035715795963982
2022-05-13,294756.9973155522,353291.2328278013,868653.8238239522,389738.8412960476,-0.13153125139724586,-0.10187318111701194,-0.1594891910741817,-0.0788430053325595
2022-05-16,297498.33413934737,354167.2137518563,864220.1109698458,392132.2740986551,-0.12345420697576492,-0.09964628758663341,-0.16377925861932274,-0.07318607013960643
2022-05-17,298431.5156493587,360031.121150286,883117.9316945348,393668.2807624334,-0.12070469132185446,-0.08473923072076694,-0.14549369750324959,-0.06955568196097361
2022-05-18,293640.8247214192,346940.79083924304,843224.0532886306,387246.27585063444,-0.13481992995239356,-0.1180170922354199,-0.18409507712134077,-0.08473424287786901
2022-05-19,291424.8463899669,340713.95184587536,828728.5503398788,383348.96478559857,-0.14134906393724989,-0.1338467833716721,-0.19812094861938778,-0.09394563001088918
2022-05-20,291404.0535244081,340644.16019460966,825623.2891400483,383394.19347119227,-0.14141032780577956,-0.13402420570178242,-0.20112560425021875,-0.09383873093981965
2022-05-23,294927.1847286522,347210.3692698748,839817.4479348768,386720.2500201304,-0.1310298130903389,-0.1173317776964633,-0.18739131383042462,-0.0859775174037879
2022-05-24,294811.9810252506,344406.29062859894,821594.8664698447,385453.0718883339,-0.13136924800465388,-0.12446022583209626,-0.2050235123746802,-0.08897252297139402
2022-05-25,292690.1138509276,344522.11489443225,826075.1391095063,383903.70537993923,-0.13762109391965616,-0.12416578071216033,-0.2006883935076581,-0.09263448745962699
2022-05-26,296188.5845791309,352467.8338126162,851528.3175077224,389267.5551198273,-0.12731323855738486,-0.10396640242980926,-0.17605985797547163,-0.07995690138734268
2022-05-27,299634.75431282364,360816.7117090579,878581.8526121256,394579.3874329517,-0.11715948226542228,-0.08274212497928868,-0.1498828147722251,-0.06740225973688851
2022-05-31,299046.4918642614,360879.22094538645,881348.0937197914,394023.7677890277,-0.1188927322211677,-0.08258321579514283,-0.14720619551686653,-0.0687154799426889
2022-06-01,301007.9984663289,360627.05362213985,881347.2707902092,395478.7760411753,-0.11311337091816898,-0.08322426831728147,-0.1472069917848272,-0.06527653343094908
2022-06-02,309011.2349569993,371451.1635294533,915232.158795219,405738.4765206328,-0.08953272366254672,-0.05570752718424121,-0.11441992074877816,-0.0410274880229593
2022-06-03,304432.3872787664,364782.3149906129,890020.8123334763,399560.6671205738,-0.10302378969108428,-0.07266088228411294,-0.1388144593181071,-0.055628887056379916
2022-06-06,306065.5111015469,368115.0881280984,898408.7772023621,401420.60791556624,-0.0982119717678438,-0.06418840219432964,-0.13069825129158552,-0.05123287287601974
2022-06-07,311997.1098793855,375823.01561466494,916342.378987724,408853.73915812606,-0.08073517489883408,-0.044593530455565134,-0.1133456699408093,-0.03366449089593382
2022-06-08,311733.48437210225,373624.16196737083,914366.290373457,408594.3950941887,-0.08151191817039405,-0.050183393005016175,-0.11525773639827896,-0.034277456741798495
2022-06-09,311215.70714862685,369084.4874545693,900479.0705146106,407822.88542633684,-0.08303749124048909,-0.061724023086074276,-0.12869503221988277,-0.036100938139320915
2022-06-10,308874.48263835534,358350.6817265184,868641.1821968196,401710.8931033363,-0.08993564917787933,-0.08901119552983883,-0.15950142313251836,-0.05054677695015941
2022-06-13,299880.7890449628,345760.37514317123,830692.5911525628,390043.2149824876,-0.11643456825869913,-0.1210179110940901,-0.196220539633717,-0.0781236109059621
2022-06-14,296893.1137928438,343212.442288286,828564.8888396999,386604.6772475375,-0.1252374214939742,-0.12749519277291654,-0.19827930774489055,-0.08625067639279982
2022-06-15,303336.07892977947,350877.77418188186,856019.4146417674,396088.3345253386,-0.1062539404545898,-0.10800860632645037,-0.17171426531062473,-0.06383582749699934
2022-06-16,297681.0145843785,336308.64743758837,814323.3067256114,387492.46580346324,-0.12291595933809973,-0.14504582163468627,-0.21205948504313943,-0.0841523670855796
2022-06-17,292932.60268652556,332776.46515672514,813814.4220183148,383067.7383464214,-0.13690662750318483,-0.15402523391795908,-0.21255188268791925,-0.09461031536960784
2022-06-21,301781.5294424995,348021.9990611542,851145.50822423,394529.8023663454,-0.11083424782694962,-0.11526847576644428,-0.17643026484148427,-0.06751945521779967
2022-06-22,304791.5255199657,350430.6578058076,857340.5124953528,399377.302124011,-0.10196562875936654,-0.1091452527280603,-0.17043596894545243,-0.056062274574542936
2022-06-23,304688.7576830599,353229.58591763244,868544.4787540275,400957.03925310215,-0.10226842277452819,-0.102029898120377,-0.15959499353616813,-0.052328528404007146
2022-06-24,306494.5017250448,361287.7278278242,890484.793948519,403325.4893204851,-0.09694799855144987,-0.0815447213386602,-0.13836550997615915,-0.0467306404982617
2022-06-27,306250.77711230435,360500.25736556714,885411.3450457564,402188.4596998261,-0.09766610604799142,-0.08354660611675191,-0.14327458713020047,-0.04941803697311942
2022-06-28,303775.7351124256,354109.46252937504,860806.4865119706,398229.5021069723,-0.10495854235298208,-0.09979310108471695,-0.16708228702461658,-0.05877512713668076
2022-06-29,304907.4821679719,355419.9128761053,865489.1800893729,400788.0375111379,-0.10162397537741708,-0.0964617118741995,-0.16255130533922213,-0.05272796802927948
2022-06-30,303959.0978266188,353936.85053130315,858159.7484087466,400560.8869171933,-0.10441828448502277,-0.10023191034553125,-0.16964327498454124,-0.05326484384529795
2022-07-01,301370.30917048285,355577.469741949,858745.6320508893,400927.6367239973,-0.11204586267677819,-0.09606117533786729,-0.16907637304905443,-0.05239802197887322
2022-07-05,298831.5843002903,356390.6811381219,873794.5195836349,401242.0861298052,-0.11952593348474083,-0.09399385269734162,-0.15451504575540376,-0.05165481335058841
2022-07-06,294506.9734799077,356754.56778502674,877332.1928138168,398894.83806742856,-0.13226791885430556,-0.0930687905212928,-0.15109198756252573,-0.05720258981466275
2022-07-07,294635.9186860691,363286.7536363979,899048.6536819978,403371.24340011284,-0.1318879961286259,-0.07646285537796593,-0.1300791058014481,-0.046622499645932236
2022-07-08,293679.8326217468,362846.3802330467,899825.3989439567,402702.7704610145,-0.13470499750739073,-0.07758235998810514,-0.12932752586183027,-0.04820245129136913
2022-07-11,294902.7809883392,359725.38855842367,883115.0092234493,400675.3540244384,-0.13110171600020648,-0.08551645532937191,-0.14549652529087775,-0.05299429812255818
2022-07-12,297062.401846599,359385.6644055816,881534.7114563913,401826.3557979287,-0.12473863304946864,-0.08638009230741861,-0.14702562390082397,-0.05027387813311246
2022-07-13,296973.9770649305,355775.68181505543,875478.7756494184,400036.4967159486,-0.1249991668457161,-0.09555728630201887,-0.1528853569317732,-0.05450425252267088
2022-07-14,296021.8011689973,357253.0913771988,884401.2662867865,400870.0268555049,-0.1278046473476956,-0.09180145817230734,-0.14425194092925842,-0.05253418426936296
2022-07-15,299129.15635247587,367620.57556348795,909204.1659896617,408769.6474974825,-0.11864917048968271,-0.06544553782432061,-0.12025261608751969,-0.033863243530229736
2022-07-18,297415.73335300625,362871.98025166703,897273.7138488856,404892.1186630966,-0.12369758101675665,-0.07751728035648564,-0.1317965403812631,-0.04302787489194215
2022-07-19,296883.7831687231,372447.5036024475,924299.5113912587,410413.823792726,-0.12526491314142485,-0.0531746600844224,-0.10564633608675111,-0.029977193862217533
2022-07-20,295280.71047283406,374718.1048489348,938697.4951647702,411681.6625281888,-0.12998818875760143,-0.04740240285025166,-0.09171482429635636,-0.026980626942178954
2022-07-21,299483.75603501126,379092.739405532,953578.1941242467,417447.3959653374,-0.11760438191688838,-0.036281332602784544,-0.07731623653126518,-0.013353179220120914
2022-07-22,298776.3377076696,372055.70940245263,928076.9699316954,412001.9837773928,-0.11968871143266013,-0.05417066803990356,-0.1019912612497702,-0.026223540072767615
2022-07-25,296124.8677137063,370372.0622391551,917500.509808333,408529.69998622424,-0.12750097322317466,-0.05845078747222121,-0.11222506073357996,-0.03443036516381792
2022-07-26,296270.2347221828,366309.6970381474,900257.8171019483,405457.26894632186,-0.12707266548123974,-0.06877801553819574,-0.1289091173706689,-0.04169212879411921
2022-07-27,299228.3432639611,377306.20286715147,942009.4551890909,415418.076609713,-0.11835692727347458,-0.04082301444750791,-0.08851016655719235,-0.0181495236456114
2022-07-28,300632.37943821336,379642.5657485635,945254.8709128052,417389.6058025388,-0.11422009065771654,-0.03488357987495039,-0.08536989718816868,-0.013489767640479156
2022-07-29,297313.86530972004,380326.9085734878,950373.1878973277,415983.07640326896,-0.12399772388997465,-0.033143863212708236,-0.08041740560750454,-0.016814133233690964
2022-08-01,296421.9300987845,376407.3734809005,942804.2875835334,413592.7045191402,-0.12662571190563032,-0.043107992681840734,-0.08774108547967818,-0.022463833873225147
2022-08-02,290511.9712060928,368780.81172944454,927063.7957751714,404908.18023216387,-0.14403874925698779,-0.06249601878717115,-0.10297161016037992,-0.042989912992526524
2022-08-03,297173.23719870875,379699.8167930326,965388.97884313,415563.57486381294,-0.12441206899696322,-0.034738037915034936,-0.06588810262354028,-0.017805635071328263
2022-08-04,300814.3222859839,381101.8638156684,974143.1436127789,420036.6846403554,-0.11368401626844149,-0.03117379426742073,-0.0574175589959115,-0.007233334027698102
2022-08-05,295878.78313336766,376649.2468363527,956513.6074128823,412139.59473096207,-0.12822603410208,-0.042493109188791456,-0.07447592600698583,-0.02589829332034821
2022-08-08,302405.7517097423,383122.3167693169,970934.4573926042,420733.2224617152,-0.10899504626016898,-0.02603745683431058,-0.060522288839424676,-0.005587050367433899
2022-08-09,301780.80104173545,380987.7636438647,958402.3572357734,418448.14149997104,-0.11083639397888423,-0.03146385644506322,-0.07264836870169677,-0.010987893414773797
2022-08-10,305347.2051016029,389991.0701432835,987687.4771892031,424472.2434413057,-0.10032838060144778,-0.008575909407631865,-0.04431204048156634,0.0
2022-08-11,299631.45247220725,383191.54887482064,964958.6431288373,415517.9320655058,-0.11716921077200337,-0.025861456965355578,-0.06630449613889677,-0.02109516349810059
2022-08-12,303933.01325266855,390159.71401972807,984961.4760379085,421238.6448023407,-0.1044951397844821,-0.00814718779157908,-0.04694972349172222,-0.007617927176461259
2022-08-15,303310.65582064335,392633.5150878615,995116.213835437,422464.8367402905,-0.10632884682145505,-0.001858361810564757,-0.037123983195021415,-0.0047291824896267265
2022-08-16,303025.3377757381,392974.6205696911,991705.7909969358,421662.2321788444,-0.10716950474533593,-0.0009912132576639365,-0.04042391370836318,-0.006620011804964743
2022-08-17,303530.8354337881,393508.5293397061,988744.4329221895,421861.657363527,-0.10568011205065364,0.0,-0.04328932844857225,-0.0061501926642223426
2022-08-18,305103.6281555422,396612.60329956823,996045.6080547221,424462.7028274635,-0.10104605301452141,0.0,-0.0362246998837209,-2.2476413922500882e-05
2022-08-19,303815.17469322647,393750.4590780902,982784.5209533277,421864.36057746946,-0.10484233800941944,-0.007216473197439455,-0.04905614866243213,-0.006143824252661356
2022-08-22,302340.26944554766,389089.2714461387,965690.7955330219,419443.3584651635,-0.10918798247731976,-0.018968968184168045,-0.06559606431873943,-0.011847382376222626
2022-08-23,304123.5174558172,389578.31455393817,968447.7839644161,421116.1017904617,-0.10393384031264985,-0.01773591834225441,-0.06292839796752348,-0.00790662217070992
2022-08-24,303256.05660468206,388515.33739409276,965512.6769538155,419239.7058295838,-0.10648971734596324,-0.020416057982301394,-0.06576841213669349,-0.012327160827526384
2022-08-25,306660.70073745097,395002.96475294995,985085.5760323284,424676.47481667495,-0.09645831162412344,-0.004058465447711712,-0.04682964414154056,0.0
2022-08-26,298415.1573052774,380190.4229809465,941138.8970883774,413594.9361767105,-0.1207528893654729,-0.0414060979958768,-0.08935251994743765,-0.026094072304683635
2022-08-29,299598.16466964904,380323.18556455977,938393.7010109335,414248.13442846155,-0.11726728958436317,-0.04107135678364915,-0.09200877599838664,-0.024555964379037287
2022-08-30,299024.4365551796,379091.1364711461,935203.9179431224,414267.850776357,-0.11895771573929537,-0.04417778628983182,-0.09509521512188157,-0.02450953763052488
2022-08-31,297027.24468991935,376581.2030368538,930692.8192380744,412053.74652592477,-0.12484221970608433,-0.05050621209731043,-0.09946016133835345,-0.029723163488627802
2022-09-01,297383.93438355584,379293.1616606246,934868.9796701989,412353.8980708502,-0.12379127314775595,-0.04366840966438468,-0.09541930192262338,-0.029016386535524963
2022-09-02,298783.963233232,377408.6830143164,926854.8368012207,413593.7057115594,-0.1196662436686956,-0.04841984376060471,-0.10317379919289282,-0.026096969722421703
2022-09-06,298087.4014468568,376921.3760013154,922490.4748392531,411723.17316672485,-0.1217185855925419,-0.04964851629634093,-0.10739676270550358,-0.03050157571252754
2022-09-07,308133.80247736006,391127.2967065983,959361.5140547745,425454.72472934594,-0.09211798099151836,-0.0138303890177357,-0.07172028705200528,0.0
2022-09-08,310320.87938943075,396370.70323584945,970916.8763303565,428577.77859458997,-0.0856740018282669,-0.0006099152213175918,-0.060539300302963284,0.0
2022-09-09,312970.36157029605,401768.75280323665,990270.7580624988,432370.8275310379,-0.07786759690822331,0.0,-0.04181245383732868,0.0
2022-09-12,312692.9257623073,402529.9841237597,993264.1827238903,431332.1642963194,-0.07868503069665223,0.0,-0.03891601141734502,-0.0024022509581637097
2022-09-13,303766.46796767524,384997.31259418686,938724.3828540791,418500.0978628979,-0.10498584696551971,-0.04355618766571778,-0.09168880772580612,-0.03208063260730576
2022-09-14,307635.7700961338,391396.6633622385,958242.1300259505,424724.3661661634,-0.0935853780773428,-0.027658363850227463,-0.07280340480243863,-0.0176849613294634
2022-09-15,299911.8008976064,382984.4539736156,932619.8038333738,415091.19524170447,-0.11634319527993164,-0.04855670613629315,-0.09759560800702427,-0.03996484311396564
2022-09-16,300513.4178943594,381238.4827887614,929783.6474040478,415599.6186271195,-0.11457059763147326,-0.052894199624274885,-0.10033987743780748,-0.03878894651539477
2022-09-19,300531.3612730735,382587.0505492928,933101.1945370365,415248.29171468655,-0.11451772945938765,-0.04954397029050972,-0.09712981360349116,-0.039601505758670164
2022-09-20,298901.7957133115,379408.7947338905,928632.9578774675,413309.6950378117,-0.11931906335592457,-0.05743966984273274,-0.10145328643720708,-0.04408514931978824
2022-09-21,297772.51393462945,373776.9337851352,914418.2082683553,411637.94078077056,-0.12264636666707207,-0.0714308286902281,-0.1152075005613531,-0.047951631863458744
2022-09-22,297922.03654142976,372480.09161300113,907654.2617275681,409929.7469326491,-0.12220581491631355,-0.0746525568180273,-0.1217523058941622,-0.05190239296793875
2022-09-23,288720.0048799523,361072.37722892425,880279.5515389659,399192.2097268653,-0.14931857897087053,-0.10299259317310672,-0.14824011861505004,-0.07673648565429836
2022-09-26,288080.0564226192,360593.4993230876,884221.7892234011,398356.0664410376,-0.15120411600976003,-0.10418226332123004,-0.14442560321864506,-0.0786703425026023
2022-09-27,289918.9767391829,362048.8971519694,890419.5814247259,400288.7741228221,-0.14578594157912372,-0.100566637439223,-0.13842860971695592,-0.0742003191829883
2022-09-28,296261.9930603446,369765.580569406,909590.3688523404,409250.03692924674,-0.1270969486222957,-0.0813961812700148,-0.11987892558893809,-0.053474446307623325
2022-09-29,292594.6422623738,361308.41437782696,881580.2337911719,402913.8565465935,-0.13790239034957485,-0.10240620915648113,-0.14698157641794718,-0.06812895114282391
2022-09-30,290468.55910482403,355802.6313759796,866829.6849511558,399561.4225997722,-0.14416665819080943,-0.11608415420157525,-0.16125423072233258,-0.07588255923420373
2022-10-03,296151.590981664,366169.73234924395,889530.5945017212,409214.5105071875,-0.1274222360827736,-0.09032930019776275,-0.13928879486469392,-0.053556612864192665
2022-10-04,297985.8899889953,376741.85797734483,915616.4828401313,416445.0951867332,-0.12201767782641837,-0.06406510611265726,-0.11404804819722836,-0.03683350339625191
2022-10-05,294256.63610058266,373960.9472112321,910494.5079845571,412504.98808648594,-0.13300551013298922,-0.07097368653099878,-0.1190040791396868,-0.04594629928663696
2022-10-06,294639.99249427643,371807.19981345296,907485.2363110433,411818.3001327013,-0.13187599310529452,-0.07632421315690341,-0.12191585515357484,-0.04753449143573696
2022-10-07,293474.54392956314,362912.3219057027,876471.689855863,404948.6345521762,-0.13530985783378424,-0.09842164256234986,-0.15192461158078996,-0.06342285656840063
2022-10-10,291241.08447923174,361241.3691317608,870360.4806044357,402238.43032917625,-0.14189049799347409,-0.10257276878858435,-0.157837827283704,-0.06969109681595853
2022-10-11,291687.7223241109,359427.3669350468,859536.1606533637,400790.62447221257,-0.14057452919967617,-0.10707927083379909,-0.16831145632743139,-0.07303962489596583
2022-10-12,293343.2048293931,358723.8026972529,860397.8219371337,401833.5751026812,-0.13569683390222753,-0.10882712631175928,-0.167477711511282,-0.07062745792248115
2022-10-13,293438.7024137914,370379.31625118374,885810.0536518062,408094.1987134425,-0.1354154608784407,-0.0798714857045062,-0.14288879605462412,-0.05614770301738903
2022-10-14,291879.4310859991,363310.2523900691,862440.5359411801,402346.15482277557,-0.14000968062932995,-0.09743306903972737,-0.16550117822166033,-0.06944194843049856
2022-10-17,295114.9082213407,376033.8528791652,899018.6612512115,412356.9459562362,-0.13047670667297373,-0.06582399396226879,-0.1301081265247448,-0.04628869549105963
2022-10-18,296482.99642788526,381319.8202627968,908194.6668368117,415838.1280938467,-0.12644578675067586,-0.05269213399626338,-0.12122940905878254,-0.038237314787396004
2022-10-19,293405.41036524926,379222.516717053,906328.47850732,412915.3033713722,-0.1355135522011205,-0.05790243789526184,-0.12303513582750147,-0.04499730999605667
2022-10-20,293275.9215426934,377584.99082715454,905402.9792887853,412259.793054084,-0.1358950766321173,-0.06197052214857046,-0.12393065032993755,-0.04651339358807738
2022-10-21,296944.8271943859,387677.2776129409,928828.1853652181,420312.87691195623,-0.1250850537010726,-0.03689838545357238,-0.10126438401238214,-0.02788798376600954
2022-10-24,291616.6317568721,386262.088044283,924308.3510152177,415723.73656167084,-0.14078398965873096,-0.04041412247807885,-0.10563778285267722,-0.03850188289627854
2022-10-25,295872.3277865114,395265.4389208252,950244.8149774735,424170.7737899799,-0.12824505406447995,-0.01804721508820817,-0.08054161944707061,-0.018965326101861857
2022-10-26,295759.43484289385,389897.73827339517,923587.043572717,419514.9959862324,-0.1285776805817892,-0.03138212393758155,-0.10633572107081757,-0.02973334629955493
2022-10-27,292866.8204589254,382977.82082732767,895460.565130357,412341.40443968127,-0.1371004475291877,-0.04857318477527539,-0.133550945938824,-0.0463246403688482
2022-10-28,290889.81373804295,392464.7706471714,923746.3636220136,416898.5583700003,-0.14292547821039625,-0.025004878825359067,-0.10618156274003054,-0.03578472037391778
2022-10-31,292077.9737728466,393726.6419507783,922604.8967105255,417939.64799912577,-0.13942469665825863,-0.02187002837104124,-0.10728604792253216,-0.033376857579218155
2022-11-01,293914.9345882685,394456.89793570683,918892.6696893979,420051.3855377321,-0.13401229568005957,-0.02005586293310957,-0.11087800463862507,-0.028492768727375495
2022-11-02,287624.8364740459,382432.23323822994,882491.3449029975,410660.8915786857,-0.15254537101872345,-0.049928580921193344,-0.1460999838702386,-0.05021138007002501
2022-11-03,285568.23365514295,378435.5245892125,865117.5589447023,406746.85019084765,-0.15860492276057203,-0.059857552194519936,-0.16291088654447838,-0.059263890412104225
2022-11-04,293043.10504940967,385182.86239627056,882010.8965552279,414142.9286291941,-0.1365810445664416,-0.043095228707622724,-0.14656486644872446,-0.042158022098600756
2022-11-07,290735.04000137176,384800.29615863314,882381.9529664109,411075.7723856701,-0.1433815018319814,-0.044045633032086196,-0.14620583168048085,-0.049251831505304655
2022-11-08,294496.9634339954,386304.71628161974,887498.5664142244,414882.8937408575,-0.13229741234258963,-0.040308221702936464,-0.14125498844462114,-0.04044660896768071
2022-11-09,288158.40613124915,374916.7149077414,859159.7129011424,406544.8743192811,-0.15097326729700022,-0.06859928528337533,-0.16867570776576024,-0.05973102616388448
2022-11-10,302216.87389160227,398008.0297680611,928359.3445603282,427428.85241887753,-0.1095515537692453,-0.011233832345538541,-0.10171803511408417,-0.01142994577219858
2022-11-11,295340.4886824592,389560.4448927269,916527.6743957978,417709.8961965841,-0.12981205890358716,-0.03222005749277368,-0.1131663778119325,-0.03390823432323575
2022-11-14,289915.81545465405,380303.02165278414,894526.8572365837,409514.0810408146,-0.14579525595280696,-0.05521815354789028,-0.13445440316835766,-0.05286375730005177
2022-11-15,292814.44454532606,385091.2766186349,910557.8900951444,414561.50521894963,-0.13725476734026865,-0.04332275406287056,-0.11894275050959269,-0.041189925818503115
2022-11-16,288991.5340395981,379016.92640281364,890757.8266717023,409491.18834864406,-0.14851854846562595,-0.05841318323684652,-0.1381013230829089,-0.05291670419358119
2022-11-17,288219.30460046744,378827.9475375469,891075.1808370826,408540.8845892005,-0.15079383672254232,-0.05888266097197248,-0.13779425069233853,-0.05511459475171643
2022-11-18,290085.2976589813,383525.21700420923,898078.106879575,411103.61552479054,-0.1452958954652087,-0.04721329557826781,-0.13101820841704903,-0.04918743507208678
2022-11-21,288413.7369269836,381697.9769558071,887832.9147902234,408568.58058172977,-0.15022096347157543,-0.051752684246119895,-0.14093147242907333,-0.055050538643473756
2022-11-22,294306.4536274697,391923.2219559182,912467.6626248921,417505.0681741772,-0.1328587283241497,-0.026350241189934454,-0.11709485160001754,-0.03438196661358606
2022-11-23,294185.27986630297,391775.63623042975,915509.6370350762,417630.5981851249,-0.13321575335046765,-0.026716886486705782,-0.11415143236658809,-0.03409163710253982
2022-11-25,288960.69886981556,384606.52063467837,893043.9582734908,409447.48212071427,-0.14860940086797048,-0.04452702704395484,-0.13588925854208722,-0.05301778924638034
2022-11-28,286555.9288886308,379826.468588289,883095.5851703559,407001.8846397286,-0.1556947884762625,-0.05640204812293048,-0.14551532003526324,-0.0586740392180789
2022-11-29,286250.7022005068,378135.48874410335,874010.312995783,405046.95310703974,-0.15659410500577453,-0.060602927339087787,-0.15430624370972001,-0.06319546251541852
2022-11-30,292580.55257027945,390120.1095816037,914024.036881752,415043.1695448594,-0.1379439040621342,-0.030829689791110115,-0.11558890141624245,-0.040075918361847984
2022-12-01,292225.3746771352,385938.77056806686,906003.7880082064,413982.8953977128,-0.13899039626825516,-0.04121733587575882,-0.1233493068661543,-0.04252815167555468
2022-12-02,286862.2322636867,379294.02263536875,887882.5626235162,406660.4419912762,-0.15479229960831276,-0.05772479667315167,-0.14088343310733453,-0.05946373784414505
2022-12-05,280413.5755666069,370610.55944680684,868620.8439001915,398355.56838365394,-0.17379255019739748,-0.07929701124361233,-0.15952110250038876,-0.07867149442440624
2022-12-06,283294.4693277344,371181.5406798396,864393.2670946773,402180.79532006616,-0.16530431676317847,-0.07787852999860478,-0.16361171248004258,-0.06982439676461416
2022-12-07,284837.07938383723,371184.6171673509,862338.4357607083,404123.37741739507,-0.16075918759845353,-0.07787088712072576,-0.16559997051719422,-0.06533153560554472
2022-12-08,285001.3308302552,372712.34717787924,869324.9666871511,404060.06811960833,-0.16027523895796014,-0.07407556734137077,-0.15883979218203292,-0.06547795921637956
2022-12-09,284947.6037312329,370560.11191867775,865257.360521878,402964.43253549753,-0.1604335398867892,-0.07942233738108984,-0.16277561431807663,-0.06801197750426269
2022-12-12,285971.3137036642,376172.2279128377,876746.0901906692,404923.7249255322,-0.157417292174991,-0.06548023066728414,-0.151659101384378,-0.06348046828745735
2022-12-13,291182.4363998863,381215.5190080071,891304.8728730221,411796.8716611343,-0.14206329804416307,-0.052951248245893257,-0.13757200031636996,-0.047584051836676466
2022-12-14,285855.9940496074,373489.2506214198,872343.6815307011,404696.2093605821,-0.1577570687250308,-0.07214551622919896,-0.15591887894193557,-0.06400667299522922
2022-12-15,279549.7178808329,363718.8920966546,841586.05584035,396754.90677155,-0.17633781090424294,-0.09641789073574314,-0.18568000603377222,-0.082373551802431
2022-12-16,284123.8389976794,365806.4638900327,848361.2294750975,402326.1606864916,-0.1628606711637658,-0.09123176330247285,-0.17912433734715327,-0.06948819145849883
2022-12-19,280365.0812943975,359910.87620969594,829997.5393085522,395922.18157575966,-0.17393543318332716,-0.10587809503641932,-0.19689307289337965,-0.0842995031913012
2022-12-20,283580.0812568868,361207.51810083806,831201.8965185106,397807.9338949342,-0.16446279294201027,-0.10265686446408151,-0.19572773495896334,-0.07993807961898769
2022-12-21,274745.18457991135,352952.4642309518,811848.4693484221,385657.12721666007,-0.190493834549051,-0.12316478734057512,-0.21445414158963827,-0.10804082361690903
2022-12-22,272116.8482106382,349178.11054705037,794856.7410943488,382190.6566895791,-0.19823793568428572,-0.13254136506836245,-0.2308953646271521,-0.11605817887391268
2022-12-23,273268.9338720991,351152.18224649515,796566.3019763072,382738.82359429286,-0.19484344326576997,-0.12763720444106896,-0.22924119082351035,-0.11479036229191986
2022-12-27,274774.626976484,350842.99366840144,787719.1566258571,382264.96570366406,-0.19040708579824883,-0.12840531760105323,-0.23780170260765943,-0.11588631479485512
2022-12-28,273969.0599682056,348366.96324578417,781546.1843091892,381288.81846285507,-0.19278059949925275,-0.13455648775054452,-0.2437746803498385,-0.11814397691878487
2022-12-29,278271.6158985482,356093.58454376785,803883.2740339094,387768.30378761055,-0.18010359641315543,-0.11536134303405032,-0.22216127712906575,-0.103158032187603
2022-12-30,276266.7217005366,352193.21394525334,796699.2580975194,384290.95002890995,-0.18601079444775892,-0.12505098294250327,-0.22911254227108735,-0.11120055850362964
2023-01-03,273512.68235822185,345111.4413459018,778680.4645054014,378642.44376451534,-0.19412526542895947,-0.14264413843070212,-0.2465475553483426,-0.12426459035945403
2023-01-04,275278.9004695103,348982.917705721,785105.8776929266,382770.4965680904,-0.18892129996981866,-0.13302628010333617,-0.2403303154216766,-0.11471710810412372
2023-01-05,274594.31782075367,347623.1978026438,778691.9549505877,381738.83966302196,-0.1909383466954112,-0.13640421455966512,-0.24653643717547147,-0.1171031546164647
2023-01-06,278299.3152813065,358447.8706807587,806604.873781906,392682.44868627406,-0.18002198325892926,-0.10951262062864808,-0.2195278529236777,-0.09179245295385896
2023-01-09,277079.4206838489,354361.4059158598,803026.2513973553,389461.32976746,-0.18361626717459512,-0.11966457185234247,-0.22299053358285859,-0.09924235177614438
2023-01-10,277453.1894461878,356486.5713827396,809006.7236697741,390309.2915384073,-0.18251499903761603,-0.11438505094533247,-0.21720381918687393,-0.09728116078694315
2023-01-11,277753.60103344265,362014.789664906,825326.7667987127,394902.7050573841,-0.1816298696679146,-0.10065137022537218,-0.20141251973501273,-0.08665737854611422
2023-01-12,279169.72969059314,362785.4576307146,828537.1460587509,397215.7228166849,-0.1774574038946276,-0.09873680982936539,-0.19830615170345922,-0.08130776286434205
2023-01-13,277896.07426395814,356655.12231539574,816971.5362640466,390693.8536928869,-0.1812100881212777,-0.1139663220572894,-0.2094970539681541,-0.09639173409579582
2023-01-17,276048.6239850901,353656.4016665054,813235.7067915589,387201.2353543587,-0.18665339513826662,-0.12141600473227843,-0.21311184845338038,-0.10446956478218161
2023-01-18,275605.33780272154,347964.38549896755,802413.5374283075,385297.1406928232,-0.1879594886308068,-0.1355566064067807,-0.2235833965849432,-0.10887341106480064
2023-01-19,278092.24151519843,346125.9695561227,796128.2580509688,385777.819180107,-0.18063210310734057,-0.1401237592037251,-0.22966504281602274,-0.10776168368479078
2023-01-20,277435.64937443554,352110.39967550756,816840.3966323658,388689.7831385023,-0.18256667891054124,-0.1252567173548752,-0.20962394488244374,-0.10102680757156302
2023-01-23,278782.7816091146,359066.6823959295,841387.7890248985,394914.3723220018,-0.17859750343138647,-0.10797531473945354,-0.1858718493168705,-0.0866303941524531
2023-01-24,280666.3392732338,362127.95439024846,847738.4446937221,399316.93368864286,-0.17304781001485503,-0.10037023657122024,-0.17972694488311758,-0.07644802039754228
2023-01-25,280932.57006448007,361270.6217417339,843538.2757455154,398601.4863571157,-0.17226339056351403,-0.10250009691039663,-0.18379103497684612,-0.07810272808356411
2023-01-26,278527.9340450028,362431.12731007347,853368.7877055877,397327.8661633119,-0.17934838346851656,-0.0996170680327696,-0.17427901611144603,-0.08104839442529332
2023-01-27,278947.1783345128,364846.4007121689,865618.0849759121,400031.2821057631,-0.17811312674251656,-0.09361683575851298,-0.16242657676785344,-0.0747958543131666
2023-01-30,278641.2371479656,360418.6161856687,848469.2323117027,396274.48456990777,-0.1790145484622604,-0.10461672322314186,-0.17901983363224216,-0.08348468643745155
2023-01-31,279842.4916629945,367478.2000402701,865329.3972664338,402033.9275671423,-0.17547518547877972,-0.08707869094470433,-0.16270591145051494,-0.07016407683452663
2023-02-01,281203.34555814724,370333.39779655926,881333.609656839,406067.72958521283,-0.1714655806513522,-0.07998556032362913,-0.147220210319006,-0.060834580575251485
2023-02-02,276693.3658726497,371427.34543029603,902523.4729451761,404402.33260328876,-0.1847537347897077,-0.07726788045657995,-0.12671686520610037,-0.06468635982556303
2023-02-03,273411.51611007657,367833.7012385556,887338.1853902662,398319.1995579253,-0.19442334054075572,-0.08619552394520902,-0.14141017337616268,-0.07875560931702363
2023-02-06,277075.26583752426,374851.3351503734,902131.0116616657,406217.14980188286,-0.18362850896773686,-0.06876170736358467,-0.1270966113625418,-0.060488997091917796
2023-02-07,277839.3085899274,381520.1692281954,925104.937190721,411483.53157462814,-0.18137734187381982,-0.05219440966937949,-0.10486700481384459,-0.048308754028763334
2023-02-08,276533.2286659174,372849.98557113326,897823.5276171437,404167.0245464027,-0.18522556128001022,-0.07373363407258926,-0.1312645397125931,-0.06523058723847552
2023-02-09,275809.7921848494,370590.74978366174,892231.3815677812,402189.88584337896,-0.1873570865063109,-0.07934622413190995,-0.1366755090431484,-0.06980337193422792
2023-02-10,276205.36588459456,371828.7731646181,887265.9841807346,401854.6881222356,-0.1861915725435327,-0.07627061876141472,-0.1414800353802943,-0.07057862710825857
2023-02-13,275547.1834235161,376285.2133109352,901695.7735045811,404542.018360707,-0.18813083404887754,-0.0651995425134726,-0.1275177484892699,-0.06436329048664424
2023-02-14,276459.50273167796,378359.28355348756,913785.94793951,407310.6099584267,-0.18544278655517465,-0.06004695680717487,-0.11581927665198266,-0.05796001019706232
2023-02-15,275767.63266624056,381463.8336447192,925336.8298795578,409199.314405235,-0.187481304844472,-0.05233436342611342,-0.10464262508266453,-0.053591758856902816
2023-02-16,276586.38064104423,378791.4597911172,914200.211223225,408108.4327253601,-0.18506895488984976,-0.058973307005482645,-0.1154184348457834,-0.056114782174882305
2023-02-17,277169.0761910894,378327.67018789565,908909.1420887476,408193.92251661874,-0.18335210718216877,-0.06012549347981733,-0.12053808167900026,-0.05591705886467013
2023-02-21,276923.60504000273,371462.53621759306,889124.6524608249,402932.0782515331,-0.1840753606599279,-0.07718045644176119,-0.13968158502322758,-0.0680868074463038
2023-02-22,276801.90113862953,372717.8819705262,894029.0254174332,404411.7110691668,-0.18443394768547194,-0.07406181732804196,-0.13493610602114803,-0.06466466903312085
2023-02-23,276684.8124513547,374578.401792302,901543.6122475762,406067.8145870351,-0.18477893649537025,-0.06943975215238607,-0.12766497996135318,-0.060834383980530315
2023-02-24,275396.15554984065,369742.10779407463,884450.8654124046,400994.88920089754,-0.18857582090126646,-0.08145449438023555,-0.14420394873714237,-0.07256719540794654
2023-02-27,277710.1413321834,375870.7927611199,902476.1921626956,408047.70672531443,-0.1817579188498205,-0.06622908209104572,-0.12676261416574275,-0.05625523105852337
2023-02-28,278258.22473193076,374267.42158994195,900794.038409634,407906.9565645122,-0.18014305199799485,-0.07021231622121427,-0.1283902687882703,-0.05658076218097652
2023-03-01,278626.94621109345,372916.5842724381,893755.5789144957,406524.8936623721,-0.1790566551202014,-0.07356818378582419,-0.1352006932883406,-0.05977723801638879
2023-03-02,279313.7225852607,375392.3673181261,900134.524404365,407215.1655935011,-0.17703314482638322,-0.06741762819161834,-0.12902841557915923,-0.05818075673879963
2023-03-03,284116.6438603419,382843.9033748673,922190.7575344959,414422.8325335411,-0.16288187083663674,-0.04890587415927716,-0.10768676964193957,-0.041510652094603695
2023-03-06,281752.18624801375,380741.0411987596,917530.3086098465,411351.69640173105,-0.1698484825283164,-0.05412998729133445,-0.11219622736627277,-0.04861366630429753
2023-03-07,277416.79804706667,375288.32369248423,907203.191036632,407127.04827944376,-0.18262222225247593,-0.06767610241650945,-0.12218876260559697,-0.05838455706122314
2023-03-08,280421.86372085445,379748.3376039041,921066.0282949323,411901.0826696424,-0.17376813007162217,-0.05659614791044065,-0.10877505942670851,-0.047343029543143955
2023-03-09,278831.3590341915,372294.3827357084,904020.6817624153,409325.32191417145,-0.17845437544477005,-0.07511391096459352,-0.12526816359494652,-0.05330032497442749
2023-03-10,278140.20267053886,364700.4189635104,885927.4180045783,408042.48514892964,-0.18049079089104247,-0.09397949631652391,-0.14277523412191617,-0.05626730767436394
2023-03-13,278282.9434822201,360402.5120069178,883238.7250370854,408017.9290621253,-0.1800702209462257,-0.10465673062479153,-0.14537681767462807,-0.056324101716054065
2023-03-14,275812.19257760973,361295.3127442463,891044.6804752038,404672.7989006544,-0.1873500140156975,-0.10243875737424735,-0.13782376289056086,-0.06406081739729574
2023-03-15,278726.814530013,362496.18671776715,904352.3826266512,410790.9886560181,-0.1787624042126843,-0.09945544179308641,-0.12494720931595316,-0.049910487713167195
2023-03-16,278319.97391535336,364827.28644016286,918053.2054467977,409968.96229927504,-0.17996111488863809,-0.09366432109565537,-0.11169027156275624,-0.051811694511593176
2023-03-17,281786.38166231784,361752.38804344885,916731.9619207901,413915.56866106554,-0.16974772953877215,-0.10130325115798977,-0.1129687088807938,-0.04268386693745552
2023-03-20,280841.1527540896,362262.31138731405,912508.4549676678,411482.05914528447,-0.1725327415132064,-0.100036455232277,-0.11705538086485923,-0.04831215950676948
2023-03-21,277987.1646153508,364544.1645078904,919300.3315645481,408577.9536553652,-0.18094170051995118,-0.09436767722672401,-0.11048355036575686,-0.05502886032236931
2023-03-22,280099.6102320109,360937.1909888403,913397.5751231492,411539.49099684536,-0.17471761417797993,-0.10332843458968644,-0.11619506680116687,-0.04817932942688452
2023-03-23,279791.23416252295,358716.20852130145,916065.1826507251,411294.40078136674,-0.17562621000982204,-0.10884599242422532,-0.11361388555334928,-0.0487461813046538
2023-03-24,278363.8045435356,360205.84908070933,917235.856650155,410166.39523657685,-0.17983197281175933,-0.10514529777249504,-0.11248113954652494,-0.05135506579214599
2023-03-27,277244.9657497574,360826.9566200031,910819.2548491684,407336.3529161976,-0.18312850702797845,-0.10360228839731567,-0.1186898535616897,-0.05790047112520136
2023-03-28,278930.59554754675,361081.8467223005,908661.0346722443,408563.02823132806,-0.17816198608216216,-0.10296906823397234,-0.12077815080622478,-0.05506338028321489
2023-03-29,279779.11163064797,365808.1384421097,923911.1053093304,410588.5813877594,-0.175661927703323,-0.09122760323454493,-0.10602215842375085,-0.05037862121193837
2023-03-30,285163.7077617248,372245.9519478437,943545.2572348092,418090.07241350564,-0.1597968133675256,-0.0752342269404831,-0.08702412207733956,-0.033028951557808606
2023-03-31,287713.9031955762,379272.2236972039,963759.246512346,423294.1254017987,-0.15228294581798496,-0.05777895149148715,-0.0674650341952564,-0.02099286434533476
2023-04-03,289617.1371582766,381134.74709272606,962470.659983868,425138.6734980852,-0.14667527837348615,-0.05315190886365273,-0.06871187255101707,-0.016726739114778955
2023-04-04,289219.73654976935,376041.36072957056,951685.0869126895,423502.1396657702,-0.14784617511998388,-0.06580534230723323,-0.07914801005269467,-0.02051176282153555
2023-04-05,286952.24947121483,372749.1806328699,936492.0106625569,419952.3568896303,-0.1545270739061695,-0.07398406246858269,-0.09384885457652958,-0.028721805104938825
2023-04-06,285268.4694142084,372635.11315497954,938855.1607310714,418565.08919276675,-0.15948814479625317,-0.07426743881913866,-0.09156226684592317,-0.031930318743070396
2023-04-10,286876.985282603,376330.8446292859,946658.2852009301,420491.69802348624,-0.15474883147696028,-0.06508618122325704,-0.08401195131120565,-0.027474401026047257
2023-04-11,290813.72146449843,380341.6278949674,950352.0395278647,424840.7483721194,-0.14314967564145098,-0.055122244562955114,-0.08043786880312676,-0.017415789131559722
2023-04-12,291211.0668683514,379146.12875992944,942838.9435253495,424714.7205727941,-0.14197894154933433,-0.058092207502834836,-0.08770755233575933,-0.017707269942244697
2023-04-13,293989.0273012569,382718.48987048294,957639.249694214,427625.5748594558,-0.13379398973205614,-0.04921743729576589,-0.07338675276156303,-0.01097496031052525
2023-04-14,289696.309460644,380068.09267126076,951544.0179428179,422803.0358063398,-0.14644200597965917,-0.05580178455871987,-0.07928450861026637,-0.0221286708433428
2023-04-17,292811.5944391223,385704.30060470436,963017.8127185188,426854.1446557399,-0.1372631648615853,-0.041799826553746255,-0.06818244670265927,-0.012759146834211421
2023-04-18,294469.04461609735,387263.83688765485,966341.9652610373,428968.63046015217,-0.13237967203807832,-0.03792549086582142,-0.06496599146367177,-0.007868701712169801
2023-04-19,292908.0567699906,386100.96605123807,963149.7877274215,426943.1320464056,-0.1369789493194965,-0.04081439574814505,-0.06805474747605311,-0.012553334172950681
2023-04-20,294123.5176533291,385884.6371200471,960512.3397355715,428682.5743264762,-0.13339772884994971,-0.04135181889604256,-0.07060674630957098,-0.008530300773580635
2023-04-21,291241.09240830323,384154.6886224672,956460.8812091183,425299.87906890875,-0.14189047463134574,-0.045649507430589154,-0.07452694396484405,-0.016353898116823307
2023-04-24,291758.4958906124,384454.9751431505,954217.723963299,425922.0157600503,-0.14036600274807876,-0.044903509535955455,-0.07669742645110256,-0.014915002031501978
2023-04-25,290445.25051143876,378699.6171062888,937077.2266415203,424222.2682190032,-0.14423533437191227,-0.059201470591925376,-0.09328259867298738,-0.01884622826790905
2023-04-26,288234.94916123326,376046.56793639425,940137.7154434375,422218.8403127912,-0.15074774176216987,-0.06579240611110115,-0.09032126488493841,-0.02347981540803179
2023-04-27,290553.4999439856,382827.27820059744,963924.1262715335,425650.41621844284,-0.1439163894441342,-0.0489471758633131,-0.06730549628041693,-0.015543165460469521
2023-04-28,292571.9164458175,387069.69201697456,973024.7005175377,429201.1400538052,-0.13796934944349082,-0.038407802440952654,-0.05849976629752718,-0.007330946667545857
2023-05-01,296892.4349524953,394146.42081172246,990678.1797125317,435465.30690256774,-0.12523942162164992,-0.020827177210877568,-0.0414182320066625,0.0
2023-05-02,300920.8425267844,392959.7233186716,990210.3677392324,440420.5781825616,-0.11337016621205132,-0.02377527434613602,-0.04187088760929614,0.0
2023-05-03,298919.03973855544,387268.55387141363,976183.8104588714,437244.191165206,-0.11926825575114897,-0.03791377252446837,-0.05544300653955225,-0.007212167584138007
2023-05-04,295249.24922845466,379109.8505929542,959037.8730929416,430709.7439586779,-0.1300808858191963,-0.0581823328808343,-0.07203344255673128,-0.02204900203336635
2023-05-05,295161.2003375781,385080.62049648404,976764.5559342904,431417.25264467776,-0.1303403120949823,-0.0433492269284238,-0.054881076302285114,-0.020442563276759085
2023-05-08,297955.4099332592,388111.3692675531,986628.1938806706,434459.4473936408,-0.12210748392467397,-0.03581997720640251,-0.0453370046803272,-0.013535086878819325
2023-05-09,297793.1284073802,386049.23574520746,979465.9349178771,433535.94826288795,-0.12258562841313403,-0.0409429086740658,-0.05226721774040788,-0.015631944238581608
2023-05-10,299661.53993881436,388470.3320915769,991700.2053318428,436561.60903787,-0.11708056139400425,-0.034928210535143944,-0.04042931840671027,-0.008762009169998364
2023-05-11,296206.9728284364,384350.3057369452,986100.9843544487,432320.0191265317,-0.12725905962352146,-0.04516353837935494,-0.04584713344877889,-0.01839278057682414
2023-05-12,296326.9844295888,385023.24853042525,985575.7769008527,432272.5487122552,-0.12690545877258386,-0.04349175535691763,-0.04635532500860251,-0.018500564855370882
2023-05-15,300375.94186176325,390154.8569213699,1000667.1495062528,437487.0286970828,-0.11497565548957,-0.03074336742722006,-0.03175288909169516,-0.006660791141014366
2023-05-16,299168.0502252648,388183.86361764243,1003444.8812913991,435880.1730386564,-0.11853457401415557,-0.03563988043610311,-0.029065151438697256,-0.010309248406697114
2023-05-17,301337.27803040185,394007.8627348672,1018464.7739109271,439039.6689614875,-0.112143185261661,-0.02117139523765854,-0.014531879668771785,-0.003135433014444078
2023-05-18,304894.50960113166,401255.75664565637,1046383.9496958278,443920.6205459388,-0.10166219760451434,-0.0031655467377843527,0.0,0.0
2023-05-19,308232.6834351318,403600.9334387294,1051658.1626907755,447399.51357076445,-0.0918266392339393,0.0,0.0,0.0
2023-05-22,306349.81014391244,401061.8241111698,1048125.6451424145,444380.5944830957,-0.09737431622174708,-0.00629113839238693,-0.0033589978889363437,-0.0067477031067251225
2023-05-23,306692.53041100054,399383.2273895354,1042204.6361325961,445119.03844055464,-0.09636452902690684,-0.010450189035140722,-0.008989162917721893,-0.0050971783853964725
2023-05-24,304517.1399376476,396278.2238516898,1036305.3275053364,442323.3134643764,-0.10277407539670047,-0.018143440662164,-0.014598693501467475,-0.01134601167952587
2023-05-25,308408.7327163711,401685.45514781255,1066768.0155262065,446524.99549338233,-0.09130792958374356,-0.004745970913884512,0.0,-0.0019546692628306106
2023-05-26,314757.21696427296,409031.7713577428,1099789.7114231368,453994.8227748433,-0.072602825988197,0.0,0.0,0.0
2023-05-30,317389.48684449535,410426.6771766991,1108122.7356196002,457509.90641585295,-0.06484713519991647,0.0,0.0,0.0
2023-05-31,315207.5738255753,406264.6709437318,1096730.3168062326,454662.8725036397,-0.07127589952564661,-0.010140681550228403,-0.01028082760796134,-0.006222890198196995
2023-06-01,316707.1241728116,408173.58311052044,1104122.2494883875,456042.4986415718,-0.06685764100967684,-0.0054896384457208125,-0.0036101471458175327,-0.003207379236390473
2023-06-02,314712.49005824106,412948.24942812556,1109372.618735485,454730.69531823084,-0.07273460884819405,0.0,0.0,-0.006074646818895246
2023-06-05,319078.7554055258,416490.9605087236,1121828.429382264,460016.20680690237,-0.0598698930424334,0.0,0.0,0.0
2023-06-06,317348.41328343935,414944.7868062057,1115046.8314260547,457739.2651352668,-0.06496815388478505,-0.003712382378309842,-0.006045129342945543,-0.004949698810484127
2023-06-07,313064.74073548964,413937.2306198933,1097262.0402684577,453658.0289380135,-0.07758951918238022,-0.006131537370489548,-0.02189852607616094,-0.01382163883534171
2023-06-08,317920.07165432407,417551.2639500787,1113844.514699968,459228.476961827,-0.06328382599940141,0.0,-0.00711687676402728,-0.0017123958534921435
2023-06-09,315754.1858822445,415202.84310004173,1109822.5553956141,455767.3629071065,-0.06966536782275212,-0.005624269527579995,-0.010702058953222293,-0.009236291758693116
2023-06-12,319480.7782690299,420502.2075510142,1132703.8799532922,460534.0958881582,-0.058685377335064626,0.0,0.0,0.0
2023-06-13,319785.0783384269,423544.8463193487,1142136.4811923155,460876.2609275636,-0.05778879098469547,0.0,0.0,0.0
2023-06-14,322716.5780530939,426229.3604257837,1156351.6381670593,464468.23994158447,-0.04915145273009014,0.0,0.0,0.0
2023-06-15,325333.743076507,430897.9381321946,1168461.0419611032,468377.3793240205,-0.0414402667244288,0.0,0.0,0.0
2023-06-16,324707.1215904526,430323.3286909172,1163521.9079139056,467508.95415420335,-0.04328653732291321,-0.0013335163397815153,-0.004227042126203839,-0.0018541142423883494
2023-06-20,326593.77335939853,433068.449414041,1175365.8083949394,471292.0128685155,-0.0377277274702279,0.0,0.0,0.0
2023-06-21,322772.52917294495,429137.0505819722,1154740.3107859108,467085.33409748634,-0.04898659897095137,-0.009078007962455281,-0.017548151785353072,-0.008925843545332435
2023-06-22,323988.1860570876,431761.7807977776,1171283.0022294587,468333.42620243377,-0.04540480100680844,-0.0030172334605104156,-0.0034736472137607555,-0.006277608330500506
2023-06-23,325802.2071668691,432556.1847905071,1170655.3796096153,471417.64189441415,-0.04005998932295107,-0.0011828721862030545,-0.004007627882043452,0.0
2023-06-26,324973.9067317065,432327.93039134546,1159088.5756979631,471454.54567944695,-0.04250048454085642,-0.00170993528551322,-0.013848652547758022,0.0
2023-06-27,326931.5367416524,436821.04763875325,1178352.8407099273,473653.5765686213,-0.036732545185900856,0.0,0.0,0.0
2023-06-28,327861.1184114695,438326.9620488467,1184125.3168896416,475552.5317109199,-0.0339936360612233,0.0,0.0,0.0
2023-06-29,328504.5936768912,441605.2375255091,1185918.28027205,476142.6789937057,-0.03209770767408715,0.0,0.0,0.0
2023-06-30,333087.8308918661,448026.4187665517,1207466.1718376135,481813.28600637,-0.01859370836316443,0.0,0.0,0.0
2023-07-03,332636.9455608574,447358.3963955252,1207116.3895289241,480535.64108439954,-0.019922191902997932,-0.0014910334369692135,-0.0002896829052834171,-0.0026517428204616555
2023-07-05,332403.8226862217,446717.8710041046,1207150.7565062533,479380.10658144305,-0.02060906255594075,-0.002920693306545652,-0.00026122084304869286,-0.005050046346988357
2023-07-06,330026.2112574071,443474.5014482421,1198645.753569645,476462.9053584925,-0.027614430506665455,-0.010159930592578359,-0.007304898864822662,-0.011104676444739447
2023-07-07,327836.25205801567,440707.79454047215,1190217.8892886515,474736.05067778827,-0.03406690200931972,-0.016335251493044156,-0.014284692152254808,-0.014688750879501722
2023-07-10,324331.3476063746,436476.58926768595,1176199.8823206425,470022.9756889881,-0.044393713622990494,-0.02577934919700331,-0.025894132892673616,-0.02447070402543028
2023-07-11,324073.443084219,436439.31459292443,1174430.5218531105,469013.707798106,-0.04515360064740492,-0.025862546689830013,-0.027359482820315195,-0.026565432253553012
2023-07-12,324691.46862709103,436279.86426912644,1179340.2473582565,470219.79074872006,-0.04333265704060052,-0.02621844160387765,-0.02329334364419733,-0.024062215788496655
2023-07-13,324509.2771455025,434084.0908737593,1183930.881899554,468101.8227795935,-0.04386946400180003,-0.031119432490558485,-0.01949146939846902,-0.02845804303245214
2023-07-14,323811.5612206949,433060.9720887269,1181627.1399814049,466244.3135738616,-0.045925206466326474,-0.03340304511288816,-0.0213993836505455,-0.03231328999155603
2023-07-17,327324.78132598056,436475.1035946174,1197905.1558801753,470081.3327953047,-0.035573893702962045,-0.025782665235982938,-0.0079182474676599,-0.024349584272174152
2023-07-18,329992.7244399409,439867.3775508878,1208114.074862464,473568.0044323545,-0.027713095694343548,-0.01821107165538649,0.0,-0.017113022437298397
2023-07-19,331026.60452501784,441792.4607647393,1210426.6151535811,475238.118188001,-0.024666882875412965,-0.013914264294893397,0.0,-0.0136467133832463
2023-07-20,327428.6075600515,440663.9126056449,1187380.758099498,472069.22786504903,-0.035267981238128465,-0.016433196464566313,-0.019039450029904592,-0.020223722392728072
2023-07-21,327560.32314871694,441503.55731175235,1186075.1578377688,472345.14468360576,-0.034879895888156986,-0.01455910004762051,-0.020118078213872237,-0.019651059025879714
2023-07-24,332984.4814980905,449455.93071399664,1203988.9193415393,478646.05031412153,-0.018898215871039126,0.0,-0.005318534582309242,-0.006573574835390894
2023-07-25,334027.6488911324,449958.081068823,1210199.6047318254,479463.1449278007,-0.015824639030899146,0.0,-0.00018754579494018042,-0.004877700858041956
2023-07-26,332062.8990939864,448090.6453500957,1200983.409097615,478006.629620088,-0.02161355604791637,-0.004150243761133043,-0.007801551897277159,-0.007900687873998669
2023-07-27,329283.90927443036,443395.1469903813,1193477.979918252,471911.92686410435,-0.029801540838607754,-0.014585656652397971,-0.014002199739451937,-0.020550199485646292
2023-07-28,330319.32201687817,442941.8877226324,1202204.5979272034,471462.97091628704,-0.02675081221499398,-0.015592993306230762,-0.0067926606400128264,-0.02148200431722025
2023-07-31,335229.7561339694,449838.1594342799,1219237.2848837173,478654.71313499514,-0.012282763579659739,-0.00026651734814553407,0.0,-0.006555595213148746
2023-08-01,338075.34707454813,453538.078694768,1229933.6036229562,481375.10438671184,-0.0038985459844652626,0.0,0.0,-0.000909442791190207
2023-08-02,333523.2998986015,449262.1150849959,1208412.366129203,478405.40881402005,-0.017310647310232574,-0.009428014560713072,-0.01749788560159604,-0.007073024533210681
2023-08-03,333647.86566597916,449146.45183942106,1209631.75659305,478187.6079282879,-0.016943628114425513,-0.009683038892755347,-0.016506457722680334,-0.007525068700646398
2023-08-04,330384.0380805091,444788.2016916789,1197702.8745701672,476316.9498599876,-0.02656013352268838,-0.01929248593253796,-0.026205259339080245,-0.011407606029174011
2023-08-07,331537.53346777015,446398.8522217399,1201728.087048388,475356.508857615,-0.02316148750370617,-0.01574118427624427,-0.022932552205651158,-0.013400994402361976
2023-08-08,330913.99722030805,446487.5860309544,1196952.5894044403,475854.5912697541,-0.02499866778941162,-0.015545536295660467,-0.02681528020810664,-0.012367227948415493
2023-08-09,329727.7409419336,445848.982762296,1190055.18939074,475785.6144642699,-0.02849384013471523,-0.016953584039956282,-0.032423225216994145,-0.01251038881069877
2023-08-10,331124.2217280627,447406.7230065328,1195991.0346797204,476470.99255430396,-0.024379264630748465,-0.013518943560109742,-0.027597074218683626,-0.011087891528162253
2023-08-11,332566.0660378641,450652.031216939,1197684.0866659614,478737.4310180194,-0.02013103054362808,-0.006363407205266514,-0.02622053488253262,-0.0063839148435395066
2023-08-14,335255.16033832624,453023.88926757214,1210815.2979103934,480032.8342592282,-0.01220791291362655,-0.001133729341262102,-0.015544177064718667,-0.003695314759581403
2023-08-15,332941.81701572903,449663.55481940566,1203095.4026567335,478862.33998542617,-0.019023922028801876,-0.008542885498198483,-0.02182085348929952,-0.006124667182599852
2023-08-16,330348.871958461,446888.6852835877,1191755.5196085316,476135.28335199924,-0.026663746594766335,-0.014661157956827986,-0.031040768299984034,-0.011784653556223601
2023-08-17,328920.0237006338,445691.5815486936,1184607.060769029,475973.38649140473,-0.030873689258451353,-0.017300635855440838,-0.03685283719414689,-0.012120669322696953
2023-08-18,327404.7432809292,444019.9255802426,1178115.842802405,474256.39966453146,-0.03533829468552541,-0.020986447581022527,-0.042130535069465735,-0.015684263098005524
2023-08-21,330161.445768406,445654.4019280803,1193736.8276062326,475119.10206922266,-0.027215977042948758,-0.017382612700075906,-0.029429861831647197,-0.013893730479360045
2023-08-22,331592.7924320495,447301.1270841657,1199685.1384522323,477929.5789043106,-0.022998673104069,-0.013751770586830525,-0.02459357568703091,-0.008060606078861943
2023-08-23,334958.29098700464,450813.9570968136,1214644.283994021,482078.8673203132,-0.0130826054786507,-0.006006379014071195,-0.012431012197648972,0.0
2023-08-24,326600.0848770168,441241.67237849906,1179791.5678800093,473822.26312987844,-0.03770913128469999,-0.027112180639069283,-0.040768083411369505,-0.017127081791263654
2023-08-25,332186.6192372566,448633.90941940126,1200392.7362464382,479930.5255533179,-0.021249028389603297,-0.010813136770082,-0.024018261871617153,-0.004456411414458072
2023-08-28,335551.38032756496,452913.0429180511,1213270.0995472537,483791.1074678496,-0.01133513362184313,-0.0013781329640846218,-0.013548295636949481,0.0
2023-08-29,341477.4413770436,459249.71483500476,1239200.9073257276,489971.7426718343,0.0,0.0,0.0,0.0
2023-08-30,342017.1693607697,459642.5949805383,1242061.848684047,489849.4347086041,0.0,0.0,0.0,-0.00024962248345838933
2023-08-31,342538.86381642136,459318.90998402523,1246733.274647032,490451.2144719418,0.0,-0.0007042101842775761,0.0,0.0
2023-09-01,341205.7986052437,458203.9198420808,1240077.7078656077,487749.0301724378,-0.003891719603215993,-0.0031299865464349264,-0.005338404706739297,-0.005509588354090211
2023-09-05,343189.7226055352,459579.25045473216,1250786.8108051,489209.86030508135,0.0,-0.00013781256675926556,0.0,-0.0025310451482866148
2023-09-06,342680.724861386,459380.4983929511,1247620.9449401223,489518.22488348273,-0.0014831380738468125,-0.000570218231402797,-0.002531099494837097,-0.0019023086515620458
2023-09-07,341479.37197153014,458709.2203122757,1240697.58954285,489608.3346719744,-0.00498368838384744,-0.002030653117129244,-0.008066299688398448,-0.0017185803095113306
2023-09-08,341100.0331212003,458224.43118945893,1239252.078926802,488776.2428114852,-0.006089021164356945,-0.003085361989002333,-0.009221980739366309,-0.0034151646708837635
2023-09-11,343720.2419103263,460555.5473764104,1251998.650719061,490301.4101401663,0.0,0.0,0.0,-0.00030544186119885186
2023-09-12,339863.1924356262,456674.7505500455,1234454.8634109758,486363.58558786096,-0.011221478994846046,-0.008426338252730092,-0.01401262477240639,-0.00833442504262516
2023-09-13,341822.6474913711,458703.4415801191,1243212.2467017325,488423.9940131756,-0.005520752599290524,-0.004021460183992964,-0.007017902145726951,-0.004133378405330013
2023-09-14,345134.2911205199,463249.6058941733,1254979.414117197,490887.06407866697,0.0,0.0,0.0,0.0
2023-09-15,340415.14795651624,458090.84123504185,1234628.9043123352,488163.0452392127,-0.013673353489977558,-0.011136036800665883,-0.016215811650725165,-0.00554917625414908
2023-09-18,341583.5985016406,459559.12860560016,1239149.2021657487,490481.71347068774,-0.010287858118506743,-0.007966498495880492,-0.012613921609689438,-0.000825751252459761
2023-09-19,340259.1602483798,457790.4103137693,1234308.8881372905,488531.46299226786,-0.014125315848252606,-0.011784566054549694,-0.016470808801630432,-0.004798661970896068
2023-09-20,336558.56361430726,454002.79026787967,1217651.1084694015,486112.54283457575,-0.024847509293760783,-0.019960763071660392,-0.029744157735092203,-0.009726313022838329
2023-09-21,331991.3588838891,448248.6789702677,1200022.785868122,481998.4272730536,-0.038080632886291044,-0.03238195291057078,-0.04379086033672808,-0.01810729484651663
2023-09-22,330124.8071337481,445199.36884881987,1194712.257891303,480415.01683993236,-0.04348882267838916,-0.03896438726701679,-0.048022426143371044,-0.021332905275043945
2023-09-25,333376.7501885579,449463.6942547073,1206809.8890416918,482507.823095016,-0.03406656838933553,-0.029759143805111687,-0.03838272128900988,-0.01706959012940734
2023-09-26,329259.29656696145,443985.3053640939,1191707.1885957436,479161.7759447682,-0.04599657281812941,-0.041585141757206845,-0.05041694294719701,-0.023885917947146673
2023-09-27,330227.41545904084,444860.9429610273,1196377.9039604187,478175.9407596891,-0.04319152296655926,-0.03969493486702891,-0.04669519634949637,-0.0258941908417063
2023-09-28,333574.6754251121,448799.9341125691,1210052.5631613098,481031.48114083346,-0.03349309527569155,-0.03119197857430056,-0.03579887482655686,-0.020077088314256586
2023-09-29,332930.3093773791,447228.572644669,1209627.2869753158,479097.2815721226,-0.03536009622086278,-0.03458401916733467,-0.0361377458719383,-0.024017301268006164
2023-10-02,334702.40608630783,447658.3767632385,1221380.3450633632,478443.9990129813,-0.030225582628558012,-0.033656216718933485,-0.026772605730324917,-0.02534812174983614
2023-10-03,330208.53022689617,442584.54345568613,1202441.0793774591,474378.4657914655,-0.04324624147071987,-0.04460891531380606,-0.0418639016295701,-0.03363013510691315
2023-10-04,332191.22846009576,443846.90686975414,1213444.8279874641,475493.3885608743,-0.03750152619840508,-0.041883897530722636,-0.033095830626791556,-0.031358894222818234
2023-10-05,331135.1825827119,443007.58621055697,1208036.6987280448,474383.06109537574,-0.04056133771106374,-0.043695708374203224,-0.03740516765541824,-0.033620773882618304
2023-10-06,334743.12132209016,446753.6812894953,1224130.3917920091,476084.5194239478,-0.030107613371866293,-0.03560914978618768,-0.024581297492348386,-0.030154684728760706
2023-10-09,338247.7547820535,451724.74045215256,1236149.933041007,483405.48339439917,-0.019953208115335075,-0.02487830598317564,-0.01500381668765094,-0.015240940802361047
2023-10-10,338165.72540492105,451540.0359500612,1236053.992489496,481564.8475737861,-0.02019088191142815,-0.025277020843892717,-0.01508026459622358,-0.018990552383729042
2023-10-11,340757.28744988533,454309.7676708574,1247399.9150541762,485444.33070779336,-0.012682030685574941,-0.019298102166886988,-0.006039540551629363,-0.011087546951535465
2023-10-12,340060.17227945605,452779.5887274682,1246477.4259946707,484077.2855712123,-0.014701868147004804,-0.022601243548811434,-0.006774603652369038,-0.013872393480638512
2023-10-13,338771.6765778334,452803.6341137501,1237036.1405852125,489051.31067390123,-0.01843518510441111,-0.022549337651912804,-0.01429766363506968,-0.003739665473180054
2023-10-16,341957.34707852924,456883.52272736497,1249151.755178821,489645.69060946436,-0.009204950431544567,-0.013742231155319473,-0.004643629108829206,-0.002528837201144274
2023-10-17,341414.6641934378,456899.24822597695,1245160.132900971,488332.9167787514,-0.010777332252341343,-0.013708285095977102,-0.007824256801163054,-0.005203126109483813
2023-10-18,337308.4168436659,451356.54324726434,1230313.24826209,486940.06429361633,-0.02267486737248392,-0.02567311983774445,-0.01965463781926524,-0.008040545522336462
2023-10-19,334210.3012742878,447339.96034621546,1218663.0477521443,485668.6445527918,-0.03165141838200447,-0.034343570605416374,-0.028937818386924774,-0.010630590837975129
2023-10-20,329795.16115957126,442020.0518814082,1200964.1433242161,483631.54237246333,-0.0444439464741343,-0.04582746265220761,-0.043040762410415656,-0.014780429628597602
2023-10-23,330179.4584408778,441483.7135151308,1205215.2712479795,484161.7031901702,-0.04333047472938567,-0.046985236689040644,-0.039653353919134715,-0.013700423948061036
2023-10-24,332784.6569205305,444482.77149979357,1216038.4297072391,486045.33628974564,-0.03578211298533929,-0.040511279784373744,-0.031029181811201734,-0.009863221386794185
2023-10-25,326501.9012212504,438352.1506563405,1186948.2086276973,481174.5892733574,-0.0539859132477889,-0.05374522702458695,-0.054209021059804074,-0.019785558667223424
2023-10-26,321958.6454236262,433808.26313772803,1166212.264939161,479421.64556422667,-0.06714964665391909,-0.06355395100578021,-0.0707319563807175,-0.023356530154159727
2023-10-27,322570.101703086,432612.9293203188,1173903.7421964596,482000.5291345793,-0.06537799922510334,-0.06613427444739861,-0.06460318871267656,-0.01810301308462181
2023-10-30,324941.59024633036,435942.2108350434,1182130.597612767,481512.9023627132,-0.058506794003665985,-0.05894747607269013,-0.05804781790438751,-0.019096371450626592
2023-10-31,325381.65058019425,436857.6966547721,1182849.7708324739,479839.8594956548,-0.057231753113248574,-0.05697125027976879,-0.05747476211429492,-0.022504574659644727
2023-11-01,332443.4928900224,447980.56636691454,1220998.04562995,491230.2565658143,-0.0367706094613065,-0.03296071779227139,-0.027077231789615408,0.0
2023-11-02,334441.9157344916,454396.0356309654,1237255.1759519016,494638.83256415,-0.03098033334014494,-0.01911187867309383,-0.0141231305995273,0.0
2023-11-03,336864.4025870912,458304.13680719485,1251143.0242297065,498384.024966559,-0.023961364449123668,-0.010675603441545611,-0.003056934515686227,0.0
2023-11-06,333940.5717177447,456159.7088685109,1247498.9136528724,494056.8462404281,-0.03243293897698041,-0.015304701688795497,-0.005960655912102486,-0.008682418595622687
2023-11-07,336099.4870869762,459110.8666954645,1263841.1459327007,497602.9708853772,-0.026177648138674292,-0.00893414510460333,0.0,-0.0015671731878529327
2023-11-08,335501.8760534865,460693.8290778106,1268086.6585696824,498431.158515393,-0.02790918003470666,-0.005517062041379472,0.0,0.0
2023-11-09,335843.1228246131,458523.40375939786,1262243.6263376812,497238.6554860588,-0.026920443824176132,-0.010202279882468246,-0.0046077546771068345,-0.0023925130059808675
2023-11-10,339062.8177771901,467175.6569703378,1294770.798252239,502515.246201948,-0.017591625925137855,0.0,0.0,0.0
2023-11-13,339673.3464397959,467100.37512226315,1291756.428258509,502977.2229527727,-0.0158226661946409,-0.00016114248880783055,-0.0023281108886599178,0.0
2023-11-14,345345.9448679853,476718.8842246286,1321105.385829607,511819.60558451514,0.0,0.0,0.0,0.0
2023-11-15,342409.6970868806,474070.6721960768,1311977.7116086904,506981.9163046743,-0.00850233751036844,-0.00555508102612523,-0.0069091189233058126,-0.00945194210432021
2023-11-16,346062.65267726494,476953.0117155101,1319470.2450182622,512015.01850920817,0.0,0.0,-0.001237706566700636,0.0
2023-11-17,344919.82340398314,475935.6560406218,1315326.790880424,510549.84798390704,-0.003302376793451911,-0.0021330312418598174,-0.004374060548965497,-0.002861577243509661
2023-11-20,345098.4040290597,477171.0666052139,1324600.3574631966,510558.46522485674,-0.002786341261460823,0.0,0.0,-0.002844747188456176
2023-11-21,342155.29201097763,471113.9412416806,1303028.3232657895,505572.3009669509,-0.011290905378140481,-0.012693823635674617,-0.01628569256822543,-0.012583063600392075
2023-11-22,341709.97473958146,472263.39633398666,1306509.6038203172,505341.8044965571,-0.012577716503094472,-0.010284928434874274,-0.013657518315581485,-0.013033238814128767
2023-11-24,345725.73617606855,477284.27363362204,1317727.0964045902,510273.6688434021,-0.000973570821901415,0.0,-0.00518893190680525,-0.0034009738051751226
2023-11-27,346527.54922714515,476220.92412012524,1316013.7946149197,511466.9454836685,0.0,-0.0022279165106392496,-0.0064823799872147925,-0.0010704237292403773
2023-11-28,346596.1263901945,473126.1148373876,1309591.5619798198,510284.50065103953,0.0,-0.008712121948996732,-0.011330810382779055,-0.00337981855143088
2023-11-29,343423.4095455534,468369.6210882299,1296074.9001086343,506122.0743039671,-0.009153930477195593,-0.01867786775693203,-0.021535142425291753,-0.01150931904770891
2023-11-30,342230.9946019036,470137.0554365159,1292605.5091927284,505096.0850395379,-0.012594289018039051,-0.014974761566505235,-0.024154340658448126,-0.013513145551502626
2023-12-01,347884.1366548933,476005.92148292804,1304758.8160936914,512860.25021774246,0.0,-0.002678387328712395,-0.014979266204868558,0.0
2023-12-04,338781.4319311987,468368.9876648403,1278619.1705009101,502170.59044994996,-0.026165909176607882,-0.018679194897641582,-0.03471325272050141,-0.020843221449223348
2023-12-05,340727.39734966797,471264.30127171206,1290007.7194944865,506088.75622504606,-0.020572192150069002,-0.012612970287244618,-0.026115528184636805,-0.013203390182455088
2023-12-06,340035.8541703508,468912.8186580275,1281310.441296593,505353.5875847119,-0.022560047031773944,-0.01753976704881066,-0.032681492136624524,-0.014636857954664073
2023-12-07,342687.84947146627,472487.6263761021,1299204.4267701476,508080.3405732177,-0.014936832801266342,-0.01004987493303,-0.019172522904709055,-0.009320101611492326
2023-12-08,334445.37092959485,465150.004831545,1279228.6390912605,496680.6214795888,-0.03863000438743747,-0.025423567195494212,-0.03425313764736526,-0.031547831463414
2023-12-11,335706.0885144437,469241.0140228738,1296460.3185641144,499333.5924124413,-0.03500604614383551,-0.016852136253126426,-0.021244172810714446,-0.02637493898105414
2023-12-12,339547.1403516292,474967.0865357814,1316718.366555525,504930.8194949296,-0.02396486480651039,-0.004854941228630172,-0.005950467145250382,-0.015461191853816558
2023-12-13,343585.71017254534,478863.5245203247,1326115.3395352005,510140.063413703,-0.012355914022639247,0.0,0.0,-0.005303953275545448
2023-12-14,338473.5144346174,472110.40493201086,1302101.6532437347,503393.0126601014,-0.02705102425987116,-0.014102388765313556,-0.018108293883307702,-0.018459682834888413
2023-12-15,336619.0378416709,469702.38083376025,1303869.0632127605,500833.15421937284,-0.03238175480360439,-0.019131011692195887,-0.016775521449165387,-0.023451020025949232
2023-12-18,338533.16525564843,472457.33892699715,1312396.0170165861,502739.4988617963,-0.026879556766111423,-0.013377894254411271,-0.010345497189877095,-0.019733936002350072
2023-12-19,341522.0576167229,476696.3649656379,1322892.7808863083,506684.654791122,-0.0182879251101975,-0.004525630881695664,-0.0024300741819498484,-0.012041478012769558
2023-12-20,340774.96155970474,473934.4719693258,1313891.2496477806,507052.26835922577,-0.020435467864523438,-0.010293230322640068,-0.009217968847041957,-0.011324687097607589
2023-12-21,343104.62304379616,477211.29180645134,1325797.857734362,509126.8177091017,-0.013738808722509988,-0.0034503206639687756,-0.00023940738137440132,-0.0072796293084824715
2023-12-22,340625.91702396795,473329.4919530409,1314339.078965138,504843.49730533233,-0.020863899402592256,-0.011556596574832545,-0.008880268720962148,-0.015631456930043752
2023-12-26,343346.757187712,475863.41688464413,1323874.3026192107,507753.99641642766,-0.013042789219453343,-0.006265057750401426,-0.0016899260940419492,-0.009956423409977377
2023-12-27,345025.0539010619,477498.0735834455,1328723.3802428448,510627.5371602558,-0.008218491309558207,-0.0028514406860430386,0.0,-0.00435345312205182
2023-12-28,341393.3095419414,474117.5226085527,1318177.235531664,505602.0014786666,-0.018658014059982575,-0.0099109697622638,-0.007937050606615648,-0.014152488394244322
2023-12-29,340450.51232739596,472848.58195728506,1312760.161739397,504278.2735385845,-0.021368103757118395,-0.012560870174993632,-0.012013951692887437,-0.0167335578756872
2024-01-02,336597.950478394,469191.7173629244,1287771.444216556,499550.2778509987,-0.0324423708566377,-0.020197418809646206,-0.030820512858593885,-0.025952435114815042
2024-01-03,335874.9893852572,468753.0380899008,1283435.0797109373,500093.8574969502,-0.03452053716823933,-0.02111350293499914,-0.03408406987136048,-0.02489253693451987
2024-01-04,336456.839457247,470017.2452215293,1284410.6162575525,501373.0806615433,-0.032847997346261204,-0.018473487425580637,-0.03334987902236919,-0.022398245041065468
2024-01-05,341047.4056133818,476473.55517100793,1301814.9707563757,507437.8729658131,-0.01965232191168753,-0.004990919598043764,-0.020251325359798455,-0.010572816375664207
2024-01-08,346883.2754126178,483112.0997426806,1328271.079502727,511113.39364801464,-0.002876995921398895,0.0,-0.0003404024847032394,-0.0034061063788549673
2024-01-09,345796.4518431199,480759.1858419843,1326425.5306396305,509440.5860087652,-0.0060010922942553835,-0.00487032699439649,-0.0017293664259857566,-0.006667828531311204
2024-01-10,348423.73473927897,484141.8064011469,1337248.7258146065,511246.62545150664,0.0,0.0,0.0,-0.003146324492004804
2024-01-11,351862.8914280288,488304.42080660915,1352148.5725633,517022.1613492354,0.0,0.0,0.0,0.0
2024-01-12,350412.8783524719,486335.8936850122,1346455.6712971868,516324.4160759651,-0.004120960495925141,-0.004031352241999464,-0.004210263118734847,-0.0013495461615212756
2024-01-16,351557.2339047586,487049.2675174395,1353267.1517019623,516224.07617071236,-0.0008686836001083886,-0.002570431959424635,0.0,-0.0015436188971867937
2024-01-17,353070.19084628916,489165.5717179147,1359035.1836549584,518055.59146981774,0.0,0.0,0.0,0.0
2024-01-18,359264.0506904188,496438.25384283013,1386488.0072066209,524925.3451104849,0.0,0.0,0.0,0.0
2024-01-19,365098.24574525154,502660.8993064568,1414078.9916706572,529663.9449345806,0.0,0.0,0.0,0.0
2024-01-22,365703.88090435986,503699.85637528315,1415858.6260080729,530011.9508543455,0.0,0.0,0.0,0.0
2024-01-23,367050.031017347,505240.5233330124,1421935.3668914717,531217.5558559197,0.0,0.0,0.0,0.0
2024-01-24,368548.09552159987,506164.9837734133,1430878.1768658848,531081.5009479553,0.0,0.0,0.0,-0.0002561189976961753
2024-01-25,368119.8399130618,506652.3082406376,1426247.532253995,530684.3958149197,-0.001162007384496011,0.0,-0.003236225617775812,-0.001003656665941599
2024-01-26,367108.9307112564,506461.21882424626,1419018.616769131,529844.846733252,-0.003904957935833675,-0.0003771608522912251,-0.008288308738295447,-0.0025840808676887983
2024-01-29,371491.1779732907,511913.0527798345,1437596.6106670778,535509.593433005,0.0,0.0,0.0,0.0
2024-01-30,368422.6635696533,509196.726254534,1421549.323897223,532411.9200696319,-0.008259992660870186,-0.005306226341661113,-0.011162579718665633,-0.005784533837227435
2024-01-31,361562.46277863014,500551.7510180862,1392770.9801078686,528151.2759571153,-0.026726651353681352,-0.022193811429603416,-0.031180951754198327,-0.013740776199204108
2024-02-01,365127.7181514623,505819.5286028588,1405604.7437734606,532254.7596732983,-0.017129504545827623,-0.0119034358352188,-0.022253716137221713,-0.006078012046135117
2024-02-02,368761.5979955011,509249.38421778585,1424060.7685479205,530951.1048893906,-0.007347630683132378,-0.005203361288766084,-0.009415605197397037,-0.008512431148788857
2024-02-05,372999.6086320603,514497.5877592074,1442109.7044255775,535684.510425355,0.0,0.0,0.0,0.0
2024-02-06,373512.95737579337,516474.2590461527,1440562.1111870618,537705.5972146253,0.0,0.0,-0.0010731452910734962,0.0
2024-02-07,374907.82469551044,517901.85213959357,1447337.2802242911,536991.1065349889,0.0,0.0,0.0,-0.0013287767197098788
2024-02-08,376018.7619100029,519070.00874532753,1452646.5897290204,537731.3409168418,0.0,0.0,0.0,0.0
2024-02-09,381959.6356345786,526205.3003937339,1478564.972017976,543401.668926823,0.0,0.0,0.0,0.0
2024-02-12,380890.6619840062,525650.1420566159,1471872.2023799508,542236.2297939567,-0.0027986560642629943,-0.0010550223205706422,-0.004526530632529946,-0.0021447102567201393
2024-02-13,375895.08212184894,519237.46771659073,1451227.1043908352,535725.0555020275,-0.015877472242987523,-0.013241661898748425,-0.01848945981036565,-0.01412695960238064
2024-02-14,383003.51562168123,528581.7585685046,1479992.994477523,543638.8377938621,0.0,0.0,0.0,0.0
2024-02-15,384433.3476026093,531593.2508196416,1482627.3208689103,545620.4405885749,0.0,0.0,0.0,0.0
2024-02-16,380216.15015412535,526844.7905260437,1463347.2736297613,541396.21055985,-0.010969905380953882,-0.008932506735697676,-0.013003974072088309,-0.0077420670387057244
2024-02-20,378551.26502783195,525076.446877734,1455439.8836477834,541779.2477788787,-0.015300656437478688,-0.012259004289199682,-0.01833733726503395,-0.007040045650695603
2024-02-21,377134.83799937187,524394.4322119559,1446422.5148845457,539746.7730803795,-0.018985110549727735,-0.013541967654002729,-0.024419357093154348,-0.010765116317598578
2024-02-22,387622.5839486243,536732.050790986,1492897.9741348913,548215.5798023398,0.0,0.0,0.0,0.0
2024-02-23,387515.5387729181,537559.4772793207,1489769.0338544052,549724.5205173801,-0.0002761582532569973,0.0,-0.002095883533032028,0.0
2024-02-26,386740.98274907004,535644.0513417386,1489132.9644557328,548688.1655388122,-0.002274380379423735,-0.003563188853587751,-0.002521947075010411,-0.001885226035747034
2024-02-27,387740.3285392389,536881.5880132387,1493389.0512736056,549100.3224394963,0.0,-0.0012610497902723061,0.0,-0.0011354743232052655
2024-02-28,386270.0018428061,535919.170533089,1484737.049768001,548621.4679695725,-0.003792039641509648,-0.0030513958279251296,-0.005793534844939274,-0.002006555113767572
2024-02-29,389032.7171552958,538421.2224217302,1499062.4405883902,551886.412848906,0.0,0.0,0.0,0.0
2024-03-01,392318.16117991076,541452.3078345913,1515967.5682547789,556397.0782057589,0.0,0.0,0.0,0.0
2024-03-04,391432.62551915075,540907.6491136112,1510658.964745712,557736.7957402515,-0.0022571875288585064,-0.001005921875480209,-0.003501792268008952,0.0
2024-03-05,386889.61325794423,536789.6402975778,1487111.1497761589,556900.0956513719,-0.013837105847050224,-0.008611409480662524,-0.0190349840477394,-0.001500170143461932
2024-03-06,388006.44873892714,538014.4607778677,1492308.348321222,558420.0744865269,-0.010990346274095453,-0.006349307237182855,-0.015606679475863694,0.0
2024-03-07,390832.4823675312,540530.5069832988,1507083.5579031643,560000.0457240129,-0.0037869233682971126,-0.0017024599174375599,-0.005860290508616917,0.0
2024-03-08,383207.0293079309,532243.2955684109,1471388.124131152,553243.7656777243,-0.023223834054935888,-0.01700798414362592,-0.029406594875210912,-0.012064784811854024
2024-03-11,379504.23074522335,527851.2585887092,1455079.5569497019,548624.3409742469,-0.0326620883319525,-0.025119570180199613,-0.04016445508473043,-0.02031375682310632
2024-03-12,384152.1116532547,533376.8220457116,1475515.7493229234,549716.1516499828,-0.020814864909889375,-0.014914491400314978,-0.026683828717011804,-0.01836409506133929
2024-03-13,384690.18413551,535760.0673408977,1473025.9122226373,552466.3306557636,-0.01944334420170446,-0.0105129120539873,-0.0283262366104422,-0.013453061523430954
2024-03-14,383830.85540150106,534708.185524777,1469331.8756479383,550249.2159454984,-0.0216337315430003,-0.01245561651918281,-0.03076298832733526,-0.017412194611355458
2024-03-15,381976.8517039211,533464.6858644983,1458504.8359914457,549514.9247451662,-0.02635949721238451,-0.014752217054974981,-0.03790498785504082,-0.018723428790600627
2024-03-18,386637.8629496121,539019.8454432286,1478959.8102586193,554128.1210320729,-0.014478805195290989,-0.004492477649768789,-0.0244119721101711,-0.010485578950887864
2024-03-19,388690.7691765377,542702.9310655607,1484525.8935279069,556168.8751596443,-0.009246046607843894,0.0,-0.020740334678180816,-0.006841375449202602
2024-03-20,397768.2862049773,554667.2096234411,1521173.0681641567,568223.0161137874,0.0,0.0,0.0,0.0
2024-03-21,398637.3290439268,555486.8935439927,1525588.6289389092,568180.6363467568,0.0,0.0,0.0,-7.458298208407044e-05
2024-03-22,400790.708131072,557644.3294811434,1536177.9270448799,570860.2875824613,0.0,0.0,0.0,0.0
2024-03-25,398646.53021446615,554900.7402728625,1527291.9345183806,568815.5190414746,-0.005349869328568957,-0.004919962533885491,-0.005784481322155921,-0.0035819071416687276
2024-03-26,397813.3944067168,554124.8104103595,1523031.2826146588,569035.4588678239,-0.007428599675473269,-0.006311404751588867,-0.00855802195746369,-0.0031966292879914704
2024-03-27,400584.04921659303,559361.1353385632,1529803.9101610545,572900.0780418583,-0.000515628008050939,0.0,-0.004149269932609334,0.0
2024-03-28,399537.8090443074,558357.3876116031,1524535.16969671,573472.8292114179,-0.0031260681980552762,-0.0017944538215951544,-0.007579042208064268,0.0
2024-04-01,399897.81069011777,557794.9260203673,1528883.5669184169,574182.3980816917,-0.0022278396750211593,-0.002799996673433447,-0.004748382331267509,0.0
2024-04-02,397379.935279269,554918.2861409468,1517521.0740650645,574531.789742667,-0.008510109597370086,-0.007942720573404394,-0.012144981809304567,0.0
2024-04-03,397936.5733550809,555377.6600107237,1520515.5167776835,576300.8275738398,-0.007121259844820815,-0.007121473188208549,-0.010195700635619698,0.0
2024-04-04,392571.15972816246,548747.0608864331,1497670.931025627,572171.1015565097,-0.020508330747581738,-0.018975352024959258,-0.02506675518592305,-0.0071659206784687735
2024-04-05,396177.8471133334,553422.6713290899,1512430.3983770567,575755.6721001395,-0.011509401101759131,-0.010616511649274574,-0.015458839923254142,-0.0009459564304207246
2024-04-08,397389.7609565023,555188.9164560634,1516856.612049315,577995.4022483836,-0.008485593866256691,-0.007458900196872897,-0.012577524162668552,0.0
2024-04-09,398756.43083381874,556391.7306312195,1524003.839182136,580666.6090069702,-0.0050756598293889565,-0.005308564574380892,-0.007924920446007788,0.0
2024-04-10,394848.35522052017,550581.0740036851,1510044.8518753604,574393.7162637408,-0.014826573545733246,-0.015696588089846086,-0.017011750207732268,-0.010802916244757044
2024-04-11,402618.2582704708,559074.7012621271,1546155.9009654657,584971.4721771426,0.0,-0.0005120736110182378,0.0,0.0
2024-04-12,397218.92908672657,552179.556565464,1523775.2372998015,580088.8897692392,-0.013410542301131922,-0.012838894802286283,-0.014475036865098101,-0.008346701745525209
2024-04-15,391692.0836140156,545585.6858440969,1499597.844908978,578208.5359413117,-0.02713780220348372,-0.02462711229683212,-0.030112135540416918,-0.011561138546911764
2024-04-16,393710.7144856269,547869.899785331,1508767.6194959197,581072.1085318103,-0.02212404331365414,-0.02054350012407813,-0.024181443440599804,-0.0066659039471098636
2024-04-17,391383.7078446719,546365.1565402584,1495113.712147547,580111.185787319,-0.027903728147002482,-0.023233610591194775,-0.03301231705421592,-0.008308587035423587
2024-04-18,388966.62241684133,543986.131205401,1483161.0064789774,577712.1921319035,-0.03390714547391083,-0.027486722193983293,-0.0407429124366776,-0.012409630880325873
2024-04-19,383913.42378737417,540174.3675562049,1454997.77594257,575271.013898983,-0.0464579886750468,-0.034301217174741994,-0.05895791295429764,-0.016582788630796874
2024-04-22,387685.66970959876,545254.6859134661,1469915.365145536,574208.769436162,-0.03708870190094704,-0.02521885868341378,-0.04930973375474168,-0.018398679684197394
2024-04-23,393314.163907973,552342.274581418,1493519.7479268084,578400.7756625876,-0.023108972758626112,-0.012547995049561167,-0.03404323781695606,-0.011232507612893072
2024-04-24,393707.50571358507,551834.0502976784,1497911.3932566529,577829.9619911703,-0.02213201307651491,-0.013456574948362943,-0.031202873965482714,-0.0122083050638232
2024-04-25,393314.20234010695,551567.2575028632,1495637.7144349415,578882.3668640027,-0.023108877303109177,-0.01393353478336079,-0.03267341055257045,-0.010409234642635767
2024-04-26,399074.4832183663,558004.8680242877,1522024.2348524237,584559.8084716009,-0.008801824008994319,-0.002424672056371202,-0.015607524505112047,-0.0007037329598478248
2024-04-29,407354.5610382728,569435.3961211327,1554005.3559741855,595814.9797082436,0.0,0.0,0.0,0.0
2024-04-30,395455.7834385313,553649.7573833901,1506297.3185876636,579850.2077309247,-0.02920987939698949,-0.027721562174165548,-0.03070004694843176,-0.02679484826839451
2024-05-01,396924.2454665421,556822.8078373016,1508875.9601965547,585459.085880741,-0.025605004998951686,-0.022149287469211076,-0.029040695132829697,-0.01738105650276478
2024-05-02,396178.2947445988,554840.0063126808,1508582.2297859434,581389.036700373,-0.02743621248572181,-0.025631335719332515,-0.029229710189619618,-0.024212118693179963
2024-05-03,395740.5467893305,552124.825756247,1512622.0697597165,576796.4487508874,-0.028510824131538604,-0.03039953343750912,-0.0266300795266734,-0.03192019604251828
2024-05-06,401313.3587882071,559725.473839372,1534396.1440803898,583492.616806716,-0.01483032922147176,-0.0170518417855694,-0.01261849698162909,-0.020681525844754134
2024-05-07,403320.3884725091,562791.5071531499,1541345.7102939326,585940.0598640398,-0.009903344534749614,-0.01166750260563254,-0.008146462064358095,-0.016573802573811358
2024-05-08,404556.10588195664,564710.6821098592,1545539.1839806475,586972.6686684466,-0.006869826495089271,-0.008297190591693426,-0.00544796834900918,-0.014840699446876826
2024-05-09,407921.10315924115,570427.2515920656,1555627.0663053906,593428.8757499123,0.0,0.0,0.0,-0.004004773360179237
2024-05-10,408586.40301743586,571051.7400038507,1558994.5256757294,594578.9167090027,0.0,0.0,0.0,-0.002074575231133302
2024-05-13,410215.86262352235,572705.2144166058,1566905.5957990636,595099.7724408396,0.0,0.0,0.0,-0.001200384837175994
2024-05-14,413576.3025867676,576865.2095628051,1581184.4890204207,600028.7256420316,0.0,0.0,0.0,0.0
2024-05-15,420083.66553196346,584999.0890141659,1608622.7015934635,608342.6702275826,0.0,0.0,0.0,0.0
2024-05-16,413288.6771609632,575528.9649776345,1582623.2780629136,598244.6613857213,-0.01617532155742263,-0.01618827142532886,-0.01616253674947865,-0.01659921181935764
2024-05-17,416422.6013566981,580454.3958870269,1593100.4801523313,604641.6471216811,-0.008715083388518008,-0.007768718298002297,-0.009649386040465724,-0.006083780222940538
2024-05-20,419130.0296173463,582525.6738177032,1608080.4212203063,607742.0587383541,-0.002270109487379268,-0.004228066749011439,-0.00033710849201618043,-0.000987291404372037
2024-05-21,421714.41256841365,586263.8515448758,1617598.8195701009,610984.5879561068,0.0,0.0,0.0,0.0
2024-05-22,420749.8157333318,584130.9346565373,1616048.7654761947,607049.187215503,-0.0022873224303791018,-0.003638151802670464,-0.0009582438334853061,-0.006441080214099504
2024-05-23,419485.02076536306,581545.3941713773,1613443.0257584145,603456.2925268855,-0.005286496587756373,-0.008048351200683368,-0.0025691127870572927,-0.012321579918088021
2024-05-24,423588.5896500774,586398.1130331743,1631496.398985416,607309.5836961549,0.0,0.0,0.0,-0.006014888644320204
2024-05-28,424198.5042245201,586329.3970283321,1636324.257021122,608238.312995306,0.0,-0.00011718319570774849,0.0,-0.0044948350824817185
2024-05-29,422338.0477674809,583771.5341794111,1629110.5304332017,605545.1418254132,-0.004385815693622841,-0.0044791734410212225,-0.004408494561495169,-0.00890275505784821
2024-05-30,419584.14710876736,581174.8527725535,1615203.2775384143,605188.4311090873,-0.010877825050770284,-0.008907361985875606,-0.012907575862230236,-0.009486584377535578
2024-05-31,419327.74688228255,584030.9816617664,1605498.4889855671,603585.8208588897,-0.011482259587741406,-0.004036730880943251,-0.018838422704600233,-0.01210958057382061
2024-06-03,421233.5272206217,585352.5114942876,1616453.2850988708,607742.7904276875,-0.006989597969749295,-0.0017830915817211856,-0.01214366396940525,-0.0053058581056256715
2024-06-04,419080.8520401984,581890.8969762836,1609492.1558924667,603524.4293319174,-0.012064286255976664,-0.007686273125226961,-0.016397789749509784,-0.012210060239236764
2024-06-05,423199.0288608867,585215.24058996,1631923.8899278827,606957.7039199636,-0.0023561501365040316,-0.002017183235968889,-0.002689177939126819,-0.006590811152232368
2024-06-06,425317.4918565446,588241.1826461797,1639826.448316567,611108.7953752794,0.0,0.0,0.0,0.0
2024-06-07,424238.9619673614,586651.9083266904,1635937.882262806,602818.3266483776,-0.0025358230259361347,-0.0027017392973744947,-0.0023713278059108722,-0.013566272960955583
2024-06-10,428858.41749962023,592758.0795734926,1654530.0402724885,609343.9312298795,0.0,0.0,0.0,-0.0028879704542889018
2024-06-11,431419.7736437535,594969.8393614781,1668083.391123011,612814.0794327459,0.0,0.0,0.0,0.0
2024-06-12,436204.74176721775,600104.6537592007,1690630.9996993255,617631.1202649509,0.0,0.0,0.0,0.0
2024-06-13,436983.17762908083,600145.58607463,1696494.7386144747,617388.9400125567,0.0,0.0,0.0,-0.00039211147956774717
2024-06-14,439176.1895047026,601766.8667485693,1708851.891340774,621899.238987434,0.0,0.0,0.0,0.0
2024-06-17,444806.73781662364,608169.9342869262,1734386.7056973472,625246.0458507077,0.0,0.0,0.0,0.0
2024-06-18,445868.17283667484,610311.0524303223,1736618.8300385983,627589.4232254851,0.0,0.0,0.0,0.0
2024-06-20,444253.5916925124,609648.8628659232,1726052.1591346797,628435.5988893054,-0.0036212074387150794,-0.001085003395829287,-0.006084623016372359,0.0
2024-06-21,446088.1101716079,612581.8822920393,1732031.3976322268,629290.3472628777,0.0,0.0,-0.0026415885437965914,0.0
2024-06-24,445394.0059702998,614163.5072551611,1722330.7358621894,631339.898808154,-0.0015559800530013934,0.0,-0.008227536134737923,0.0
2024-06-25,448319.26242776704,615853.6797244755,1740119.6942142097,632470.2286324338,0.0,0.0,0.0,0.0
2024-06-26,449063.9854182763,616622.3240773344,1743713.3328651004,630640.4922709861,0.0,0.0,0.0,-0.0028929999842112197
2024-06-27,452634.99220686615,621210.5877530794,1758450.6458034948,637092.5752402999,0.0,0.0,0.0,0.0
2024-06-28,450751.3482386784,619020.3174566501,1750041.4086972768,635042.2180216196,-0.0041615076178795896,-0.0035258096684274154,-0.004782185457571142,-0.003218303427734881
2024-07-01,453146.21547108004,621143.5186875946,1762715.5592730825,636389.4146782272,0.0,-0.00010796510363320078,0.0,-0.0011037023336954999
2024-07-02,458770.324458717,627674.8174325831,1787920.7262858688,642133.7061777472,0.0,0.0,0.0,0.0
2024-07-03,461687.1753141735,630444.6537951783,1802737.5482288613,647038.4332505019,0.0,0.0,0.0,0.0
2024-07-05,465011.05970200116,633506.9250397729,1819887.7932624742,652156.4076393861,0.0,0.0,0.0,0.0
2024-07-08,463756.0662943907,631407.8743162521,1816076.0705404116,647853.7849988325,-0.0026988463638148996,-0.0033133824439077753,-0.00209448227312381,-0.006597531803954615
2024-07-09,464814.6297563254,632883.528454092,1820124.2051942358,649086.611463136,-0.0004224199437355969,-0.0009840406805998736,0.0,-0.004707147151036706
2024-07-10,470922.2565339409,641029.4730239395,1844521.0349377987,655076.8973010264,0.0,0.0,0.0,0.0
2024-07-11,464492.84852754045,636589.3765159338,1807156.7267328124,655033.0663378807,-0.013652801321648811,-0.006926509146389814,-0.020256916292768823,-6.690964576261393e-05
2024-07-12,457472.74224160914,627103.4350856994,1779462.485444202,643410.4099332284,-0.02855994616037527,-0.0217244893164531,-0.03527124291959649,-0.017809340271142116
2024-07-15,459041.30705390224,629273.1835267344,1785508.5757855484,644756.9879523693,-0.02522911014545004,-0.018339701982417522,-0.031993378245339654,-0.015753737295844283
2024-07-16,459987.26734831324,632317.1961132486,1784251.748927922,649018.5042121286,-0.023220370313586036,-0.013591070734380373,-0.0326747621026231,-0.0092483693347436
2024-07-17,450607.91552779835,624275.3222882155,1734164.1086351827,642221.2727254182,-0.0431373559526772,-0.02613631890697532,-0.059829584055861695,-0.01962460381151354
2024-07-18,440270.971750095,609056.074157214,1696920.4518510837,627994.682712334,-0.06508778117527081,-0.04987820406431054,-0.0800210896438448,-0.041342038927450364
2024-07-19,440969.3654799032,610700.780189713,1697695.1656825573,628056.1939152062,-0.06360474714976427,-0.04731247799131055,-0.0796010815133874,-0.04124813971786789
2024-07-22,447291.9405904078,618064.9382572534,1725969.2130556193,632950.0873701109,-0.050178804708564395,-0.0358244600803691,-0.06427241524311345,-0.03377742372243597
2024-07-23,444650.5110946698,615013.9809920995,1714084.5659290776,630697.9525892156,-0.05578786110606693,-0.04058392496232144,-0.07071563107065337,-0.03721539381445771
2024-07-24,428567.4024176416,596773.8610232312,1640770.7310070791,616209.3220971983,-0.0899402258624119,-0.06903834201560277,-0.110462445302279,-0.05933284376836645
2024-07-25,419982.3045204311,586510.822320669,1603123.660750877,604273.4059218289,-0.10817061904959768,-0.08504858668368054,-0.13087265995590125,-0.07755347744442254
2024-07-26,423955.93844978913,592331.8781160094,1617523.5580281394,609037.7285066579,-0.09973263618889239,-0.075967793927178,-0.1230658109124324,-0.07028055635003139
2024-07-29,425722.006837017,594384.4543055185,1625433.8029976406,611217.5050003738,-0.09598240276347214,-0.07276579421283336,-0.11877730196096481,-0.06695304395767443
2024-07-30,420913.3952905018,590198.9706338859,1599931.6164663795,609100.2063594789,-0.10619345454494311,-0.07929510970887188,-0.1326032145139876,-0.07018518151223996
2024-07-31,427249.83652919903,595257.929352609,1634825.8787055935,615150.6973441888,-0.09273806748098401,-0.0714031812849597,-0.11368542416176708,-0.06094887504251334
2024-08-01,412986.471375396,575581.6497798859,1564654.69808988,597670.3605143583,-0.12302622004948549,-0.10209799392735486,-0.15172846042244048,-0.08763327942595445
2024-08-02,406254.1412370055,562816.9113652961,1521978.6613900433,591325.0114758047,-0.13732227432379718,-0.12201086681660667,-0.17486510993279736,-0.09731969802001106
2024-08-05,388048.37655025854,533178.901659387,1440802.663686458,566996.4032816074,-0.17598208373850632,-0.16824588556870423,-0.2188743655422477,-0.1344582512103819
2024-08-06,388801.2236445273,538855.9354096778,1456627.803426878,567873.3787031359,-0.1743834183880728,-0.15938976585940223,-0.21029482676731914,-0.13311951460534877
2024-08-07,383797.7336020249,531369.9318040828,1430396.612438302,560725.2280548537,-0.18500829324391177,-0.1710678616734389,-0.22451596628902737,-0.1440314406368317
2024-08-08,396382.7292116083,548882.4845851656,1488331.7775440058,575278.9419026515,-0.1582841462430653,-0.14374844264817854,-0.1931066388764736,-0.12181463844496643
2024-08-09,402101.64085504244,557131.9772203086,1511923.20621399,583700.7011231536,-0.14614007880075286,-0.13087931106796036,-0.18031663636464013,-0.10895850009662822
2024-08-12,404307.2278774229,555057.8487815387,1508745.8608024076,584541.2183288829,-0.14145653073782227,-0.13411493209016645,-0.1820392219851883,-0.10767541835585492
2024-08-13,408719.30432470766,563955.9018112835,1545551.0153312383,590615.8966920532,-0.13208751836673938,-0.12023405234251627,-0.16208544871197006,-0.09840218892554164
2024-08-14,407069.5395338726,565692.6957661386,1545936.4665857696,590062.5617806732,-0.1355907819478186,-0.11752466996940625,-0.1618764777936501,-0.09924687588314873
2024-08-15,413612.626523074,576492.8742098814,1588032.969147069,596901.6650638074,-0.12169658412977646,-0.10067649231418097,-0.13905402049230586,-0.08880672250373356
2024-08-16,424085.6006302398,585511.2485864538,1611336.5227935908,609089.0831932602,-0.09945729948808524,-0.08660791238753596,-0.12642008831960616,-0.07020216145194547
2024-08-19,422885.9402239155,586094.575885168,1618652.826674937,607281.2643577338,-0.10200476966958405,-0.08569792724135772,-0.1224535822495938,-0.0729618662178666
2024-08-20,419621.20712918683,580170.3265281908,1601533.1827251131,602719.6459124425,-0.10893740674381702,-0.0949397009916827,-0.13173493151346993,-0.07992535167138448
2024-08-21,416444.15522704873,576798.7788759506,1594174.0910059707,598477.015818058,-0.115683853440819,-0.10019928388782551,-0.135724634845528,-0.08640188917692682
2024-08-22,410001.28327405476,571370.1480388341,1566426.680184506,591508.7074279474,-0.1293652453555152,-0.10866789736905591,-0.15076778713053307,-0.09703927910598797
2024-08-23,417690.09045329085,581754.4814477799,1595243.1741457393,601534.3282861451,-0.1130381190144778,-0.09246843409015293,-0.1351450355243391,-0.08173478447413018
2024-08-26,410060.8434584028,571626.5939438867,1555962.8019945675,590978.6956938731,-0.12923876973555537,-0.10826784414865886,-0.15644073853186613,-0.09784836233920546
2024-08-27,412701.4386143567,574462.6401009089,1566203.2442036227,594082.9019645323,-0.12363148505253974,-0.10384363859123935,-0.15088892209004356,-0.0931096724488295
2024-08-28,407385.63714293466,568989.7017193432,1542634.2636505514,588208.6009952385,-0.1349195509650476,-0.1123813714286207,-0.1636667544414464,-0.10207701810473102
2024-08-29,409453.41184538836,570850.8092529672,1545276.0540578023,590392.2861297918,-0.13052864636505512,-0.1094780610319167,-0.1622345179110889,-0.09874353902227484
2024-08-30,411683.23411303386,578123.6141762016,1568642.5573244547,593819.4329564907,-0.12579363493438434,-0.09813255317417935,-0.14956645784342992,-0.09351186799125688
2024-09-03,410799.0930135314,573385.7898711461,1540248.9727928983,593980.0142627433,-0.12767110215372934,-0.10552351490750767,-0.16495993072540982,-0.09326673447042255
2024-09-04,406678.258539336,566873.1019957695,1521912.5873254978,588724.6926954165,-0.1364216643049545,-0.11568324725905477,-0.174900931733305,-0.10128918433696366
2024-09-05,402207.03219700314,557600.6025918481,1502069.0537046827,581857.4062379067,-0.14591628104964127,-0.13014825985852252,-0.18565902732828643,-0.11177236041263305
2024-09-06,397555.1138274472,548480.0466253873,1462536.501820863,575012.575005771,-0.15579459600505396,-0.14437624211249944,-0.20709144861002737,-0.12222125772581405
2024-09-09,398054.1766861189,551112.7812110303,1471974.1799563975,575545.648804536,-0.15473483964028822,-0.14026920071045035,-0.20197484762973406,-0.12140750013344392
2024-09-10,401736.67521143187,556197.6197825263,1492782.3354067411,581537.901128486,-0.14691508070084724,-0.13233689995755493,-0.19069378601199793,-0.1122600972122928
2024-09-11,400779.80389850994,558202.7414776267,1515153.313570149,581888.5404124733,-0.14894699000147082,-0.12920892881195123,-0.17856544605833502,-0.1117248329014433
2024-09-12,407024.9361316953,564313.5194190084,1533855.7027491862,588315.6364077928,-0.1356854969491983,-0.11967617220942683,-0.16842601754286246,-0.10191362444362762
2024-09-13,406988.67303468444,562920.4998928213,1528938.6771047995,586973.4787919852,-0.13576250137298096,-0.12184926967968168,-0.17109176412490268,-0.1039624795037547
2024-09-16,405225.72567657864,560927.0905213902,1514556.8871338263,583980.0776157891,-0.1395061073156717,-0.12495896970958442,-0.17888879636176103,-0.10853202116906013
2024-09-17,404166.99814192974,561156.308826889,1515356.986919454,583023.8492061503,-0.1417543075652019,-0.12460139129058045,-0.17845502533368762,-0.10999174049907867
2024-09-18,405493.43407375517,564360.0940559767,1521924.1224061053,585239.6146247073,-0.13893763047376817,-0.1196035162100878,-0.17489467803362413,-0.10660928963310234
2024-09-19,414117.10613963904,576799.6596355303,1568041.2767883476,596466.3208470411,-0.1206253253188676,-0.10019790991109467,-0.14989243977842448,-0.08947129214213778
2024-09-20,416856.34171230166,576399.2325969981,1566679.7715842386,598425.0580227306,-0.11480857842560377,-0.10082257235702452,-0.15063057459950813,-0.08648120474360532
2024-09-23,421130.8805123024,582474.9822914843,1585660.9776459609,604417.993585208,-0.1057316262520922,-0.0913444594930014,-0.14033998658115987,-0.07733275883264623
2024-09-24,423637.7717748501,582656.9800844332,1589260.0792827748,606361.0269297156,-0.1004082608180632,-0.09106054463322055,-0.13838874744176166,-0.07436664393451264
2024-09-25,420894.7953724287,578639.8709646792,1583258.1370260366,602503.4398712264,-0.10623295133621813,-0.0973271973985046,-0.14164267740138425,-0.08025539848284557
2024-09-26,427892.15957044344,587923.2372999539,1614344.7057791858,612189.3092844359,-0.09137409915642014,-0.08284523248746523,-0.12478921345907834,-0.06546954745815492
2024-09-27,427006.5984777508,588665.2508517397,1609734.4514238941,612112.2022503377,-0.09325458172101697,-0.08168769826632338,-0.12728864516409388,-0.0655872543020628
2024-09-30,419364.75861865486,581682.721550376,1588588.1726694547,601796.1633087818,-0.1094819732980068,-0.09258037886090642,-0.13875301903346127,-0.08133508327307193
2024-10-01,420644.172673275,580214.4216154513,1576625.310421094,604367.2696235592,-0.10676514682215321,-0.09487091306676476,-0.14523863888911337,-0.07741019090490786
2024-10-02,421057.9178912608,580564.2742788971,1579138.457939718,604348.4100619829,-0.10588656184927248,-0.09432514617433874,-0.14387614560710615,-0.07743898074874755
2024-10-03,429086.12645975756,590977.1770003672,1609202.8735883413,615020.928255176,-0.08883871911704411,-0.07808111503432091,-0.12757683804749498,-0.06114697253236134
2024-10-04,431943.4902408035,597397.2329362443,1631215.330460656,617522.4663731542,-0.08277112782909646,-0.06806588764455412,-0.11564286903582854,-0.057328278683921985
2024-10-07,434684.63208677317,599979.0532584281,1635502.2536060086,621651.2363356961,-0.07695033297827569,-0.06403827201870071,-0.11331873010536786,-0.05102555303514278
2024-10-08,434325.6961390056,602910.3621962718,1652410.0510983744,621591.4017522404,-0.07771253086293173,-0.05946545741157239,-0.10415223258535666,-0.05111689282090259
2024-10-09,434906.11756416206,607139.6302003583,1665557.9944256132,622547.1061364908,-0.07648001017166417,-0.05286783876521628,-0.09702412557101614,-0.049657973435731195
2024-10-10,439180.61902615125,610171.9713518816,1674906.8942767694,627416.2104775894,-0.06740313728514957,-0.04813741484692313,-0.091955655396876,-0.04222509897296245
2024-10-11,440552.8617139761,611949.2468234039,1672396.556728298,628437.7059034987,-0.06448918987921315,-0.04536488168532249,-0.09331662526434947,-0.040665747040207756
2024-10-14,443922.6592800908,619567.7835840868,1693575.162962913,633212.4613631307,-0.05733344916116556,-0.03348003538528599,-0.08183472517567458,-0.03337689976242342
2024-10-15,442688.0313244416,616137.1024579916,1674697.0006436761,632568.617905278,-0.05995517268032191,-0.038831865949193745,-0.09206944842450626,-0.0343597514864048
2024-10-16,442129.03430882527,616454.3145279115,1668511.8697748696,631898.721368672,-0.061142198793147085,-0.038337018078278384,-0.09542269338710174,-0.03538237423400292
2024-10-17,445028.0778327705,618479.608179549,1675009.150600892,634190.9104364878,-0.05498610087311551,-0.0351775788685903,-0.09190021752320277,-0.03188325973727768
2024-10-18,450426.38240923896,623033.6027100552,1691894.7834247858,639965.0453472633,-0.04352284021476216,-0.02807338986925534,-0.08274573649313777,-0.023068821410165974
2024-10-21,449309.140463545,619938.4846967544,1689498.6148708104,636649.309963603,-0.045895295392219815,-0.032901745106496016,-0.0840448100784148,-0.028130418601765128
2024-10-22,455027.12063132506,623771.63757931,1702702.3023501982,642628.7770041184,-0.033753205931710384,-0.026922062355758558,-0.07688648158592726,-0.019002532905976866
2024-10-23,450395.57512812456,620259.42975123,1682544.0813466457,638578.4157625263,-0.04358825925301524,-0.03240107381448565,-0.08781518373772046,-0.025185564635961444
2024-10-24,458851.7802963794,628308.8128413336,1714491.75357197,648748.91366154,-0.025631568841961383,-0.019844111258408348,-0.07049487585280567,-0.009659909646574594
2024-10-25,457736.78774446715,624038.0777599737,1713806.1782945446,645488.4004057006,-0.02799924744801996,-0.026506418158609768,-0.07086655785829088,-0.014637208142786351
2024-10-28,461308.2134386905,630788.2089899904,1727284.3752836839,650634.1467757062,-0.02041535086069446,-0.01597627638810084,-0.06355940508863234,-0.006782029016173086
2024-10-29,466732.11176265136,632746.7648295758,1746469.0052601066,655332.6570305454,-0.00889774206496341,-0.012920947542851002,-0.053158531575650314,0.0
2024-10-30,466575.83372207946,631223.7880614399,1734344.8928161191,654686.447061335,-0.009229597351910646,-0.01529677709863031,-0.05973157260599904,-0.0009860793022867798
2024-10-31,456903.11654090096,618567.1811878643,1689793.085833577,644302.0217130827,-0.029769542208989974,-0.03504096579228022,-0.08388516377610167,-0.0168321160240128
2024-11-01,454702.2170803874,616215.1013100247,1688695.6206781561,639387.4431965528,-0.03444313626825679,-0.03871018846739993,-0.08448015029814904,-0.024331480604436573
2024-11-04,454466.31207148416,616129.898394377,1687177.3549134037,640944.4248473324,-0.034944078845572046,-0.038843104221251146,-0.0853032722555539,-0.021955616020128188
2024-11-05,460079.51653146185,623534.9380705984,1708577.133051941,645331.5311251715,-0.023024479841499246,-0.027291311382008465,-0.07370146466800376,-0.015261143784122133
2024-11-06,469441.30939952773,635510.1734113962,1745294.9589314414,643692.589532177,-0.0031447805107219784,-0.008610055925364901,-0.053795036286861,-0.017762074533431815
2024-11-07,484002.8358662963,652624.8322335165,1806546.7544595816,663751.9239617912,0.0,0.0,-0.02058761041968693,0.0
2024-11-08,481744.4300296523,650609.7564794157,1795296.281958932,659047.7056521028,-0.004666100421915398,-0.003087647994031273,-0.02668701090769976,-0.007087314009743162
2024-11-11,480963.8686578742,650056.3797355592,1791016.0155325986,653785.2397806761,-0.006278821079597208,-0.003935572738118287,-0.029007540923492114,-0.015015676522074917
2024-11-12,481589.87182409316,650478.1844890265,1794508.9912718078,653065.4104703648,-0.004985433686321872,-0.0032892523214959057,-0.02711383753217944,-0.01610016198166464
2024-11-13,485080.8709050324,655776.5268705076,1805920.47858475,656269.9697270205,0.0,0.0,-0.020927143481641264,-0.011272214760768673
2024-11-14,484246.8047908462,654820.6710321761,1802345.096279749,656833.3239042521,-0.0017194372407017822,-0.001457593858830264,-0.022865523276329625,-0.010423472697816738
2024-11-15,478547.64165585523,650754.5505242243,1771163.7295017273,654706.3473371804,-0.013468330006474738,-0.007658060544266765,-0.03977038160399471,-0.013627947879412128
2024-11-18,475640.45727247867,645887.2655715935,1762906.6322960956,652252.9637035569,-0.01946152528121836,-0.015080230678745976,-0.0442469351640955,-0.017324183694413242
2024-11-19,477999.4027320376,648051.3455119889,1774495.5727267193,655555.7509053354,-0.014598531085719069,-0.011780204142689987,-0.03796403558685402,-0.012348247531298484
2024-11-20,478254.9184269882,648694.3716446469,1774631.895371407,656579.8422556639,-0.014071782433532798,-0.010799647342758956,-0.037890128788229616,-0.010805364846731669
2024-11-21,482190.60282179445,654608.9665129323,1787657.6007584617,661774.7547191475,-0.00595832212027958,-0.0017804241380019459,-0.030828292604022534,-0.0029787774185910942
2024-11-22,479973.12735642225,652083.9493349302,1778107.466443165,660118.0829861895,-0.010529674235721598,-0.005630847376009607,-0.036005861270578254,-0.005474697465149503
2024-11-25,480943.0166933974,653990.3524879696,1780088.3380066156,657692.961736526,-0.008530235801537223,-0.002723754677621759,-0.034931939354844954,-0.00912835354073338
2024-11-26,484217.39286088524,658394.640704164,1792339.699352615,660439.1342603709,-0.0017800702850560013,0.0,-0.028289910820639363,-0.004991005798743342
2024-11-27,477310.44093492604,650578.8079234855,1762458.8120302167,653729.8501486061,-0.016018834046390595,-0.01187104556671259,-0.04448971920255129,-0.01509912582002848
2024-11-29,475119.53385285323,646769.5458531766,1756622.7433265364,650380.7737534157,-0.020535415122830858,-0.017656727640665726,-0.047653721451990094,-0.020144800678792874
2024-12-02,474089.063853101,642459.8888387909,1760760.277639973,645523.7528636515,-0.02265974131575954,-0.024202432523342865,-0.0454105731034129,-0.027462325064671278
2024-12-03,473692.43241815525,641085.5953338374,1761564.0501069927,644277.7617765551,-0.023477401748762672,-0.026289772577453352,-0.04497481094521838,-0.029339519001314596
2024-12-04,478542.9197292651,645666.1998252762,1785000.141184756,648987.6719659404,-0.013478064314449645,-0.019332540230392214,-0.03226902411283694,-0.022243629679784882
2024-12-05,480419.4449086343,648566.5417759594,1790997.1415086112,651035.2072465488,-0.009609585279462984,-0.014927367752710308,-0.029017773403160252,-0.019158839705260777
2024-12-06,481882.1886969892,648242.3406499801,1802705.343391543,651833.9657981729,-0.006594121516429352,-0.015419779303376235,-0.022670216687263656,-0.017955440479151652
2024-12-09,478193.9899784651,644144.1822903143,1786558.907594452,649961.0056526072,-0.014197387156739905,-0.021644250321674274,-0.03142394488621347,-0.020777217829922145
2024-12-10,481013.04810650635,648039.470724347,1796824.6380644527,656713.2369022175,-0.008385865208282772,-0.015727907457967705,-0.025858418510773196,-0.010604394210356971
2024-12-11,488484.93167201296,654770.1642664425,1833812.0493701107,663776.4907756262,0.0,-0.005505021173691671,-0.005805835425481631,0.0
2024-12-12,487046.7294971566,653275.7799450103,1827233.6896405814,660660.9793289789,-0.002944209906196371,-0.007774760671926173,-0.00937226790574408,-0.00469361523034173
2024-12-13,489987.02558940416,654613.3197323034,1845356.1280370178,660635.5268430087,0.0,-0.005743243851159652,0.0,-0.0047319601948349055
2024-12-16,497412.27938155644,661139.6219420375,1882554.5524871096,668005.8191479124,0.0,0.0,0.0,0.0
2024-12-17,497333.82140363555,661131.672447549,1881995.4980213016,668670.481226696,-0.00015773229004001355,-1.202392690546894e-05,-0.00029696587813055064,0.0
2024-12-18,479312.08800355904,639287.9457940212,1808047.5653952777,650843.000776886,-0.0363887103882955,-0.03305153015005957,-0.03957759789398829,-0.026661084869643137
2024-12-19,481580.027130118,643673.4868004927,1812900.413662511,654200.275053869,-0.03182923483739286,-0.026418224777150057,-0.03699979834984124,-0.021640264643178253
2024-12-20,495907.00654227484,663916.4238836687,1863858.2818325716,672576.6079190014,-0.0030262076383661407,0.0,-0.009931330080096612,0.0
2024-12-23,496299.472048374,663185.2184102562,1868752.546279676,668972.7163887353,-0.002237193127934023,-0.0011013516869115003,-0.007331530546723974,-0.005358336117898488
2024-12-24,504461.6677061154,673263.8594415595,1901739.6469183795,676299.1210079646,0.0,0.0,0.0,0.0
2024-12-26,504200.915158347,673171.5657835144,1900060.8840089086,677304.9553684453,-0.0005168926887033631,-0.00013708393336553382,-0.0008827511758463524,0.0
2024-12-27,500133.0572290737,668692.4345168151,1882141.1013940377,674241.2537462246,-0.008580652910110564,-0.006789945517848173,-0.010305588126166332,-0.004523371042744029
2024-12-30,494336.94955996715,661585.4292838837,1858580.3763398957,670988.0718158578,-0.020070341899687483,-0.01734599294749395,-0.022694626285159503,-0.009326498355753499
2024-12-31,488586.4438422336,655512.5172635269,1832543.4881990731,665937.6051930716,-0.03146963363156907,-0.026366099901391604,-0.03638571601082896,-0.016783208339572697
2025-01-02,492058.75517881085,656917.4592637162,1837393.3482744445,670624.0670018203,-0.024586432074617304,-0.024279337066156925,-0.0338354930698338,-0.009863929554436268
2025-01-03,493004.3945565036,663625.6601049199,1863235.626101637,672313.2716428968,-0.022711880571045562,-0.01431563450418094,-0.020246736128752052,-0.007369920574157085
2025-01-06,495931.8751600223,667953.3071576225,1886074.8953919248,675369.5688859059,-0.016908703063366004,-0.007887772690400863,-0.008237064180598108,-0.0028574816516535595
2025-01-07,493643.6319084497,661501.3857886891,1855501.1648951638,671689.5612783724,-0.021444713226393186,-0.017470822899400607,-0.024313781383346278,-0.008290791386603935
2025-01-08,496543.28059903084,664538.2716193713,1861625.3486751735,675255.1026602408,-0.015696707230682172,-0.012960131009298048,-0.02109347528627703,-0.003026484144190711
2025-01-10,494438.7165055304,653615.042560077,1830256.0410075537,669630.4752038472,-0.019868608146504596,-0.029184422431021706,-0.03758853428052544,-0.011330908040416254
2025-01-13,490661.6380271545,653961.5167145601,1822515.4168447305,666677.210290351,-0.027355953013659673,-0.028669803757192303,-0.04165882022916523,-0.015691225929851615
2025-01-14,490102.702251442,652692.1712511725,1814753.7587296758,665480.9460225919,-0.028463937646573623,-0.030555164816733593,-0.0457401665520607,-0.01745743811872935
2025-01-15,499695.26820519636,667461.6706153213,1864597.600465889,678247.0713365021,-0.009448486983347548,-0.008618001315340074,-0.0195305632464865,0.0
2025-01-16,494014.90587770834,658612.1607322581,1830506.0716580015,670619.4064460278,-0.020708732689067366,-0.02176219398061008,-0.03745705958005685,-0.011246144971099992
2025-01-17,493947.5487176388,661397.2315665075,1850692.7489022708,670443.7219696988,-0.02084225554002206,-0.017625523349634187,-0.026842211602848054,-0.011505172224963167
2025-01-21,498879.55051156325,666991.6446849833,1860264.8021178965,675675.873400963,-0.01106549328105566,-0.009316131660146887,-0.021808897378613135,-0.0037909458723831557
2025-01-22,505040.60958418914,673009.3486529907,1890421.1543228019,681536.2247621483,0.0,-0.0003780253239494824,-0.005951652011840003,0.0
2025-01-23,507378.2303855768,679575.7971067405,1902539.7651277508,685074.1246187275,0.0,0.0,0.0,0.0
2025-01-24,506598.92647121334,676357.5170863757,1888341.8541777956,683768.4323177299,-0.0015359427497928513,-0.004735719008926553,-0.007462609302676948,-0.0019059139063589692
2025-01-27,495311.7276457867,665035.173360203,1828538.0537869392,673835.5854064524,-0.023782066350423126,-0.021396618020305347,-0.03889627575581456,-0.016404851399882903
2025-01-28,498405.2166690844,667153.2325629662,1845615.332334309,675606.7557146547,-0.017685058560107048,-0.018279880767771317,-0.02992023285758738,-0.013819481080739715
2025-01-29,499059.18902118044,666949.3271698175,1849878.9109565273,676499.5490481155,-0.016396133823231573,-0.018579928818359237,-0.0276792396860559,-0.012516274170162434
2025-01-30,502674.170474311,668852.1424872383,1853118.1612543587,679395.8722709225,-0.009271308127845712,-0.015779924277994684,-0.025976646995377606,-0.008288522575517154
2025-01-31,499343.6086391028,660692.0494647234,1837629.8879984315,673633.5332053712,-0.01583556657598051,-0.02778755176746095,-0.034117487749309006,-0.01669978620156387
2025-02-03,501875.7369233384,661637.348891654,1837899.4283038036,677750.5607651621,-0.010844953789319711,-0.026396537798224262,-0.033975813808867605,-0.010690177296714065
2025-02-04,505748.631088682,665707.0277607413,1859430.34363119,682686.445866765,-0.0032118037379262887,-0.020407980103242074,-0.022658880664008674,-0.0034852852649942534
2025-02-05,504598.67524544394,663481.7718714742,1854106.8327362544,681147.8919805883,-0.005478270398043161,-0.023682457944773527,-0.025456988221344345,-0.00573110630958984
2025-02-06,499804.9844621663,659191.7923500591,1845320.2364177133,675231.5212885865,-0.014926233468186556,-0.029995189415905066,-0.030075339164432835,-0.014367209293766225
2025-02-07,493345.7493719311,647110.1064973683,1805173.993779811,665052.9556998762,-0.027656844880754705,-0.04777346507570346,-0.05117673392829292,-0.029224821372422882
2025-02-10,501362.646446969,654318.6531819571,1834916.7016491122,673896.9788450368,-0.011856212147762557,-0.03716604392374545,-0.035543574288497415,-0.016315235639517423
2025-02-11,500342.2671679981,654441.1403393459,1829499.5706775754,672185.6730110606,-0.013867294251532547,-0.0369858033120134,-0.038390889793187055,-0.018813222021543785
2025-02-12,503031.9932855783,656545.3557884922,1842394.8032405241,675114.1957146935,-0.008566069333908133,-0.033889437228781905,-0.031612985436437424,-0.014538468971627139
2025-02-13,513210.472818156,670062.1827742553,1887448.766229128,689045.9844137407,0.0,-0.013999342491284983,-0.007932028110649969,0.0
2025-02-14,505172.54695820564,664530.129714291,1879817.5371955389,682237.7783463092,-0.01566204566288809,-0.022139792877418185,-0.011943102766467595,-0.00988062657853539
2025-02-18,504946.1176092011,659750.4755348302,1865052.2817228567,678141.4565758181,-0.016103247393946196,-0.029173083644702502,-0.019703915835040053,-0.015825544426037785
2025-02-19,507303.5702653554,663430.6845167337,1871570.0862609467,681133.6607028901,-0.011509707743032727,-0.023757633304104964,-0.01627807178302243,-0.01148301258526685
2025-02-20,504016.684385104,657578.8135398052,1854904.8837571125,676931.9769985529,-0.017914265043280975,-0.032368697738480834,-0.0250375220764123,-0.017580840305592482
2025-02-21,493522.2220358674,638586.8409659405,1794641.9222122116,663244.2406698619,-0.0383629170195533,-0.06031550316433931,-0.056712529689645685,-0.037445604977774605
2025-02-24,493710.20317552786,635591.5839918947,1773208.0489625244,661709.3822379806,-0.037996632328151314,-0.06472304237747484,-0.06797845623822851,-0.03967311731599277
2025-02-25,490745.4984694171,634450.1110450445,1756457.5247431428,659979.3984627976,-0.043773413713439235,-0.06640272689789184,-0.0767827527509255,-0.04218381154296069
2025-02-26,488671.76162761357,631441.2146327667,1751466.116122909,657700.7445526093,-0.04781412790700623,-0.07083033662897409,-0.07940630297138507,-0.04549078083344582
2025-02-27,480276.7078833388,620361.8493113698,1700084.1916210654,646810.0270425486,-0.06417204378930619,-0.0871336914108346,-0.10641332035080542,-0.06129628257993203
2025-02-28,486229.3801804158,635012.525471773,1740552.6138090452,656801.7075940422,-0.05257315286178954,-0.06557513058100861,-0.08514258376503825,-0.04679553694392813
2025-03-03,487615.9254211951,627043.7696509357,1711078.8891065447,656381.419815805,-0.04987144408105193,-0.07730120419158149,-0.10063436230377554,-0.047405493010350463
2025-03-04,482184.51071647566,613596.7297542291,1689327.9280426444,648532.1132881886,-0.060454655048852945,-0.09708860679472986,-0.1120669543907219,-0.05879704989504064
2025-03-05,486832.93826618796,622243.5892999833,1717012.3611135974,653890.3505895783,-0.05139710888424187,-0.08436469934751378,-0.09751565113893723,-0.051020736814936685
2025-03-06,478440.65168066963,607521.8415179446,1659735.089240938,641772.4943518692,-0.06774963290705538,-0.10602784250934483,-0.12762134087142674,-0.0686071628471836
2025-03-07,477328.60969474027,607685.6250648969,1663069.3777038753,640263.9300981268,-0.06991646707125876,-0.10578683400426037,-0.12586879486736813,-0.07079651491927497
2025-03-10,467399.04038462124,589502.6751613156,1593218.0418242505,627587.6050193707,-0.08926441462110801,-0.13254315755344248,-0.1625835785265335,-0.08919343670025226
2025-03-11,466639.60684117157,582467.5281414092,1583605.813733393,624996.2304955333,-0.09074418478105717,-0.14289542002343947,-0.16763589242138233,-0.09295425177276473
2025-03-12,471984.51256703906,589432.4523074391,1612065.3810926822,631861.9589426147,-0.08032953814199417,-0.13264649091842617,-0.1526771683616105,-0.08299014400291393
2025-03-13,474095.7512850271,582506.0802381102,1585597.9342712099,631711.5057025631,-0.0762157508562541,-0.1428386903740536,-0.16658880758545358,-0.0832084940745419
2025-03-14,477744.73972566635,593215.0144922417,1620308.4733193212,636504.7109175277,-0.06910563008922865,-0.1270804272049939,-0.14834449033945873,-0.07625220186271975
2025-03-17,482963.0949881271,600411.7764155287,1637967.9917753343,642532.4956432903,-0.05893756934447114,-0.11649034740237751,-0.13906241446398948,-0.06750418669085678
2025-03-18,485964.63079560036,597043.7623686641,1618506.7620461578,643773.5920411584,-0.05308902188402842,-0.1214464009599111,-0.14929149355389204,-0.06570300589024014
2025-03-19,489753.18749065185,603841.0317031614,1640966.1261943434,649023.7250450603,-0.0457069498186482,-0.11144417697925091,-0.13748655546016586,-0.05808358262581337
2025-03-20,485606.89836539375,598219.3172510818,1624877.2480600749,643898.2134229663,-0.05378607007215719,-0.11971656465993907,-0.14594308206169426,-0.06552214512822008
2025-03-21,483965.31649990805,598843.3060584356,1631397.6711354137,643383.1642041673,-0.05698472238428054,-0.11879836126009702,-0.1425158616719533,-0.06626962676289971
2025-03-24,490488.2780011742,614002.1475332832,1679325.14819834,652520.7842583389,-0.0442746125039285,-0.09649203201855305,-0.1173245474395761,-0.0530083637109916
2025-03-25,495783.6971610243,619989.0247791415,1701286.5894673024,659637.912369423,-0.03395639134454387,-0.08768230502217211,-0.10578132418006769,-0.042679404146501065
2025-03-26,490039.1803301903,609239.532327478,1660855.028317086,650675.7259799177,-0.04514968753604509,-0.10350024983043182,-0.12703268611809349,-0.0556860634874311
2025-03-27,494574.8435289834,609740.9016123627,1657151.3514529804,653817.8651079647,-0.036311864773218905,-0.10276248181835834,-0.12897938753900007,-0.05112593368605001
2025-03-28,493020.69713323744,598946.7461591567,1617532.5114204758,650787.2504037002,-0.03934014747215098,-0.11864614851037658,-0.1498035725356508,-0.05552421010419517
2025-03-31,494281.27180192247,598050.7660434251,1604274.8419369224,649521.7257741124,-0.03688389465688213,-0.11996458880731797,-0.15677197851935598,-0.05736084315658063
2025-04-01,493437.33851712226,600926.4398551788,1620406.3737119257,652859.2287301912,-0.03852831410952107,-0.11573301695911975,-0.14829303260154492,-0.05251718535786565
2025-04-02,493281.55610589974,604204.9361166605,1630817.5964965888,654704.6574547648,-0.03883185898920194,-0.11090868937794385,-0.1428207565548132,-0.049838947959611746
2025-04-03,488025.2869254339,567100.3587850579,1523821.171353517,630291.5623668486,-0.04907379569716197,-0.1655083050346129,-0.19905948917120464,-0.08526923220789395
2025-04-04,477689.09527733206,527975.7357732116,1413318.1741181107,601631.0940419659,-0.06921405431531424,-0.22308043043757375,-0.2571413223401352,-0.12686365257051713
2025-04-07,467187.2303881255,524159.2009182278,1408997.5379720372,593242.2442559983,-0.08967713027621271,-0.2286964851458675,-0.25941230569894214,-0.1390382388473751
2025-04-08,474786.9664234912,524307.7419469574,1406038.2684432028,597982.9554265707,-0.07486890550707692,-0.22847790610087793,-0.26096773680376095,-0.1321581302946695
2025-04-09,476276.35527833586,571749.2212407854,1554091.290957789,626889.3802115595,-0.0719668040619017,-0.15866747509993917,-0.18314911496557573,-0.09020675776097264
2025-04-10,485721.84598340426,552520.8477897511,1503847.1737668947,622766.2563750148,-0.05356209253448285,-0.18696214588265125,-0.20955808581172275,-0.09619057296316524
2025-04-11,476956.29927137424,548445.6879869124,1493606.3657814877,614840.1553269515,-0.0706419207458917,-0.19295876880564,-0.2149407895917509,-0.10769358034924992
2025-04-14,477255.74750899564,553569.963354663,1503196.8272921788,617409.3674023264,-0.07005844037383868,-0.18541836582253368,-0.2098999164985953,-0.10396492923816203
2025-04-15,477642.17083776114,550194.7176869508,1499898.040256683,616409.4685485447,-0.06930548744471487,-0.19038506075499317,-0.21163380248403452,-0.10541606439662687
2025-04-16,486460.9593541949,537814.7621627932,1454264.6646019802,614206.704770305,-0.05212191660289667,-0.20860224208614808,-0.2356193067510839,-0.1086128957084207
2025-04-17,480444.44976350904,533868.8630299916,1441278.468102757,607854.6470899823,-0.06384519566547664,-0.21440865713153523,-0.24244502295279036,-0.11783152236615702
2025-04-21,486878.99802973,521161.321657381,1405611.6129714467,605001.7338722879,-0.051307360591910545,-0.2331078830702934,-0.2611919925484115,-0.12197190382432888
2025-04-22,479831.01838009374,530757.3531279986,1431819.65338506,605638.0577142962,-0.06504047794420109,-0.21898726324911633,-0.2474167007547846,-0.12104841851797499
2025-04-23,480161.35316727316,545914.2723983334,1483124.944732476,615194.5750951322,-0.06439681456499236,-0.19668376254343412,-0.22044996277232198,-0.10717921733691438
2025-04-24,486847.2371880644,559495.1363551203,1530573.1722762848,628104.6605092854,-0.05136924717324076,-0.1766994370059345,-0.1955105484097408,-0.08844304340051534
2025-04-25,483838.8310948218,562184.0881261464,1543918.6546879855,628214.5253122931,-0.05723118151125761,-0.17274262779867,-0.18849598679252033,-0.08828359859495394
2025-04-28,491613.57005571225,566185.124991665,1553820.5029617317,635423.6422647611,-0.04208196033851419,-0.16685507723763937,-0.1832914447087015,-0.07782113728534812
2025-04-29,484294.30803162034,563164.5739642977,1545999.5529529576,628993.3355350965,-0.056343676362936246,-0.17129983680710492,-0.18740223921198962,-0.0871533253760105
2025-04-30,483212.1420211855,563867.5620535329,1547120.0609239656,628588.6404597871,-0.05845229664204399,-0.1702653854740407,-0.18681328544001263,-0.08774065203411985
2025-05-01,479139.18586841464,570697.04526671,1575146.8670667326,630781.1801900961,-0.0663885262563878,-0.1602157585711208,-0.17208202638489112,-0.08455865869854517
2025-05-02,483666.66374613665,589046.1707501604,1625790.7963905216,645503.0761654148,-0.05756665274149131,-0.13321490662558244,-0.14546290900713255,-0.06319303679764343
2025-05-05,489553.1706015478,582350.3927190185,1606989.8044772053,644461.4186158652,-0.04609668638814124,-0.14306778552393162,-0.15534495839076468,-0.06470477559753762
2025-05-06,494852.72401794966,573609.7692340877,1581364.2382129342,642311.5023257423,-0.03577040955419275,-0.15592966718914625,-0.16881409408714798,-0.06782491030371707
2025-05-07,489925.6854227624,573539.9791137379,1580731.792454313,638723.3474897156,-0.045370834440559116,-0.1560323637840616,-0.1691465159214841,-0.07303233465157044
2025-05-08,486378.30200565106,580818.9968562727,1606130.1752687846,640600.5770117784,-0.05228297595947984,-0.14532124403329238,-0.155796790843456,-0.07030794532992024
2025-05-09,491932.55364060216,588817.4909005162,1629257.2239220366,651254.8990499107,-0.04146041498473707,-0.13355141044254848,-0.1436409089653713,-0.0548455200649397
2025-05-12,484452.6761021903,607430.730136031,1693276.0852121937,656647.1592240469,-0.056035093278689496,-0.1061619134728804,-0.10999175089594282,-0.0470198302037268
2025-05-13,489726.67129735206,621917.1508206564,1748533.5703896198,672230.8912741889,-0.04575861710664053,-0.08484505559433231,-0.0809476876967089,-0.02440344116344939
2025-05-14,483150.777379568,619428.5921306002,1749737.9777235817,665893.6410839031,-0.05857186676944315,-0.08850698514016242,-0.08031463531271255,-0.03360057797816818
2025-05-15,485574.7734690483,618749.5967767984,1741235.913399453,666540.4580484128,-0.05384866602069471,-0.08950613101423954,-0.08478343248582065,-0.03266186419252726
2025-05-16,480866.86817712506,618265.786383096,1736448.3552706812,661756.1382444683,-0.06302210565467381,-0.0902180610090424,-0.08729983619864945,-0.039605261167716344
2025-05-19,483455.13329479244,617603.1639107445,1734353.148468911,662641.3299745339,-0.057978823697751536,-0.09119311408652486,-0.08840110453488814,-0.03832059838745394
2025-05-20,487458.23466351524,614158.3451564156,1724729.4593728152,662809.9965783317,-0.05017870740873498,-0.09626218624741556,-0.0934594424852907,-0.0380758155897698
2025-05-21,488175.2598826953,601114.5660087701,1693171.2703812572,654734.9550093482,-0.04878157064485966,-0.11545618815739922,-0.11004684295386336,-0.04979497766551133
2025-05-22,484983.336665399,598964.3366986203,1689604.8764590095,651649.8726327219,-0.05500109145816012,-0.11862026392246372,-0.11192138664941031,-0.05427230203342148
2025-05-23,490558.0038059539,595302.1967686572,1675157.3004682325,653421.8321433329,-0.0441387504970665,-0.12400912554107124,-0.11951522319127461,-0.05170068917928283
2025-05-27,484219.6603820497,602597.1672986031,1700227.8583372934,653116.938137205,-0.0564891286744621,-0.11327453116469133,-0.10633780722941821,-0.052143176347083875
2025-05-28,486276.55865359283,605502.9276133953,1710752.1409035185,657545.9206807695,-0.05248122474325767,-0.10899868684068315,-0.10080610546994495,-0.04571547392409858
2025-05-29,490368.37969908654,614301.8740066467,1732186.168895579,667118.377120837,-0.044508236540143686,-0.09605098265417078,-0.08954009758672932,-0.031823140674073214
2025-05-30,485422.5966229702,605536.9377649471,1706687.2198614988,657270.089491186,-0.054145185390696016,-0.10894864069175236,-0.10294268159651365,-0.046115782750828394
2025-06-02,494419.6090015137,609100.3443750603,1720597.5117656589,663386.5300712221,-0.03661434209137904,-0.1037050657656231,-0.09563124865875006,-0.03723910293788357
2025-06-03,489482.9218351939,606768.1443773641,1717613.2088446305,657714.7273025133,-0.04623356739520279,-0.10713691252594826,-0.09719983764476159,-0.045470487920896696
2025-06-04,496514.57141979533,612503.0841824096,1739147.8420715854,666806.0667760944,-0.03253226947353527,-0.09869791303617581,-0.08588095032284071,-0.032276391040241936
2025-06-05,489597.3767700436,604860.2472858569,1712797.2119833287,658305.7804472182,-0.046010549859685335,-0.10994439492839703,-0.09973118913058898,-0.04461270316040966
2025-06-06,491514.49706467247,614539.394470846,1739355.6325517038,661853.6397754658,-0.042275005874969684,-0.09570146981805949,-0.08577173290519347,-0.039463758955668005
2025-06-09,496968.10313846415,620016.8085750198,1755859.0490884278,668626.0974897465,-0.03164855461834459,-0.08764142099422911,-0.07709731945049447,-0.029635013316807846
2025-06-10,498189.34183062916,622881.3876033962,1765627.584377929,670340.3474540483,-0.029268948673323858,-0.08342617518857776,-0.07196284842993983,-0.027147153285578818
2025-06-11,499684.15510478395,622385.4715070142,1763306.3728062005,672240.5547677627,-0.026356277647835102,-0.08415591879995021,-0.07318290785485948,-0.024389416709650447
2025-06-12,501129.655365719,622119.5448850683,1759697.5030860396,673132.6303469473,-0.023539693931221795,-0.08454723147335341,-0.07507977739015603,-0.023094763523413997
2025-06-13,497695.91902486933,610859.8064944556,1725446.6419326698,665971.4445004322,-0.030230392041870724,-0.10111600634519335,-0.09308248187032753,-0.0334876632840998
2025-06-16,500705.43491334864,620534.6581904952,1760406.5389972623,671194.4293369309,-0.024366295247521652,-0.08687940207348466,-0.0747070987611892,-0.025907639665004978
2025-06-17,500570.65665593353,617956.187674415,1750959.010684117,671943.3245063461,-0.024628913149052356,-0.09067363742891954,-0.07967284428005406,-0.024820781623081323
2025-06-18,501419.54185349285,620625.234657706,1758487.3969088004,674094.6056664314,-0.022974844803763328,-0.08674611824025158,-0.07571582516136144,-0.02169866610576121
2025-06-20,499739.13637114683,618494.8173327219,1749403.6056165355,672306.8153553174,-0.026249145643959637,-0.08988104054627577,-0.08049038570341394,-0.024293253914926205
2025-06-23,506571.1890888249,628930.9390347211,1779635.6402159454,681500.3615171083,-0.012936765870877998,-0.07452422273959336,-0.06460002947878074,-0.010950826312488338
2025-06-24,505518.8377852428,634591.6618604151,1803192.2001891562,682587.182883727,-0.014987291647960088,-0.06619443399521152,-0.052218390784554036,-0.009373542080081898
2025-06-25,503556.5449919742,630722.3581992666,1795773.2666528148,679155.3756355164,-0.018810855073104538,-0.07188813832903551,-0.05611788012628838,-0.014354061995789036
2025-06-26,505514.5856244136,635424.633673407,1811901.6155558068,682297.5369723096,-0.01499557706116661,-0.06496871080651323,-0.047640607167996785,-0.009793899963255526
2025-06-27,501239.3684903342,637656.1772761235,1815469.7675065924,679346.0727823619,-0.023325915899739424,-0.061684980555646085,-0.04576513942945726,-0.014077306668627831
2025-06-30,505189.965196558,639921.1664915793,1824993.414192759,683086.6366427594,-0.015628105906638212,-0.058352034878212056,-0.04075938508953314,-0.008648693854665823
2025-07-01,502622.9129070744,636540.1952816881,1800631.740232788,679263.2928808655,-0.020630054279568655,-0.06332715498149621,-0.053564202316748855,-0.014197443645504348
2025-07-02,504362.39033678133,637656.02491993,1808155.336697347,679908.1191726397,-0.017240650668697066,-0.06168520474872974,-0.04960970075916715,-0.013261618887273174
2025-07-03,505559.69571343577,643237.3968706023,1827527.0105669321,681767.413162306,-0.014907679227019854,-0.05347218130905651,-0.03942769341054053,-0.010563259080056286
2025-07-07,507239.6536711034,642767.7564013213,1826043.58271597,683377.1961875025,-0.011634250396850732,-0.05416326017219508,-0.04020740265927858,-0.00822701003193771
2025-07-08,509614.1283708067,648613.1519126763,1844695.0731360936,687922.181139299,-0.007007542982513493,-0.04556172442556983,-0.030403933232782232,-0.0016309554077118538
2025-07-09,515925.8433992224,656782.8884478031,1869939.837102709,696379.8117838628,0.0,-0.03353990644748839,-0.017134952247819468,0.0
2025-07-10,513535.44654484553,655338.6100020227,1857904.625015193,693426.5492964138,-0.004633217903231124,-0.03566517113750434,-0.023460818496774394,-0.00424087895351799
2025-07-11,516009.14691075805,653812.48982401,1855931.0026220726,694089.7181939522,0.0,-0.03791086644406194,-0.024498180463812025,-0.0032885697591436003
2025-07-14,519559.7871410521,659569.345773247,1875484.2069806503,699129.8127388691,0.0,-0.029439617212193347,-0.014220758295311553,0.0
2025-07-15,520477.6880321678,658966.8462299306,1883538.019800224,699488.1642234722,0.0,-0.03032619902673317,-0.009987568026600946,0.0
2025-07-16,525455.2884836904,665504.9116963018,1897828.4957460442,706204.5712741027,0.0,-0.020705395145537597,-0.0024763053409242453,0.0
2025-07-17,524344.873946362,666165.8002915309,1903438.6796752166,704692.6866462155,-0.0021132426710038787,-0.019732893478993763,0.0,-0.0021408593053419134
2025-07-18,526319.6065014494,667652.359069981,1907249.5113261926,707414.6022680511,0.0,-0.01754541301724244,0.0,0.0
2025-07-21,531660.7408008658,668868.7671615052,1916996.0615341633,711937.9103530141,0.0,-0.01575546096670888,0.0,0.0
2025-07-22,529115.7558995067,664358.4349163101,1893943.257057084,708308.7349255178,-0.004786858810611916,-0.022392442837454674,-0.012025483484108035,-0.0050976010333496635
2025-07-23,524803.2585853073,667174.2338319889,1894528.2335614269,704799.6437165546,-0.012898229433357833,-0.01824897727015984,-0.011720330794396938,-0.010026529747404478
2025-07-24,522215.36325374985,665412.7435907943,1892921.0905738962,701816.4529856247,-0.017765798416651823,-0.020841021084395228,-0.0125586960992502,-0.01421676977753683
2025-07-25,522795.0290066784,671218.963670067,1905982.818552855,704933.250971999,-0.016675505851405537,-0.012297132229035057,-0.005745052482003854,-0.009838862742316712
2025-07-28,524830.9107212175,674738.7580854871,1922448.118219508,707811.6085242162,-0.012846218566675005,-0.007117732917868658,0.0,-0.005795873163646936
2025-07-29,527487.8171245549,675991.2081838805,1928118.9603679772,711863.7442945687,-0.007848846747693039,-0.005274744830703448,0.0,-0.00010417489694947157
2025-07-30,523250.69052595017,674971.6621560125,1930221.0516030837,708080.8683037983,-0.015818452688921902,-0.0067750131336782315,0.0,-0.00541766633455909
2025-07-31,526277.614689931,675991.184869312,1930133.0423760654,711464.970543976,-0.010125114942333147,-0.005274779138235708,-4.5595413512455885e-05,-0.0006642992347516419
2025-08-01,531660.9902623906,671800.0553703159,1911714.3839153992,717847.5171693158,0.0,-0.011442052188334939,-0.009587848848873759,0.0
2025-08-04,525858.4746422694,666500.3093344696,1902708.3936563593,708657.9596411067,-0.01091393900699289,-0.019240661347768917,-0.014253630652237836,-0.012801545326013408
2025-08-05,522325.6817426019,660645.8827690459,1882735.5883922377,703929.4843412366,-0.017558761486678565,-0.02785548634646462,-0.024601049279515674,-0.0193885644168027
2025-08-06,527790.5867418766,669184.5038195007,1916387.603762439,710675.9271228414,-0.007279833561991911,-0.01529085251634954,-0.007166768712399962,-0.00999040865218026
2025-08-07,529584.0018603804,666961.0416687296,1918090.8168085527,710725.5754568449,-0.003906602967024386,-0.018562690860559727,-0.00628437597054321,-0.009921245866468809
2025-08-08,530713.230552264,670536.0737070502,1931301.01115666,711606.4475011751,-0.0017826391770041639,-0.013302009044725449,0.0,-0.008694143977471813
2025-08-11,529097.3115552204,672979.1494749124,1936431.6383121558,712208.9880975006,-0.004822017703245307,-0.009707007900977338,0.0,-0.007854772687728384
2025-08-12,533888.4316235203,682267.0504533454,1966891.5467376667,718424.0676223362,0.0,0.0,0.0,0.0
2025-08-13,533497.7009808139,682906.3101873742,1962999.1694156462,718523.0264755993,-0.0007318582302264787,0.0,-0.0019789486250405552,0.0
2025-08-14,529331.1174922576,680020.8690725265,1953007.633293381,713608.0756853414,-0.008536079565170995,-0.004225237154502293,-0.007058809860316928,-0.006840352513636239
2025-08-15,530345.4179949391,681061.862770447,1951966.1470366193,714898.783665515,-0.006636243489687721,-0.0027008791534246512,-0.007588318596316701,-0.005044017625797426
2025-08-18,528299.5899213778,678945.1000837673,1945547.4802026942,712280.5177983677,-0.010468182809556636,-0.005800517647171932,-0.010851674343902884,-0.008687973032474039
2025-08-19,525546.2943479257,678251.3560102141,1927647.8612317846,711460.8974286856,-0.01562524449205005,-0.006816387706071958,-0.019952134916118136,-0.009828674637685442
2025-08-20,525925.2580332375,675603.1852972684,1913806.2085729362,711051.1437670372,-0.014915426367391627,-0.010694182761471271,-0.0269894586983096,-0.010398946774485607
2025-08-21,522328.9156334673,671011.5707936549,1899620.0496354334,706392.5371138365,-0.021651557339238958,-0.01741782030166872,-0.03420193513659231,-0.016882533913023745
2025-08-22,532997.9902134179,686255.4708165937,1942910.5313913124,719903.6434650284,-0.0016678417387592237,0.0,-0.012192342473650752,0.0
2025-08-25,527389.5313834951,677843.4404377555,1922017.2165005137,712128.5759515149,-0.012172768419541402,-0.01225787004485146,-0.0228148472708537,-0.010800150248011953
2025-08-26,532543.081916064,683488.1941619177,1937691.5249622648,718296.1692439822,-0.0025199079578577255,-0.004032429280867111,-0.01484577114779595,-0.00223290191074621
2025-08-27,532189.7319064047,683377.1889063998,1935943.173843255,717929.7212294989,-0.0031817503742307407,-0.004194184283542457,-0.015734661601318756,-0.002741925608305995
2025-08-28,535297.1062823334,685118.2759785458,1946133.1200857444,720720.2303615329,0.0,-0.0016571013076147612,-0.010553925398862352,0.0
2025-08-29,532839.476120552,678600.7295257371,1916737.2666310098,716548.2853213237,-0.004591151592149845,-0.011154361045381589,-0.025499260592097284,-0.005788577681684393
2025-09-02,537972.8575741579,674921.2099369161,1904481.7173654817,718830.8091669052,0.0,-0.01651609547999766,-0.03173018333201927,-0.0026215736911947563
2025-09-03,547592.5110679115,685333.2594820894,1938570.6234573554,730453.3766453369,0.0,-0.001343830940111812,-0.014398823019644902,0.0
2025-09-04,546749.1102709251,688418.4367963444,1948637.9558421785,730825.9068036836,-0.0015401978294802277,0.0,-0.009280425718318885,0.0
2025-09-05,552251.9675134921,688256.8986610825,1956658.6689846525,735847.7239593685,0.0,-0.00023465108809928026,-0.0052025632882436446,0.0
2025-09-08,556632.0367008126,689803.4820915264,1965792.3031047452,739726.5136180401,0.0,0.0,-0.0005588735356276686,0.0
2025-09-09,553102.068881074,686830.665696048,1958338.3169619231,734927.1987910746,-0.006341654067669178,-0.004309656985877597,-0.004348602641528587,-0.006487958371928393
2025-09-10,554294.4013521356,688947.061713209,1959351.493592999,736812.2707073948,-0.004199606193226568,-0.0012415425560343696,-0.0038334869846656794,-0.003939622085994521
2025-09-11,555257.8443485196,694389.5801562727,1969953.8010062596,739111.8516475532,-0.002468762596630203,0.0,0.0,-0.0008309313768958271
2025-09-12,556622.2577905783,693648.4308751393,1977205.033872537,739171.486138629,-1.7567997509293498e-05,-0.0010673392895190759,0.0,-0.0007503144326900246
2025-09-15,563586.5895501752,699434.9455417994,2000110.642476464,746227.1405706903,0.0,0.0,0.0,0.0
2025-09-16,562918.0258125525,697237.3427320673,1994888.211944373,744985.3910759345,-0.0011862662277970504,-0.0031419688474813023,-0.002611070818374639,-0.0016640368960664231
2025-09-17,556410.7419827172,691684.6484168745,1977508.0211174544,737527.0103435394,-0.012732466848058621,-0.011080797684366983,-0.011300685511589359,-0.01165882310377675
2025-09-18,559627.0893811416,697185.3029022028,2001853.5335964777,741136.0768042287,-0.0070255400721900285,-0.0032163715209482246,0.0,-0.006822404988604536
2025-09-19,568540.0519397066,705675.3594616196,2029893.7690101725,750593.2355189343,0.0,0.0,0.0,0.0
2025-09-22,575701.9461280139,709723.1910461849,2043952.9942303956,756353.3025267033,0.0,0.0,0.0,0.0
2025-09-23,573531.8910628248,704096.2586580758,2025303.8037475036,753457.5967306303,-0.003769407207643183,-0.00792834792366659,-0.009124079925289075,-0.0038285094894139338
2025-09-24,569484.449452351,701324.0583812519,2016663.7924743497,749378.7004355033,-0.010799853496205492,-0.011834378206737273,-0.013351188521985136,-0.00922135471333363
2025-09-25,573840.8374127983,703470.2929558902,2023449.3743413985,753868.9324423274,-0.0032327643283696084,-0.00881033361905148,-0.010031355880920079,-0.0032846687865003554
2025-09-26,580983.3463784518,712779.902164899,2046928.8924635102,762396.4281558534,0.0,0.0,0.0,0.0
2025-09-29,585362.926547962,712608.1955142712,2050151.2430333819,765264.954464882,0.0,-0.00024089715507746856,0.0,0.0
2025-09-30,585496.6723604343,711414.5515036021,2044621.5586648893,763968.3910061321,0.0,-0.0019155291235766203,-0.0026972080168635726,-0.0016942673922086815
2025-10-01,585024.044279459,710965.908149501,2046161.8264872194,763353.7553137173,-0.0008072259045809327,-0.0025449567389435046,-0.001945913287967893,-0.00249743456826812
2025-10-02,581605.2031474456,707389.034100123,2041885.071822631,759181.664458066,-0.006646441212552534,-0.007563159466761893,-0.004031981171555121,-0.007949259888779037
2025-10-03,582950.2997643116,707700.6988769961,2034215.3841860252,759856.9225321033,-0.004349081243889885,-0.007125906991030662,-0.007773016211125028,-0.007066875206065526
2025-10-06,600480.5912376201,722092.9877944584,2083699.8259244983,777768.5320798723,0.0,0.0,0.0,0.0
2025-10-07,603366.9171691262,722902.1114895798,2082772.1921753483,781278.4416819288,0.0,0.0,-0.0004451858840744949,0.0
2025-10-08,618812.4165420756,735533.1702252069,2130751.808548422,797009.4034719644,0.0,0.0,0.0,0.0
2025-10-09,615207.6505695616,736436.2364585041,2136976.7814121447,795562.9266080513,-0.005825296771931887,0.0,0.0,-0.0018148805492280706
2025-10-10,608792.805485022,717869.4923430048,2066643.769801809,787961.0613478279,-0.01619167746026029,-0.025211611265608225,-0.03291238923235218,-0.011352867462692151
2025-10-13,618972.2545519632,724553.14262545,2097959.1104612504,795337.6867416245,0.0,-0.016135943948385023,-0.01825835043706503,-0.0020974868339790342
2025-10-14,620770.6923283243,725467.0090825394,2089165.2790293377,797753.4126457735,0.0,-0.014895013081805075,-0.022373430913560255,0.0
2025-10-15,625546.9172729927,725327.1532626684,2094205.306624092,799702.6670743959,0.0,-0.01508492201478151,-0.020014945955467378,0.0
2025-10-16,628870.8690587983,716793.368027704,2076040.9895719266,799501.9692812794,0.0,-0.02667287058722423,-0.02851495269871429,-0.00025096551678482903
2025-10-17,621077.0547879342,716784.4626161765,2077853.3759796396,792983.5515538348,-0.012393346002063654,-0.02668496316372526,-0.02766684502460315,-0.008402017146125207
2025-10-20,639886.1464993139,728002.4208006881,2114968.211449139,809557.0543809208,0.0,-0.011452200802032686,-0.010298927978273253,0.0
2025-10-21,617698.7870190899,727383.7498374752,2112649.4618010838,795104.2073280807,-0.03467391754237292,-0.012292288419377573,-0.011383988737109774,-0.01785278378420463
2025-10-22,619370.2112547279,728972.4980083392,2107824.767043659,798117.5022071936,-0.03206185249801774,-0.010134941873661374,-0.0136417085211481,-0.014130631203597144
2025-10-23,623433.3643703278,733589.684960011,2126397.4826522437,801445.0111802324,-0.025712046149140577,-0.00386530612912539,-0.004950591345643907,-0.01002034774052063
2025-10-24,628298.642109053,742738.9639606143,2158268.8330119746,808108.840033398,-0.018108697076274827,0.0,0.0,-0.0017888971996300462
2025-10-27,626844.8019912967,753761.9666818972,2203312.9730025013,810724.8817048711,-0.020380726445421105,0.0,0.0,0.0
2025-10-28,625544.8507199956,753941.9466328502,2214903.7576715047,809629.7467940022,-0.022412261709019,0.0,0.0,-0.00135080954782818
2025-10-29,621875.736722212,749556.7026187473,2210874.6102658273,803531.3726152135,-0.028146272388663296,-0.005816421322208831,-0.001819107214804383,-0.008872934890724382
2025-10-30,627061.7432731166,746154.7065245053,2191292.6201341976,806992.5505720584,-0.020041695380274893,-0.010328699899406324,-0.01066011895800345,-0.00460369629332702
2025-10-31,631720.9123081632,754376.4763464152,2218846.8645607997,813847.913548935,-0.012760448457621698,0.0,0.0,0.0
2025-11-03,635025.7765235715,757240.9808157004,2233737.3898666343,817067.900692852,-0.007595679328787686,0.0,0.0,0.0
2025-11-04,623057.1849204041,748308.6058237463,2188524.3995366795,807234.158553115,-0.026299931122087283,-0.011795947681452867,-0.02024096052430502,-0.012035403828002833
2025-11-05,626055.103521663,747751.289698937,2193524.970119569,807175.9626691157,-0.021614849849957984,-0.01253193020079435,-0.018002304088873267,-0.012106629100651412
2025-11-06,621964.7771364853,742214.0751483348,2159899.1178284967,804779.8766592641,-0.028007121987048356,-0.01984428477600164,-0.033055932345989025,-0.015039171191486012
2025-11-07,618380.9997110411,737520.0876623533,2137362.7504976243,799799.2130209764,-0.03360777054781239,-0.02604308754143725,-0.04314501776538915,-0.0211349480957852
2025-11-10,637307.2434595143,753284.3024397194,2197062.6650244864,817094.4898969956,-0.004030252965950609,-0.005225124466611386,-0.01641854812858623,0.0
2025-11-11,639123.8497765413,756623.6399364697,2195897.411205316,820237.6539597958,-0.0011913005570489688,-0.0008152502239981985,-0.016940209190650424,0.0
2025-11-12,643860.7034459601,756695.9095570769,2193155.7015594942,823250.6124677474,0.0,-0.0007198121502040022,-0.01816761831146274,0.0
2025-11-13,637448.6949769664,747220.670778664,2157276.232697949,816828.5983609618,-0.009958688944171401,-0.01323265683038255,-0.03423014608411534,-0.007800800885571446
2025-11-14,631370.9364093125,746712.0418409823,2157790.942059858,812335.9156868504,-0.019398244014275035,-0.013904343850191903,-0.03399972089436665,-0.01325804878320036
2025-11-17,624833.6417476689,739525.7628464372,2138698.287167027,806368.1358275898,-0.029551518824580958,-0.023394425840741473,-0.04254712444298636,-0.020507092718159425
2025-11-18,626250.7332950706,736579.2125114466,2122060.5685569034,807742.9289268034,-0.02735059005253848,-0.027285591809884546,-0.049995501627162486,-0.018837135747107103
2025-11-19,629690.9095897146,740734.361532165,2138510.2644699262,811289.7469948722,-0.022007545701125064,-0.021798370270127876,-0.042631298481507485,-0.014528826692301822
2025-11-20,628193.3207344487,736215.5251722327,2107270.395872549,811529.081394819,-0.024333497335152,-0.027765871335726056,-0.056616769082974416,-0.014238107928996713
2025-11-21,631441.8994220947,745334.6866076344,2128200.213016277,817271.920974767,-0.019288029161276032,-0.015723256545413733,-0.04724690437162726,-0.007262298263051359
2025-11-24,641594.7709024057,753032.1313373551,2173180.0737096346,825286.4194834993,-0.003519290013238918,-0.005558137481956549,-0.027110311369509366,0.0
2025-11-25,644419.9843129439,761332.6636739667,2190077.3958726465,830216.618110772,0.0,0.0,-0.01954571481502332,0.0
2025-11-26,646898.6452781529,763125.3240085684,2199446.8899243684,831513.2614391639,0.0,0.0,-0.015351177850102316,0.0
2025-11-28,653815.0825851646,767556.0200767387,2218044.612457852,836859.4344614572,0.0,0.0,-0.0070253457187817725,0.0
2025-12-01,652967.4930536661,762311.3116314968,2205558.855784747,833292.2826353987,-0.0012963750058305745,-0.006832997602855828,-0.012614971755283144,-0.004262545989403899
2025-12-02,651883.475080638,761906.2036523323,2217531.081862224,832166.8297303489,-0.002954363635799151,-0.007360787065211927,-0.007255243198206918,-0.005607398970327804
2025-12-03,653437.5676602836,765773.2509407608,2226522.693966866,834981.3692273467,-0.0005774032060995582,-0.002322656704327075,-0.003229876498686779,-0.002244182423920549
2025-12-04,650402.9034611246,762890.1230881076,2214457.524956924,830675.7269693933,-0.0052188749004509205,-0.006078900909623042,-0.008631213766297496,-0.007389182982735054
2025-12-05,651318.93830457,764511.7259294557,2223988.6247955225,831321.6190735525,-0.003817813854530394,-0.003966217536771621,-0.004364329090490671,-0.006617378211752345
2025-12-08,650667.4142082026,763187.6912634124,2222554.735933743,830377.2011972441,-0.004814309826742136,-0.005691218229113226,-0.005006252741983741,-0.007745904505915724
2025-12-09,654838.435763677,765003.0414149372,2232516.01420316,833903.9323147675,0.0,-0.003326113788471363,-0.000546785700510255,-0.003531658991920983
2025-12-10,661767.3898287605,774988.328224865,2255957.4095218517,843048.9586610752,0.0,0.0,0.0,0.0
2025-12-11,659761.3969932443,771601.1686436313,2233634.8005561465,839469.6547135907,-0.0030312657685283018,-0.004370594314616505,-0.009894960282267218,-0.0042456655817108
2025-12-12,654311.700300782,762212.297532062,2187795.576420692,832566.3269105157,-0.011266329593405566,-0.01648544917065642,-0.03021414890789398,-0.012434190971788883
2025-12-15,654326.8765359446,762631.1340466919,2181305.839451447,833288.8686158138,-0.01124339670883634,-0.015945006818977037,-0.033090859674619,-0.011577133148663599
2025-12-16,651376.0069876022,756288.1473807713,2173388.9467076194,829089.825415401,-0.01570247038592698,-0.024129629006061304,-0.03660018689436728,-0.016557915293370362
2025-12-17,647218.3811674125,746822.7191052393,2129839.6127149966,823488.1014297156,-0.021985079478021308,-0.036343268787208616,-0.055904334130840616,-0.023202516331229495
2025-12-18,654224.8623282525,755947.979241245,2170710.4533714973,831949.1809392906,-0.01139755088636163,-0.0245685622481987,-0.03778748472402338,-0.013166231459930011
2025-12-19,659189.7920041808,763246.2240621784,2200293.5273579075,836767.5597821127,-0.0038950209155012017,-0.015151330329815749,-0.024674172450685594,-0.007450811503211585
2025-12-22,677404.24378056,778317.7702526862,2240539.201859389,855082.5787069205,0.0,0.0,-0.006834440932876773,0.0
2025-12-23,680064.7059785265,777913.0366941879,2239625.793883677,855520.6031488786,0.0,-0.0005200106871090515,-0.0072393279984998005,0.0
2025-12-24,676566.0439880544,777161.131744072,2236140.8472312284,852691.0896689759,-0.0051446016235146,-0.0014860749077317825,-0.00878410301851551,-0.003307358664990878
2025-12-26,680189.8911818725,776654.431207536,2234766.2335697,854946.3196234413,0.0,-0.0021370950384573817,-0.009393429088115357,-0.0006712679078955119
2025-12-29,665015.7604052573,775736.0543801392,2229263.0990144894,845809.2228359871,-0.022308668466461845,-0.0033170460334072116,-0.01183280783346885,-0.011351427747206988
2025-12-30,662579.1147208184,772560.3894696648,2217696.0871134005,842567.2314532398,-0.02589097057948664,-0.007397211014663396,-0.016960126218234173,-0.01514092313845139
2025-12-31,659387.3806605502,768802.6074699656,2205004.199685891,839341.0789347927,-0.030583386773326726,-0.012225292992644188,-0.02258606905471683,-0.018911904815073544
2026-01-02,661726.6607000353,771777.8116459282,2205207.196448414,841911.7838461149,-0.027144229458859193,-0.008402684426227047,-0.022496086521506697,-0.0159070620306212
2026-01-05,674177.6163160955,778196.8391769934,2226381.947944057,852549.3272779628,-0.00883911234748036,-0.000155374938508257,-0.013109937915034897,-0.0034730617357191518
2026-01-06,679217.5085879632,781014.8673120497,2240751.072416013,855869.7170845396,-0.001429575191450927,0.0,-0.0067405249060360495,0.0
2026-01-07,676489.69361957,778765.6529915906,2243680.7269954816,853995.3335582218,-0.005439947888483232,-0.0028798610815182757,-0.0054418946361988185,-0.002190033703614036
2026-01-08,676677.235377413,778940.1157962161,2231642.9233773714,853591.1445606484,-0.005164228180980501,-0.0026564814610688936,-0.01077790123246769,-0.00266228898909171
2026-01-09,683135.3499543809,784836.9776055976,2256013.238835552,859741.9716664174,0.0,0.0,0.0,0.0
2026-01-12,695458.2792499524,792428.0127896618,2276149.259430716,871078.0899270996,0.0,0.0,0.0,0.0
2026-01-13,693733.1393728366,790028.3717822856,2270431.4411950954,869375.0544547961,-0.0024805799694791464,-0.003028213249211653,-0.0025120576833570496,-0.0019550893220675603
2026-01-14,698952.2789028578,792081.7075429343,2263138.5445744297,875305.9056263238,0.0,-0.0004370179260930751,-0.005716107940803572,0.0
2026-01-15,694560.352508365,790361.7624403065,2260197.5259913397,870552.8900499486,-0.0062835854851018835,-0.0026074928144971254,-0.0070082106317429504,-0.005430119396914401
2026-01-16,693410.0977304148,790666.7217484517,2261073.128073558,869343.2306732145,-0.007929269765229896,-0.002222651159200728,-0.006623524926888225,-0.006812104105298644
2026-01-20,697783.4068041102,772524.9375561103,2207185.2266786043,865744.5228799304,-0.001672320320040166,-0.025116571994325043,-0.030298554660409205,-0.01092347564998053
2026-01-21,707534.9050122907,781366.6026008478,2236810.716301629,874880.8966959337,0.0,-0.013958883343703765,-0.017282936506073376,-0.00048555473881561895
2026-01-22,718179.3282063357,786907.846265872,2257259.041705302,883517.331032526,0.0,-0.006966142582916279,-0.00829919990841832,0.0
2026-01-23,724676.1626050614,787417.0020626117,2265029.412491267,888192.8385288522,0.0,-0.006323616336339821,-0.004885376867697078,0.0
2026-01-26,716408.4100363201,774763.4974626268,2227127.660904529,875305.7836378742,-0.011408892682519656,-0.022291634119355308,-0.02153707553363504,-0.014509298354987155
2026-01-27,724924.122073923,773689.5221176846,2235296.1295478083,879052.3791042288,0.0,-0.023646931165406726,-0.01794835277767559,-0.010291075347739875
2026-01-28,732113.6338054052,764173.1059852637,2215336.037610296,878299.6555140001,0.0,-0.035656118093212674,-0.026717589616961024,-0.011138553009770402
2026-01-29,734295.5075886328,765873.2739011456,2211364.168523444,881228.7511104144,0.0,-0.033510600912545985,-0.02846258462130702,-0.00784073808788266
2026-01-30,689208.6140848905,763918.2608043869,2185745.776976172,852070.3065006816,-0.06140156522515572,-0.03597771851213227,-0.03971773032017878,-0.040669695207182444
2026-02-02,686317.8183193074,777941.2899908663,2230066.2055476094,856422.3677701404,-0.06533839411176601,-0.01828143700750362,-0.020246059739787103,-0.03576978937517039
2026-02-03,703580.4710759742,772561.2227821463,2199213.1604787353,866206.896252096,-0.0418292583779033,-0.025070782060791164,-0.033800990261606545,-0.024753568507906776
2026-02-04,698929.778233415,770579.8148439034,2165743.8163815974,863207.3051321652,-0.04816280229107761,-0.02757120847967498,-0.048505361672429026,-0.028130753044655843
2026-02-05,689362.2369243067,766416.457975901,2149884.740866506,858906.1306024229,-0.0611923540318029,-0.032825132875085705,-0.05547286411076113,-0.032973366431256146
2026-02-06,706730.2633888505,780457.8825370189,2193468.059147404,873427.2443657143,-0.03753971516222987,-0.015105637432608288,-0.03632503445929158,-0.01662431121105945
2026-02-09,720719.807033927,786521.9756700968,2216755.283809908,884498.7870864682,-0.01848806156977223,-0.00745308977502368,-0.026094060121374718,-0.004159064655939626
2026-02-10,710339.7966524535,778900.3910071066,2190867.402489499,875331.8874696608,-0.03262407394381028,-0.017071104963758854,-0.03746760305277441,-0.014479908530329322
2026-02-11,707864.1838049146,770490.7825907811,2173528.171993511,868560.5513535686,-0.03599548616403292,-0.02768356222245716,-0.04508539455926164,-0.022103631467915608
2026-02-12,682757.3163918979,752631.1175011917,2112601.4451346127,847604.1140634418,-0.07018726202749381,-0.0502214644688912,-0.0718528513094997,-0.04569809922430712
2026-02-13,690222.4095491965,750959.9409291028,2110915.3322855034,852000.7397302665,-0.06002092833737849,-0.05233039618901769,-0.07259362559841043,-0.0407480191559888
2026-02-17,682133.5326951996,756050.0503410896,2119614.3600502913,849460.2141391721,-0.07103676156855276,-0.04590696171947184,-0.06877180779417569,-0.043608350247266614
2026-02-18,690432.981357129,757583.3676046715,2129047.1377218175,853964.1150958015,-0.059734161217388726,-0.04397200076549945,-0.0646276254069954,-0.03853749090090053
2026-02-19,697119.4927522307,763202.8701301278,2142275.5615505558,862044.0551829179,-0.05062813874278638,-0.036880501683237976,-0.058815869532933496,-0.02944043479256775
2026-02-20,709366.3235649657,771042.909839269,2167756.834693509,872494.8017404716,-0.03394979782122387,-0.026986808398038242,-0.04762096522805215,-0.017674131233012202
2026-02-23,711497.8101848819,759131.3691996041,2130077.2084903196,870148.5389810627,-0.031047033746150254,-0.04201850900353732,-0.06417507566130798,-0.02031574537087799
2026-02-24,711173.8544396658,766115.6067472412,2157086.1942058373,872255.6961949177,-0.0314882127290913,-0.03320479036296353,-0.05230898840731435,-0.017943335774167957
2026-02-25,720869.6555562343,778800.5106361985,2205968.3652637,883377.2703211645,-0.018283990428441865,-0.017197148426756237,-0.03083316872838504,-0.005421759778725388
2026-02-26,721425.9007939297,776064.6271688174,2183828.0310942265,883999.9659815321,-0.017526468106778714,-0.020649680925890923,-0.04056026991814221,-0.004720678174195747
2026-02-27,723751.201216422,770651.8788680051,2172085.9326790813,884344.3339907788,-0.014359758793618949,-0.027480267696488925,-0.04571902581540788,-0.0043329605589342846
2026-03-02,733124.9871657088,774919.2751873095,2185748.1581678223,891130.8969003796,-0.0015940727007411892,-0.022095051310357605,-0.03971668417101237,0.0
2026-03-03,715782.3161621722,771148.8375283781,2170962.850358252,880112.3179840716,-0.025212181247378673,-0.026853133556412834,-0.046212439116919746,-0.012364714268839672
2026-03-04,726478.2289575578,779137.744194713,2211287.195442103,889202.0679078538,-0.010645957315939758,-0.016771578465735626,-0.02849640185935587,-0.002164473254417376
2026-03-05,717501.7382722576,770914.0871966535,2193586.381416011,879566.6165158066,-0.022870587035898615,-0.027149375395338127,-0.036273050931358686,-0.01297708386590224
2026-03-06,719934.7818890535,763480.0041287482,2168171.1102048806,879532.8124483123,-0.019557147703025857,-0.036530774018203926,-0.047438958046556845,-0.013015017762720293
2026-03-09,728200.9056028663,774533.8479516013,2209583.0150413117,889700.9612742388,-0.008299930917159748,-0.02258143900676346,-0.02924511391930984,-0.0016046302862066097
2026-03-10,729533.385059943,770463.0503058227,2201543.992638465,887811.8069217567,-0.006485294380089823,-0.027718558820899797,-0.03277696595824753,-0.0037245818657704044
2026-03-11,729499.6215779858,770792.6460374785,2204963.561030412,887249.1408300616,-0.006531275162497185,-0.027302627371814103,-0.03127461791240693,-0.004355988647481324
2026-03-12,720442.3704502704,763701.8909257265,2180290.4834951153,880308.8226098698,-0.018865888453893698,-0.03625076524340409,-0.04211445077181608,-0.012144202751977584
2026-03-13,714292.4102246456,760004.5644668507,2169152.561999963,875447.0282646886,-0.027241208964597474,-0.04091658522856556,-0.047007768487692836,-0.01759996055601276
2026-03-16,719727.5093513052,769484.657170841,2198472.336638123,882994.7727770533,-0.01983942171342934,-0.028953236443586827,-0.034126462696045134,-0.009130111133646146
2026-03-17,718572.1481134875,769270.3347963281,2202791.2659228016,881976.9526985007,-0.021412849884891005,-0.029223699338706388,-0.032228990785192035,-0.010272277881643421
2026-03-18,701472.5080862925,757506.4423424292,2169136.2240438876,866850.3525174608,-0.0446999868079383,-0.04406907616036282,-0.04701494638079806,-0.027246888720135032
2026-03-19,690424.5098945422,759948.3591279981,2174610.733328025,862067.1339519874,-0.05974569807482466,-0.04098751323457428,-0.044609783687070914,-0.032614471173073034
2026-03-20,665875.4125567827,740283.3951242394,2109428.8679775028,836866.0276593518,-0.09317787501728847,-0.06580360212387315,-0.07324668659686717,-0.06089438648101775
2026-03-23,668475.3109170358,754261.6009518735,2151340.959160851,844987.7460358732,-0.08963720462861768,-0.04816388520065984,-0.05483309135055603,-0.05178044103846702
2026-03-24,662899.8017738466,748165.4325311917,2126502.2136153406,838051.823030025,-0.09723020919635461,-0.05585691008404425,-0.06574570854496742,-0.0595637229670517
2026-03-25,675413.6521013083,753469.3394576302,2143713.187527456,848683.8804180282,-0.08018822787121183,-0.049163675063532364,-0.05818426509357444,-0.04763275140610068
2026-03-26,657742.8482995788,743118.4880643069,2101327.9487300003,834074.5946874844,-0.1042532039184697,-0.062225872797916026,-0.0768057323026522,-0.06402684769583689
2026-03-27,662755.0222835107,731913.4212602375,2064411.1722259233,834348.3068190798,-0.0974273770788211,-0.07636604278587888,-0.09302469349384845,-0.06371969626326124
2026-03-30,662188.120447675,731887.1913509533,2055430.7959074513,836281.4545985438,-0.0981994120837707,-0.07639914346992949,-0.09697011854946103,-0.061550376597443224
2026-03-31,684195.6050950335,751314.3627384079,2119803.4936692845,855146.1337210382,-0.06822852921724021,-0.05188313561318647,-0.06868871411382516,-0.04038100721735394
2026-04-01,688811.6561980923,750998.5344460866,2129046.329021564,855958.0952909153,-0.061942162141105594,-0.05228169332091992,-0.06462798070015108,-0.03946984862920333
2026-04-02,683055.1065564813,752191.4673885761,2132952.809338355,853353.1117541144,-0.06978171662852839,-0.05077627841478871,-0.0629117134999202,-0.042393081956497825
2026-04-06,688448.481942622,760947.5473434278,2160553.4420583434,860110.8575838315,-0.06243675083423661,-0.03972659337901274,-0.050785692938820626,-0.03480974503795686
2026-04-07,691381.4853912541,760820.2824832483,2159572.016769149,862313.0239824047,-0.05844244143383759,-0.03988719454167411,-0.051216870852627605,-0.03233854085658128
2026-04-08,699654.0952435165,775473.3311346968,2210313.978088343,870804.3699756239,-0.04717639150330066,-0.021395863575389917,-0.028923973711125872,-0.02280981054013209
2026-04-09,704405.5270921029,779583.4805717153,2224228.443548591,874766.0865661581,-0.040705656221003084,-0.016209083993293794,-0.022810813336165303,-0.018364092627854323
2026-04-10,706396.4131271446,781375.6182886455,2234035.2882667533,876790.486793529,-0.03799436898791142,-0.013947506048035074,-0.018502288894048924,-0.016092372239286945
2026-04-13,711263.3717815176,791828.1747385553,2265198.3019089224,884036.6834245182,-0.03136630357817494,-0.0007569621989949038,-0.004811177244383513,-0.007960910681626188
2026-04-14,723507.0046112284,799137.5339460908,2299597.2201174786,893811.1367122792,-0.014692317828326362,0.0,0.0,0.0
2026-04-15,723129.8385901087,803308.716901286,2325609.703031807,893719.9997210753,-0.015205961201085416,0.0,0.0,-0.0001019644838383682
2026-04-16,724718.5231701673,805368.9338998628,2337061.0166194444,894936.8935432164,-0.013042411834869427,0.0,0.0,0.0
2026-04-17,736058.042990156,817083.5110831069,2373394.243945395,907025.4699414048,0.0,0.0,0.0,0.0
2026-04-20,731649.0339132273,815275.4462891782,2365353.6152066635,903516.1753175906,-0.005990029073002945,-0.0022128274153175864,-0.0033878184204935158,-0.003869014421437278
2026-04-21,718868.1723079863,808324.6711115516,2351664.070788264,892204.5273446933,-0.02335396079952834,-0.010719638632708084,-0.009155736857694663,-0.016340161426413813
2026-04-22,732145.0749968743,819229.594186633,2398971.6302014883,904516.7295100054,-0.0053161133562044105,0.0,0.0,-0.0027658985492010624
2026-04-23,727146.4900642758,816639.2733113121,2387180.458454537,900483.3661784717,-0.0121071334125743,-0.0031618985614072503,-0.0049150942839456535,-0.007212701274370681
2026-04-24,737472.7882090902,824304.056364956,2436791.7327458262,909875.06417746,0.0,0.0,0.0,0.0
2026-04-27,734229.2188702495,824840.3566189304,2435466.750115541,907279.8530046173,-0.004398222403185326,0.0,-0.0005437406129051858,-0.0028522720041667116
2026-04-28,722955.0023066083,819700.163230557,2407664.92105414,898297.0636498232,-0.019685859783026838,-0.006231743327209771,-0.011952934385108693,-0.012724824520939593
2026-04-29,722657.8345504894,820576.3922122126,2425348.734624629,897608.5441571756,-0.020088813981296916,-0.00516944202899583,-0.004695927833070601,-0.013481543239536431
2026-04-30,734161.0940266044,832023.6101357264,2457664.9465918634,909286.3379089895,-0.004490598480966446,0.0,0.0,-0.0006470407769694209
2026-05-01,722617.1037661543,817628.8387329559,2431596.189802626,893817.771259988,-0.020144044201294675,-0.017300916978091885,-0.010607123979771038,-0.01764779973609687
2026-05-04,714115.4513553493,813948.5398965792,2424974.525700364,886530.6255736372,-0.03167213384301659,-0.021724227556713993,-0.01330141479896707,-0.025656751704616232
2026-05-05,723431.7794814841,822298.6383211698,2461886.6418511188,895406.0970178123,-0.019039358403587947,-0.01168833635979416,0.0,-0.015902147151079293
2026-05-06,744154.5265711446,836289.883963481,2520752.376491809,913867.271743292,0.0,0.0,0.0,0.0
2026-05-07,738804.9258806898,827544.5464779269,2499078.924148179,905822.7016560332,-0.007188830410135738,-0.010457303924455985,-0.008598009287129282,-0.008802777313507426
2026-05-08,750837.5788466451,836088.153223227,2562905.294846795,916656.5881686109,0.0,-0.0002412210695387218,0.0,0.0
2026-05-11,752831.0505457446,838147.4182163037,2570803.87583506,917743.1720252543,0.0,0.0,0.0,0.0
2026-05-12,749899.4927906024,838867.7261865503,2555060.172287626,915895.8571108171,-0.0038940446903951154,0.0,-0.006124039136326531,-0.0020128887588023447
2026-05-13,753946.2165677149,845921.7179525732,2589272.9106772356,920948.6617348905,0.0,0.0,0.0,0.0
2026-05-14,754729.9346226037,853572.9606470822,2610653.7364427946,923630.4546409728,0.0,0.0,0.0,0.0
2026-05-15,742855.7453997307,846141.8833321845,2579914.5428057974,913210.0254701453,-0.015733030688401817,-0.008705849010568811,-0.011774519618554025,-0.011282032893640381
2026-05-18,744348.7443004937,848013.03590065,2576308.1562062227,915198.2177961482,-0.013754841097300519,-0.00651370767674897,-0.013155930929151127,-0.009129448690712971
2026-05-19,736087.748509041,842454.7341091743,2560705.602428597,907726.0550273033,-0.02470047265699693,-0.013025513987087067,-0.019132423927753717,-0.017219440452352464
2026-05-20,748308.8811551313,852021.3097157477,2605971.9830806316,919657.0812504011,-0.00850774982270075,-0.0018178304642618714,-0.0017933260534743756,-0.004301908161003842
2026-05-21,748002.5685175828,852921.8610695006,2608528.2452515475,919648.5564927578,-0.008913607101571852,-0.0007627931150584466,-0.0008141605152673925,-0.004311137780491303
2026-05-22,747525.717612953,856975.7381064283,2621733.5421469817,920829.6538839852,-0.009545423706101008,0.0,0.0,-0.003032382424068336
2026-05-26,754306.352952298,862317.5962221402,2667208.6212913767,927353.021322112,-0.0005612360804497785,0.0,0.0,0.0
2026-05-27,750461.9344310247,863735.7925058202,2669021.065732313,925857.5636018291,-0.005655003194901975,0.0,0.0,-0.0016126088834549357
2026-05-28,759057.8804772694,870273.2033112765,2697016.703461293,933956.0475141521,0.0,0.0,0.0,0.0
2026-05-29,762878.1354749855,870812.1293390752,2701897.534242882,936313.4242809692,0.0,0.0,0.0,0.0
2026-06-01,760432.643960424,873638.4708014912,2719525.7866387046,935255.3621608008,-0.0032056122738907122,0.0,0.0,-0.0011300298518959195
2026-06-02,764178.5539930853,876378.4147044589,2736900.05131528,938882.7058315205,0.0,0.0,0.0,0.0
2026-06-03,760985.4773725285,872038.6011256851,2735424.644073358,935645.0647326328,-0.004178443118917574,-0.004951985929773528,-0.0005390796939088727,-0.0034483978443508034
2026-06-04,762146.2343924942,875180.5060346527,2721715.9763793256,937458.2115782337,-0.002659482643122546,-0.0013668851830520579,-0.005547909916789773,-0.0015172228058297765
2026-06-05,730152.5655546057,852859.2183795891,2591881.026395977,910618.8263199906,-0.04452622788310734,-0.026836804661375835,-0.052986598779743876,-0.030103738556455872
2026-06-08,738329.8063794756,856590.7706865764,2637899.628431697,916892.4337353033,-0.03382553393907928,-0.022578881092770287,-0.036172465573233614,-0.023421745825791374
2026-06-09,727358.3735987656,853261.1816492116,2605056.268045661,909672.082055762,-0.0481826926467932,-0.026378140615253676,-0.04817267010034165,-0.03111211186906271
2026-06-10,705970.3278408429,840910.1354488875,2556363.537191613,893281.3131345683,-0.07617097581198162,-0.040471420405228,-0.06596386814962651,-0.04856985054013263
2026-06-11,729618.531637283,855965.3848907677,2645063.102770991,913699.0884308843,-0.04522506183301622,-0.02329248355640412,-0.033555097673426015,-0.026822964406754468
2026-06-12,730193.788640046,858466.3950695507,2654048.5613591014,913741.5142144049,-0.044472283572285054,-0.02043868189171305,-0.030272018854456295,-0.026777776884120308
2026-06-15,750334.1697051649,872649.8230113349,2734430.5229514968,929927.984231259,-0.01811668780231912,-0.004254545331746296,-0.0009023085671676645,-0.00953763611220293
2026-06-16,745326.530976675,868933.3603723304,2687056.684429472,926850.9407825243,-0.02466965726518,-0.008495250689896539,-0.018211613851903286,-0.012814982078448556
2026-06-17,734028.8510932792,859099.7901546372,2663151.1553141517,916296.2069463874,-0.039453741199964254,-0.019715940351689998,-0.02694614148064589,-0.02405678445757431
2026-06-18,742845.5385446796,869010.721976575,2732984.229964439,925488.9002385668,-0.02791627079421899,-0.00840697648899591,-0.0014307505854879166,-0.0142656857025516
2026-06-22,743368.2862393772,870769.0937543863,2740265.6762232482,926599.6472211166,-0.027232205935337372,-0.006400569498239195,0.0,-0.013082633788131681
2026-06-23,724544.9560544412,858852.1141610561,2652280.3921756158,912324.8645618097,-0.05186431591353291,-0.019998553420913723,-0.03210830424621369,-0.028286644438923703
2026-06-24,712432.856131824,858608.0917315885,2641493.294073687,906377.5557535072,-0.06771414558923827,-0.020276997555745524,-0.036044819670804196,-0.03462109790298584
2026-06-25,719473.915272248,860721.9612438089,2665606.6697828523,911670.4242782567,-0.05850025296737371,-0.017864946463714393,-0.027245170819821474,-0.028983686017694077
2026-06-26,718424.0544577307,854719.5761639179,2629600.648882392,910084.4266960002,-0.05987409525728271,-0.024714025559204322,-0.040384780315673496,-0.030672925336307277
2026-06-29,722771.9077501018,868704.3552264388,2694657.6729413616,916550.9264606888,-0.054184517514421326,-0.008756559209195047,-0.016643642869236586,-0.02378548377995049
2026-06-30,729622.0205613745,876204.6978739992,2742810.1779184644,921741.7628096631,-0.04522049624546709,-0.00019822125641721922,0.0,-0.018256745933643015
2026-07-01,728704.5157268767,878829.4150054549,2712742.5915187574,922456.059680004,-0.04642113820238092,0.0,-0.010962328578832059,-0.01749595135738302
2026-07-02,721523.4767661071,877194.2074464397,2664261.354128274,922570.7346009006,-0.05581820767422907,-0.001860665484216928,-0.028638082366239992,-0.01737381158402873
2026-07-06,724945.8278544622,878932.2653662487,2684398.5691443086,924232.4267310653,-0.05133973720358831,0.0,-0.02129626368037063,-0.015603950322506166
2026-07-07,719365.1221270908,878201.5669442007,2645049.6360432776,918490.3945315937,-0.058642619099724125,-0.000831347819212791,-0.03564247451837077,-0.021719764538496222
2026-07-08,720464.0467885877,876973.8332104608,2657044.2308679693,917615.325794945,-0.05720457212005603,-0.0022281946322356694,-0.031269370276138964,-0.022651796549751135
2026-07-09,730267.5925425701,885356.2900179424,2704191.625335248,927124.0694479228,-0.04437570417714454,0.0,-0.01407992171464234,-0.012524073891832632
2026-07-10,732176.520901399,888209.5457234202,2709592.038593585,926905.5103864776,-0.041877690658112754,0.0,-0.012110987334197798,-0.01275686022402056
2026-07-13,720297.800947958,878776.4018280141,2650224.350140458,911061.6420374857,-0.0574221205447808,-0.0106204036432902,-0.03375582769941099,-0.029632097408158198
2026-07-14,728033.0922114621,884898.3515093602,2688948.3543216037,921258.7007842301,-0.04729975945117959,-0.003727942612194224,-0.019637459431383952,-0.018771253254347364
2026-07-15,727426.8013039047,887082.1458912644,2677667.216234858,920879.0187658869,-0.048093148515017226,-0.0012692948838300966,-0.02375044478398558,-0.01917565096663343
2026-07-16,719016.8656190226,881649.8870124795,2631777.796325939,910508.6438691679,-0.05909834571786643,-0.007385260316694842,-0.04048124893454663,-0.030221093418930423
2026-07-17,711420.9954374899,874561.4087969437,2597085.484535859,908997.8812183044,-0.06903826112355504,-0.01536589759949103,-0.053129704182881765,-0.03183020033024109
2026-07-20,711796.067743523,873880.7219220857,2601989.349182285,908378.5238401822,-0.06854744349451636,-0.016132256031614833,-0.05134180625035056,-0.032489875254781975
2026-07-21,721183.9993463061,881034.5071818035,2649841.49948987,918159.4450769104,-0.05626244602405872,-0.008078092130582637,-0.03389541105580596,-0.02207225740328933
2026-07-22,722036.9317508962,883795.8861547669,2647652.5972988084,922860.8724752921,-0.055146303206214387,-0.004969164753862776,-0.034693461977697515,-0.017064786960836242
2026-07-23,710307.144456316,872319.9106062554,2595719.4945559474,909786.8629530697,-0.0704958406059335,-0.017889511764054733,-0.05362772989056974,-0.03098985922068087
2026-07-24,710040.9621911151,877227.415249118,2578542.3380748997,912427.5652497798,-0.07084416530545556,-0.012364346372068735,-0.0598903420900343,-0.028177258370427283
2026-07-27,708096.8794404113,876233.7303937539,2567123.026374948,912900.5900917132,-0.07338818167511851,-0.013483096851782173,-0.06405370410169842,-0.02767344161142704
2026-07-28,706311.775601156,879191.1337699599,2544657.4883609107,909628.3316609203,-0.07572415908501517,-0.01015347335196115,-0.07224440508235719,-0.031158710229613917
2026-07-29,694136.7964222392,866154.1530198603,2494237.4274424827,902298.1812477933,-0.09165627222179273,-0.02483129438289977,-0.0906270337178875,-0.03896602243975322
2026-07-30,708748.7165994253,877644.7887006939,2567614.9773645746,913837.4775871026,-0.07253519102835426,-0.011894442109515624,-0.06387434389894475,-0.026675566701632514
2026-07-31,699987.9443313791,867090.8921806068,2534964.986263826,895337.900016085,-0.08399949112192306,-0.023776656808628283,-0.0757781903129634,-0.04637938854872192
2026-08-03,699563.7759006023,865160.8603100895,2537590.2519498593,888309.478467997,-0.08455455567923154,-0.02594960336139851,-0.07482104580942883,-0.05386533062054144
2026-08-04,717526.5164400957,880462.6151247561,2622904.8361314395,902109.7379199209,-0.0610486087436205,-0.008721962780026682,-0.04371623773031996,-0.039166732631454315
2026-08-05,714274.9822645485,879613.9171266482,2601859.9475244386,909855.5457529372,-0.06530354910874436,-0.009677478291196584,-0.051388984745927235,-0.030916705460961036
2026-08-06,711963.9507917037,877696.1021220734,2590735.3313090405,907278.269192903,-0.06832775262867963,-0.011836670357763257,-0.055444903855809136,-0.03366175182727127
2026-08-07,722014.7103659887,887596.4367755634,2634569.0179267544,921810.2351370531,-0.055175381992567885,-0.0006902751167321419,-0.03946359863439575,-0.018183816347269066
2026-08-10,718463.1432646909,884430.8922043426,2618109.2501974427,919487.766355229,-0.059822943851952304,-0.004254236556307189,-0.04546465837298952,-0.02065746802643942
